date,corr,pair
2000-08-01,,GOLD_COMEX_M_close_vs_DXY_YF_close_m
2000-09-01,,GOLD_COMEX_M_close_vs_DXY_YF_close_m
2000-10-01,,GOLD_COMEX_M_close_vs_DXY_YF_close_m
2000-11-01,,GOLD_COMEX_M_close_vs_DXY_YF_close_m
2000-12-01,,GOLD_COMEX_M_close_vs_DXY_YF_close_m
2001-01-01,,GOLD_COMEX_M_close_vs_DXY_YF_close_m
2001-02-01,,GOLD_COMEX_M_close_vs_DXY_YF_close_m
2001-03-01,,GOLD_COMEX_M_close_vs_DXY_YF_close_m
2001-04-01,,GOLD_COMEX_M_close_vs_DXY_YF_close_m
2001-05-01,,GOLD_COMEX_M_close_vs_DXY_YF_close_m
2001-06-01,,GOLD_COMEX_M_close_vs_DXY_YF_close_m
2001-07-01,,GOLD_COMEX_M_close_vs_DXY_YF_close_m
2001-08-01,,GOLD_COMEX_M_close_vs_DXY_YF_close_m
2001-09-01,,GOLD_COMEX_M_close_vs_DXY_YF_close_m
2001-10-01,,GOLD_COMEX_M_close_vs_DXY_YF_close_m
2001-11-01,,GOLD_COMEX_M_close_vs_DXY_YF_close_m
2001-12-01,,GOLD_COMEX_M_close_vs_DXY_YF_close_m
2002-01-01,,GOLD_COMEX_M_close_vs_DXY_YF_close_m
2002-02-01,,GOLD_COMEX_M_close_vs_DXY_YF_close_m
2002-03-01,,GOLD_COMEX_M_close_vs_DXY_YF_close_m
2002-04-01,,GOLD_COMEX_M_close_vs_DXY_YF_close_m
2002-05-01,,GOLD_COMEX_M_close_vs_DXY_YF_close_m
2002-06-01,,GOLD_COMEX_M_close_vs_DXY_YF_close_m
2002-07-01,-0.3308400304487916,GOLD_COMEX_M_close_vs_DXY_YF_close_m
2002-08-01,-0.4211218711191184,GOLD_COMEX_M_close_vs_DXY_YF_close_m
2002-09-01,-0.510590005170712,GOLD_COMEX_M_close_vs_DXY_YF_close_m
2002-10-01,-0.5505079928135655,GOLD_COMEX_M_close_vs_DXY_YF_close_m
2002-11-01,-0.5849989485059597,GOLD_COMEX_M_close_vs_DXY_YF_close_m
2002-12-01,-0.7089113203596608,GOLD_COMEX_M_close_vs_DXY_YF_close_m
2003-01-01,-0.8120278771328968,GOLD_COMEX_M_close_vs_DXY_YF_close_m
2003-02-01,-0.8599170370338498,GOLD_COMEX_M_close_vs_DXY_YF_close_m
2003-03-01,-0.8629954682420955,GOLD_COMEX_M_close_vs_DXY_YF_close_m
2003-04-01,-0.8695154833620127,GOLD_COMEX_M_close_vs_DXY_YF_close_m
2003-05-01,-0.882615450911387,GOLD_COMEX_M_close_vs_DXY_YF_close_m
2003-06-01,-0.8767050510870084,GOLD_COMEX_M_close_vs_DXY_YF_close_m
2003-07-01,-0.8824146937584159,GOLD_COMEX_M_close_vs_DXY_YF_close_m
2003-08-01,-0.8863447789099699,GOLD_COMEX_M_close_vs_DXY_YF_close_m
2003-09-01,-0.894964979865432,GOLD_COMEX_M_close_vs_DXY_YF_close_m
2003-10-01,-0.9014730325809601,GOLD_COMEX_M_close_vs_DXY_YF_close_m
2003-11-01,-0.9073914617939662,GOLD_COMEX_M_close_vs_DXY_YF_close_m
2003-12-01,-0.9103770550630987,GOLD_COMEX_M_close_vs_DXY_YF_close_m
2004-01-01,-0.9084455350555946,GOLD_COMEX_M_close_vs_DXY_YF_close_m
2004-02-01,-0.9115004745480451,GOLD_COMEX_M_close_vs_DXY_YF_close_m
2004-03-01,-0.9151857528390324,GOLD_COMEX_M_close_vs_DXY_YF_close_m
2004-04-01,-0.9210013433456792,GOLD_COMEX_M_close_vs_DXY_YF_close_m
2004-05-01,-0.9396978541999601,GOLD_COMEX_M_close_vs_DXY_YF_close_m
2004-06-01,-0.936218222166093,GOLD_COMEX_M_close_vs_DXY_YF_close_m
2004-07-01,-0.9295595024943916,GOLD_COMEX_M_close_vs_DXY_YF_close_m
2004-08-01,-0.9207208752453234,GOLD_COMEX_M_close_vs_DXY_YF_close_m
2004-09-01,-0.9166254095754162,GOLD_COMEX_M_close_vs_DXY_YF_close_m
2004-10-01,-0.9103418019461901,GOLD_COMEX_M_close_vs_DXY_YF_close_m
2004-11-01,-0.9063472170559645,GOLD_COMEX_M_close_vs_DXY_YF_close_m
2004-12-01,-0.9137514441866399,GOLD_COMEX_M_close_vs_DXY_YF_close_m
2005-01-01,-0.9315872470109744,GOLD_COMEX_M_close_vs_DXY_YF_close_m
2005-02-01,-0.9343866030504582,GOLD_COMEX_M_close_vs_DXY_YF_close_m
2005-03-01,-0.9259060129912741,GOLD_COMEX_M_close_vs_DXY_YF_close_m
2005-04-01,-0.9184064525378965,GOLD_COMEX_M_close_vs_DXY_YF_close_m
2005-05-01,-0.9145332462646825,GOLD_COMEX_M_close_vs_DXY_YF_close_m
2005-06-01,-0.879641350816564,GOLD_COMEX_M_close_vs_DXY_YF_close_m
2005-07-01,-0.8166915946707539,GOLD_COMEX_M_close_vs_DXY_YF_close_m
2005-08-01,-0.7732764975420952,GOLD_COMEX_M_close_vs_DXY_YF_close_m
2005-09-01,-0.5571644071324621,GOLD_COMEX_M_close_vs_DXY_YF_close_m
2005-10-01,-0.3455169948384293,GOLD_COMEX_M_close_vs_DXY_YF_close_m
2005-11-01,-0.061102447101588284,GOLD_COMEX_M_close_vs_DXY_YF_close_m
2005-12-01,0.1078830366540716,GOLD_COMEX_M_close_vs_DXY_YF_close_m
2006-01-01,0.1548896027591912,GOLD_COMEX_M_close_vs_DXY_YF_close_m
2006-02-01,0.22583895654452407,GOLD_COMEX_M_close_vs_DXY_YF_close_m
2006-03-01,0.2680392121874844,GOLD_COMEX_M_close_vs_DXY_YF_close_m
2006-04-01,0.21239230908496073,GOLD_COMEX_M_close_vs_DXY_YF_close_m
2006-05-01,0.12728681293880922,GOLD_COMEX_M_close_vs_DXY_YF_close_m
2006-06-01,0.09998896610055825,GOLD_COMEX_M_close_vs_DXY_YF_close_m
2006-07-01,0.1037516167133728,GOLD_COMEX_M_close_vs_DXY_YF_close_m
2006-08-01,0.09397968504234452,GOLD_COMEX_M_close_vs_DXY_YF_close_m
2006-09-01,0.09210306393558644,GOLD_COMEX_M_close_vs_DXY_YF_close_m
2006-10-01,0.04742490200058855,GOLD_COMEX_M_close_vs_DXY_YF_close_m
2006-11-01,-0.08610313531310393,GOLD_COMEX_M_close_vs_DXY_YF_close_m
2006-12-01,-0.24050024911370746,GOLD_COMEX_M_close_vs_DXY_YF_close_m
2007-01-01,-0.3552149590624556,GOLD_COMEX_M_close_vs_DXY_YF_close_m
2007-02-01,-0.5197316379875967,GOLD_COMEX_M_close_vs_DXY_YF_close_m
2007-03-01,-0.6531726573060365,GOLD_COMEX_M_close_vs_DXY_YF_close_m
2007-04-01,-0.7756435514866927,GOLD_COMEX_M_close_vs_DXY_YF_close_m
2007-05-01,-0.8157987582578451,GOLD_COMEX_M_close_vs_DXY_YF_close_m
2007-06-01,-0.8196173173854596,GOLD_COMEX_M_close_vs_DXY_YF_close_m
2007-07-01,-0.8285414084295074,GOLD_COMEX_M_close_vs_DXY_YF_close_m
2007-08-01,-0.8929679841969255,GOLD_COMEX_M_close_vs_DXY_YF_close_m
2007-09-01,-0.9216916237985529,GOLD_COMEX_M_close_vs_DXY_YF_close_m
2007-10-01,-0.9519357973915875,GOLD_COMEX_M_close_vs_DXY_YF_close_m
2007-11-01,-0.9553306109007713,GOLD_COMEX_M_close_vs_DXY_YF_close_m
2007-12-01,-0.9367000985859886,GOLD_COMEX_M_close_vs_DXY_YF_close_m
2008-01-01,-0.9148587259565312,GOLD_COMEX_M_close_vs_DXY_YF_close_m
2008-02-01,-0.9172035588700204,GOLD_COMEX_M_close_vs_DXY_YF_close_m
2008-03-01,-0.937936933284411,GOLD_COMEX_M_close_vs_DXY_YF_close_m
2008-04-01,-0.9457000479528065,GOLD_COMEX_M_close_vs_DXY_YF_close_m
2008-05-01,-0.9505190260198936,GOLD_COMEX_M_close_vs_DXY_YF_close_m
2008-06-01,-0.9538331429120981,GOLD_COMEX_M_close_vs_DXY_YF_close_m
2008-07-01,-0.9571620772023657,GOLD_COMEX_M_close_vs_DXY_YF_close_m
2008-08-01,-0.9545635772453179,GOLD_COMEX_M_close_vs_DXY_YF_close_m
2008-09-01,-0.9254364199758424,GOLD_COMEX_M_close_vs_DXY_YF_close_m
2008-10-01,-0.8949394482212236,GOLD_COMEX_M_close_vs_DXY_YF_close_m
2008-11-01,-0.805092224964389,GOLD_COMEX_M_close_vs_DXY_YF_close_m
2008-12-01,-0.7510342192376787,GOLD_COMEX_M_close_vs_DXY_YF_close_m
2009-01-01,-0.584284959276561,GOLD_COMEX_M_close_vs_DXY_YF_close_m
2009-02-01,-0.39669171750968213,GOLD_COMEX_M_close_vs_DXY_YF_close_m
2009-03-01,-0.29124727594888905,GOLD_COMEX_M_close_vs_DXY_YF_close_m
2009-04-01,-0.23756009126725325,GOLD_COMEX_M_close_vs_DXY_YF_close_m
2009-05-01,-0.17973030668179346,GOLD_COMEX_M_close_vs_DXY_YF_close_m
2009-06-01,-0.13277044146335007,GOLD_COMEX_M_close_vs_DXY_YF_close_m
2009-07-01,-0.11286796067932195,GOLD_COMEX_M_close_vs_DXY_YF_close_m
2009-08-01,-0.08669841887749102,GOLD_COMEX_M_close_vs_DXY_YF_close_m
2009-09-01,-0.1382816809694193,GOLD_COMEX_M_close_vs_DXY_YF_close_m
2009-10-01,-0.20186229602961628,GOLD_COMEX_M_close_vs_DXY_YF_close_m
2009-11-01,-0.297493694189354,GOLD_COMEX_M_close_vs_DXY_YF_close_m
2009-12-01,-0.31159958683440797,GOLD_COMEX_M_close_vs_DXY_YF_close_m
2010-01-01,-0.29346034718649266,GOLD_COMEX_M_close_vs_DXY_YF_close_m
2010-02-01,-0.24673167597836007,GOLD_COMEX_M_close_vs_DXY_YF_close_m
2010-03-01,-0.24288165101870463,GOLD_COMEX_M_close_vs_DXY_YF_close_m
2010-04-01,-0.25683700970554596,GOLD_COMEX_M_close_vs_DXY_YF_close_m
2010-05-01,-0.1724732196983551,GOLD_COMEX_M_close_vs_DXY_YF_close_m
2010-06-01,-0.10055341041414283,GOLD_COMEX_M_close_vs_DXY_YF_close_m
2010-07-01,-0.15616386086802458,GOLD_COMEX_M_close_vs_DXY_YF_close_m
2010-08-01,-0.1852267473578068,GOLD_COMEX_M_close_vs_DXY_YF_close_m
2010-09-01,-0.262549034788219,GOLD_COMEX_M_close_vs_DXY_YF_close_m
2010-10-01,-0.25774665012747394,GOLD_COMEX_M_close_vs_DXY_YF_close_m
2010-11-01,-0.15171368328115972,GOLD_COMEX_M_close_vs_DXY_YF_close_m
2010-12-01,-0.18614195180086957,GOLD_COMEX_M_close_vs_DXY_YF_close_m
2011-01-01,-0.16367963873860358,GOLD_COMEX_M_close_vs_DXY_YF_close_m
2011-02-01,-0.12915658743633213,GOLD_COMEX_M_close_vs_DXY_YF_close_m
2011-03-01,-0.11875958478077768,GOLD_COMEX_M_close_vs_DXY_YF_close_m
2011-04-01,-0.18364491336985128,GOLD_COMEX_M_close_vs_DXY_YF_close_m
2011-05-01,-0.25430658817989704,GOLD_COMEX_M_close_vs_DXY_YF_close_m
2011-06-01,-0.3086579686654271,GOLD_COMEX_M_close_vs_DXY_YF_close_m
2011-07-01,-0.4098117148239735,GOLD_COMEX_M_close_vs_DXY_YF_close_m
2011-08-01,-0.5005235565713583,GOLD_COMEX_M_close_vs_DXY_YF_close_m
2011-09-01,-0.5368259051606152,GOLD_COMEX_M_close_vs_DXY_YF_close_m
2011-10-01,-0.6113683502741893,GOLD_COMEX_M_close_vs_DXY_YF_close_m
2011-11-01,-0.6389116499312466,GOLD_COMEX_M_close_vs_DXY_YF_close_m
2011-12-01,-0.6560330689868712,GOLD_COMEX_M_close_vs_DXY_YF_close_m
2012-01-01,-0.636760912289961,GOLD_COMEX_M_close_vs_DXY_YF_close_m
2012-02-01,-0.6197882997128376,GOLD_COMEX_M_close_vs_DXY_YF_close_m
2012-03-01,-0.598285267372597,GOLD_COMEX_M_close_vs_DXY_YF_close_m
2012-04-01,-0.5632567909134732,GOLD_COMEX_M_close_vs_DXY_YF_close_m
2012-05-01,-0.44933723614997984,GOLD_COMEX_M_close_vs_DXY_YF_close_m
2012-06-01,-0.31582949016664713,GOLD_COMEX_M_close_vs_DXY_YF_close_m
2012-07-01,-0.1965367890509902,GOLD_COMEX_M_close_vs_DXY_YF_close_m
2012-08-01,-0.012865325544068839,GOLD_COMEX_M_close_vs_DXY_YF_close_m
2012-09-01,0.04316872374348404,GOLD_COMEX_M_close_vs_DXY_YF_close_m
2012-10-01,0.04433375611815343,GOLD_COMEX_M_close_vs_DXY_YF_close_m
2012-11-01,0.1514627084963734,GOLD_COMEX_M_close_vs_DXY_YF_close_m
2012-12-01,0.1899051332805623,GOLD_COMEX_M_close_vs_DXY_YF_close_m
2013-01-01,0.20151135321411548,GOLD_COMEX_M_close_vs_DXY_YF_close_m
2013-02-01,0.12547291273780184,GOLD_COMEX_M_close_vs_DXY_YF_close_m
2013-03-01,-0.008059292631225014,GOLD_COMEX_M_close_vs_DXY_YF_close_m
2013-04-01,-0.196986699772845,GOLD_COMEX_M_close_vs_DXY_YF_close_m
2013-05-01,-0.4210310690146123,GOLD_COMEX_M_close_vs_DXY_YF_close_m
2013-06-01,-0.6251062076217907,GOLD_COMEX_M_close_vs_DXY_YF_close_m
2013-07-01,-0.6921119705320975,GOLD_COMEX_M_close_vs_DXY_YF_close_m
2013-08-01,-0.6721720722650087,GOLD_COMEX_M_close_vs_DXY_YF_close_m
2013-09-01,-0.6197677618114487,GOLD_COMEX_M_close_vs_DXY_YF_close_m
2013-10-01,-0.5586582619759056,GOLD_COMEX_M_close_vs_DXY_YF_close_m
2013-11-01,-0.47480755263382496,GOLD_COMEX_M_close_vs_DXY_YF_close_m
2013-12-01,-0.38833841626596355,GOLD_COMEX_M_close_vs_DXY_YF_close_m
2014-01-01,-0.34935176496677134,GOLD_COMEX_M_close_vs_DXY_YF_close_m
2014-02-01,-0.2511374646817242,GOLD_COMEX_M_close_vs_DXY_YF_close_m
2014-03-01,-0.16175989362158802,GOLD_COMEX_M_close_vs_DXY_YF_close_m
2014-04-01,-0.040200642748324765,GOLD_COMEX_M_close_vs_DXY_YF_close_m
2014-05-01,-0.052714815121610116,GOLD_COMEX_M_close_vs_DXY_YF_close_m
2014-06-01,-0.04588516428827843,GOLD_COMEX_M_close_vs_DXY_YF_close_m
2014-07-01,-0.12381272016592121,GOLD_COMEX_M_close_vs_DXY_YF_close_m
2014-08-01,-0.18708083902748973,GOLD_COMEX_M_close_vs_DXY_YF_close_m
2014-09-01,-0.24004977915784959,GOLD_COMEX_M_close_vs_DXY_YF_close_m
2014-10-01,-0.300953433172966,GOLD_COMEX_M_close_vs_DXY_YF_close_m
2014-11-01,-0.3525978299048593,GOLD_COMEX_M_close_vs_DXY_YF_close_m
2014-12-01,-0.3736226945894317,GOLD_COMEX_M_close_vs_DXY_YF_close_m
2015-01-01,-0.26646191501770805,GOLD_COMEX_M_close_vs_DXY_YF_close_m
2015-02-01,-0.32505812640416104,GOLD_COMEX_M_close_vs_DXY_YF_close_m
2015-03-01,-0.4734764108132704,GOLD_COMEX_M_close_vs_DXY_YF_close_m
2015-04-01,-0.5516522273603887,GOLD_COMEX_M_close_vs_DXY_YF_close_m
2015-05-01,-0.614106968638906,GOLD_COMEX_M_close_vs_DXY_YF_close_m
2015-06-01,-0.6566434210151038,GOLD_COMEX_M_close_vs_DXY_YF_close_m
2015-07-01,-0.6962178015733183,GOLD_COMEX_M_close_vs_DXY_YF_close_m
2015-08-01,-0.7476048169174231,GOLD_COMEX_M_close_vs_DXY_YF_close_m
2015-09-01,-0.7561579940231921,GOLD_COMEX_M_close_vs_DXY_YF_close_m
2015-10-01,-0.7585455319771982,GOLD_COMEX_M_close_vs_DXY_YF_close_m
2015-11-01,-0.7829198901903089,GOLD_COMEX_M_close_vs_DXY_YF_close_m
2015-12-01,-0.8227196678908941,GOLD_COMEX_M_close_vs_DXY_YF_close_m
2016-01-01,-0.8352316982181536,GOLD_COMEX_M_close_vs_DXY_YF_close_m
2016-02-01,-0.7723791073598963,GOLD_COMEX_M_close_vs_DXY_YF_close_m
2016-03-01,-0.7350595999947013,GOLD_COMEX_M_close_vs_DXY_YF_close_m
2016-04-01,-0.6670419289388921,GOLD_COMEX_M_close_vs_DXY_YF_close_m
2016-05-01,-0.6540945856008257,GOLD_COMEX_M_close_vs_DXY_YF_close_m
2016-06-01,-0.4935388129208292,GOLD_COMEX_M_close_vs_DXY_YF_close_m
2016-07-01,-0.3614867440441941,GOLD_COMEX_M_close_vs_DXY_YF_close_m
2016-08-01,-0.23732234899806937,GOLD_COMEX_M_close_vs_DXY_YF_close_m
2016-09-01,-0.2366826515498692,GOLD_COMEX_M_close_vs_DXY_YF_close_m
2016-10-01,-0.2886084651194897,GOLD_COMEX_M_close_vs_DXY_YF_close_m
2016-11-01,-0.4047622139293975,GOLD_COMEX_M_close_vs_DXY_YF_close_m
2016-12-01,-0.5079652827971942,GOLD_COMEX_M_close_vs_DXY_YF_close_m
2017-01-01,-0.46851757629532736,GOLD_COMEX_M_close_vs_DXY_YF_close_m
2017-02-01,-0.3924711062810348,GOLD_COMEX_M_close_vs_DXY_YF_close_m
2017-03-01,-0.3468480098869573,GOLD_COMEX_M_close_vs_DXY_YF_close_m
2017-04-01,-0.3454579057760044,GOLD_COMEX_M_close_vs_DXY_YF_close_m
2017-05-01,-0.3550590528185792,GOLD_COMEX_M_close_vs_DXY_YF_close_m
2017-06-01,-0.3884306133322235,GOLD_COMEX_M_close_vs_DXY_YF_close_m
2017-07-01,-0.4293827655842263,GOLD_COMEX_M_close_vs_DXY_YF_close_m
2017-08-01,-0.5157901762398333,GOLD_COMEX_M_close_vs_DXY_YF_close_m
2017-09-01,-0.5730142762832932,GOLD_COMEX_M_close_vs_DXY_YF_close_m
2017-10-01,-0.5996310339198989,GOLD_COMEX_M_close_vs_DXY_YF_close_m
2017-11-01,-0.5763401558985416,GOLD_COMEX_M_close_vs_DXY_YF_close_m
2017-12-01,-0.6426653432409007,GOLD_COMEX_M_close_vs_DXY_YF_close_m
2018-01-01,-0.6876150070906313,GOLD_COMEX_M_close_vs_DXY_YF_close_m
2018-02-01,-0.6964946012521913,GOLD_COMEX_M_close_vs_DXY_YF_close_m
2018-03-01,-0.7324826593219868,GOLD_COMEX_M_close_vs_DXY_YF_close_m
2018-04-01,-0.7415737885017811,GOLD_COMEX_M_close_vs_DXY_YF_close_m
2018-05-01,-0.7633906554563603,GOLD_COMEX_M_close_vs_DXY_YF_close_m
2018-06-01,-0.7722586789385586,GOLD_COMEX_M_close_vs_DXY_YF_close_m
2018-07-01,-0.7875796455348318,GOLD_COMEX_M_close_vs_DXY_YF_close_m
2018-08-01,-0.7680784253213193,GOLD_COMEX_M_close_vs_DXY_YF_close_m
2018-09-01,-0.7490446156091446,GOLD_COMEX_M_close_vs_DXY_YF_close_m
2018-10-01,-0.7716388889875562,GOLD_COMEX_M_close_vs_DXY_YF_close_m
2018-11-01,-0.7429952420788998,GOLD_COMEX_M_close_vs_DXY_YF_close_m
2018-12-01,-0.6643729251107517,GOLD_COMEX_M_close_vs_DXY_YF_close_m
2019-01-01,-0.5937640103273045,GOLD_COMEX_M_close_vs_DXY_YF_close_m
2019-02-01,-0.5783376923024962,GOLD_COMEX_M_close_vs_DXY_YF_close_m
2019-03-01,-0.5456362650506191,GOLD_COMEX_M_close_vs_DXY_YF_close_m
2019-04-01,-0.5422351245160784,GOLD_COMEX_M_close_vs_DXY_YF_close_m
2019-05-01,-0.47913933851687485,GOLD_COMEX_M_close_vs_DXY_YF_close_m
2019-06-01,-0.30656619292042003,GOLD_COMEX_M_close_vs_DXY_YF_close_m
2019-07-01,-0.09656982867025066,GOLD_COMEX_M_close_vs_DXY_YF_close_m
2019-08-01,0.14501865693643481,GOLD_COMEX_M_close_vs_DXY_YF_close_m
2019-09-01,0.2554262123438851,GOLD_COMEX_M_close_vs_DXY_YF_close_m
2019-10-01,0.294683161966913,GOLD_COMEX_M_close_vs_DXY_YF_close_m
2019-11-01,0.3290180323710101,GOLD_COMEX_M_close_vs_DXY_YF_close_m
2019-12-01,0.32623273406700665,GOLD_COMEX_M_close_vs_DXY_YF_close_m
2020-01-01,0.39582457492961237,GOLD_COMEX_M_close_vs_DXY_YF_close_m
2020-02-01,0.4517581159725144,GOLD_COMEX_M_close_vs_DXY_YF_close_m
2020-03-01,0.5705518104271154,GOLD_COMEX_M_close_vs_DXY_YF_close_m
2020-04-01,0.6746639900589195,GOLD_COMEX_M_close_vs_DXY_YF_close_m
2020-05-01,0.687548530147003,GOLD_COMEX_M_close_vs_DXY_YF_close_m
2020-06-01,0.614729598356979,GOLD_COMEX_M_close_vs_DXY_YF_close_m
2020-07-01,0.1251560999595285,GOLD_COMEX_M_close_vs_DXY_YF_close_m
2020-08-01,-0.24511529889830042,GOLD_COMEX_M_close_vs_DXY_YF_close_m
2020-09-01,-0.41760330069262774,GOLD_COMEX_M_close_vs_DXY_YF_close_m
2020-10-01,-0.4877540495647021,GOLD_COMEX_M_close_vs_DXY_YF_close_m
2020-11-01,-0.5253365019050522,GOLD_COMEX_M_close_vs_DXY_YF_close_m
2020-12-01,-0.606817364052232,GOLD_COMEX_M_close_vs_DXY_YF_close_m
2021-01-01,-0.6663990852609127,GOLD_COMEX_M_close_vs_DXY_YF_close_m
2021-02-01,-0.6822870479432702,GOLD_COMEX_M_close_vs_DXY_YF_close_m
2021-03-01,-0.6937284354806447,GOLD_COMEX_M_close_vs_DXY_YF_close_m
2021-04-01,-0.7055131716762508,GOLD_COMEX_M_close_vs_DXY_YF_close_m
2021-05-01,-0.7353243912836301,GOLD_COMEX_M_close_vs_DXY_YF_close_m
2021-06-01,-0.7614394523545921,GOLD_COMEX_M_close_vs_DXY_YF_close_m
2021-07-01,-0.753906944722359,GOLD_COMEX_M_close_vs_DXY_YF_close_m
2021-08-01,-0.7388736590034469,GOLD_COMEX_M_close_vs_DXY_YF_close_m
2021-09-01,-0.7057599428211295,GOLD_COMEX_M_close_vs_DXY_YF_close_m
2021-10-01,-0.6904898149562333,GOLD_COMEX_M_close_vs_DXY_YF_close_m
2021-11-01,-0.6498840248804225,GOLD_COMEX_M_close_vs_DXY_YF_close_m
2021-12-01,-0.6352473486862156,GOLD_COMEX_M_close_vs_DXY_YF_close_m
2022-01-01,-0.5936678641785907,GOLD_COMEX_M_close_vs_DXY_YF_close_m
2022-02-01,-0.4645696457187174,GOLD_COMEX_M_close_vs_DXY_YF_close_m
2022-03-01,-0.17795348087348495,GOLD_COMEX_M_close_vs_DXY_YF_close_m
2022-04-01,0.10020893409843509,GOLD_COMEX_M_close_vs_DXY_YF_close_m
2022-05-01,0.17741297734910857,GOLD_COMEX_M_close_vs_DXY_YF_close_m
2022-06-01,0.12311228651395902,GOLD_COMEX_M_close_vs_DXY_YF_close_m
2022-07-01,0.03264655482021608,GOLD_COMEX_M_close_vs_DXY_YF_close_m
2022-08-01,-0.08997860506065966,GOLD_COMEX_M_close_vs_DXY_YF_close_m
2022-09-01,-0.2854937731169262,GOLD_COMEX_M_close_vs_DXY_YF_close_m
2022-10-01,-0.41441712748572074,GOLD_COMEX_M_close_vs_DXY_YF_close_m
2022-11-01,-0.44713189005226184,GOLD_COMEX_M_close_vs_DXY_YF_close_m
2022-12-01,-0.39264219812076034,GOLD_COMEX_M_close_vs_DXY_YF_close_m
2023-01-01,-0.3105921216527842,GOLD_COMEX_M_close_vs_DXY_YF_close_m
2023-02-01,-0.35423352504576305,GOLD_COMEX_M_close_vs_DXY_YF_close_m
2023-03-01,-0.3502383575070932,GOLD_COMEX_M_close_vs_DXY_YF_close_m
2023-04-01,-0.34840747917347453,GOLD_COMEX_M_close_vs_DXY_YF_close_m
2023-05-01,-0.24936903080014716,GOLD_COMEX_M_close_vs_DXY_YF_close_m
2023-06-01,-0.2825670308760062,GOLD_COMEX_M_close_vs_DXY_YF_close_m
2023-07-01,-0.30036033254815897,GOLD_COMEX_M_close_vs_DXY_YF_close_m
2023-08-01,-0.3204202631692336,GOLD_COMEX_M_close_vs_DXY_YF_close_m
2023-09-01,-0.4065713279288653,GOLD_COMEX_M_close_vs_DXY_YF_close_m
2023-10-01,-0.42978778086434655,GOLD_COMEX_M_close_vs_DXY_YF_close_m
2023-11-01,-0.4957302233801493,GOLD_COMEX_M_close_vs_DXY_YF_close_m
2023-12-01,-0.5818289081366278,GOLD_COMEX_M_close_vs_DXY_YF_close_m
2024-01-01,-0.689657816094456,GOLD_COMEX_M_close_vs_DXY_YF_close_m
2024-02-01,-0.7337183770831422,GOLD_COMEX_M_close_vs_DXY_YF_close_m
2024-03-01,-0.6720965797357179,GOLD_COMEX_M_close_vs_DXY_YF_close_m
2024-04-01,-0.5300420411340219,GOLD_COMEX_M_close_vs_DXY_YF_close_m
2024-05-01,-0.5138428302477026,GOLD_COMEX_M_close_vs_DXY_YF_close_m
2024-06-01,-0.44764282683637113,GOLD_COMEX_M_close_vs_DXY_YF_close_m
2024-07-01,-0.42183998412496754,GOLD_COMEX_M_close_vs_DXY_YF_close_m
2024-08-01,-0.4223768549587945,GOLD_COMEX_M_close_vs_DXY_YF_close_m
2024-09-01,-0.3946273705709478,GOLD_COMEX_M_close_vs_DXY_YF_close_m
2024-10-01,-0.16780267308442354,GOLD_COMEX_M_close_vs_DXY_YF_close_m
2024-11-01,0.014821668367453203,GOLD_COMEX_M_close_vs_DXY_YF_close_m
2024-12-01,0.1747850099464893,GOLD_COMEX_M_close_vs_DXY_YF_close_m
2025-01-01,0.29249599547904676,GOLD_COMEX_M_close_vs_DXY_YF_close_m
2025-02-01,0.4046579863240707,GOLD_COMEX_M_close_vs_DXY_YF_close_m
2025-03-01,0.3264270889935977,GOLD_COMEX_M_close_vs_DXY_YF_close_m
2025-04-01,0.00738629764710106,GOLD_COMEX_M_close_vs_DXY_YF_close_m
2025-05-01,-0.16362924771221068,GOLD_COMEX_M_close_vs_DXY_YF_close_m
2025-06-01,-0.34760509277945895,GOLD_COMEX_M_close_vs_DXY_YF_close_m
2025-07-01,-0.4497299273289005,GOLD_COMEX_M_close_vs_DXY_YF_close_m
2025-08-01,-0.5451263560204206,GOLD_COMEX_M_close_vs_DXY_YF_close_m
2025-09-01,-0.5950256983495682,GOLD_COMEX_M_close_vs_DXY_YF_close_m
2025-10-01,-0.586979916432718,GOLD_COMEX_M_close_vs_DXY_YF_close_m
2025-11-01,-0.613173318074783,GOLD_COMEX_M_close_vs_DXY_YF_close_m
2025-12-01,-0.688892712305452,GOLD_COMEX_M_close_vs_DXY_YF_close_m
2026-01-01,-0.7372322523916438,GOLD_COMEX_M_close_vs_DXY_YF_close_m
2026-02-01,-0.7425612792726523,GOLD_COMEX_M_close_vs_DXY_YF_close_m
2026-03-01,-0.7399799893658678,GOLD_COMEX_M_close_vs_DXY_YF_close_m
2006-01-01,,GOLD_COMEX_M_close_vs_DTWEXBGS
2006-02-01,,GOLD_COMEX_M_close_vs_DTWEXBGS
2006-03-01,,GOLD_COMEX_M_close_vs_DTWEXBGS
2006-04-01,,GOLD_COMEX_M_close_vs_DTWEXBGS
2006-05-01,,GOLD_COMEX_M_close_vs_DTWEXBGS
2006-06-01,,GOLD_COMEX_M_close_vs_DTWEXBGS
2006-07-01,,GOLD_COMEX_M_close_vs_DTWEXBGS
2006-08-01,,GOLD_COMEX_M_close_vs_DTWEXBGS
2006-09-01,,GOLD_COMEX_M_close_vs_DTWEXBGS
2006-10-01,,GOLD_COMEX_M_close_vs_DTWEXBGS
2006-11-01,,GOLD_COMEX_M_close_vs_DTWEXBGS
2006-12-01,,GOLD_COMEX_M_close_vs_DTWEXBGS
2007-01-01,,GOLD_COMEX_M_close_vs_DTWEXBGS
2007-02-01,,GOLD_COMEX_M_close_vs_DTWEXBGS
2007-03-01,,GOLD_COMEX_M_close_vs_DTWEXBGS
2007-04-01,,GOLD_COMEX_M_close_vs_DTWEXBGS
2007-05-01,,GOLD_COMEX_M_close_vs_DTWEXBGS
2007-06-01,,GOLD_COMEX_M_close_vs_DTWEXBGS
2007-07-01,,GOLD_COMEX_M_close_vs_DTWEXBGS
2007-08-01,,GOLD_COMEX_M_close_vs_DTWEXBGS
2007-09-01,,GOLD_COMEX_M_close_vs_DTWEXBGS
2007-10-01,,GOLD_COMEX_M_close_vs_DTWEXBGS
2007-11-01,,GOLD_COMEX_M_close_vs_DTWEXBGS
2007-12-01,-0.9271775718209649,GOLD_COMEX_M_close_vs_DTWEXBGS
2008-01-01,-0.9114048585453368,GOLD_COMEX_M_close_vs_DTWEXBGS
2008-02-01,-0.9129402862464929,GOLD_COMEX_M_close_vs_DTWEXBGS
2008-03-01,-0.9255859217477256,GOLD_COMEX_M_close_vs_DTWEXBGS
2008-04-01,-0.9334593455090239,GOLD_COMEX_M_close_vs_DTWEXBGS
2008-05-01,-0.9397883671503704,GOLD_COMEX_M_close_vs_DTWEXBGS
2008-06-01,-0.9430815976461278,GOLD_COMEX_M_close_vs_DTWEXBGS
2008-07-01,-0.9471023465760964,GOLD_COMEX_M_close_vs_DTWEXBGS
2008-08-01,-0.9454607075322429,GOLD_COMEX_M_close_vs_DTWEXBGS
2008-09-01,-0.9181750809508568,GOLD_COMEX_M_close_vs_DTWEXBGS
2008-10-01,-0.8734718545510002,GOLD_COMEX_M_close_vs_DTWEXBGS
2008-11-01,-0.7446215289508354,GOLD_COMEX_M_close_vs_DTWEXBGS
2008-12-01,-0.6310764141928618,GOLD_COMEX_M_close_vs_DTWEXBGS
2009-01-01,-0.42684492411941966,GOLD_COMEX_M_close_vs_DTWEXBGS
2009-02-01,-0.21581621649534175,GOLD_COMEX_M_close_vs_DTWEXBGS
2009-03-01,-0.1002934131548482,GOLD_COMEX_M_close_vs_DTWEXBGS
2009-04-01,-0.050884272229472505,GOLD_COMEX_M_close_vs_DTWEXBGS
2009-05-01,-0.016127910189249722,GOLD_COMEX_M_close_vs_DTWEXBGS
2009-06-01,0.015520744539724386,GOLD_COMEX_M_close_vs_DTWEXBGS
2009-07-01,0.025853565557896967,GOLD_COMEX_M_close_vs_DTWEXBGS
2009-08-01,0.04507034368341947,GOLD_COMEX_M_close_vs_DTWEXBGS
2009-09-01,0.005642670493087049,GOLD_COMEX_M_close_vs_DTWEXBGS
2009-10-01,-0.055793254328367375,GOLD_COMEX_M_close_vs_DTWEXBGS
2009-11-01,-0.14305924690813637,GOLD_COMEX_M_close_vs_DTWEXBGS
2009-12-01,-0.17885364081918723,GOLD_COMEX_M_close_vs_DTWEXBGS
2010-01-01,-0.17956726912258297,GOLD_COMEX_M_close_vs_DTWEXBGS
2010-02-01,-0.16426035884614892,GOLD_COMEX_M_close_vs_DTWEXBGS
2010-03-01,-0.20070119451298005,GOLD_COMEX_M_close_vs_DTWEXBGS
2010-04-01,-0.2818020546289513,GOLD_COMEX_M_close_vs_DTWEXBGS
2010-05-01,-0.3086586607983707,GOLD_COMEX_M_close_vs_DTWEXBGS
2010-06-01,-0.3342357486692362,GOLD_COMEX_M_close_vs_DTWEXBGS
2010-07-01,-0.4471830473741356,GOLD_COMEX_M_close_vs_DTWEXBGS
2010-08-01,-0.5666426948852432,GOLD_COMEX_M_close_vs_DTWEXBGS
2010-09-01,-0.6699140197634932,GOLD_COMEX_M_close_vs_DTWEXBGS
2010-10-01,-0.6976021971529115,GOLD_COMEX_M_close_vs_DTWEXBGS
2010-11-01,-0.6627013737488588,GOLD_COMEX_M_close_vs_DTWEXBGS
2010-12-01,-0.6715389951403302,GOLD_COMEX_M_close_vs_DTWEXBGS
2011-01-01,-0.6718579224712503,GOLD_COMEX_M_close_vs_DTWEXBGS
2011-02-01,-0.7153769895928159,GOLD_COMEX_M_close_vs_DTWEXBGS
2011-03-01,-0.7459272642296877,GOLD_COMEX_M_close_vs_DTWEXBGS
2011-04-01,-0.7709402161811189,GOLD_COMEX_M_close_vs_DTWEXBGS
2011-05-01,-0.7934026567552176,GOLD_COMEX_M_close_vs_DTWEXBGS
2011-06-01,-0.7933979742787409,GOLD_COMEX_M_close_vs_DTWEXBGS
2011-07-01,-0.8239020174781315,GOLD_COMEX_M_close_vs_DTWEXBGS
2011-08-01,-0.8151807655284492,GOLD_COMEX_M_close_vs_DTWEXBGS
2011-09-01,-0.7612177538536701,GOLD_COMEX_M_close_vs_DTWEXBGS
2011-10-01,-0.7522416331484602,GOLD_COMEX_M_close_vs_DTWEXBGS
2011-11-01,-0.6974709454565764,GOLD_COMEX_M_close_vs_DTWEXBGS
2011-12-01,-0.6638957803990215,GOLD_COMEX_M_close_vs_DTWEXBGS
2012-01-01,-0.619761689029025,GOLD_COMEX_M_close_vs_DTWEXBGS
2012-02-01,-0.591903902603523,GOLD_COMEX_M_close_vs_DTWEXBGS
2012-03-01,-0.5668820110027917,GOLD_COMEX_M_close_vs_DTWEXBGS
2012-04-01,-0.5401517217212428,GOLD_COMEX_M_close_vs_DTWEXBGS
2012-05-01,-0.42538642923061315,GOLD_COMEX_M_close_vs_DTWEXBGS
2012-06-01,-0.30825957380471447,GOLD_COMEX_M_close_vs_DTWEXBGS
2012-07-01,-0.203736244990804,GOLD_COMEX_M_close_vs_DTWEXBGS
2012-08-01,-0.026826132911952124,GOLD_COMEX_M_close_vs_DTWEXBGS
2012-09-01,0.036748136053240496,GOLD_COMEX_M_close_vs_DTWEXBGS
2012-10-01,0.058551461634085915,GOLD_COMEX_M_close_vs_DTWEXBGS
2012-11-01,0.14386018432678926,GOLD_COMEX_M_close_vs_DTWEXBGS
2012-12-01,0.17389000659293738,GOLD_COMEX_M_close_vs_DTWEXBGS
2013-01-01,0.18716950674231647,GOLD_COMEX_M_close_vs_DTWEXBGS
2013-02-01,0.12730962378473729,GOLD_COMEX_M_close_vs_DTWEXBGS
2013-03-01,0.017616112322164715,GOLD_COMEX_M_close_vs_DTWEXBGS
2013-04-01,-0.1177308418278488,GOLD_COMEX_M_close_vs_DTWEXBGS
2013-05-01,-0.3431555968348683,GOLD_COMEX_M_close_vs_DTWEXBGS
2013-06-01,-0.6018579090563552,GOLD_COMEX_M_close_vs_DTWEXBGS
2013-07-01,-0.7503814731791836,GOLD_COMEX_M_close_vs_DTWEXBGS
2013-08-01,-0.767412543002238,GOLD_COMEX_M_close_vs_DTWEXBGS
2013-09-01,-0.7584447059635809,GOLD_COMEX_M_close_vs_DTWEXBGS
2013-10-01,-0.7424036946438457,GOLD_COMEX_M_close_vs_DTWEXBGS
2013-11-01,-0.7531273156631415,GOLD_COMEX_M_close_vs_DTWEXBGS
2013-12-01,-0.7565426817088099,GOLD_COMEX_M_close_vs_DTWEXBGS
2014-01-01,-0.7704175385471487,GOLD_COMEX_M_close_vs_DTWEXBGS
2014-02-01,-0.7711183548080254,GOLD_COMEX_M_close_vs_DTWEXBGS
2014-03-01,-0.7737365120150961,GOLD_COMEX_M_close_vs_DTWEXBGS
2014-04-01,-0.7722833929210153,GOLD_COMEX_M_close_vs_DTWEXBGS
2014-05-01,-0.8408593754928425,GOLD_COMEX_M_close_vs_DTWEXBGS
2014-06-01,-0.851044565792461,GOLD_COMEX_M_close_vs_DTWEXBGS
2014-07-01,-0.8678921732777013,GOLD_COMEX_M_close_vs_DTWEXBGS
2014-08-01,-0.8748551870950562,GOLD_COMEX_M_close_vs_DTWEXBGS
2014-09-01,-0.8159839027987367,GOLD_COMEX_M_close_vs_DTWEXBGS
2014-10-01,-0.7887839384746365,GOLD_COMEX_M_close_vs_DTWEXBGS
2014-11-01,-0.7391822779537851,GOLD_COMEX_M_close_vs_DTWEXBGS
2014-12-01,-0.6793613254013755,GOLD_COMEX_M_close_vs_DTWEXBGS
2015-01-01,-0.5168921881100111,GOLD_COMEX_M_close_vs_DTWEXBGS
2015-02-01,-0.5103769568383736,GOLD_COMEX_M_close_vs_DTWEXBGS
2015-03-01,-0.5674915868139376,GOLD_COMEX_M_close_vs_DTWEXBGS
2015-04-01,-0.5822087631028033,GOLD_COMEX_M_close_vs_DTWEXBGS
2015-05-01,-0.6076538672707734,GOLD_COMEX_M_close_vs_DTWEXBGS
2015-06-01,-0.6618854826514075,GOLD_COMEX_M_close_vs_DTWEXBGS
2015-07-01,-0.7078459029166205,GOLD_COMEX_M_close_vs_DTWEXBGS
2015-08-01,-0.7655873530353223,GOLD_COMEX_M_close_vs_DTWEXBGS
2015-09-01,-0.7838879710341718,GOLD_COMEX_M_close_vs_DTWEXBGS
2015-10-01,-0.7847373552403213,GOLD_COMEX_M_close_vs_DTWEXBGS
2015-11-01,-0.8114884051364022,GOLD_COMEX_M_close_vs_DTWEXBGS
2015-12-01,-0.8609233243970963,GOLD_COMEX_M_close_vs_DTWEXBGS
2016-01-01,-0.8644581475582217,GOLD_COMEX_M_close_vs_DTWEXBGS
2016-02-01,-0.7779457012879742,GOLD_COMEX_M_close_vs_DTWEXBGS
2016-03-01,-0.7258577533517772,GOLD_COMEX_M_close_vs_DTWEXBGS
2016-04-01,-0.6302605284307105,GOLD_COMEX_M_close_vs_DTWEXBGS
2016-05-01,-0.5900952228137304,GOLD_COMEX_M_close_vs_DTWEXBGS
2016-06-01,-0.39034946159996475,GOLD_COMEX_M_close_vs_DTWEXBGS
2016-07-01,-0.20515561573860627,GOLD_COMEX_M_close_vs_DTWEXBGS
2016-08-01,-0.03003146225435268,GOLD_COMEX_M_close_vs_DTWEXBGS
2016-09-01,0.04092562017794315,GOLD_COMEX_M_close_vs_DTWEXBGS
2016-10-01,0.049814488176011404,GOLD_COMEX_M_close_vs_DTWEXBGS
2016-11-01,-0.017835343695366022,GOLD_COMEX_M_close_vs_DTWEXBGS
2016-12-01,-0.09357067572905232,GOLD_COMEX_M_close_vs_DTWEXBGS
2017-01-01,-0.022464294644062924,GOLD_COMEX_M_close_vs_DTWEXBGS
2017-02-01,0.026659919456775986,GOLD_COMEX_M_close_vs_DTWEXBGS
2017-03-01,0.035551339398971156,GOLD_COMEX_M_close_vs_DTWEXBGS
2017-04-01,0.03968266510773384,GOLD_COMEX_M_close_vs_DTWEXBGS
2017-05-01,0.03152026274711508,GOLD_COMEX_M_close_vs_DTWEXBGS
2017-06-01,-0.0195566326091832,GOLD_COMEX_M_close_vs_DTWEXBGS
2017-07-01,-0.16701438565155777,GOLD_COMEX_M_close_vs_DTWEXBGS
2017-08-01,-0.2824108799754961,GOLD_COMEX_M_close_vs_DTWEXBGS
2017-09-01,-0.3601993836918846,GOLD_COMEX_M_close_vs_DTWEXBGS
2017-10-01,-0.4459417394656629,GOLD_COMEX_M_close_vs_DTWEXBGS
2017-11-01,-0.5461616330694893,GOLD_COMEX_M_close_vs_DTWEXBGS
2017-12-01,-0.6696108182534058,GOLD_COMEX_M_close_vs_DTWEXBGS
2018-01-01,-0.7120640291499019,GOLD_COMEX_M_close_vs_DTWEXBGS
2018-02-01,-0.7203896998768589,GOLD_COMEX_M_close_vs_DTWEXBGS
2018-03-01,-0.7759060134262603,GOLD_COMEX_M_close_vs_DTWEXBGS
2018-04-01,-0.7901298402910067,GOLD_COMEX_M_close_vs_DTWEXBGS
2018-05-01,-0.808744602825181,GOLD_COMEX_M_close_vs_DTWEXBGS
2018-06-01,-0.8224446734866827,GOLD_COMEX_M_close_vs_DTWEXBGS
2018-07-01,-0.8490463343829594,GOLD_COMEX_M_close_vs_DTWEXBGS
2018-08-01,-0.858146157975992,GOLD_COMEX_M_close_vs_DTWEXBGS
2018-09-01,-0.8630045931691398,GOLD_COMEX_M_close_vs_DTWEXBGS
2018-10-01,-0.8785377192784444,GOLD_COMEX_M_close_vs_DTWEXBGS
2018-11-01,-0.8635668184018247,GOLD_COMEX_M_close_vs_DTWEXBGS
2018-12-01,-0.7946080516549574,GOLD_COMEX_M_close_vs_DTWEXBGS
2019-01-01,-0.7212800015600012,GOLD_COMEX_M_close_vs_DTWEXBGS
2019-02-01,-0.6720508113089532,GOLD_COMEX_M_close_vs_DTWEXBGS
2019-03-01,-0.6232360823224126,GOLD_COMEX_M_close_vs_DTWEXBGS
2019-04-01,-0.6001025974646922,GOLD_COMEX_M_close_vs_DTWEXBGS
2019-05-01,-0.5167829339270485,GOLD_COMEX_M_close_vs_DTWEXBGS
2019-06-01,-0.3567189543924198,GOLD_COMEX_M_close_vs_DTWEXBGS
2019-07-01,-0.21749133005497637,GOLD_COMEX_M_close_vs_DTWEXBGS
2019-08-01,0.07717889426390714,GOLD_COMEX_M_close_vs_DTWEXBGS
2019-09-01,0.18715307538191253,GOLD_COMEX_M_close_vs_DTWEXBGS
2019-10-01,0.229206182691057,GOLD_COMEX_M_close_vs_DTWEXBGS
2019-11-01,0.26742740387694697,GOLD_COMEX_M_close_vs_DTWEXBGS
2019-12-01,0.26306350004601375,GOLD_COMEX_M_close_vs_DTWEXBGS
2020-01-01,0.3212933981515301,GOLD_COMEX_M_close_vs_DTWEXBGS
2020-02-01,0.3915511001512372,GOLD_COMEX_M_close_vs_DTWEXBGS
2020-03-01,0.5509058916347468,GOLD_COMEX_M_close_vs_DTWEXBGS
2020-04-01,0.6868605711896896,GOLD_COMEX_M_close_vs_DTWEXBGS
2020-05-01,0.7408425840575946,GOLD_COMEX_M_close_vs_DTWEXBGS
2020-06-01,0.7583490323532971,GOLD_COMEX_M_close_vs_DTWEXBGS
2020-07-01,0.6468736938072966,GOLD_COMEX_M_close_vs_DTWEXBGS
2020-08-01,0.5121104203204502,GOLD_COMEX_M_close_vs_DTWEXBGS
2020-09-01,0.4443736770372001,GOLD_COMEX_M_close_vs_DTWEXBGS
2020-10-01,0.4068785471221622,GOLD_COMEX_M_close_vs_DTWEXBGS
2020-11-01,0.3250354345064536,GOLD_COMEX_M_close_vs_DTWEXBGS
2020-12-01,0.15443638437403137,GOLD_COMEX_M_close_vs_DTWEXBGS
2021-01-01,0.01509955697251608,GOLD_COMEX_M_close_vs_DTWEXBGS
2021-02-01,-0.06144430557579142,GOLD_COMEX_M_close_vs_DTWEXBGS
2021-03-01,-0.11174652259391571,GOLD_COMEX_M_close_vs_DTWEXBGS
2021-04-01,-0.17953530717777147,GOLD_COMEX_M_close_vs_DTWEXBGS
2021-05-01,-0.2531382892290566,GOLD_COMEX_M_close_vs_DTWEXBGS
2021-06-01,-0.3132329800733674,GOLD_COMEX_M_close_vs_DTWEXBGS
2021-07-01,-0.3607218615359483,GOLD_COMEX_M_close_vs_DTWEXBGS
2021-08-01,-0.3492557850966289,GOLD_COMEX_M_close_vs_DTWEXBGS
2021-09-01,-0.3227875704348544,GOLD_COMEX_M_close_vs_DTWEXBGS
2021-10-01,-0.3369146482406787,GOLD_COMEX_M_close_vs_DTWEXBGS
2021-11-01,-0.3262555636969582,GOLD_COMEX_M_close_vs_DTWEXBGS
2021-12-01,-0.38676714709833276,GOLD_COMEX_M_close_vs_DTWEXBGS
2022-01-01,-0.4127323801822393,GOLD_COMEX_M_close_vs_DTWEXBGS
2022-02-01,-0.38987761468765875,GOLD_COMEX_M_close_vs_DTWEXBGS
2022-03-01,-0.17773711254169264,GOLD_COMEX_M_close_vs_DTWEXBGS
2022-04-01,0.09269453150413945,GOLD_COMEX_M_close_vs_DTWEXBGS
2022-05-01,0.24989794673764806,GOLD_COMEX_M_close_vs_DTWEXBGS
2022-06-01,0.25666982197282634,GOLD_COMEX_M_close_vs_DTWEXBGS
2022-07-01,0.07217833366354838,GOLD_COMEX_M_close_vs_DTWEXBGS
2022-08-01,-0.12928449700169242,GOLD_COMEX_M_close_vs_DTWEXBGS
2022-09-01,-0.3705032008526582,GOLD_COMEX_M_close_vs_DTWEXBGS
2022-10-01,-0.5176265574657957,GOLD_COMEX_M_close_vs_DTWEXBGS
2022-11-01,-0.5427907705137752,GOLD_COMEX_M_close_vs_DTWEXBGS
2022-12-01,-0.4902402421157156,GOLD_COMEX_M_close_vs_DTWEXBGS
2023-01-01,-0.41809686256150547,GOLD_COMEX_M_close_vs_DTWEXBGS
2023-02-01,-0.4518275344152611,GOLD_COMEX_M_close_vs_DTWEXBGS
2023-03-01,-0.44530794825114167,GOLD_COMEX_M_close_vs_DTWEXBGS
2023-04-01,-0.43644296560199747,GOLD_COMEX_M_close_vs_DTWEXBGS
2023-05-01,-0.34350063217622734,GOLD_COMEX_M_close_vs_DTWEXBGS
2023-06-01,-0.3876321304261582,GOLD_COMEX_M_close_vs_DTWEXBGS
2023-07-01,-0.425051027618934,GOLD_COMEX_M_close_vs_DTWEXBGS
2023-08-01,-0.4474741677076216,GOLD_COMEX_M_close_vs_DTWEXBGS
2023-09-01,-0.5193124784274383,GOLD_COMEX_M_close_vs_DTWEXBGS
2023-10-01,-0.5056302631905185,GOLD_COMEX_M_close_vs_DTWEXBGS
2023-11-01,-0.5390289253275508,GOLD_COMEX_M_close_vs_DTWEXBGS
2023-12-01,-0.6002789758935156,GOLD_COMEX_M_close_vs_DTWEXBGS
2024-01-01,-0.6675465913113354,GOLD_COMEX_M_close_vs_DTWEXBGS
2024-02-01,-0.6810834835412,GOLD_COMEX_M_close_vs_DTWEXBGS
2024-03-01,-0.6304278444032739,GOLD_COMEX_M_close_vs_DTWEXBGS
2024-04-01,-0.4796581764347505,GOLD_COMEX_M_close_vs_DTWEXBGS
2024-05-01,-0.44740568802287634,GOLD_COMEX_M_close_vs_DTWEXBGS
2024-06-01,-0.32441926765606416,GOLD_COMEX_M_close_vs_DTWEXBGS
2024-07-01,-0.22139357432818577,GOLD_COMEX_M_close_vs_DTWEXBGS
2024-08-01,-0.1443584083263297,GOLD_COMEX_M_close_vs_DTWEXBGS
2024-09-01,0.01634972529774709,GOLD_COMEX_M_close_vs_DTWEXBGS
2024-10-01,0.4514031817083261,GOLD_COMEX_M_close_vs_DTWEXBGS
2024-11-01,0.6470994402304283,GOLD_COMEX_M_close_vs_DTWEXBGS
2024-12-01,0.7061480895773704,GOLD_COMEX_M_close_vs_DTWEXBGS
2025-01-01,0.7512736234788678,GOLD_COMEX_M_close_vs_DTWEXBGS
2025-02-01,0.8000905983160372,GOLD_COMEX_M_close_vs_DTWEXBGS
2025-03-01,0.7953892137039865,GOLD_COMEX_M_close_vs_DTWEXBGS
2025-04-01,0.6742329337108881,GOLD_COMEX_M_close_vs_DTWEXBGS
2025-05-01,0.5698116960259214,GOLD_COMEX_M_close_vs_DTWEXBGS
2025-06-01,0.39773299010546875,GOLD_COMEX_M_close_vs_DTWEXBGS
2025-07-01,0.2919732059388103,GOLD_COMEX_M_close_vs_DTWEXBGS
2025-08-01,0.1501073245021501,GOLD_COMEX_M_close_vs_DTWEXBGS
2025-09-01,0.027360347945113852,GOLD_COMEX_M_close_vs_DTWEXBGS
2025-10-01,-0.007273868099108911,GOLD_COMEX_M_close_vs_DTWEXBGS
2025-11-01,-0.11441748633621739,GOLD_COMEX_M_close_vs_DTWEXBGS
2025-12-01,-0.29442966692209466,GOLD_COMEX_M_close_vs_DTWEXBGS
2026-01-01,-0.4692935624784578,GOLD_COMEX_M_close_vs_DTWEXBGS
2026-02-01,-0.5974952717147568,GOLD_COMEX_M_close_vs_DTWEXBGS
2026-03-01,-0.661172950445909,GOLD_COMEX_M_close_vs_DTWEXBGS
2000-08-01,,GOLD_COMEX_M_close_vs_FEDFUNDS
2000-09-01,,GOLD_COMEX_M_close_vs_FEDFUNDS
2000-10-01,,GOLD_COMEX_M_close_vs_FEDFUNDS
2000-11-01,,GOLD_COMEX_M_close_vs_FEDFUNDS
2000-12-01,,GOLD_COMEX_M_close_vs_FEDFUNDS
2001-01-01,,GOLD_COMEX_M_close_vs_FEDFUNDS
2001-02-01,,GOLD_COMEX_M_close_vs_FEDFUNDS
2001-03-01,,GOLD_COMEX_M_close_vs_FEDFUNDS
2001-04-01,,GOLD_COMEX_M_close_vs_FEDFUNDS
2001-05-01,,GOLD_COMEX_M_close_vs_FEDFUNDS
2001-06-01,,GOLD_COMEX_M_close_vs_FEDFUNDS
2001-07-01,,GOLD_COMEX_M_close_vs_FEDFUNDS
2001-08-01,,GOLD_COMEX_M_close_vs_FEDFUNDS
2001-09-01,,GOLD_COMEX_M_close_vs_FEDFUNDS
2001-10-01,,GOLD_COMEX_M_close_vs_FEDFUNDS
2001-11-01,,GOLD_COMEX_M_close_vs_FEDFUNDS
2001-12-01,,GOLD_COMEX_M_close_vs_FEDFUNDS
2002-01-01,,GOLD_COMEX_M_close_vs_FEDFUNDS
2002-02-01,,GOLD_COMEX_M_close_vs_FEDFUNDS
2002-03-01,,GOLD_COMEX_M_close_vs_FEDFUNDS
2002-04-01,,GOLD_COMEX_M_close_vs_FEDFUNDS
2002-05-01,,GOLD_COMEX_M_close_vs_FEDFUNDS
2002-06-01,,GOLD_COMEX_M_close_vs_FEDFUNDS
2002-07-01,-0.7030951488910921,GOLD_COMEX_M_close_vs_FEDFUNDS
2002-08-01,-0.7398171721802349,GOLD_COMEX_M_close_vs_FEDFUNDS
2002-09-01,-0.7545578073118845,GOLD_COMEX_M_close_vs_FEDFUNDS
2002-10-01,-0.7545317812196488,GOLD_COMEX_M_close_vs_FEDFUNDS
2002-11-01,-0.77599598200841,GOLD_COMEX_M_close_vs_FEDFUNDS
2002-12-01,-0.7897828033608786,GOLD_COMEX_M_close_vs_FEDFUNDS
2003-01-01,-0.7687709058969439,GOLD_COMEX_M_close_vs_FEDFUNDS
2003-02-01,-0.7777463759986103,GOLD_COMEX_M_close_vs_FEDFUNDS
2003-03-01,-0.7730070827685173,GOLD_COMEX_M_close_vs_FEDFUNDS
2003-04-01,-0.773075124185216,GOLD_COMEX_M_close_vs_FEDFUNDS
2003-05-01,-0.7536225997181739,GOLD_COMEX_M_close_vs_FEDFUNDS
2003-06-01,-0.7515290621072479,GOLD_COMEX_M_close_vs_FEDFUNDS
2003-07-01,-0.741692560511912,GOLD_COMEX_M_close_vs_FEDFUNDS
2003-08-01,-0.7751103731329277,GOLD_COMEX_M_close_vs_FEDFUNDS
2003-09-01,-0.879296938354107,GOLD_COMEX_M_close_vs_FEDFUNDS
2003-10-01,-0.9041545590579251,GOLD_COMEX_M_close_vs_FEDFUNDS
2003-11-01,-0.896269731779488,GOLD_COMEX_M_close_vs_FEDFUNDS
2003-12-01,-0.8882658434729416,GOLD_COMEX_M_close_vs_FEDFUNDS
2004-01-01,-0.8921519339516444,GOLD_COMEX_M_close_vs_FEDFUNDS
2004-02-01,-0.8897947622841093,GOLD_COMEX_M_close_vs_FEDFUNDS
2004-03-01,-0.8694845852850992,GOLD_COMEX_M_close_vs_FEDFUNDS
2004-04-01,-0.8632296291328226,GOLD_COMEX_M_close_vs_FEDFUNDS
2004-05-01,-0.8699571319854268,GOLD_COMEX_M_close_vs_FEDFUNDS
2004-06-01,-0.8627386525676155,GOLD_COMEX_M_close_vs_FEDFUNDS
2004-07-01,-0.8194229089290777,GOLD_COMEX_M_close_vs_FEDFUNDS
2004-08-01,-0.6795216049722802,GOLD_COMEX_M_close_vs_FEDFUNDS
2004-09-01,-0.41515095959302434,GOLD_COMEX_M_close_vs_FEDFUNDS
2004-10-01,0.009723948956956316,GOLD_COMEX_M_close_vs_FEDFUNDS
2004-11-01,0.3383039431469039,GOLD_COMEX_M_close_vs_FEDFUNDS
2004-12-01,0.46700478584082283,GOLD_COMEX_M_close_vs_FEDFUNDS
2005-01-01,0.4966569599278913,GOLD_COMEX_M_close_vs_FEDFUNDS
2005-02-01,0.5643907653512833,GOLD_COMEX_M_close_vs_FEDFUNDS
2005-03-01,0.6129161227773104,GOLD_COMEX_M_close_vs_FEDFUNDS
2005-04-01,0.6751869809030543,GOLD_COMEX_M_close_vs_FEDFUNDS
2005-05-01,0.6471969852124121,GOLD_COMEX_M_close_vs_FEDFUNDS
2005-06-01,0.7063626451835967,GOLD_COMEX_M_close_vs_FEDFUNDS
2005-07-01,0.7228011654927581,GOLD_COMEX_M_close_vs_FEDFUNDS
2005-08-01,0.7238162094834796,GOLD_COMEX_M_close_vs_FEDFUNDS
2005-09-01,0.7632766964274901,GOLD_COMEX_M_close_vs_FEDFUNDS
2005-10-01,0.790774497847618,GOLD_COMEX_M_close_vs_FEDFUNDS
2005-11-01,0.8109863670293632,GOLD_COMEX_M_close_vs_FEDFUNDS
2005-12-01,0.8345666603882105,GOLD_COMEX_M_close_vs_FEDFUNDS
2006-01-01,0.813919605502955,GOLD_COMEX_M_close_vs_FEDFUNDS
2006-02-01,0.8281743985586547,GOLD_COMEX_M_close_vs_FEDFUNDS
2006-03-01,0.8585592843742287,GOLD_COMEX_M_close_vs_FEDFUNDS
2006-04-01,0.8450258337604142,GOLD_COMEX_M_close_vs_FEDFUNDS
2006-05-01,0.8567754954657815,GOLD_COMEX_M_close_vs_FEDFUNDS
2006-06-01,0.8700718134463649,GOLD_COMEX_M_close_vs_FEDFUNDS
2006-07-01,0.8807971938494226,GOLD_COMEX_M_close_vs_FEDFUNDS
2006-08-01,0.8938336346476754,GOLD_COMEX_M_close_vs_FEDFUNDS
2006-09-01,0.9018309112920436,GOLD_COMEX_M_close_vs_FEDFUNDS
2006-10-01,0.9125877809149235,GOLD_COMEX_M_close_vs_FEDFUNDS
2006-11-01,0.935027949334039,GOLD_COMEX_M_close_vs_FEDFUNDS
2006-12-01,0.9468235544578054,GOLD_COMEX_M_close_vs_FEDFUNDS
2007-01-01,0.9517240326333045,GOLD_COMEX_M_close_vs_FEDFUNDS
2007-02-01,0.9571955098269581,GOLD_COMEX_M_close_vs_FEDFUNDS
2007-03-01,0.9600434089178348,GOLD_COMEX_M_close_vs_FEDFUNDS
2007-04-01,0.9610001272305054,GOLD_COMEX_M_close_vs_FEDFUNDS
2007-05-01,0.9562766811494197,GOLD_COMEX_M_close_vs_FEDFUNDS
2007-06-01,0.9542421249641969,GOLD_COMEX_M_close_vs_FEDFUNDS
2007-07-01,0.9448608719903298,GOLD_COMEX_M_close_vs_FEDFUNDS
2007-08-01,0.9195632075422245,GOLD_COMEX_M_close_vs_FEDFUNDS
2007-09-01,0.8206801772862402,GOLD_COMEX_M_close_vs_FEDFUNDS
2007-10-01,0.5752218863366376,GOLD_COMEX_M_close_vs_FEDFUNDS
2007-11-01,0.23259252228649469,GOLD_COMEX_M_close_vs_FEDFUNDS
2007-12-01,-0.24393850954856774,GOLD_COMEX_M_close_vs_FEDFUNDS
2008-01-01,-0.6336964902302864,GOLD_COMEX_M_close_vs_FEDFUNDS
2008-02-01,-0.8572090381957936,GOLD_COMEX_M_close_vs_FEDFUNDS
2008-03-01,-0.9044239026130088,GOLD_COMEX_M_close_vs_FEDFUNDS
2008-04-01,-0.8745292926022189,GOLD_COMEX_M_close_vs_FEDFUNDS
2008-05-01,-0.8679532542113525,GOLD_COMEX_M_close_vs_FEDFUNDS
2008-06-01,-0.8852161353574373,GOLD_COMEX_M_close_vs_FEDFUNDS
2008-07-01,-0.8903748491090255,GOLD_COMEX_M_close_vs_FEDFUNDS
2008-08-01,-0.8691384029676446,GOLD_COMEX_M_close_vs_FEDFUNDS
2008-09-01,-0.8662357883643371,GOLD_COMEX_M_close_vs_FEDFUNDS
2008-10-01,-0.7405510399133872,GOLD_COMEX_M_close_vs_FEDFUNDS
2008-11-01,-0.6865116328585955,GOLD_COMEX_M_close_vs_FEDFUNDS
2008-12-01,-0.6763400486423282,GOLD_COMEX_M_close_vs_FEDFUNDS
2009-01-01,-0.6831196937440664,GOLD_COMEX_M_close_vs_FEDFUNDS
2009-02-01,-0.6885732359279714,GOLD_COMEX_M_close_vs_FEDFUNDS
2009-03-01,-0.6809190643566636,GOLD_COMEX_M_close_vs_FEDFUNDS
2009-04-01,-0.6572741548117732,GOLD_COMEX_M_close_vs_FEDFUNDS
2009-05-01,-0.6456821995002279,GOLD_COMEX_M_close_vs_FEDFUNDS
2009-06-01,-0.6081576418107962,GOLD_COMEX_M_close_vs_FEDFUNDS
2009-07-01,-0.5593791148897899,GOLD_COMEX_M_close_vs_FEDFUNDS
2009-08-01,-0.48855944055924416,GOLD_COMEX_M_close_vs_FEDFUNDS
2009-09-01,-0.4242002824483431,GOLD_COMEX_M_close_vs_FEDFUNDS
2009-10-01,-0.380565817010357,GOLD_COMEX_M_close_vs_FEDFUNDS
2009-11-01,-0.3120305872962103,GOLD_COMEX_M_close_vs_FEDFUNDS
2009-12-01,-0.28924819432824606,GOLD_COMEX_M_close_vs_FEDFUNDS
2010-01-01,-0.36114238221583295,GOLD_COMEX_M_close_vs_FEDFUNDS
2010-02-01,-0.4629879634231379,GOLD_COMEX_M_close_vs_FEDFUNDS
2010-03-01,-0.5006171593129101,GOLD_COMEX_M_close_vs_FEDFUNDS
2010-04-01,-0.48011343846999643,GOLD_COMEX_M_close_vs_FEDFUNDS
2010-05-01,-0.4641682968392049,GOLD_COMEX_M_close_vs_FEDFUNDS
2010-06-01,-0.4731116278369572,GOLD_COMEX_M_close_vs_FEDFUNDS
2010-07-01,-0.4907358970801302,GOLD_COMEX_M_close_vs_FEDFUNDS
2010-08-01,-0.4335488326278867,GOLD_COMEX_M_close_vs_FEDFUNDS
2010-09-01,-0.503628297534617,GOLD_COMEX_M_close_vs_FEDFUNDS
2010-10-01,-0.2211615995561488,GOLD_COMEX_M_close_vs_FEDFUNDS
2010-11-01,0.19494526263201312,GOLD_COMEX_M_close_vs_FEDFUNDS
2010-12-01,0.207827995365387,GOLD_COMEX_M_close_vs_FEDFUNDS
2011-01-01,0.18165215792541703,GOLD_COMEX_M_close_vs_FEDFUNDS
2011-02-01,0.26580874523557074,GOLD_COMEX_M_close_vs_FEDFUNDS
2011-03-01,0.2278408204863673,GOLD_COMEX_M_close_vs_FEDFUNDS
2011-04-01,-0.011869844043750185,GOLD_COMEX_M_close_vs_FEDFUNDS
2011-05-01,-0.13646932879940066,GOLD_COMEX_M_close_vs_FEDFUNDS
2011-06-01,-0.1434447015417351,GOLD_COMEX_M_close_vs_FEDFUNDS
2011-07-01,-0.2893573631489156,GOLD_COMEX_M_close_vs_FEDFUNDS
2011-08-01,-0.3692841467346288,GOLD_COMEX_M_close_vs_FEDFUNDS
2011-09-01,-0.44220966495734154,GOLD_COMEX_M_close_vs_FEDFUNDS
2011-10-01,-0.5684018751243355,GOLD_COMEX_M_close_vs_FEDFUNDS
2011-11-01,-0.6376824396570444,GOLD_COMEX_M_close_vs_FEDFUNDS
2011-12-01,-0.7026440038249725,GOLD_COMEX_M_close_vs_FEDFUNDS
2012-01-01,-0.8044994226180701,GOLD_COMEX_M_close_vs_FEDFUNDS
2012-02-01,-0.8589531180470051,GOLD_COMEX_M_close_vs_FEDFUNDS
2012-03-01,-0.86967425031998,GOLD_COMEX_M_close_vs_FEDFUNDS
2012-04-01,-0.8369985383722605,GOLD_COMEX_M_close_vs_FEDFUNDS
2012-05-01,-0.8036126205411085,GOLD_COMEX_M_close_vs_FEDFUNDS
2012-06-01,-0.7682264188186405,GOLD_COMEX_M_close_vs_FEDFUNDS
2012-07-01,-0.7367937808112128,GOLD_COMEX_M_close_vs_FEDFUNDS
2012-08-01,-0.6937804506627259,GOLD_COMEX_M_close_vs_FEDFUNDS
2012-09-01,-0.6019932309087325,GOLD_COMEX_M_close_vs_FEDFUNDS
2012-10-01,-0.4901855069535196,GOLD_COMEX_M_close_vs_FEDFUNDS
2012-11-01,-0.3666650421696012,GOLD_COMEX_M_close_vs_FEDFUNDS
2012-12-01,-0.2613666940724779,GOLD_COMEX_M_close_vs_FEDFUNDS
2013-01-01,-0.13091413220184775,GOLD_COMEX_M_close_vs_FEDFUNDS
2013-02-01,-0.04675844963589862,GOLD_COMEX_M_close_vs_FEDFUNDS
2013-03-01,-0.002914107298028755,GOLD_COMEX_M_close_vs_FEDFUNDS
2013-04-01,-0.1050259790097861,GOLD_COMEX_M_close_vs_FEDFUNDS
2013-05-01,-0.10049561397885481,GOLD_COMEX_M_close_vs_FEDFUNDS
2013-06-01,0.009726817173032878,GOLD_COMEX_M_close_vs_FEDFUNDS
2013-07-01,0.1024417174154809,GOLD_COMEX_M_close_vs_FEDFUNDS
2013-08-01,0.22393901678311173,GOLD_COMEX_M_close_vs_FEDFUNDS
2013-09-01,0.31103719474534836,GOLD_COMEX_M_close_vs_FEDFUNDS
2013-10-01,0.43959116089953854,GOLD_COMEX_M_close_vs_FEDFUNDS
2013-11-01,0.5839162269573787,GOLD_COMEX_M_close_vs_FEDFUNDS
2013-12-01,0.6516831036645295,GOLD_COMEX_M_close_vs_FEDFUNDS
2014-01-01,0.7992358008251849,GOLD_COMEX_M_close_vs_FEDFUNDS
2014-02-01,0.8664740307744704,GOLD_COMEX_M_close_vs_FEDFUNDS
2014-03-01,0.8814243029422067,GOLD_COMEX_M_close_vs_FEDFUNDS
2014-04-01,0.8852232089645711,GOLD_COMEX_M_close_vs_FEDFUNDS
2014-05-01,0.8930848637339163,GOLD_COMEX_M_close_vs_FEDFUNDS
2014-06-01,0.8937825458489153,GOLD_COMEX_M_close_vs_FEDFUNDS
2014-07-01,0.895826696780898,GOLD_COMEX_M_close_vs_FEDFUNDS
2014-08-01,0.9042914739498332,GOLD_COMEX_M_close_vs_FEDFUNDS
2014-09-01,0.9137748395048029,GOLD_COMEX_M_close_vs_FEDFUNDS
2014-10-01,0.8896873425999451,GOLD_COMEX_M_close_vs_FEDFUNDS
2014-11-01,0.8559500034195086,GOLD_COMEX_M_close_vs_FEDFUNDS
2014-12-01,0.7354310507594974,GOLD_COMEX_M_close_vs_FEDFUNDS
2015-01-01,0.67159368008214,GOLD_COMEX_M_close_vs_FEDFUNDS
2015-02-01,0.5149543841925189,GOLD_COMEX_M_close_vs_FEDFUNDS
2015-03-01,0.232882134227937,GOLD_COMEX_M_close_vs_FEDFUNDS
2015-04-01,-0.3111188167969845,GOLD_COMEX_M_close_vs_FEDFUNDS
2015-05-01,-0.5167993641237508,GOLD_COMEX_M_close_vs_FEDFUNDS
2015-06-01,-0.5728003624488267,GOLD_COMEX_M_close_vs_FEDFUNDS
2015-07-01,-0.6482806126130829,GOLD_COMEX_M_close_vs_FEDFUNDS
2015-08-01,-0.6877744630766233,GOLD_COMEX_M_close_vs_FEDFUNDS
2015-09-01,-0.7139691452188041,GOLD_COMEX_M_close_vs_FEDFUNDS
2015-10-01,-0.7288660982657399,GOLD_COMEX_M_close_vs_FEDFUNDS
2015-11-01,-0.7168230502377038,GOLD_COMEX_M_close_vs_FEDFUNDS
2015-12-01,-0.713008243489177,GOLD_COMEX_M_close_vs_FEDFUNDS
2016-01-01,-0.5815908316311671,GOLD_COMEX_M_close_vs_FEDFUNDS
2016-02-01,-0.32588765119066704,GOLD_COMEX_M_close_vs_FEDFUNDS
2016-03-01,-0.18944549581770304,GOLD_COMEX_M_close_vs_FEDFUNDS
2016-04-01,0.0005867602586683983,GOLD_COMEX_M_close_vs_FEDFUNDS
2016-05-01,0.053488079708233556,GOLD_COMEX_M_close_vs_FEDFUNDS
2016-06-01,0.2469138907302124,GOLD_COMEX_M_close_vs_FEDFUNDS
2016-07-01,0.4155843761316212,GOLD_COMEX_M_close_vs_FEDFUNDS
2016-08-01,0.54292084504957,GOLD_COMEX_M_close_vs_FEDFUNDS
2016-09-01,0.6047609441185103,GOLD_COMEX_M_close_vs_FEDFUNDS
2016-10-01,0.6226073738532135,GOLD_COMEX_M_close_vs_FEDFUNDS
2016-11-01,0.5799195322131687,GOLD_COMEX_M_close_vs_FEDFUNDS
2016-12-01,0.47226662489663035,GOLD_COMEX_M_close_vs_FEDFUNDS
2017-01-01,0.4893268473713786,GOLD_COMEX_M_close_vs_FEDFUNDS
2017-02-01,0.5192233888709914,GOLD_COMEX_M_close_vs_FEDFUNDS
2017-03-01,0.5109778020922774,GOLD_COMEX_M_close_vs_FEDFUNDS
2017-04-01,0.5159494801582337,GOLD_COMEX_M_close_vs_FEDFUNDS
2017-05-01,0.5324349587627032,GOLD_COMEX_M_close_vs_FEDFUNDS
2017-06-01,0.49643878128406577,GOLD_COMEX_M_close_vs_FEDFUNDS
2017-07-01,0.45711577356216865,GOLD_COMEX_M_close_vs_FEDFUNDS
2017-08-01,0.47394626246807575,GOLD_COMEX_M_close_vs_FEDFUNDS
2017-09-01,0.4450753755575801,GOLD_COMEX_M_close_vs_FEDFUNDS
2017-10-01,0.40404392322777116,GOLD_COMEX_M_close_vs_FEDFUNDS
2017-11-01,0.3134699550425902,GOLD_COMEX_M_close_vs_FEDFUNDS
2017-12-01,0.2544178637833863,GOLD_COMEX_M_close_vs_FEDFUNDS
2018-01-01,0.2664831404409336,GOLD_COMEX_M_close_vs_FEDFUNDS
2018-02-01,0.2940693878187243,GOLD_COMEX_M_close_vs_FEDFUNDS
2018-03-01,0.32088529629858414,GOLD_COMEX_M_close_vs_FEDFUNDS
2018-04-01,0.3853464310240006,GOLD_COMEX_M_close_vs_FEDFUNDS
2018-05-01,0.35188628537422506,GOLD_COMEX_M_close_vs_FEDFUNDS
2018-06-01,0.34846881984682126,GOLD_COMEX_M_close_vs_FEDFUNDS
2018-07-01,0.3605181943284789,GOLD_COMEX_M_close_vs_FEDFUNDS
2018-08-01,0.2940509669358576,GOLD_COMEX_M_close_vs_FEDFUNDS
2018-09-01,0.2540076201199542,GOLD_COMEX_M_close_vs_FEDFUNDS
2018-10-01,0.1840147094659465,GOLD_COMEX_M_close_vs_FEDFUNDS
2018-11-01,-0.01530116256059778,GOLD_COMEX_M_close_vs_FEDFUNDS
2018-12-01,-0.1867338197000658,GOLD_COMEX_M_close_vs_FEDFUNDS
2019-01-01,-0.18082744283385768,GOLD_COMEX_M_close_vs_FEDFUNDS
2019-02-01,-0.13665645748282507,GOLD_COMEX_M_close_vs_FEDFUNDS
2019-03-01,-0.14759527512065787,GOLD_COMEX_M_close_vs_FEDFUNDS
2019-04-01,-0.14871805926532317,GOLD_COMEX_M_close_vs_FEDFUNDS
2019-05-01,-0.11532297963501205,GOLD_COMEX_M_close_vs_FEDFUNDS
2019-06-01,-0.014125533146390184,GOLD_COMEX_M_close_vs_FEDFUNDS
2019-07-01,0.08900303802251303,GOLD_COMEX_M_close_vs_FEDFUNDS
2019-08-01,0.163382704188705,GOLD_COMEX_M_close_vs_FEDFUNDS
2019-09-01,0.1623107882196994,GOLD_COMEX_M_close_vs_FEDFUNDS
2019-10-01,0.08455713292907216,GOLD_COMEX_M_close_vs_FEDFUNDS
2019-11-01,-0.03694767176559149,GOLD_COMEX_M_close_vs_FEDFUNDS
2019-12-01,-0.15413106563127696,GOLD_COMEX_M_close_vs_FEDFUNDS
2020-01-01,-0.2613623991769949,GOLD_COMEX_M_close_vs_FEDFUNDS
2020-02-01,-0.3680566798981317,GOLD_COMEX_M_close_vs_FEDFUNDS
2020-03-01,-0.5191768819297485,GOLD_COMEX_M_close_vs_FEDFUNDS
2020-04-01,-0.6541944572638372,GOLD_COMEX_M_close_vs_FEDFUNDS
2020-05-01,-0.745315121720809,GOLD_COMEX_M_close_vs_FEDFUNDS
2020-06-01,-0.8096132114451907,GOLD_COMEX_M_close_vs_FEDFUNDS
2020-07-01,-0.8524914938243022,GOLD_COMEX_M_close_vs_FEDFUNDS
2020-08-01,-0.884913593183898,GOLD_COMEX_M_close_vs_FEDFUNDS
2020-09-01,-0.9120994068249774,GOLD_COMEX_M_close_vs_FEDFUNDS
2020-10-01,-0.9246836388948784,GOLD_COMEX_M_close_vs_FEDFUNDS
2020-11-01,-0.9316349964524473,GOLD_COMEX_M_close_vs_FEDFUNDS
2020-12-01,-0.9350370886291285,GOLD_COMEX_M_close_vs_FEDFUNDS
2021-01-01,-0.9345577340407679,GOLD_COMEX_M_close_vs_FEDFUNDS
2021-02-01,-0.925308668416376,GOLD_COMEX_M_close_vs_FEDFUNDS
2021-03-01,-0.9127367951271003,GOLD_COMEX_M_close_vs_FEDFUNDS
2021-04-01,-0.9035294067963249,GOLD_COMEX_M_close_vs_FEDFUNDS
2021-05-01,-0.8923879856994787,GOLD_COMEX_M_close_vs_FEDFUNDS
2021-06-01,-0.8773033796584694,GOLD_COMEX_M_close_vs_FEDFUNDS
2021-07-01,-0.8613512597311926,GOLD_COMEX_M_close_vs_FEDFUNDS
2021-08-01,-0.8580910798102677,GOLD_COMEX_M_close_vs_FEDFUNDS
2021-09-01,-0.8300458737792791,GOLD_COMEX_M_close_vs_FEDFUNDS
2021-10-01,-0.8049790618951521,GOLD_COMEX_M_close_vs_FEDFUNDS
2021-11-01,-0.7512035494034534,GOLD_COMEX_M_close_vs_FEDFUNDS
2021-12-01,-0.6805811425099192,GOLD_COMEX_M_close_vs_FEDFUNDS
2022-01-01,-0.6075163009392099,GOLD_COMEX_M_close_vs_FEDFUNDS
2022-02-01,-0.47795703563650693,GOLD_COMEX_M_close_vs_FEDFUNDS
2022-03-01,0.5459397862206321,GOLD_COMEX_M_close_vs_FEDFUNDS
2022-04-01,0.42243118020551523,GOLD_COMEX_M_close_vs_FEDFUNDS
2022-05-01,0.16791640229684276,GOLD_COMEX_M_close_vs_FEDFUNDS
2022-06-01,0.012534557515990101,GOLD_COMEX_M_close_vs_FEDFUNDS
2022-07-01,-0.12379871372598371,GOLD_COMEX_M_close_vs_FEDFUNDS
2022-08-01,-0.30744419226941705,GOLD_COMEX_M_close_vs_FEDFUNDS
2022-09-01,-0.47450338510595835,GOLD_COMEX_M_close_vs_FEDFUNDS
2022-10-01,-0.5971939296219636,GOLD_COMEX_M_close_vs_FEDFUNDS
2022-11-01,-0.5681390519423773,GOLD_COMEX_M_close_vs_FEDFUNDS
2022-12-01,-0.4362529907537004,GOLD_COMEX_M_close_vs_FEDFUNDS
2023-01-01,-0.18380136676070266,GOLD_COMEX_M_close_vs_FEDFUNDS
2023-02-01,-0.1599145407036635,GOLD_COMEX_M_close_vs_FEDFUNDS
2023-03-01,-0.015248501871223306,GOLD_COMEX_M_close_vs_FEDFUNDS
2023-04-01,0.11643680812410398,GOLD_COMEX_M_close_vs_FEDFUNDS
2023-05-01,0.2510793811818438,GOLD_COMEX_M_close_vs_FEDFUNDS
2023-06-01,0.28255793218475006,GOLD_COMEX_M_close_vs_FEDFUNDS
2023-07-01,0.34204196247507823,GOLD_COMEX_M_close_vs_FEDFUNDS
2023-08-01,0.37832816700410216,GOLD_COMEX_M_close_vs_FEDFUNDS
2023-09-01,0.3396527035772113,GOLD_COMEX_M_close_vs_FEDFUNDS
2023-10-01,0.3640592782247774,GOLD_COMEX_M_close_vs_FEDFUNDS
2023-11-01,0.38424652218445815,GOLD_COMEX_M_close_vs_FEDFUNDS
2023-12-01,0.42310039627608587,GOLD_COMEX_M_close_vs_FEDFUNDS
2024-01-01,0.4335137293214606,GOLD_COMEX_M_close_vs_FEDFUNDS
2024-02-01,0.505280494212298,GOLD_COMEX_M_close_vs_FEDFUNDS
2024-03-01,0.6092031880801603,GOLD_COMEX_M_close_vs_FEDFUNDS
2024-04-01,0.6799149140537366,GOLD_COMEX_M_close_vs_FEDFUNDS
2024-05-01,0.713709339008167,GOLD_COMEX_M_close_vs_FEDFUNDS
2024-06-01,0.7400058072437868,GOLD_COMEX_M_close_vs_FEDFUNDS
2024-07-01,0.7418964604844014,GOLD_COMEX_M_close_vs_FEDFUNDS
2024-08-01,0.7124102649746351,GOLD_COMEX_M_close_vs_FEDFUNDS
2024-09-01,0.6240855866791731,GOLD_COMEX_M_close_vs_FEDFUNDS
2024-10-01,0.4209615424507168,GOLD_COMEX_M_close_vs_FEDFUNDS
2024-11-01,0.18983101476777647,GOLD_COMEX_M_close_vs_FEDFUNDS
2024-12-01,-0.0779985105398925,GOLD_COMEX_M_close_vs_FEDFUNDS
2025-01-01,-0.35771218188513537,GOLD_COMEX_M_close_vs_FEDFUNDS
2025-02-01,-0.57865932724508,GOLD_COMEX_M_close_vs_FEDFUNDS
2025-03-01,-0.7290823632747248,GOLD_COMEX_M_close_vs_FEDFUNDS
2025-04-01,-0.8100920170682174,GOLD_COMEX_M_close_vs_FEDFUNDS
2025-05-01,-0.8477748839364705,GOLD_COMEX_M_close_vs_FEDFUNDS
2025-06-01,-0.8784669343321475,GOLD_COMEX_M_close_vs_FEDFUNDS
2025-07-01,-0.8979603779640227,GOLD_COMEX_M_close_vs_FEDFUNDS
2025-08-01,-0.899664080074201,GOLD_COMEX_M_close_vs_FEDFUNDS
2025-09-01,-0.8962484589820582,GOLD_COMEX_M_close_vs_FEDFUNDS
2025-10-01,-0.8960061263870273,GOLD_COMEX_M_close_vs_FEDFUNDS
2025-11-01,-0.9020106134715559,GOLD_COMEX_M_close_vs_FEDFUNDS
2025-12-01,-0.9108016637966357,GOLD_COMEX_M_close_vs_FEDFUNDS
2026-01-01,-0.9137778448662065,GOLD_COMEX_M_close_vs_FEDFUNDS
2026-02-01,-0.90192302686384,GOLD_COMEX_M_close_vs_FEDFUNDS
2026-03-01,-0.9035989109926237,GOLD_COMEX_M_close_vs_FEDFUNDS
2000-08-01,,GOLD_COMEX_M_close_vs_GS10
2000-09-01,,GOLD_COMEX_M_close_vs_GS10
2000-10-01,,GOLD_COMEX_M_close_vs_GS10
2000-11-01,,GOLD_COMEX_M_close_vs_GS10
2000-12-01,,GOLD_COMEX_M_close_vs_GS10
2001-01-01,,GOLD_COMEX_M_close_vs_GS10
2001-02-01,,GOLD_COMEX_M_close_vs_GS10
2001-03-01,,GOLD_COMEX_M_close_vs_GS10
2001-04-01,,GOLD_COMEX_M_close_vs_GS10
2001-05-01,,GOLD_COMEX_M_close_vs_GS10
2001-06-01,,GOLD_COMEX_M_close_vs_GS10
2001-07-01,,GOLD_COMEX_M_close_vs_GS10
2001-08-01,,GOLD_COMEX_M_close_vs_GS10
2001-09-01,,GOLD_COMEX_M_close_vs_GS10
2001-10-01,,GOLD_COMEX_M_close_vs_GS10
2001-11-01,,GOLD_COMEX_M_close_vs_GS10
2001-12-01,,GOLD_COMEX_M_close_vs_GS10
2002-01-01,,GOLD_COMEX_M_close_vs_GS10
2002-02-01,,GOLD_COMEX_M_close_vs_GS10
2002-03-01,,GOLD_COMEX_M_close_vs_GS10
2002-04-01,,GOLD_COMEX_M_close_vs_GS10
2002-05-01,,GOLD_COMEX_M_close_vs_GS10
2002-06-01,,GOLD_COMEX_M_close_vs_GS10
2002-07-01,-0.2617490342099042,GOLD_COMEX_M_close_vs_GS10
2002-08-01,-0.38218882799814097,GOLD_COMEX_M_close_vs_GS10
2002-09-01,-0.5126444269709464,GOLD_COMEX_M_close_vs_GS10
2002-10-01,-0.549468122293353,GOLD_COMEX_M_close_vs_GS10
2002-11-01,-0.5781851264303444,GOLD_COMEX_M_close_vs_GS10
2002-12-01,-0.6350282492044379,GOLD_COMEX_M_close_vs_GS10
2003-01-01,-0.6682356699375805,GOLD_COMEX_M_close_vs_GS10
2003-02-01,-0.7008093109720396,GOLD_COMEX_M_close_vs_GS10
2003-03-01,-0.7326506227795104,GOLD_COMEX_M_close_vs_GS10
2003-04-01,-0.7390565576704005,GOLD_COMEX_M_close_vs_GS10
2003-05-01,-0.7541111502414387,GOLD_COMEX_M_close_vs_GS10
2003-06-01,-0.7465943419523018,GOLD_COMEX_M_close_vs_GS10
2003-07-01,-0.7294005996798246,GOLD_COMEX_M_close_vs_GS10
2003-08-01,-0.6512881698962468,GOLD_COMEX_M_close_vs_GS10
2003-09-01,-0.6051395059465492,GOLD_COMEX_M_close_vs_GS10
2003-10-01,-0.5818596400301426,GOLD_COMEX_M_close_vs_GS10
2003-11-01,-0.5437707142695047,GOLD_COMEX_M_close_vs_GS10
2003-12-01,-0.44616049933853796,GOLD_COMEX_M_close_vs_GS10
2004-01-01,-0.3773427423692504,GOLD_COMEX_M_close_vs_GS10
2004-02-01,-0.3299882247603043,GOLD_COMEX_M_close_vs_GS10
2004-03-01,-0.2801559191812397,GOLD_COMEX_M_close_vs_GS10
2004-04-01,-0.15591103999994585,GOLD_COMEX_M_close_vs_GS10
2004-05-01,0.010311527369262994,GOLD_COMEX_M_close_vs_GS10
2004-06-01,0.22425404572907193,GOLD_COMEX_M_close_vs_GS10
2004-07-01,0.4192610919992051,GOLD_COMEX_M_close_vs_GS10
2004-08-01,0.4968380822769579,GOLD_COMEX_M_close_vs_GS10
2004-09-01,0.4577453661549044,GOLD_COMEX_M_close_vs_GS10
2004-10-01,0.41680034941325883,GOLD_COMEX_M_close_vs_GS10
2004-11-01,0.40754436290472346,GOLD_COMEX_M_close_vs_GS10
2004-12-01,0.4002622526269036,GOLD_COMEX_M_close_vs_GS10
2005-01-01,0.39678618574775865,GOLD_COMEX_M_close_vs_GS10
2005-02-01,0.3569123995783878,GOLD_COMEX_M_close_vs_GS10
2005-03-01,0.32516418520695667,GOLD_COMEX_M_close_vs_GS10
2005-04-01,0.30120295063658487,GOLD_COMEX_M_close_vs_GS10
2005-05-01,0.19174051473626189,GOLD_COMEX_M_close_vs_GS10
2005-06-01,-0.2577610949616506,GOLD_COMEX_M_close_vs_GS10
2005-07-01,-0.4789472324026623,GOLD_COMEX_M_close_vs_GS10
2005-08-01,-0.43919936361648904,GOLD_COMEX_M_close_vs_GS10
2005-09-01,-0.42794482478000007,GOLD_COMEX_M_close_vs_GS10
2005-10-01,-0.31206044941494115,GOLD_COMEX_M_close_vs_GS10
2005-11-01,-0.10391387268480441,GOLD_COMEX_M_close_vs_GS10
2005-12-01,0.021632090459216484,GOLD_COMEX_M_close_vs_GS10
2006-01-01,0.08123276338250932,GOLD_COMEX_M_close_vs_GS10
2006-02-01,0.1615007053544531,GOLD_COMEX_M_close_vs_GS10
2006-03-01,0.30353976226779195,GOLD_COMEX_M_close_vs_GS10
2006-04-01,0.5286196138697931,GOLD_COMEX_M_close_vs_GS10
2006-05-01,0.7273035106437354,GOLD_COMEX_M_close_vs_GS10
2006-06-01,0.8531010768124819,GOLD_COMEX_M_close_vs_GS10
2006-07-01,0.9114940102701174,GOLD_COMEX_M_close_vs_GS10
2006-08-01,0.9207396994857046,GOLD_COMEX_M_close_vs_GS10
2006-09-01,0.9169228668037349,GOLD_COMEX_M_close_vs_GS10
2006-10-01,0.9129866122685103,GOLD_COMEX_M_close_vs_GS10
2006-11-01,0.8827936204590171,GOLD_COMEX_M_close_vs_GS10
2006-12-01,0.8539798430298412,GOLD_COMEX_M_close_vs_GS10
2007-01-01,0.8441792328758856,GOLD_COMEX_M_close_vs_GS10
2007-02-01,0.8224552585929547,GOLD_COMEX_M_close_vs_GS10
2007-03-01,0.8118557568599769,GOLD_COMEX_M_close_vs_GS10
2007-04-01,0.7949132255016967,GOLD_COMEX_M_close_vs_GS10
2007-05-01,0.7674624701353395,GOLD_COMEX_M_close_vs_GS10
2007-06-01,0.7277634014111003,GOLD_COMEX_M_close_vs_GS10
2007-07-01,0.6900168924367407,GOLD_COMEX_M_close_vs_GS10
2007-08-01,0.605833533462586,GOLD_COMEX_M_close_vs_GS10
2007-09-01,0.361108708221556,GOLD_COMEX_M_close_vs_GS10
2007-10-01,0.11555346616020681,GOLD_COMEX_M_close_vs_GS10
2007-11-01,-0.20547705828834245,GOLD_COMEX_M_close_vs_GS10
2007-12-01,-0.5127196048617645,GOLD_COMEX_M_close_vs_GS10
2008-01-01,-0.7600213440412952,GOLD_COMEX_M_close_vs_GS10
2008-02-01,-0.866128476801314,GOLD_COMEX_M_close_vs_GS10
2008-03-01,-0.9018419117546641,GOLD_COMEX_M_close_vs_GS10
2008-04-01,-0.9083817404936508,GOLD_COMEX_M_close_vs_GS10
2008-05-01,-0.9184335706827692,GOLD_COMEX_M_close_vs_GS10
2008-06-01,-0.9055144886475868,GOLD_COMEX_M_close_vs_GS10
2008-07-01,-0.9062590110592096,GOLD_COMEX_M_close_vs_GS10
2008-08-01,-0.9001615316357163,GOLD_COMEX_M_close_vs_GS10
2008-09-01,-0.9022776340397126,GOLD_COMEX_M_close_vs_GS10
2008-10-01,-0.854240220004013,GOLD_COMEX_M_close_vs_GS10
2008-11-01,-0.830775621957341,GOLD_COMEX_M_close_vs_GS10
2008-12-01,-0.7620983202645127,GOLD_COMEX_M_close_vs_GS10
2009-01-01,-0.754795481380332,GOLD_COMEX_M_close_vs_GS10
2009-02-01,-0.7609436572147756,GOLD_COMEX_M_close_vs_GS10
2009-03-01,-0.7640645321670816,GOLD_COMEX_M_close_vs_GS10
2009-04-01,-0.7492443750263873,GOLD_COMEX_M_close_vs_GS10
2009-05-01,-0.7299857325362743,GOLD_COMEX_M_close_vs_GS10
2009-06-01,-0.6656871238628369,GOLD_COMEX_M_close_vs_GS10
2009-07-01,-0.5810013338425821,GOLD_COMEX_M_close_vs_GS10
2009-08-01,-0.48491916436674476,GOLD_COMEX_M_close_vs_GS10
2009-09-01,-0.39613209348130585,GOLD_COMEX_M_close_vs_GS10
2009-10-01,-0.30893306387479746,GOLD_COMEX_M_close_vs_GS10
2009-11-01,-0.2037009323704926,GOLD_COMEX_M_close_vs_GS10
2009-12-01,-0.11975106848935735,GOLD_COMEX_M_close_vs_GS10
2010-01-01,-0.07057092673429727,GOLD_COMEX_M_close_vs_GS10
2010-02-01,-0.0362914275441255,GOLD_COMEX_M_close_vs_GS10
2010-03-01,0.006006180305261838,GOLD_COMEX_M_close_vs_GS10
2010-04-01,0.09028748620865341,GOLD_COMEX_M_close_vs_GS10
2010-05-01,0.10383062583760493,GOLD_COMEX_M_close_vs_GS10
2010-06-01,0.08309390742032277,GOLD_COMEX_M_close_vs_GS10
2010-07-01,0.0677317683688552,GOLD_COMEX_M_close_vs_GS10
2010-08-01,0.024984250783814804,GOLD_COMEX_M_close_vs_GS10
2010-09-01,-0.05732056009998591,GOLD_COMEX_M_close_vs_GS10
2010-10-01,-0.07914290150755944,GOLD_COMEX_M_close_vs_GS10
2010-11-01,-0.11263015743640335,GOLD_COMEX_M_close_vs_GS10
2010-12-01,-0.21073816662536746,GOLD_COMEX_M_close_vs_GS10
2011-01-01,-0.30009461007191646,GOLD_COMEX_M_close_vs_GS10
2011-02-01,-0.29687210085641935,GOLD_COMEX_M_close_vs_GS10
2011-03-01,-0.3629153097201097,GOLD_COMEX_M_close_vs_GS10
2011-04-01,-0.4065126338771396,GOLD_COMEX_M_close_vs_GS10
2011-05-01,-0.4353844877902514,GOLD_COMEX_M_close_vs_GS10
2011-06-01,-0.4240627469944402,GOLD_COMEX_M_close_vs_GS10
2011-07-01,-0.43134131179008717,GOLD_COMEX_M_close_vs_GS10
2011-08-01,-0.5560620943596881,GOLD_COMEX_M_close_vs_GS10
2011-09-01,-0.6109210528492299,GOLD_COMEX_M_close_vs_GS10
2011-10-01,-0.670195053497899,GOLD_COMEX_M_close_vs_GS10
2011-11-01,-0.7105112726570735,GOLD_COMEX_M_close_vs_GS10
2011-12-01,-0.698528666498299,GOLD_COMEX_M_close_vs_GS10
2012-01-01,-0.7055727970874588,GOLD_COMEX_M_close_vs_GS10
2012-02-01,-0.7039500365956042,GOLD_COMEX_M_close_vs_GS10
2012-03-01,-0.6843638015978021,GOLD_COMEX_M_close_vs_GS10
2012-04-01,-0.6567175891655397,GOLD_COMEX_M_close_vs_GS10
2012-05-01,-0.6126284328248075,GOLD_COMEX_M_close_vs_GS10
2012-06-01,-0.5846443809118899,GOLD_COMEX_M_close_vs_GS10
2012-07-01,-0.5762735423459067,GOLD_COMEX_M_close_vs_GS10
2012-08-01,-0.6208897134588561,GOLD_COMEX_M_close_vs_GS10
2012-09-01,-0.670638073121473,GOLD_COMEX_M_close_vs_GS10
2012-10-01,-0.7150249548215288,GOLD_COMEX_M_close_vs_GS10
2012-11-01,-0.7344299833054909,GOLD_COMEX_M_close_vs_GS10
2012-12-01,-0.7101063613170701,GOLD_COMEX_M_close_vs_GS10
2013-01-01,-0.6640077732744223,GOLD_COMEX_M_close_vs_GS10
2013-02-01,-0.5565618462092096,GOLD_COMEX_M_close_vs_GS10
2013-03-01,-0.41949581482880316,GOLD_COMEX_M_close_vs_GS10
2013-04-01,-0.25495256665961613,GOLD_COMEX_M_close_vs_GS10
2013-05-01,-0.09288931690980679,GOLD_COMEX_M_close_vs_GS10
2013-06-01,-0.08459594692246643,GOLD_COMEX_M_close_vs_GS10
2013-07-01,-0.3395356170815641,GOLD_COMEX_M_close_vs_GS10
2013-08-01,-0.5510558198977937,GOLD_COMEX_M_close_vs_GS10
2013-09-01,-0.6272547430787387,GOLD_COMEX_M_close_vs_GS10
2013-10-01,-0.7014605999938412,GOLD_COMEX_M_close_vs_GS10
2013-11-01,-0.7607573036405575,GOLD_COMEX_M_close_vs_GS10
2013-12-01,-0.7987147635224559,GOLD_COMEX_M_close_vs_GS10
2014-01-01,-0.8301841902888744,GOLD_COMEX_M_close_vs_GS10
2014-02-01,-0.84507867704093,GOLD_COMEX_M_close_vs_GS10
2014-03-01,-0.8713601389629206,GOLD_COMEX_M_close_vs_GS10
2014-04-01,-0.8854864266198668,GOLD_COMEX_M_close_vs_GS10
2014-05-01,-0.8853962696073788,GOLD_COMEX_M_close_vs_GS10
2014-06-01,-0.886831806373653,GOLD_COMEX_M_close_vs_GS10
2014-07-01,-0.8896361036355915,GOLD_COMEX_M_close_vs_GS10
2014-08-01,-0.875033572484636,GOLD_COMEX_M_close_vs_GS10
2014-09-01,-0.8578844255882357,GOLD_COMEX_M_close_vs_GS10
2014-10-01,-0.7985333647901575,GOLD_COMEX_M_close_vs_GS10
2014-11-01,-0.7180249506518119,GOLD_COMEX_M_close_vs_GS10
2014-12-01,-0.5942218927804511,GOLD_COMEX_M_close_vs_GS10
2015-01-01,-0.46430754002016705,GOLD_COMEX_M_close_vs_GS10
2015-02-01,-0.3096573389457635,GOLD_COMEX_M_close_vs_GS10
2015-03-01,-0.07444150272267402,GOLD_COMEX_M_close_vs_GS10
2015-04-01,0.29202318882287576,GOLD_COMEX_M_close_vs_GS10
2015-05-01,0.5367465146855266,GOLD_COMEX_M_close_vs_GS10
2015-06-01,0.5307336555472634,GOLD_COMEX_M_close_vs_GS10
2015-07-01,0.512525436653553,GOLD_COMEX_M_close_vs_GS10
2015-08-01,0.5108044059350164,GOLD_COMEX_M_close_vs_GS10
2015-09-01,0.49172821871225575,GOLD_COMEX_M_close_vs_GS10
2015-10-01,0.5015767087204989,GOLD_COMEX_M_close_vs_GS10
2015-11-01,0.47616247940879414,GOLD_COMEX_M_close_vs_GS10
2015-12-01,0.5119114678853249,GOLD_COMEX_M_close_vs_GS10
2016-01-01,0.5361262536147091,GOLD_COMEX_M_close_vs_GS10
2016-02-01,0.38353043598918984,GOLD_COMEX_M_close_vs_GS10
2016-03-01,0.2656469107351797,GOLD_COMEX_M_close_vs_GS10
2016-04-01,0.0454675440497289,GOLD_COMEX_M_close_vs_GS10
2016-05-01,-0.030811960394292782,GOLD_COMEX_M_close_vs_GS10
2016-06-01,-0.34467153368625375,GOLD_COMEX_M_close_vs_GS10
2016-07-01,-0.6017057123901094,GOLD_COMEX_M_close_vs_GS10
2016-08-01,-0.7590510660827013,GOLD_COMEX_M_close_vs_GS10
2016-09-01,-0.8576838726177944,GOLD_COMEX_M_close_vs_GS10
2016-10-01,-0.8727528062422683,GOLD_COMEX_M_close_vs_GS10
2016-11-01,-0.8918108757838137,GOLD_COMEX_M_close_vs_GS10
2016-12-01,-0.8710382773146693,GOLD_COMEX_M_close_vs_GS10
2017-01-01,-0.8195241608701523,GOLD_COMEX_M_close_vs_GS10
2017-02-01,-0.738212181592233,GOLD_COMEX_M_close_vs_GS10
2017-03-01,-0.6640094263159296,GOLD_COMEX_M_close_vs_GS10
2017-04-01,-0.6278144464727091,GOLD_COMEX_M_close_vs_GS10
2017-05-01,-0.5859153509388266,GOLD_COMEX_M_close_vs_GS10
2017-06-01,-0.5709079556167374,GOLD_COMEX_M_close_vs_GS10
2017-07-01,-0.5149001495360721,GOLD_COMEX_M_close_vs_GS10
2017-08-01,-0.47129553617915415,GOLD_COMEX_M_close_vs_GS10
2017-09-01,-0.45249486772509995,GOLD_COMEX_M_close_vs_GS10
2017-10-01,-0.4401007820827814,GOLD_COMEX_M_close_vs_GS10
2017-11-01,-0.41273616627023124,GOLD_COMEX_M_close_vs_GS10
2017-12-01,-0.37829690792920667,GOLD_COMEX_M_close_vs_GS10
2018-01-01,-0.3114485526922358,GOLD_COMEX_M_close_vs_GS10
2018-02-01,-0.2314940218506093,GOLD_COMEX_M_close_vs_GS10
2018-03-01,-0.16257963535118886,GOLD_COMEX_M_close_vs_GS10
2018-04-01,-0.0818228146187984,GOLD_COMEX_M_close_vs_GS10
2018-05-01,-0.10258026375052762,GOLD_COMEX_M_close_vs_GS10
2018-06-01,-0.07710069207538638,GOLD_COMEX_M_close_vs_GS10
2018-07-01,0.011176466069180883,GOLD_COMEX_M_close_vs_GS10
2018-08-01,0.017357218509200946,GOLD_COMEX_M_close_vs_GS10
2018-09-01,0.03285017547707602,GOLD_COMEX_M_close_vs_GS10
2018-10-01,-0.01900886822733564,GOLD_COMEX_M_close_vs_GS10
2018-11-01,-0.19059354202793766,GOLD_COMEX_M_close_vs_GS10
2018-12-01,-0.2502257736358243,GOLD_COMEX_M_close_vs_GS10
2019-01-01,-0.27802893251284333,GOLD_COMEX_M_close_vs_GS10
2019-02-01,-0.2834534620075172,GOLD_COMEX_M_close_vs_GS10
2019-03-01,-0.30478318175740043,GOLD_COMEX_M_close_vs_GS10
2019-04-01,-0.3259661754637679,GOLD_COMEX_M_close_vs_GS10
2019-05-01,-0.3580194099404401,GOLD_COMEX_M_close_vs_GS10
2019-06-01,-0.5635078882436457,GOLD_COMEX_M_close_vs_GS10
2019-07-01,-0.6692760267721397,GOLD_COMEX_M_close_vs_GS10
2019-08-01,-0.785478692090966,GOLD_COMEX_M_close_vs_GS10
2019-09-01,-0.8549398805112405,GOLD_COMEX_M_close_vs_GS10
2019-10-01,-0.9002303813671961,GOLD_COMEX_M_close_vs_GS10
2019-11-01,-0.9288812222225458,GOLD_COMEX_M_close_vs_GS10
2019-12-01,-0.9368188602431442,GOLD_COMEX_M_close_vs_GS10
2020-01-01,-0.9348101017085528,GOLD_COMEX_M_close_vs_GS10
2020-02-01,-0.9470078512550575,GOLD_COMEX_M_close_vs_GS10
2020-03-01,-0.9472179742083314,GOLD_COMEX_M_close_vs_GS10
2020-04-01,-0.9604969334528168,GOLD_COMEX_M_close_vs_GS10
2020-05-01,-0.9707939575403229,GOLD_COMEX_M_close_vs_GS10
2020-06-01,-0.9702852349597199,GOLD_COMEX_M_close_vs_GS10
2020-07-01,-0.954311984215354,GOLD_COMEX_M_close_vs_GS10
2020-08-01,-0.9456214242883508,GOLD_COMEX_M_close_vs_GS10
2020-09-01,-0.9441087646172917,GOLD_COMEX_M_close_vs_GS10
2020-10-01,-0.9416221307549556,GOLD_COMEX_M_close_vs_GS10
2020-11-01,-0.940224842318976,GOLD_COMEX_M_close_vs_GS10
2020-12-01,-0.9329651900282785,GOLD_COMEX_M_close_vs_GS10
2021-01-01,-0.926592284299109,GOLD_COMEX_M_close_vs_GS10
2021-02-01,-0.9214045527563263,GOLD_COMEX_M_close_vs_GS10
2021-03-01,-0.8991742827442935,GOLD_COMEX_M_close_vs_GS10
2021-04-01,-0.8544888784210479,GOLD_COMEX_M_close_vs_GS10
2021-05-01,-0.7553833288237171,GOLD_COMEX_M_close_vs_GS10
2021-06-01,-0.7087238062439816,GOLD_COMEX_M_close_vs_GS10
2021-07-01,-0.6570194723564065,GOLD_COMEX_M_close_vs_GS10
2021-08-01,-0.6332643644574182,GOLD_COMEX_M_close_vs_GS10
2021-09-01,-0.6024271337088426,GOLD_COMEX_M_close_vs_GS10
2021-10-01,-0.5494399625551083,GOLD_COMEX_M_close_vs_GS10
2021-11-01,-0.47363634129659077,GOLD_COMEX_M_close_vs_GS10
2021-12-01,-0.36006606143722647,GOLD_COMEX_M_close_vs_GS10
2022-01-01,-0.2531641026970281,GOLD_COMEX_M_close_vs_GS10
2022-02-01,-0.0904671538776115,GOLD_COMEX_M_close_vs_GS10
2022-03-01,-0.038969624606974174,GOLD_COMEX_M_close_vs_GS10
2022-04-01,0.0007342017591233319,GOLD_COMEX_M_close_vs_GS10
2022-05-01,-0.051216598368650744,GOLD_COMEX_M_close_vs_GS10
2022-06-01,-0.11894444892984025,GOLD_COMEX_M_close_vs_GS10
2022-07-01,-0.09193962794608661,GOLD_COMEX_M_close_vs_GS10
2022-08-01,-0.08361121384086567,GOLD_COMEX_M_close_vs_GS10
2022-09-01,-0.21242142862226912,GOLD_COMEX_M_close_vs_GS10
2022-10-01,-0.3469714828399488,GOLD_COMEX_M_close_vs_GS10
2022-11-01,-0.3963136313257548,GOLD_COMEX_M_close_vs_GS10
2022-12-01,-0.30661789170825005,GOLD_COMEX_M_close_vs_GS10
2023-01-01,-0.15410723733074688,GOLD_COMEX_M_close_vs_GS10
2023-02-01,-0.173255335041188,GOLD_COMEX_M_close_vs_GS10
2023-03-01,-0.09658211840143942,GOLD_COMEX_M_close_vs_GS10
2023-04-01,-0.030806733636246596,GOLD_COMEX_M_close_vs_GS10
2023-05-01,0.0724050203632446,GOLD_COMEX_M_close_vs_GS10
2023-06-01,0.08822965286723856,GOLD_COMEX_M_close_vs_GS10
2023-07-01,0.14290334964852486,GOLD_COMEX_M_close_vs_GS10
2023-08-01,0.18412568373918442,GOLD_COMEX_M_close_vs_GS10
2023-09-01,0.12476093612070785,GOLD_COMEX_M_close_vs_GS10
2023-10-01,0.175482618769597,GOLD_COMEX_M_close_vs_GS10
2023-11-01,0.2065405869760742,GOLD_COMEX_M_close_vs_GS10
2023-12-01,0.23470013111458593,GOLD_COMEX_M_close_vs_GS10
2024-01-01,0.2250676018283307,GOLD_COMEX_M_close_vs_GS10
2024-02-01,0.31023800670365326,GOLD_COMEX_M_close_vs_GS10
2024-03-01,0.45794898215673324,GOLD_COMEX_M_close_vs_GS10
2024-04-01,0.5638458926855191,GOLD_COMEX_M_close_vs_GS10
2024-05-01,0.6078953432152974,GOLD_COMEX_M_close_vs_GS10
2024-06-01,0.6057299138088664,GOLD_COMEX_M_close_vs_GS10
2024-07-01,0.577320296666277,GOLD_COMEX_M_close_vs_GS10
2024-08-01,0.4338271087252616,GOLD_COMEX_M_close_vs_GS10
2024-09-01,0.22995542175715283,GOLD_COMEX_M_close_vs_GS10
2024-10-01,0.2243031267755897,GOLD_COMEX_M_close_vs_GS10
2024-11-01,0.26054011193404203,GOLD_COMEX_M_close_vs_GS10
2024-12-01,0.25663120177854165,GOLD_COMEX_M_close_vs_GS10
2025-01-01,0.3067704296445733,GOLD_COMEX_M_close_vs_GS10
2025-02-01,0.30612876606815803,GOLD_COMEX_M_close_vs_GS10
2025-03-01,0.2614132750713382,GOLD_COMEX_M_close_vs_GS10
2025-04-01,0.19687032569566867,GOLD_COMEX_M_close_vs_GS10
2025-05-01,0.1608810846093269,GOLD_COMEX_M_close_vs_GS10
2025-06-01,0.10084184973035652,GOLD_COMEX_M_close_vs_GS10
2025-07-01,0.0538689620254724,GOLD_COMEX_M_close_vs_GS10
2025-08-01,0.0074005503703632345,GOLD_COMEX_M_close_vs_GS10
2025-09-01,-0.04504799142232031,GOLD_COMEX_M_close_vs_GS10
2025-10-01,-0.00868006971422804,GOLD_COMEX_M_close_vs_GS10
2025-11-01,-0.022089117426764816,GOLD_COMEX_M_close_vs_GS10
2025-12-01,-0.12753025049045377,GOLD_COMEX_M_close_vs_GS10
2026-01-01,-0.19303929062853745,GOLD_COMEX_M_close_vs_GS10
2026-02-01,-0.24961304872125872,GOLD_COMEX_M_close_vs_GS10
2026-03-01,-0.2909020158204086,GOLD_COMEX_M_close_vs_GS10
2000-08-01,,GOLD_COMEX_M_close_vs_GS2
2000-09-01,,GOLD_COMEX_M_close_vs_GS2
2000-10-01,,GOLD_COMEX_M_close_vs_GS2
2000-11-01,,GOLD_COMEX_M_close_vs_GS2
2000-12-01,,GOLD_COMEX_M_close_vs_GS2
2001-01-01,,GOLD_COMEX_M_close_vs_GS2
2001-02-01,,GOLD_COMEX_M_close_vs_GS2
2001-03-01,,GOLD_COMEX_M_close_vs_GS2
2001-04-01,,GOLD_COMEX_M_close_vs_GS2
2001-05-01,,GOLD_COMEX_M_close_vs_GS2
2001-06-01,,GOLD_COMEX_M_close_vs_GS2
2001-07-01,,GOLD_COMEX_M_close_vs_GS2
2001-08-01,,GOLD_COMEX_M_close_vs_GS2
2001-09-01,,GOLD_COMEX_M_close_vs_GS2
2001-10-01,,GOLD_COMEX_M_close_vs_GS2
2001-11-01,,GOLD_COMEX_M_close_vs_GS2
2001-12-01,,GOLD_COMEX_M_close_vs_GS2
2002-01-01,,GOLD_COMEX_M_close_vs_GS2
2002-02-01,,GOLD_COMEX_M_close_vs_GS2
2002-03-01,,GOLD_COMEX_M_close_vs_GS2
2002-04-01,,GOLD_COMEX_M_close_vs_GS2
2002-05-01,,GOLD_COMEX_M_close_vs_GS2
2002-06-01,,GOLD_COMEX_M_close_vs_GS2
2002-07-01,-0.537796185686974,GOLD_COMEX_M_close_vs_GS2
2002-08-01,-0.6204963364741354,GOLD_COMEX_M_close_vs_GS2
2002-09-01,-0.6884775774836733,GOLD_COMEX_M_close_vs_GS2
2002-10-01,-0.7144930013019694,GOLD_COMEX_M_close_vs_GS2
2002-11-01,-0.7574882989749383,GOLD_COMEX_M_close_vs_GS2
2002-12-01,-0.8001714098412614,GOLD_COMEX_M_close_vs_GS2
2003-01-01,-0.8064131849094229,GOLD_COMEX_M_close_vs_GS2
2003-02-01,-0.8236585667508347,GOLD_COMEX_M_close_vs_GS2
2003-03-01,-0.8169248070550085,GOLD_COMEX_M_close_vs_GS2
2003-04-01,-0.8121644751635034,GOLD_COMEX_M_close_vs_GS2
2003-05-01,-0.8139789733450141,GOLD_COMEX_M_close_vs_GS2
2003-06-01,-0.8079438229667009,GOLD_COMEX_M_close_vs_GS2
2003-07-01,-0.7951998011521002,GOLD_COMEX_M_close_vs_GS2
2003-08-01,-0.7562795607940146,GOLD_COMEX_M_close_vs_GS2
2003-09-01,-0.7389527239239846,GOLD_COMEX_M_close_vs_GS2
2003-10-01,-0.7339187340415311,GOLD_COMEX_M_close_vs_GS2
2003-11-01,-0.7025640538013409,GOLD_COMEX_M_close_vs_GS2
2003-12-01,-0.6295993748550996,GOLD_COMEX_M_close_vs_GS2
2004-01-01,-0.5888492850558749,GOLD_COMEX_M_close_vs_GS2
2004-02-01,-0.5517329110374052,GOLD_COMEX_M_close_vs_GS2
2004-03-01,-0.5015345070135137,GOLD_COMEX_M_close_vs_GS2
2004-04-01,-0.4197017913887297,GOLD_COMEX_M_close_vs_GS2
2004-05-01,-0.2892227478927302,GOLD_COMEX_M_close_vs_GS2
2004-06-01,-0.036040142037676644,GOLD_COMEX_M_close_vs_GS2
2004-07-01,0.19028577677104003,GOLD_COMEX_M_close_vs_GS2
2004-08-01,0.3311283511767907,GOLD_COMEX_M_close_vs_GS2
2004-09-01,0.432494603949654,GOLD_COMEX_M_close_vs_GS2
2004-10-01,0.5284896895852376,GOLD_COMEX_M_close_vs_GS2
2004-11-01,0.6600226299324784,GOLD_COMEX_M_close_vs_GS2
2004-12-01,0.7106211218485168,GOLD_COMEX_M_close_vs_GS2
2005-01-01,0.7107894787491368,GOLD_COMEX_M_close_vs_GS2
2005-02-01,0.7272444191122155,GOLD_COMEX_M_close_vs_GS2
2005-03-01,0.7214289218179217,GOLD_COMEX_M_close_vs_GS2
2005-04-01,0.7387345611552866,GOLD_COMEX_M_close_vs_GS2
2005-05-01,0.6993816623686623,GOLD_COMEX_M_close_vs_GS2
2005-06-01,0.6744481188604853,GOLD_COMEX_M_close_vs_GS2
2005-07-01,0.646081591068856,GOLD_COMEX_M_close_vs_GS2
2005-08-01,0.6434145470098122,GOLD_COMEX_M_close_vs_GS2
2005-09-01,0.6569579699918621,GOLD_COMEX_M_close_vs_GS2
2005-10-01,0.6762292355471587,GOLD_COMEX_M_close_vs_GS2
2005-11-01,0.7064841610409568,GOLD_COMEX_M_close_vs_GS2
2005-12-01,0.7365645952760574,GOLD_COMEX_M_close_vs_GS2
2006-01-01,0.7148830506293642,GOLD_COMEX_M_close_vs_GS2
2006-02-01,0.7411763191254472,GOLD_COMEX_M_close_vs_GS2
2006-03-01,0.8168079565804383,GOLD_COMEX_M_close_vs_GS2
2006-04-01,0.8162562058522144,GOLD_COMEX_M_close_vs_GS2
2006-05-01,0.8288342778782957,GOLD_COMEX_M_close_vs_GS2
2006-06-01,0.8411400270284471,GOLD_COMEX_M_close_vs_GS2
2006-07-01,0.8485380487651188,GOLD_COMEX_M_close_vs_GS2
2006-08-01,0.8565229170096261,GOLD_COMEX_M_close_vs_GS2
2006-09-01,0.8680216982666524,GOLD_COMEX_M_close_vs_GS2
2006-10-01,0.8898674307849443,GOLD_COMEX_M_close_vs_GS2
2006-11-01,0.9125753232008884,GOLD_COMEX_M_close_vs_GS2
2006-12-01,0.9260563595572078,GOLD_COMEX_M_close_vs_GS2
2007-01-01,0.931466213078784,GOLD_COMEX_M_close_vs_GS2
2007-02-01,0.935108036924576,GOLD_COMEX_M_close_vs_GS2
2007-03-01,0.9083979837743389,GOLD_COMEX_M_close_vs_GS2
2007-04-01,0.8836668584308781,GOLD_COMEX_M_close_vs_GS2
2007-05-01,0.8618020154434396,GOLD_COMEX_M_close_vs_GS2
2007-06-01,0.8475315869187445,GOLD_COMEX_M_close_vs_GS2
2007-07-01,0.8088966319775196,GOLD_COMEX_M_close_vs_GS2
2007-08-01,0.6481340170971908,GOLD_COMEX_M_close_vs_GS2
2007-09-01,0.1950862524175011,GOLD_COMEX_M_close_vs_GS2
2007-10-01,-0.24402545305256645,GOLD_COMEX_M_close_vs_GS2
2007-11-01,-0.5599115748414467,GOLD_COMEX_M_close_vs_GS2
2007-12-01,-0.790875540999364,GOLD_COMEX_M_close_vs_GS2
2008-01-01,-0.9099390208697806,GOLD_COMEX_M_close_vs_GS2
2008-02-01,-0.9586270153547723,GOLD_COMEX_M_close_vs_GS2
2008-03-01,-0.9637945223236343,GOLD_COMEX_M_close_vs_GS2
2008-04-01,-0.9595605348971785,GOLD_COMEX_M_close_vs_GS2
2008-05-01,-0.9625969714116791,GOLD_COMEX_M_close_vs_GS2
2008-06-01,-0.9569326105018485,GOLD_COMEX_M_close_vs_GS2
2008-07-01,-0.9575870328046066,GOLD_COMEX_M_close_vs_GS2
2008-08-01,-0.9504888490927302,GOLD_COMEX_M_close_vs_GS2
2008-09-01,-0.9502994760815521,GOLD_COMEX_M_close_vs_GS2
2008-10-01,-0.8582575168229726,GOLD_COMEX_M_close_vs_GS2
2008-11-01,-0.8172758924613357,GOLD_COMEX_M_close_vs_GS2
2008-12-01,-0.8035037369677572,GOLD_COMEX_M_close_vs_GS2
2009-01-01,-0.8018711958461007,GOLD_COMEX_M_close_vs_GS2
2009-02-01,-0.8011104273415354,GOLD_COMEX_M_close_vs_GS2
2009-03-01,-0.7938643862305702,GOLD_COMEX_M_close_vs_GS2
2009-04-01,-0.7735751155447271,GOLD_COMEX_M_close_vs_GS2
2009-05-01,-0.7571499813021807,GOLD_COMEX_M_close_vs_GS2
2009-06-01,-0.7116352019410038,GOLD_COMEX_M_close_vs_GS2
2009-07-01,-0.6514609755080121,GOLD_COMEX_M_close_vs_GS2
2009-08-01,-0.5688246062297787,GOLD_COMEX_M_close_vs_GS2
2009-09-01,-0.5025358816263933,GOLD_COMEX_M_close_vs_GS2
2009-10-01,-0.456504914192891,GOLD_COMEX_M_close_vs_GS2
2009-11-01,-0.4097264925752271,GOLD_COMEX_M_close_vs_GS2
2009-12-01,-0.40183272118116625,GOLD_COMEX_M_close_vs_GS2
2010-01-01,-0.4409739326184774,GOLD_COMEX_M_close_vs_GS2
2010-02-01,-0.48662495964779395,GOLD_COMEX_M_close_vs_GS2
2010-03-01,-0.4954413435991957,GOLD_COMEX_M_close_vs_GS2
2010-04-01,-0.46743099769439045,GOLD_COMEX_M_close_vs_GS2
2010-05-01,-0.4679413145771577,GOLD_COMEX_M_close_vs_GS2
2010-06-01,-0.5268066448223149,GOLD_COMEX_M_close_vs_GS2
2010-07-01,-0.5975887229358118,GOLD_COMEX_M_close_vs_GS2
2010-08-01,-0.6406743898494756,GOLD_COMEX_M_close_vs_GS2
2010-09-01,-0.7719592907015951,GOLD_COMEX_M_close_vs_GS2
2010-10-01,-0.7628535805650279,GOLD_COMEX_M_close_vs_GS2
2010-11-01,-0.7726493936000579,GOLD_COMEX_M_close_vs_GS2
2010-12-01,-0.8090052838299346,GOLD_COMEX_M_close_vs_GS2
2011-01-01,-0.8459484213546511,GOLD_COMEX_M_close_vs_GS2
2011-02-01,-0.8085601683901937,GOLD_COMEX_M_close_vs_GS2
2011-03-01,-0.7972386611737153,GOLD_COMEX_M_close_vs_GS2
2011-04-01,-0.7568556189712927,GOLD_COMEX_M_close_vs_GS2
2011-05-01,-0.7641337321040322,GOLD_COMEX_M_close_vs_GS2
2011-06-01,-0.7564066322000453,GOLD_COMEX_M_close_vs_GS2
2011-07-01,-0.7626017384613786,GOLD_COMEX_M_close_vs_GS2
2011-08-01,-0.7830577820091982,GOLD_COMEX_M_close_vs_GS2
2011-09-01,-0.7881216685037031,GOLD_COMEX_M_close_vs_GS2
2011-10-01,-0.7944500150128392,GOLD_COMEX_M_close_vs_GS2
2011-11-01,-0.8102838337133128,GOLD_COMEX_M_close_vs_GS2
2011-12-01,-0.801722832370224,GOLD_COMEX_M_close_vs_GS2
2012-01-01,-0.7977852818654899,GOLD_COMEX_M_close_vs_GS2
2012-02-01,-0.7913162521300983,GOLD_COMEX_M_close_vs_GS2
2012-03-01,-0.7653641357754967,GOLD_COMEX_M_close_vs_GS2
2012-04-01,-0.7492433395909478,GOLD_COMEX_M_close_vs_GS2
2012-05-01,-0.7125405180118777,GOLD_COMEX_M_close_vs_GS2
2012-06-01,-0.6827411068588548,GOLD_COMEX_M_close_vs_GS2
2012-07-01,-0.664169281876426,GOLD_COMEX_M_close_vs_GS2
2012-08-01,-0.6826252065866355,GOLD_COMEX_M_close_vs_GS2
2012-09-01,-0.7089602961624978,GOLD_COMEX_M_close_vs_GS2
2012-10-01,-0.7656536710597187,GOLD_COMEX_M_close_vs_GS2
2012-11-01,-0.7940794026081168,GOLD_COMEX_M_close_vs_GS2
2012-12-01,-0.7754984889259297,GOLD_COMEX_M_close_vs_GS2
2013-01-01,-0.7580505930531736,GOLD_COMEX_M_close_vs_GS2
2013-02-01,-0.6525433437667135,GOLD_COMEX_M_close_vs_GS2
2013-03-01,-0.5058193390703652,GOLD_COMEX_M_close_vs_GS2
2013-04-01,-0.37888211219582907,GOLD_COMEX_M_close_vs_GS2
2013-05-01,-0.1662936571358736,GOLD_COMEX_M_close_vs_GS2
2013-06-01,-0.18850559423764404,GOLD_COMEX_M_close_vs_GS2
2013-07-01,-0.4133876610956501,GOLD_COMEX_M_close_vs_GS2
2013-08-01,-0.4480807667198333,GOLD_COMEX_M_close_vs_GS2
2013-09-01,-0.570395698938866,GOLD_COMEX_M_close_vs_GS2
2013-10-01,-0.6124278594831695,GOLD_COMEX_M_close_vs_GS2
2013-11-01,-0.5723626433833023,GOLD_COMEX_M_close_vs_GS2
2013-12-01,-0.6076924335679837,GOLD_COMEX_M_close_vs_GS2
2014-01-01,-0.6336228340546226,GOLD_COMEX_M_close_vs_GS2
2014-02-01,-0.6415024531460901,GOLD_COMEX_M_close_vs_GS2
2014-03-01,-0.716203335676775,GOLD_COMEX_M_close_vs_GS2
2014-04-01,-0.7223911747249518,GOLD_COMEX_M_close_vs_GS2
2014-05-01,-0.7381689392785847,GOLD_COMEX_M_close_vs_GS2
2014-06-01,-0.7155862814068698,GOLD_COMEX_M_close_vs_GS2
2014-07-01,-0.6767436790070409,GOLD_COMEX_M_close_vs_GS2
2014-08-01,-0.6651778438544793,GOLD_COMEX_M_close_vs_GS2
2014-09-01,-0.6536160723593246,GOLD_COMEX_M_close_vs_GS2
2014-10-01,-0.6682663634784891,GOLD_COMEX_M_close_vs_GS2
2014-11-01,-0.682291681431187,GOLD_COMEX_M_close_vs_GS2
2014-12-01,-0.6680622470773676,GOLD_COMEX_M_close_vs_GS2
2015-01-01,-0.6472525518078318,GOLD_COMEX_M_close_vs_GS2
2015-02-01,-0.6331979389443687,GOLD_COMEX_M_close_vs_GS2
2015-03-01,-0.6496890817992971,GOLD_COMEX_M_close_vs_GS2
2015-04-01,-0.6007549454484651,GOLD_COMEX_M_close_vs_GS2
2015-05-01,-0.5608768213716182,GOLD_COMEX_M_close_vs_GS2
2015-06-01,-0.6437374670904107,GOLD_COMEX_M_close_vs_GS2
2015-07-01,-0.6766052256666677,GOLD_COMEX_M_close_vs_GS2
2015-08-01,-0.7029256506148407,GOLD_COMEX_M_close_vs_GS2
2015-09-01,-0.7287898635063165,GOLD_COMEX_M_close_vs_GS2
2015-10-01,-0.7158785278492429,GOLD_COMEX_M_close_vs_GS2
2015-11-01,-0.7854739293144379,GOLD_COMEX_M_close_vs_GS2
2015-12-01,-0.8568634402290589,GOLD_COMEX_M_close_vs_GS2
2016-01-01,-0.8595497677426327,GOLD_COMEX_M_close_vs_GS2
2016-02-01,-0.8057641273935409,GOLD_COMEX_M_close_vs_GS2
2016-03-01,-0.6974479826757175,GOLD_COMEX_M_close_vs_GS2
2016-04-01,-0.5810710935101987,GOLD_COMEX_M_close_vs_GS2
2016-05-01,-0.5345782096202778,GOLD_COMEX_M_close_vs_GS2
2016-06-01,-0.40297917410073114,GOLD_COMEX_M_close_vs_GS2
2016-07-01,-0.3311540825347485,GOLD_COMEX_M_close_vs_GS2
2016-08-01,-0.23053093552836781,GOLD_COMEX_M_close_vs_GS2
2016-09-01,-0.17932674275348168,GOLD_COMEX_M_close_vs_GS2
2016-10-01,-0.18131552806254808,GOLD_COMEX_M_close_vs_GS2
2016-11-01,-0.2298438865490039,GOLD_COMEX_M_close_vs_GS2
2016-12-01,-0.2675428083391388,GOLD_COMEX_M_close_vs_GS2
2017-01-01,-0.17369856171702772,GOLD_COMEX_M_close_vs_GS2
2017-02-01,-0.08837938855675495,GOLD_COMEX_M_close_vs_GS2
2017-03-01,-0.028835293077393593,GOLD_COMEX_M_close_vs_GS2
2017-04-01,0.015483357320740023,GOLD_COMEX_M_close_vs_GS2
2017-05-01,0.06656356613427711,GOLD_COMEX_M_close_vs_GS2
2017-06-01,0.07366982802867669,GOLD_COMEX_M_close_vs_GS2
2017-07-01,0.051679930487870195,GOLD_COMEX_M_close_vs_GS2
2017-08-01,0.0731940160052067,GOLD_COMEX_M_close_vs_GS2
2017-09-01,0.04755926835527735,GOLD_COMEX_M_close_vs_GS2
2017-10-01,0.004752622998026326,GOLD_COMEX_M_close_vs_GS2
2017-11-01,-0.023207207578535238,GOLD_COMEX_M_close_vs_GS2
2017-12-01,0.016164706905218866,GOLD_COMEX_M_close_vs_GS2
2018-01-01,0.09538316014237588,GOLD_COMEX_M_close_vs_GS2
2018-02-01,0.150119252348337,GOLD_COMEX_M_close_vs_GS2
2018-03-01,0.20643723222544033,GOLD_COMEX_M_close_vs_GS2
2018-04-01,0.2794802889825716,GOLD_COMEX_M_close_vs_GS2
2018-05-01,0.2536848313995206,GOLD_COMEX_M_close_vs_GS2
2018-06-01,0.25042789398389753,GOLD_COMEX_M_close_vs_GS2
2018-07-01,0.27339710463912326,GOLD_COMEX_M_close_vs_GS2
2018-08-01,0.20864632035002825,GOLD_COMEX_M_close_vs_GS2
2018-09-01,0.1568189963685311,GOLD_COMEX_M_close_vs_GS2
2018-10-01,0.09693454018857246,GOLD_COMEX_M_close_vs_GS2
2018-11-01,-0.06894183941616976,GOLD_COMEX_M_close_vs_GS2
2018-12-01,-0.19682936674066426,GOLD_COMEX_M_close_vs_GS2
2019-01-01,-0.23241854017751423,GOLD_COMEX_M_close_vs_GS2
2019-02-01,-0.23023794226900407,GOLD_COMEX_M_close_vs_GS2
2019-03-01,-0.26490022162935967,GOLD_COMEX_M_close_vs_GS2
2019-04-01,-0.2915324165392424,GOLD_COMEX_M_close_vs_GS2
2019-05-01,-0.311826182711903,GOLD_COMEX_M_close_vs_GS2
2019-06-01,-0.43742013133214813,GOLD_COMEX_M_close_vs_GS2
2019-07-01,-0.5209194129808239,GOLD_COMEX_M_close_vs_GS2
2019-08-01,-0.5979635613341006,GOLD_COMEX_M_close_vs_GS2
2019-09-01,-0.7205776835017457,GOLD_COMEX_M_close_vs_GS2
2019-10-01,-0.8435653258786368,GOLD_COMEX_M_close_vs_GS2
2019-11-01,-0.9241068232646551,GOLD_COMEX_M_close_vs_GS2
2019-12-01,-0.9573908322401404,GOLD_COMEX_M_close_vs_GS2
2020-01-01,-0.9598624605969494,GOLD_COMEX_M_close_vs_GS2
2020-02-01,-0.967555447963129,GOLD_COMEX_M_close_vs_GS2
2020-03-01,-0.9414084984734259,GOLD_COMEX_M_close_vs_GS2
2020-04-01,-0.9496229446960593,GOLD_COMEX_M_close_vs_GS2
2020-05-01,-0.9593843943059436,GOLD_COMEX_M_close_vs_GS2
2020-06-01,-0.9650603938813993,GOLD_COMEX_M_close_vs_GS2
2020-07-01,-0.9548751497711159,GOLD_COMEX_M_close_vs_GS2
2020-08-01,-0.9511676927609743,GOLD_COMEX_M_close_vs_GS2
2020-09-01,-0.9522537651909552,GOLD_COMEX_M_close_vs_GS2
2020-10-01,-0.952016078357637,GOLD_COMEX_M_close_vs_GS2
2020-11-01,-0.9486461968603236,GOLD_COMEX_M_close_vs_GS2
2020-12-01,-0.9478986867447561,GOLD_COMEX_M_close_vs_GS2
2021-01-01,-0.9482617156571516,GOLD_COMEX_M_close_vs_GS2
2021-02-01,-0.9391643723741425,GOLD_COMEX_M_close_vs_GS2
2021-03-01,-0.9252972548746727,GOLD_COMEX_M_close_vs_GS2
2021-04-01,-0.9126808955094331,GOLD_COMEX_M_close_vs_GS2
2021-05-01,-0.8971917944828347,GOLD_COMEX_M_close_vs_GS2
2021-06-01,-0.884528649193876,GOLD_COMEX_M_close_vs_GS2
2021-07-01,-0.8693795645740061,GOLD_COMEX_M_close_vs_GS2
2021-08-01,-0.8601195308264992,GOLD_COMEX_M_close_vs_GS2
2021-09-01,-0.8347042163050689,GOLD_COMEX_M_close_vs_GS2
2021-10-01,-0.809219988347654,GOLD_COMEX_M_close_vs_GS2
2021-11-01,-0.7515854754878701,GOLD_COMEX_M_close_vs_GS2
2021-12-01,-0.64235857448546,GOLD_COMEX_M_close_vs_GS2
2022-01-01,-0.4865866526711948,GOLD_COMEX_M_close_vs_GS2
2022-02-01,0.029420688416854315,GOLD_COMEX_M_close_vs_GS2
2022-03-01,0.3055485597167879,GOLD_COMEX_M_close_vs_GS2
2022-04-01,0.3627510328292437,GOLD_COMEX_M_close_vs_GS2
2022-05-01,0.2997479796421666,GOLD_COMEX_M_close_vs_GS2
2022-06-01,0.19289131678960791,GOLD_COMEX_M_close_vs_GS2
2022-07-01,0.13281885375018662,GOLD_COMEX_M_close_vs_GS2
2022-08-01,0.036759924244061784,GOLD_COMEX_M_close_vs_GS2
2022-09-01,-0.14254432325820474,GOLD_COMEX_M_close_vs_GS2
2022-10-01,-0.29682844628281013,GOLD_COMEX_M_close_vs_GS2
2022-11-01,-0.3370751974520241,GOLD_COMEX_M_close_vs_GS2
2022-12-01,-0.25830518692533055,GOLD_COMEX_M_close_vs_GS2
2023-01-01,-0.10089367483891838,GOLD_COMEX_M_close_vs_GS2
2023-02-01,-0.11366253288208229,GOLD_COMEX_M_close_vs_GS2
2023-03-01,-0.05016854684414894,GOLD_COMEX_M_close_vs_GS2
2023-04-01,0.011812521269916075,GOLD_COMEX_M_close_vs_GS2
2023-05-01,0.12803339302829614,GOLD_COMEX_M_close_vs_GS2
2023-06-01,0.14503283515074364,GOLD_COMEX_M_close_vs_GS2
2023-07-01,0.2035439543783386,GOLD_COMEX_M_close_vs_GS2
2023-08-01,0.24039011256064674,GOLD_COMEX_M_close_vs_GS2
2023-09-01,0.18521035257342017,GOLD_COMEX_M_close_vs_GS2
2023-10-01,0.20164325005837605,GOLD_COMEX_M_close_vs_GS2
2023-11-01,0.20370346852542534,GOLD_COMEX_M_close_vs_GS2
2023-12-01,0.22214677297699137,GOLD_COMEX_M_close_vs_GS2
2024-01-01,0.18953540435074517,GOLD_COMEX_M_close_vs_GS2
2024-02-01,0.26029793639521465,GOLD_COMEX_M_close_vs_GS2
2024-03-01,0.381370679807871,GOLD_COMEX_M_close_vs_GS2
2024-04-01,0.4686513841017928,GOLD_COMEX_M_close_vs_GS2
2024-05-01,0.5143168995871288,GOLD_COMEX_M_close_vs_GS2
2024-06-01,0.5142976477870803,GOLD_COMEX_M_close_vs_GS2
2024-07-01,0.44192265419617305,GOLD_COMEX_M_close_vs_GS2
2024-08-01,0.14830905872912648,GOLD_COMEX_M_close_vs_GS2
2024-09-01,-0.2521914340922912,GOLD_COMEX_M_close_vs_GS2
2024-10-01,-0.3973940242086342,GOLD_COMEX_M_close_vs_GS2
2024-11-01,-0.42567426263141966,GOLD_COMEX_M_close_vs_GS2
2024-12-01,-0.48468327483862045,GOLD_COMEX_M_close_vs_GS2
2025-01-01,-0.525642139310396,GOLD_COMEX_M_close_vs_GS2
2025-02-01,-0.5463361424063744,GOLD_COMEX_M_close_vs_GS2
2025-03-01,-0.6135721855777442,GOLD_COMEX_M_close_vs_GS2
2025-04-01,-0.7316309074332318,GOLD_COMEX_M_close_vs_GS2
2025-05-01,-0.804096252530409,GOLD_COMEX_M_close_vs_GS2
2025-06-01,-0.81831209903938,GOLD_COMEX_M_close_vs_GS2
2025-07-01,-0.8198589688300257,GOLD_COMEX_M_close_vs_GS2
2025-08-01,-0.825380973323365,GOLD_COMEX_M_close_vs_GS2
2025-09-01,-0.8262660016823284,GOLD_COMEX_M_close_vs_GS2
2025-10-01,-0.834449687410251,GOLD_COMEX_M_close_vs_GS2
2025-11-01,-0.8320652620109329,GOLD_COMEX_M_close_vs_GS2
2025-12-01,-0.8407816516122818,GOLD_COMEX_M_close_vs_GS2
2026-01-01,-0.8411325819272335,GOLD_COMEX_M_close_vs_GS2
2026-02-01,-0.8197730179783879,GOLD_COMEX_M_close_vs_GS2
2026-03-01,-0.8191209632955903,GOLD_COMEX_M_close_vs_GS2
2000-08-01,,GOLD_COMEX_M_close_vs_VIXCLS
2000-09-01,,GOLD_COMEX_M_close_vs_VIXCLS
2000-10-01,,GOLD_COMEX_M_close_vs_VIXCLS
2000-11-01,,GOLD_COMEX_M_close_vs_VIXCLS
2000-12-01,,GOLD_COMEX_M_close_vs_VIXCLS
2001-01-01,,GOLD_COMEX_M_close_vs_VIXCLS
2001-02-01,,GOLD_COMEX_M_close_vs_VIXCLS
2001-03-01,,GOLD_COMEX_M_close_vs_VIXCLS
2001-04-01,,GOLD_COMEX_M_close_vs_VIXCLS
2001-05-01,,GOLD_COMEX_M_close_vs_VIXCLS
2001-06-01,,GOLD_COMEX_M_close_vs_VIXCLS
2001-07-01,,GOLD_COMEX_M_close_vs_VIXCLS
2001-08-01,,GOLD_COMEX_M_close_vs_VIXCLS
2001-09-01,,GOLD_COMEX_M_close_vs_VIXCLS
2001-10-01,,GOLD_COMEX_M_close_vs_VIXCLS
2001-11-01,,GOLD_COMEX_M_close_vs_VIXCLS
2001-12-01,,GOLD_COMEX_M_close_vs_VIXCLS
2002-01-01,,GOLD_COMEX_M_close_vs_VIXCLS
2002-02-01,,GOLD_COMEX_M_close_vs_VIXCLS
2002-03-01,,GOLD_COMEX_M_close_vs_VIXCLS
2002-04-01,,GOLD_COMEX_M_close_vs_VIXCLS
2002-05-01,,GOLD_COMEX_M_close_vs_VIXCLS
2002-06-01,,GOLD_COMEX_M_close_vs_VIXCLS
2002-07-01,-0.11590015962268625,GOLD_COMEX_M_close_vs_VIXCLS
2002-08-01,-0.002611296430784439,GOLD_COMEX_M_close_vs_VIXCLS
2002-09-01,0.2018092331379286,GOLD_COMEX_M_close_vs_VIXCLS
2002-10-01,0.2375926043916045,GOLD_COMEX_M_close_vs_VIXCLS
2002-11-01,0.27294130430049934,GOLD_COMEX_M_close_vs_VIXCLS
2002-12-01,0.2951544638929634,GOLD_COMEX_M_close_vs_VIXCLS
2003-01-01,0.322955052189967,GOLD_COMEX_M_close_vs_VIXCLS
2003-02-01,0.36700848239662004,GOLD_COMEX_M_close_vs_VIXCLS
2003-03-01,0.4224819871530217,GOLD_COMEX_M_close_vs_VIXCLS
2003-04-01,0.36196429792447826,GOLD_COMEX_M_close_vs_VIXCLS
2003-05-01,0.2076212203703467,GOLD_COMEX_M_close_vs_VIXCLS
2003-06-01,0.07768074534967222,GOLD_COMEX_M_close_vs_VIXCLS
2003-07-01,-0.04565394680271721,GOLD_COMEX_M_close_vs_VIXCLS
2003-08-01,-0.15491577595619252,GOLD_COMEX_M_close_vs_VIXCLS
2003-09-01,-0.14531718184252237,GOLD_COMEX_M_close_vs_VIXCLS
2003-10-01,-0.16628617133655468,GOLD_COMEX_M_close_vs_VIXCLS
2003-11-01,-0.2799175210166915,GOLD_COMEX_M_close_vs_VIXCLS
2003-12-01,-0.35988916122717945,GOLD_COMEX_M_close_vs_VIXCLS
2004-01-01,-0.4734596897532996,GOLD_COMEX_M_close_vs_VIXCLS
2004-02-01,-0.5625763837980973,GOLD_COMEX_M_close_vs_VIXCLS
2004-03-01,-0.6772732862592891,GOLD_COMEX_M_close_vs_VIXCLS
2004-04-01,-0.7286155549739225,GOLD_COMEX_M_close_vs_VIXCLS
2004-05-01,-0.7772286131524805,GOLD_COMEX_M_close_vs_VIXCLS
2004-06-01,-0.7993910463595724,GOLD_COMEX_M_close_vs_VIXCLS
2004-07-01,-0.7875801150353631,GOLD_COMEX_M_close_vs_VIXCLS
2004-08-01,-0.7714452298181047,GOLD_COMEX_M_close_vs_VIXCLS
2004-09-01,-0.7722974517612128,GOLD_COMEX_M_close_vs_VIXCLS
2004-10-01,-0.7276973424245865,GOLD_COMEX_M_close_vs_VIXCLS
2004-11-01,-0.7079921875482487,GOLD_COMEX_M_close_vs_VIXCLS
2004-12-01,-0.6992536808133987,GOLD_COMEX_M_close_vs_VIXCLS
2005-01-01,-0.7543329101787365,GOLD_COMEX_M_close_vs_VIXCLS
2005-02-01,-0.773782744047111,GOLD_COMEX_M_close_vs_VIXCLS
2005-03-01,-0.758095951772693,GOLD_COMEX_M_close_vs_VIXCLS
2005-04-01,-0.7065843275664231,GOLD_COMEX_M_close_vs_VIXCLS
2005-05-01,-0.680525828889421,GOLD_COMEX_M_close_vs_VIXCLS
2005-06-01,-0.6625401072159196,GOLD_COMEX_M_close_vs_VIXCLS
2005-07-01,-0.6233587103381668,GOLD_COMEX_M_close_vs_VIXCLS
2005-08-01,-0.5975555236814486,GOLD_COMEX_M_close_vs_VIXCLS
2005-09-01,-0.6014197005022505,GOLD_COMEX_M_close_vs_VIXCLS
2005-10-01,-0.49129906239050103,GOLD_COMEX_M_close_vs_VIXCLS
2005-11-01,-0.5138178932061054,GOLD_COMEX_M_close_vs_VIXCLS
2005-12-01,-0.5639177912257121,GOLD_COMEX_M_close_vs_VIXCLS
2006-01-01,-0.4799542321225522,GOLD_COMEX_M_close_vs_VIXCLS
2006-02-01,-0.4937154624993615,GOLD_COMEX_M_close_vs_VIXCLS
2006-03-01,-0.5605300908821292,GOLD_COMEX_M_close_vs_VIXCLS
2006-04-01,-0.5546616942046725,GOLD_COMEX_M_close_vs_VIXCLS
2006-05-01,-0.21665761744485235,GOLD_COMEX_M_close_vs_VIXCLS
2006-06-01,-0.19248127341185134,GOLD_COMEX_M_close_vs_VIXCLS
2006-07-01,-0.03647896279097893,GOLD_COMEX_M_close_vs_VIXCLS
2006-08-01,-0.018079571442718333,GOLD_COMEX_M_close_vs_VIXCLS
2006-09-01,-0.050032175877846814,GOLD_COMEX_M_close_vs_VIXCLS
2006-10-01,-0.020165724160110192,GOLD_COMEX_M_close_vs_VIXCLS
2006-11-01,-0.09437715534991255,GOLD_COMEX_M_close_vs_VIXCLS
2006-12-01,-0.12037557319250193,GOLD_COMEX_M_close_vs_VIXCLS
2007-01-01,-0.19243981556091533,GOLD_COMEX_M_close_vs_VIXCLS
2007-02-01,-0.10112801502457097,GOLD_COMEX_M_close_vs_VIXCLS
2007-03-01,0.0031345067534777208,GOLD_COMEX_M_close_vs_VIXCLS
2007-04-01,0.1552374943048691,GOLD_COMEX_M_close_vs_VIXCLS
2007-05-01,0.1999319855623805,GOLD_COMEX_M_close_vs_VIXCLS
2007-06-01,0.22499226604019418,GOLD_COMEX_M_close_vs_VIXCLS
2007-07-01,0.25977109463364134,GOLD_COMEX_M_close_vs_VIXCLS
2007-08-01,0.3298544919430558,GOLD_COMEX_M_close_vs_VIXCLS
2007-09-01,0.3724304963170145,GOLD_COMEX_M_close_vs_VIXCLS
2007-10-01,0.5306415102790427,GOLD_COMEX_M_close_vs_VIXCLS
2007-11-01,0.6290129988577515,GOLD_COMEX_M_close_vs_VIXCLS
2007-12-01,0.6978213892507389,GOLD_COMEX_M_close_vs_VIXCLS
2008-01-01,0.775182735924961,GOLD_COMEX_M_close_vs_VIXCLS
2008-02-01,0.8138937849536663,GOLD_COMEX_M_close_vs_VIXCLS
2008-03-01,0.8305905176623798,GOLD_COMEX_M_close_vs_VIXCLS
2008-04-01,0.8290437375243586,GOLD_COMEX_M_close_vs_VIXCLS
2008-05-01,0.8004606326823942,GOLD_COMEX_M_close_vs_VIXCLS
2008-06-01,0.8068934896928143,GOLD_COMEX_M_close_vs_VIXCLS
2008-07-01,0.8114606851118953,GOLD_COMEX_M_close_vs_VIXCLS
2008-08-01,0.8036154455654102,GOLD_COMEX_M_close_vs_VIXCLS
2008-09-01,0.7203080971157516,GOLD_COMEX_M_close_vs_VIXCLS
2008-10-01,0.3458607093406809,GOLD_COMEX_M_close_vs_VIXCLS
2008-11-01,0.2939750693087107,GOLD_COMEX_M_close_vs_VIXCLS
2008-12-01,0.2861234634285242,GOLD_COMEX_M_close_vs_VIXCLS
2009-01-01,0.29384457592682356,GOLD_COMEX_M_close_vs_VIXCLS
2009-02-01,0.3169931294554214,GOLD_COMEX_M_close_vs_VIXCLS
2009-03-01,0.3088727600636731,GOLD_COMEX_M_close_vs_VIXCLS
2009-04-01,0.26912789416938027,GOLD_COMEX_M_close_vs_VIXCLS
2009-05-01,0.17538623665854924,GOLD_COMEX_M_close_vs_VIXCLS
2009-06-01,0.06873312002331497,GOLD_COMEX_M_close_vs_VIXCLS
2009-07-01,-0.005508080413441574,GOLD_COMEX_M_close_vs_VIXCLS
2009-08-01,-0.10079151659932906,GOLD_COMEX_M_close_vs_VIXCLS
2009-09-01,-0.2404605703875274,GOLD_COMEX_M_close_vs_VIXCLS
2009-10-01,-0.3150334513462362,GOLD_COMEX_M_close_vs_VIXCLS
2009-11-01,-0.39548589699803427,GOLD_COMEX_M_close_vs_VIXCLS
2009-12-01,-0.4774423111308213,GOLD_COMEX_M_close_vs_VIXCLS
2010-01-01,-0.49441858100535446,GOLD_COMEX_M_close_vs_VIXCLS
2010-02-01,-0.5246309143458272,GOLD_COMEX_M_close_vs_VIXCLS
2010-03-01,-0.5674199899167115,GOLD_COMEX_M_close_vs_VIXCLS
2010-04-01,-0.6244270482682945,GOLD_COMEX_M_close_vs_VIXCLS
2010-05-01,-0.6252414249177137,GOLD_COMEX_M_close_vs_VIXCLS
2010-06-01,-0.5757484024486831,GOLD_COMEX_M_close_vs_VIXCLS
2010-07-01,-0.6225091462320065,GOLD_COMEX_M_close_vs_VIXCLS
2010-08-01,-0.7125626529546044,GOLD_COMEX_M_close_vs_VIXCLS
2010-09-01,-0.7037947796920835,GOLD_COMEX_M_close_vs_VIXCLS
2010-10-01,-0.6286105995571472,GOLD_COMEX_M_close_vs_VIXCLS
2010-11-01,-0.5567780329982955,GOLD_COMEX_M_close_vs_VIXCLS
2010-12-01,-0.5624131496548758,GOLD_COMEX_M_close_vs_VIXCLS
2011-01-01,-0.5483116260274797,GOLD_COMEX_M_close_vs_VIXCLS
2011-02-01,-0.5487336518469896,GOLD_COMEX_M_close_vs_VIXCLS
2011-03-01,-0.5393263137676712,GOLD_COMEX_M_close_vs_VIXCLS
2011-04-01,-0.5411058682464485,GOLD_COMEX_M_close_vs_VIXCLS
2011-05-01,-0.5683810528830704,GOLD_COMEX_M_close_vs_VIXCLS
2011-06-01,-0.5921761708922219,GOLD_COMEX_M_close_vs_VIXCLS
2011-07-01,-0.4871482851171856,GOLD_COMEX_M_close_vs_VIXCLS
2011-08-01,-0.18791246729693775,GOLD_COMEX_M_close_vs_VIXCLS
2011-09-01,0.05772729094523409,GOLD_COMEX_M_close_vs_VIXCLS
2011-10-01,0.1985978659674279,GOLD_COMEX_M_close_vs_VIXCLS
2011-11-01,0.23847754979049512,GOLD_COMEX_M_close_vs_VIXCLS
2011-12-01,0.22627997971038727,GOLD_COMEX_M_close_vs_VIXCLS
2012-01-01,0.19618766845467636,GOLD_COMEX_M_close_vs_VIXCLS
2012-02-01,0.11886244779100276,GOLD_COMEX_M_close_vs_VIXCLS
2012-03-01,0.008209797857426461,GOLD_COMEX_M_close_vs_VIXCLS
2012-04-01,-0.03762014076489316,GOLD_COMEX_M_close_vs_VIXCLS
2012-05-01,0.05484149774750333,GOLD_COMEX_M_close_vs_VIXCLS
2012-06-01,0.17452353461486386,GOLD_COMEX_M_close_vs_VIXCLS
2012-07-01,0.205214699667106,GOLD_COMEX_M_close_vs_VIXCLS
2012-08-01,0.2579017936486885,GOLD_COMEX_M_close_vs_VIXCLS
2012-09-01,0.24090481050131674,GOLD_COMEX_M_close_vs_VIXCLS
2012-10-01,0.2361479998594195,GOLD_COMEX_M_close_vs_VIXCLS
2012-11-01,0.24839804761971362,GOLD_COMEX_M_close_vs_VIXCLS
2012-12-01,0.22052834152662118,GOLD_COMEX_M_close_vs_VIXCLS
2013-01-01,0.21894865739840394,GOLD_COMEX_M_close_vs_VIXCLS
2013-02-01,0.230278813686633,GOLD_COMEX_M_close_vs_VIXCLS
2013-03-01,0.24274334408244475,GOLD_COMEX_M_close_vs_VIXCLS
2013-04-01,0.2727307810310286,GOLD_COMEX_M_close_vs_VIXCLS
2013-05-01,0.2697332243878096,GOLD_COMEX_M_close_vs_VIXCLS
2013-06-01,0.2525494761914449,GOLD_COMEX_M_close_vs_VIXCLS
2013-07-01,0.3103652651159198,GOLD_COMEX_M_close_vs_VIXCLS
2013-08-01,0.23484450264931292,GOLD_COMEX_M_close_vs_VIXCLS
2013-09-01,0.3322391774959642,GOLD_COMEX_M_close_vs_VIXCLS
2013-10-01,0.3290927602465005,GOLD_COMEX_M_close_vs_VIXCLS
2013-11-01,0.30680899688977314,GOLD_COMEX_M_close_vs_VIXCLS
2013-12-01,0.3946573704674658,GOLD_COMEX_M_close_vs_VIXCLS
2014-01-01,0.2781759135901808,GOLD_COMEX_M_close_vs_VIXCLS
2014-02-01,0.2770974373885354,GOLD_COMEX_M_close_vs_VIXCLS
2014-03-01,0.3241357361642685,GOLD_COMEX_M_close_vs_VIXCLS
2014-04-01,0.34205022039584304,GOLD_COMEX_M_close_vs_VIXCLS
2014-05-01,0.41828869664571433,GOLD_COMEX_M_close_vs_VIXCLS
2014-06-01,0.4198496767356133,GOLD_COMEX_M_close_vs_VIXCLS
2014-07-01,0.3415132561188727,GOLD_COMEX_M_close_vs_VIXCLS
2014-08-01,0.3200361396899233,GOLD_COMEX_M_close_vs_VIXCLS
2014-09-01,0.2728019831642516,GOLD_COMEX_M_close_vs_VIXCLS
2014-10-01,0.15796918506286284,GOLD_COMEX_M_close_vs_VIXCLS
2014-11-01,0.14401287485180764,GOLD_COMEX_M_close_vs_VIXCLS
2014-12-01,-0.13218625590217645,GOLD_COMEX_M_close_vs_VIXCLS
2015-01-01,-0.14074666123810564,GOLD_COMEX_M_close_vs_VIXCLS
2015-02-01,-0.1667280911663517,GOLD_COMEX_M_close_vs_VIXCLS
2015-03-01,-0.06671054548505122,GOLD_COMEX_M_close_vs_VIXCLS
2015-04-01,0.012846638257772902,GOLD_COMEX_M_close_vs_VIXCLS
2015-05-01,-0.016821334469119004,GOLD_COMEX_M_close_vs_VIXCLS
2015-06-01,-0.07438699553832855,GOLD_COMEX_M_close_vs_VIXCLS
2015-07-01,0.06236450290707177,GOLD_COMEX_M_close_vs_VIXCLS
2015-08-01,-0.2580625525839062,GOLD_COMEX_M_close_vs_VIXCLS
2015-09-01,-0.40230475228940304,GOLD_COMEX_M_close_vs_VIXCLS
2015-10-01,-0.37230544173038177,GOLD_COMEX_M_close_vs_VIXCLS
2015-11-01,-0.3357210657114836,GOLD_COMEX_M_close_vs_VIXCLS
2015-12-01,-0.35440333918290234,GOLD_COMEX_M_close_vs_VIXCLS
2016-01-01,-0.4004694983189792,GOLD_COMEX_M_close_vs_VIXCLS
2016-02-01,-0.35355490990808514,GOLD_COMEX_M_close_vs_VIXCLS
2016-03-01,-0.34532355115890445,GOLD_COMEX_M_close_vs_VIXCLS
2016-04-01,-0.31579909167684883,GOLD_COMEX_M_close_vs_VIXCLS
2016-05-01,-0.29379535183944333,GOLD_COMEX_M_close_vs_VIXCLS
2016-06-01,-0.2214310248900918,GOLD_COMEX_M_close_vs_VIXCLS
2016-07-01,-0.31050265059131105,GOLD_COMEX_M_close_vs_VIXCLS
2016-08-01,-0.3006729403141341,GOLD_COMEX_M_close_vs_VIXCLS
2016-09-01,-0.33297926775156095,GOLD_COMEX_M_close_vs_VIXCLS
2016-10-01,-0.33556229337067683,GOLD_COMEX_M_close_vs_VIXCLS
2016-11-01,-0.33340241250349817,GOLD_COMEX_M_close_vs_VIXCLS
2016-12-01,-0.3094363699338147,GOLD_COMEX_M_close_vs_VIXCLS
2017-01-01,-0.3741090436497333,GOLD_COMEX_M_close_vs_VIXCLS
2017-02-01,-0.3866806448449192,GOLD_COMEX_M_close_vs_VIXCLS
2017-03-01,-0.4013319754340725,GOLD_COMEX_M_close_vs_VIXCLS
2017-04-01,-0.4275427731038547,GOLD_COMEX_M_close_vs_VIXCLS
2017-05-01,-0.45484454625797344,GOLD_COMEX_M_close_vs_VIXCLS
2017-06-01,-0.4532575003355036,GOLD_COMEX_M_close_vs_VIXCLS
2017-07-01,-0.5386594645943663,GOLD_COMEX_M_close_vs_VIXCLS
2017-08-01,-0.548884483453655,GOLD_COMEX_M_close_vs_VIXCLS
2017-09-01,-0.5028959515795761,GOLD_COMEX_M_close_vs_VIXCLS
2017-10-01,-0.5023008904383115,GOLD_COMEX_M_close_vs_VIXCLS
2017-11-01,-0.49201234345519623,GOLD_COMEX_M_close_vs_VIXCLS
2017-12-01,-0.4088231433342067,GOLD_COMEX_M_close_vs_VIXCLS
2018-01-01,-0.1582163691100644,GOLD_COMEX_M_close_vs_VIXCLS
2018-02-01,0.04930959512005764,GOLD_COMEX_M_close_vs_VIXCLS
2018-03-01,0.16223942201375,GOLD_COMEX_M_close_vs_VIXCLS
2018-04-01,0.18341964183406936,GOLD_COMEX_M_close_vs_VIXCLS
2018-05-01,0.22283274793860103,GOLD_COMEX_M_close_vs_VIXCLS
2018-06-01,0.16976245418533306,GOLD_COMEX_M_close_vs_VIXCLS
2018-07-01,0.21405223035353846,GOLD_COMEX_M_close_vs_VIXCLS
2018-08-01,0.21277380228892548,GOLD_COMEX_M_close_vs_VIXCLS
2018-09-01,0.22819041753851543,GOLD_COMEX_M_close_vs_VIXCLS
2018-10-01,0.08925894467996594,GOLD_COMEX_M_close_vs_VIXCLS
2018-11-01,0.04020206324190863,GOLD_COMEX_M_close_vs_VIXCLS
2018-12-01,0.0902637141751576,GOLD_COMEX_M_close_vs_VIXCLS
2019-01-01,0.09214267479685774,GOLD_COMEX_M_close_vs_VIXCLS
2019-02-01,0.09042467671715083,GOLD_COMEX_M_close_vs_VIXCLS
2019-03-01,0.0758600822336619,GOLD_COMEX_M_close_vs_VIXCLS
2019-04-01,0.06668970302011466,GOLD_COMEX_M_close_vs_VIXCLS
2019-05-01,0.0927809512594327,GOLD_COMEX_M_close_vs_VIXCLS
2019-06-01,0.05624563061260348,GOLD_COMEX_M_close_vs_VIXCLS
2019-07-01,0.060347063299705545,GOLD_COMEX_M_close_vs_VIXCLS
2019-08-01,0.1877270456248208,GOLD_COMEX_M_close_vs_VIXCLS
2019-09-01,0.17599420273464303,GOLD_COMEX_M_close_vs_VIXCLS
2019-10-01,0.05729706600169243,GOLD_COMEX_M_close_vs_VIXCLS
2019-11-01,-0.03831216892486657,GOLD_COMEX_M_close_vs_VIXCLS
2019-12-01,-0.10644946008228565,GOLD_COMEX_M_close_vs_VIXCLS
2020-01-01,-0.021295477288734772,GOLD_COMEX_M_close_vs_VIXCLS
2020-02-01,0.2987785659208383,GOLD_COMEX_M_close_vs_VIXCLS
2020-03-01,0.45510507733482325,GOLD_COMEX_M_close_vs_VIXCLS
2020-04-01,0.5254332078138985,GOLD_COMEX_M_close_vs_VIXCLS
2020-05-01,0.5329892845913731,GOLD_COMEX_M_close_vs_VIXCLS
2020-06-01,0.5562493612477029,GOLD_COMEX_M_close_vs_VIXCLS
2020-07-01,0.4961708330995394,GOLD_COMEX_M_close_vs_VIXCLS
2020-08-01,0.4672187722061289,GOLD_COMEX_M_close_vs_VIXCLS
2020-09-01,0.4405999855653788,GOLD_COMEX_M_close_vs_VIXCLS
2020-10-01,0.5070257563396902,GOLD_COMEX_M_close_vs_VIXCLS
2020-11-01,0.48308172208860556,GOLD_COMEX_M_close_vs_VIXCLS
2020-12-01,0.49548632955845046,GOLD_COMEX_M_close_vs_VIXCLS
2021-01-01,0.5053909705552863,GOLD_COMEX_M_close_vs_VIXCLS
2021-02-01,0.4865754376867522,GOLD_COMEX_M_close_vs_VIXCLS
2021-03-01,0.44105808091574805,GOLD_COMEX_M_close_vs_VIXCLS
2021-04-01,0.37236651060959536,GOLD_COMEX_M_close_vs_VIXCLS
2021-05-01,0.29907314606213564,GOLD_COMEX_M_close_vs_VIXCLS
2021-06-01,0.23245452717545226,GOLD_COMEX_M_close_vs_VIXCLS
2021-07-01,0.16586432189418632,GOLD_COMEX_M_close_vs_VIXCLS
2021-08-01,0.11864585682473025,GOLD_COMEX_M_close_vs_VIXCLS
2021-09-01,0.0592448393807144,GOLD_COMEX_M_close_vs_VIXCLS
2021-10-01,-0.03618369254270125,GOLD_COMEX_M_close_vs_VIXCLS
2021-11-01,-0.1851800063255898,GOLD_COMEX_M_close_vs_VIXCLS
2021-12-01,-0.35909883643966595,GOLD_COMEX_M_close_vs_VIXCLS
2022-01-01,-0.46316691371565716,GOLD_COMEX_M_close_vs_VIXCLS
2022-02-01,-0.3266880507974648,GOLD_COMEX_M_close_vs_VIXCLS
2022-03-01,0.026998614729058623,GOLD_COMEX_M_close_vs_VIXCLS
2022-04-01,0.23228864370029118,GOLD_COMEX_M_close_vs_VIXCLS
2022-05-01,0.27638677033180786,GOLD_COMEX_M_close_vs_VIXCLS
2022-06-01,0.2927017225831258,GOLD_COMEX_M_close_vs_VIXCLS
2022-07-01,0.31594751377690633,GOLD_COMEX_M_close_vs_VIXCLS
2022-08-01,0.26357679777982257,GOLD_COMEX_M_close_vs_VIXCLS
2022-09-01,0.10676452338128614,GOLD_COMEX_M_close_vs_VIXCLS
2022-10-01,-0.03239006367910726,GOLD_COMEX_M_close_vs_VIXCLS
2022-11-01,-0.023858749263595932,GOLD_COMEX_M_close_vs_VIXCLS
2022-12-01,-0.02253053121216176,GOLD_COMEX_M_close_vs_VIXCLS
2023-01-01,-0.12756502523383678,GOLD_COMEX_M_close_vs_VIXCLS
2023-02-01,-0.09843340862401144,GOLD_COMEX_M_close_vs_VIXCLS
2023-03-01,-0.18244513444568186,GOLD_COMEX_M_close_vs_VIXCLS
2023-04-01,-0.2853898560589031,GOLD_COMEX_M_close_vs_VIXCLS
2023-05-01,-0.29390333486734443,GOLD_COMEX_M_close_vs_VIXCLS
2023-06-01,-0.3828596283828944,GOLD_COMEX_M_close_vs_VIXCLS
2023-07-01,-0.4499881775150158,GOLD_COMEX_M_close_vs_VIXCLS
2023-08-01,-0.5013862170399429,GOLD_COMEX_M_close_vs_VIXCLS
2023-09-01,-0.49731106217193277,GOLD_COMEX_M_close_vs_VIXCLS
2023-10-01,-0.5514312502442983,GOLD_COMEX_M_close_vs_VIXCLS
2023-11-01,-0.5834242999836068,GOLD_COMEX_M_close_vs_VIXCLS
2023-12-01,-0.6423238178211301,GOLD_COMEX_M_close_vs_VIXCLS
2024-01-01,-0.6561008948813416,GOLD_COMEX_M_close_vs_VIXCLS
2024-02-01,-0.7207931980224433,GOLD_COMEX_M_close_vs_VIXCLS
2024-03-01,-0.7298097862435357,GOLD_COMEX_M_close_vs_VIXCLS
2024-04-01,-0.7812271092563505,GOLD_COMEX_M_close_vs_VIXCLS
2024-05-01,-0.7831052753349887,GOLD_COMEX_M_close_vs_VIXCLS
2024-06-01,-0.8000658345401142,GOLD_COMEX_M_close_vs_VIXCLS
2024-07-01,-0.7320073705595249,GOLD_COMEX_M_close_vs_VIXCLS
2024-08-01,-0.669032952926351,GOLD_COMEX_M_close_vs_VIXCLS
2024-09-01,-0.5381018586253267,GOLD_COMEX_M_close_vs_VIXCLS
2024-10-01,-0.0955119318271647,GOLD_COMEX_M_close_vs_VIXCLS
2024-11-01,-0.07745206111817571,GOLD_COMEX_M_close_vs_VIXCLS
2024-12-01,0.06120680488347307,GOLD_COMEX_M_close_vs_VIXCLS
2025-01-01,0.13199475665982727,GOLD_COMEX_M_close_vs_VIXCLS
2025-02-01,0.35463744791008056,GOLD_COMEX_M_close_vs_VIXCLS
2025-03-01,0.5529878822763792,GOLD_COMEX_M_close_vs_VIXCLS
2025-04-01,0.6763528905886477,GOLD_COMEX_M_close_vs_VIXCLS
2025-05-01,0.7072403821623928,GOLD_COMEX_M_close_vs_VIXCLS
2025-06-01,0.6568501504614687,GOLD_COMEX_M_close_vs_VIXCLS
2025-07-01,0.613032960116762,GOLD_COMEX_M_close_vs_VIXCLS
2025-08-01,0.5245905010750018,GOLD_COMEX_M_close_vs_VIXCLS
2025-09-01,0.5061907110065659,GOLD_COMEX_M_close_vs_VIXCLS
2025-10-01,0.529111296512024,GOLD_COMEX_M_close_vs_VIXCLS
2025-11-01,0.43706163943532217,GOLD_COMEX_M_close_vs_VIXCLS
2025-12-01,0.302072340410527,GOLD_COMEX_M_close_vs_VIXCLS
2026-01-01,0.2608530993746324,GOLD_COMEX_M_close_vs_VIXCLS
2026-02-01,0.2755413129464073,GOLD_COMEX_M_close_vs_VIXCLS
2026-03-01,0.32602344307496484,GOLD_COMEX_M_close_vs_VIXCLS
