date,open,high,low,close,volume,quote_volume
2022-01-01,46210.57,47943.77,46210.55,47704.35,179433.584,8461832661.65729
2022-01-02,47704.35,48000.0,46605.68,47280.0,184795.093,8730148323.6079
2022-01-03,47280.01,47575.22,45665.4,46445.81,244781.793,11434725784.02273
2022-01-04,46445.8,47524.36,45445.57,45833.42,292149.75,13573606756.16807
2022-01-05,45833.41,47075.29,42270.0,43421.69,485477.569,21959888820.89765
2022-01-06,43421.7,43766.0,42385.83,43080.01,299509.851,12890924257.87606
2022-01-07,43080.01,43135.0,40456.56,41553.86,473214.849,19783906992.59905
2022-01-08,41553.87,42335.0,40500.0,41688.05,283737.224,11779922567.4038
2022-01-09,41688.05,42773.85,41170.0,41851.22,223134.952,9347759287.48888
2022-01-10,41851.22,42219.84,39610.0,41801.55,453644.116,18676770270.33546
2022-01-11,41801.55,43118.0,41255.0,42700.68,323760.691,13657150777.60344
2022-01-12,42700.69,44300.0,42415.0,43880.72,281339.294,12189347664.02133
2022-01-13,43880.72,44396.68,42301.16,42534.32,289289.18,12536916955.57177
2022-01-14,42538.72,43450.0,41666.0,43042.4,272517.077,11620761638.67808
2022-01-15,43042.4,43800.0,42530.64,43070.51,184649.157,7962625061.63067
2022-01-16,43070.51,43464.71,42531.69,43060.66,177450.475,7638792723.4354
2022-01-17,43060.66,43159.32,41523.68,42176.34,232748.345,9870740739.62078
2022-01-18,42176.34,42680.0,41260.0,42337.58,267472.465,11189671439.34784
2022-01-19,42337.58,42545.0,41115.64,41657.89,333952.095,13989826398.11288
2022-01-20,41656.9,43495.0,40550.0,40661.69,399818.052,16867468374.30662
2022-01-21,40662.06,41095.76,35380.92,36425.98,790320.909,30302616543.91132
2022-01-22,36426.46,36817.74,33950.0,35043.73,676272.904,23906967843.02501
2022-01-23,35043.73,36496.92,34588.8,36230.01,369372.903,13097400243.75661
2022-01-24,36230.0,37528.0,32853.83,36648.31,823000.702,28523818659.37716
2022-01-25,36648.3,37561.03,35693.0,36934.26,409535.517,14967474932.81879
2022-01-26,36934.26,38886.58,36232.42,36787.43,554457.384,20858872853.19313
2022-01-27,36787.42,37200.0,35471.53,37131.0,422006.922,15328505621.72229
2022-01-28,37131.0,38000.0,36149.02,37696.21,367509.143,13594591900.12492
2022-01-29,37696.22,38750.94,37252.0,38150.01,238657.764,9034176250.23326
2022-01-30,38150.0,38420.3,37334.83,37870.01,195029.125,7393111440.65068
2022-01-31,37870.0,38741.73,36620.0,38439.04,318440.392,11976940218.20276
2022-02-01,38439.04,39260.26,37969.0,38680.51,353354.121,13632595784.2999
2022-02-02,38680.51,38834.18,36529.81,36892.03,337570.934,12748099870.64242
2022-02-03,36892.05,37395.0,36204.3,37289.86,318656.228,11697089175.17526
2022-02-04,37287.33,41741.76,37011.0,41550.0,520105.77,20278655698.32346
2022-02-05,41550.0,41922.0,40920.0,41374.69,242184.07,10047968021.9499
2022-02-06,41374.68,42656.8,41100.0,42361.35,215323.95,8973046762.87637
2022-02-07,42361.34,44541.16,41609.76,43829.99,418053.774,18066735189.2121
2022-02-08,43829.99,45600.0,42641.0,44021.57,468015.421,20510408716.12763
2022-02-09,44021.58,44826.0,43089.08,44358.08,300270.062,13182555302.94626
2022-02-10,44358.09,45847.5,43136.96,43471.29,563922.075,25056911387.52332
2022-02-11,43471.3,43900.0,41914.23,42366.0,414646.193,17859967569.9422
2022-02-12,42365.99,42980.0,41540.0,42199.87,256269.325,10831014104.34159
2022-02-13,42199.88,42755.97,41850.0,42041.13,192068.012,8127109308.94153
2022-02-14,42041.12,42888.0,41526.0,42525.14,303990.933,12843945742.38583
2022-02-15,42525.14,44777.0,42406.23,44529.6,276735.421,12150999143.33453
2022-02-16,44529.7,44536.8,43277.8,43860.7,255790.287,11231548897.34829
2022-02-17,43860.8,44150.0,40020.1,40491.7,433958.984,18306714686.34452
2022-02-18,40491.8,40944.1,39422.0,39966.8,377679.782,15188089909.73473
2022-02-19,39966.8,40438.7,39610.3,40052.6,185624.675,7424908673.12969
2022-02-20,40052.6,40100.1,37905.0,38368.1,329740.444,12741245042.82211
2022-02-21,38367.9,39510.0,36762.0,36986.4,646391.815,24685541251.61848
2022-02-22,36986.4,38450.0,36310.1,38212.0,465313.497,17408326520.91108
2022-02-23,38212.1,39250.0,36963.2,37227.8,408056.255,15594144071.8888
2022-02-24,37227.9,40376.1,34303.7,38315.1,919820.907,33179251056.85041
2022-02-25,38316.2,39750.0,37999.2,39205.4,416316.366,16181393771.15972
2022-02-26,39205.4,40441.1,38561.7,39099.3,251892.201,9879223598.44196
2022-02-27,39099.3,39868.6,36934.6,37672.0,423197.247,16317550913.22295
2022-02-28,37672.1,44341.0,37414.4,43155.0,615391.161,24659800737.31436
2022-03-01,43155.0,44935.0,42765.4,44394.1,448483.646,19622069856.81384
2022-03-02,44393.6,45350.0,43321.0,43885.7,407603.721,17988671380.99431
2022-03-03,43885.8,44080.0,41831.0,42449.5,365565.832,15701873990.90735
2022-03-04,42449.6,42525.3,38521.0,39127.7,469138.374,19124060705.42543
2022-03-05,39127.7,39580.0,38547.6,39375.1,198747.893,7774650477.29027
2022-03-06,39375.0,39690.0,38056.0,38401.1,311705.26,12109833925.17119
2022-03-07,38401.1,39550.0,37134.0,37963.8,490254.516,18764725860.73588
2022-03-08,37963.7,39340.5,37853.0,38709.9,421462.367,16295438564.50412
2022-03-09,38709.9,42647.5,38638.7,41937.5,462059.811,19171096064.11704
2022-03-10,41939.5,42034.3,38512.0,39407.2,520645.186,20592964929.86937
2022-03-11,39407.1,40242.0,38200.1,38713.0,467078.892,18251508270.53395
2022-03-12,38713.1,39578.4,38630.0,38792.6,172494.825,6738409306.12123
2022-03-13,38792.7,39300.0,37500.0,37743.7,236623.694,9151745126.66911
2022-03-14,37743.0,39989.0,37522.1,39653.8,360058.358,13971397117.54385
2022-03-15,39651.6,39901.8,38073.8,39271.0,345019.243,13464944694.45397
2022-03-16,39270.9,41804.0,38700.0,41105.8,650589.661,26187353348.45998
2022-03-17,41105.9,41498.4,40442.8,40898.1,243988.794,9978203719.84016
2022-03-18,40898.0,42322.8,40084.2,41751.5,299134.443,12263436409.42434
2022-03-19,41751.6,42446.6,41500.0,42188.2,186459.954,7807076596.94564
2022-03-20,42188.2,42269.3,40900.0,41261.0,235774.129,9789547363.38173
2022-03-21,41261.0,41544.4,40430.0,40982.0,308396.46,12653661229.586
2022-03-22,40982.0,43517.7,40852.0,42349.8,374297.674,15892694388.65686
2022-03-23,42349.9,43051.0,41731.3,42867.9,282631.74,11938814869.12358
2022-03-24,42867.8,44200.0,42525.0,43973.4,331440.057,14365660202.82174
2022-03-25,43973.2,45142.0,43575.1,44290.6,348620.122,15463641455.42722
2022-03-26,44290.6,44785.0,44041.0,44489.2,140712.587,6243407332.87603
2022-03-27,44489.3,47047.0,44416.0,46820.8,269280.228,12238392163.90325
2022-03-28,46820.9,48200.0,46651.2,47121.9,317565.782,15043239939.14575
2022-03-29,47121.8,48100.0,46911.0,47418.5,259040.835,12315667516.20554
2022-03-30,47418.5,47688.6,46535.0,47053.2,235009.892,11089386781.04892
2022-03-31,47053.1,47619.4,45185.0,45506.0,299837.61,13933431988.82722
2022-04-01,45505.9,46700.0,44206.2,46266.2,360734.553,16398107293.59809
2022-04-02,46266.2,47236.8,45600.0,45794.6,226413.357,10506397608.90616
2022-04-03,45792.3,47448.0,45501.0,46392.4,212589.013,9869048181.66671
2022-04-04,46392.3,46895.5,45094.0,46580.9,272796.541,12550005434.18833
2022-04-05,46580.9,47188.0,45300.0,45477.4,257524.639,11905271460.90981
2022-04-06,45477.5,45494.2,43100.0,43159.7,384359.375,17045609346.28906
2022-04-07,43159.8,43888.0,42685.0,43417.1,229567.98,9962663417.59556
2022-04-08,43417.1,43968.1,42074.0,42229.2,310095.829,13392061160.35177
2022-04-09,42229.1,42796.7,42100.3,42727.7,119722.654,5079062857.24372
2022-04-10,42727.8,43399.4,41838.0,42140.4,181904.47,7757900433.72425
2022-04-11,42140.3,42399.9,39136.7,39505.6,439530.02,17947558294.57257
2022-04-12,39505.6,40700.0,39224.0,40060.7,349883.631,13983036683.03152
2022-04-13,40060.7,41580.0,39569.8,41129.8,324910.931,13171291934.155
2022-04-14,41129.8,41474.8,39522.0,39915.9,261966.391,10618983519.56311
2022-04-15,39915.9,40888.0,39734.2,40529.5,194680.671,7834169294.24891
2022-04-16,40529.6,40700.0,39944.9,40361.0,127705.057,5151896754.87278
2022-04-17,40360.9,40574.1,39510.0,39649.1,170331.824,6844928574.60225
2022-04-18,39649.1,41310.0,38465.7,40785.6,362435.319,14385834912.73849
2022-04-19,40785.7,41788.0,40543.7,41472.9,214404.271,8812710770.66012
2022-04-20,41472.9,42166.8,40800.0,41327.7,257382.427,10680662830.57433
2022-04-21,41326.0,42966.0,39630.0,40449.8,393149.956,16394716249.55895
2022-04-22,40449.7,40786.1,39133.0,39674.2,314935.753,12603399105.64393
2022-04-23,39674.3,40000.0,39259.0,39415.1,125046.817,4956239492.1091
2022-04-24,39413.8,39930.6,38884.1,39433.4,180371.762,7132438711.67396
2022-04-25,39433.4,40650.0,38111.0,40411.0,448877.893,17582505297.76194
2022-04-26,40411.0,40800.0,37671.8,38093.7,453132.198,17745663524.02774
2022-04-27,38093.7,39470.0,37844.5,39209.0,385645.365,14987444127.37106
2022-04-28,39209.0,40376.6,38861.8,39732.5,413543.408,16383567774.30766
2022-04-29,39732.5,39924.8,38160.0,38572.2,308116.375,12006054616.68173
2022-04-30,38572.2,38782.6,37550.0,37614.5,181810.382,6968090176.2822
2022-05-01,37614.4,38680.6,37350.0,38440.5,236549.462,9004710658.66057
2022-05-02,38440.2,39222.0,38032.2,38525.6,336845.365,13024319963.6059
2022-05-03,38525.5,38674.7,37500.1,37712.9,248986.222,9498898382.60297
2022-05-04,37713.0,40071.7,37655.2,39684.0,424498.818,16546422734.7687
2022-05-05,39684.1,39845.0,35388.0,36534.7,547209.0,20498697692.95448
2022-05-06,36533.7,36679.3,35200.0,35995.3,431979.24,15553837185.83251
2022-05-07,35995.2,36138.0,34700.0,35466.7,200264.833,7130599918.44936
2022-05-08,35466.7,35504.0,33665.0,34032.0,426872.584,14710577345.50726
2022-05-09,34032.1,34243.3,30003.6,30056.6,1078779.712,34585085018.41368
2022-05-10,30056.0,32650.0,29701.4,31002.1,863178.961,27002792322.99196
2022-05-11,31002.1,32197.6,27651.0,29074.7,1101875.972,33432659604.67081
2022-05-12,29077.9,30257.0,26631.0,29020.7,964475.589,27412613954.5816
2022-05-13,29020.8,31072.6,28730.4,29274.3,507620.105,15321440645.11955
2022-05-14,29274.2,30352.2,28602.3,30079.8,315756.895,9273623685.28461
2022-05-15,30079.5,31462.0,29448.0,31324.4,336773.139,10189057495.68176
2022-05-16,31324.3,31327.4,29052.3,29866.7,507243.166,15148324200.34817
2022-05-17,29866.4,30794.0,29420.0,30437.0,398624.519,12050567026.40218
2022-05-18,30437.0,30700.0,28629.6,28700.6,426700.457,12571901286.27471
2022-05-19,28700.6,30550.0,28670.5,30319.9,448856.724,13313042275.77401
2022-05-20,30319.9,30784.4,28702.0,29188.9,485439.171,14409462581.90292
2022-05-21,29188.9,29650.0,28927.0,29427.4,202804.089,5951830742.03713
2022-05-22,29427.4,30500.0,29223.6,30284.0,297116.44,8892178256.39475
2022-05-23,30284.0,30658.0,28840.7,29097.7,475720.75,14259460842.85488
2022-05-24,29097.8,29887.3,28637.6,29643.1,382124.449,11175809569.67527
2022-05-25,29643.0,30246.7,29330.0,29536.7,413459.484,12302779677.74162
2022-05-26,29536.7,29877.0,27952.1,29194.0,602137.086,17570547237.68192
2022-05-27,29194.0,29387.0,28259.6,28623.2,506638.884,14627232915.19134
2022-05-28,28623.3,29265.7,28520.0,29018.8,193644.283,5593154078.34822
2022-05-29,29018.8,29595.2,28825.0,29452.8,215139.934,6278945105.68035
2022-05-30,29452.6,32307.6,29301.1,31726.5,502712.176,15459298501.15428
2022-05-31,31726.5,32427.5,31222.0,31797.8,383688.265,12177347048.90632
2022-06-01,31797.9,31986.1,29300.0,29796.9,556992.756,17126731271.82858
2022-06-02,29796.9,30750.0,29566.1,30437.1,370924.687,11143387488.16196
2022-06-03,30437.1,30693.2,29220.0,29682.8,357110.377,10664927716.29938
2022-06-04,29682.8,29988.0,29456.0,29848.4,187520.534,5568229841.96672
2022-06-05,29848.5,30250.0,29524.0,29909.9,205385.831,6129273442.52063
2022-06-06,29910.0,31780.0,29876.2,31361.2,436522.874,13627289855.03024
2022-06-07,31361.2,31599.0,29190.0,31118.1,691714.985,20938600076.18326
2022-06-08,31118.0,31325.0,29825.0,30192.5,455686.637,13872254798.76627
2022-06-09,30192.6,30691.9,29914.5,30093.3,307312.175,9291136221.99843
2022-06-10,30093.4,30374.1,28805.0,29077.7,445928.659,13179453292.83278
2022-06-11,29077.7,29427.9,28080.0,28416.7,391367.814,11234144827.43019
2022-06-12,28416.6,28530.3,26538.7,26564.7,560834.131,15462378090.80452
2022-06-13,26564.7,26877.0,21900.0,22471.5,1622521.56,39289035377.13508
2022-06-14,22471.4,23424.2,20823.0,22122.7,1247609.796,27599590726.80712
2022-06-15,22122.7,22800.0,20100.2,22567.5,1509301.169,32006546659.5817
2022-06-16,22567.5,23000.0,20222.0,20387.4,882634.22,18813838459.83841
2022-06-17,20387.4,21388.0,20228.0,20457.3,776153.257,16088733040.23459
2022-06-18,20457.3,20768.4,17593.2,18959.7,1268591.388,24038549203.46261
2022-06-19,18959.7,20821.0,17935.9,20564.2,1089275.674,21080192131.22859
2022-06-20,20564.3,21099.9,19630.0,20570.1,935816.13,19052030813.46172
2022-06-21,20570.0,21740.0,20337.8,20713.1,787173.936,16577758368.34692
2022-06-22,20713.1,20888.0,19745.7,19977.4,812184.193,16485504375.38122
2022-06-23,19977.5,21250.0,19874.0,21096.6,698753.04,14372398242.68264
2022-06-24,21096.6,21563.5,20732.5,21231.2,645450.778,13621335706.92468
2022-06-25,21231.2,21627.6,20894.0,21481.9,434117.447,9228742005.28791
2022-06-26,21481.9,21888.0,20952.0,21029.1,442787.736,9467563440.88587
2022-06-27,21029.1,21560.0,20500.0,20730.0,539335.009,11319059806.09479
2022-06-28,20730.0,21198.0,20188.0,20268.6,582916.108,12074564681.68627
2022-06-29,20268.7,20430.0,19817.2,20109.9,608905.99,12250941435.49509
2022-06-30,20109.9,20165.0,18563.0,19923.5,859981.415,16548226768.84932
2022-07-01,19923.3,20926.4,18948.8,19272.0,915399.363,17973277787.04804
2022-07-02,19272.0,19456.0,18959.0,19240.9,382851.525,7361597905.72379
2022-07-03,19241.0,19645.4,18780.1,19305.9,449508.331,8622450486.1063
2022-07-04,19306.0,20350.0,19046.3,20226.6,633310.187,12445691915.01023
2022-07-05,20226.3,20749.2,19291.6,20170.0,854238.867,17057063374.95285
2022-07-06,20170.1,20667.6,19753.0,20554.1,682076.458,13764942073.2418
2022-07-07,20554.2,21830.0,20244.9,21613.4,699841.616,14673528816.01675
2022-07-08,21614.5,22579.9,21175.2,21587.9,848144.495,18441993286.35933
2022-07-09,21587.8,22000.0,21309.6,21580.0,393372.366,8503827622.59832
2022-07-10,21580.0,21594.2,20600.0,20853.8,468176.539,9870330890.15699
2022-07-11,20853.8,20853.9,19870.0,19954.3,561245.987,11469156941.09009
2022-07-12,19954.3,20048.9,19228.3,19322.9,640560.723,12632186362.87899
2022-07-13,19322.9,20401.6,18901.0,20220.1,975938.165,19099701219.32481
2022-07-14,20220.1,20900.0,19600.0,20578.6,765989.53,15457229421.45097
2022-07-15,20578.6,21200.0,20364.3,20823.1,626763.692,13043523984.48886
2022-07-16,20823.1,21580.0,20471.0,21183.5,539206.87,11321826058.55016
2022-07-17,21183.6,21674.1,20742.0,20794.4,485537.728,10308826275.78109
2022-07-18,20794.4,22800.0,20764.4,22423.9,982867.734,21581852762.64478
2022-07-19,22423.5,23817.9,21575.0,23385.9,1124029.082,25470793400.12995
2022-07-20,23385.9,24277.0,22912.4,23221.5,946647.815,22329424219.08293
2022-07-21,23221.5,23441.1,22340.2,23144.5,723543.466,16553246183.50506
2022-07-22,23144.5,23750.0,22500.0,22675.1,633907.934,14697003018.10593
2022-07-23,22675.0,22990.0,21933.5,22440.2,505887.673,11353416591.58139
2022-07-24,22440.1,22999.0,22256.4,22570.6,462958.953,10486872827.38728
2022-07-25,22570.6,22656.8,21232.0,21300.0,695770.655,15241930778.39496
2022-07-26,21300.0,21334.4,20689.6,21241.0,552498.903,11607460262.67674
2022-07-27,21241.0,23100.0,21031.0,22941.1,753370.303,16528529868.30713
2022-07-28,22941.1,24194.6,22583.1,23836.2,756741.836,17665500374.48079
2022-07-29,23836.2,24500.0,23426.3,23771.1,642337.051,15337312726.27532
2022-07-30,23771.0,24700.0,23505.0,23629.9,493824.816,11889274245.47064
2022-07-31,23630.0,24187.3,23222.0,23290.1,385969.85,9142633001.95407
2022-08-01,23290.1,23497.0,22836.2,23257.6,498378.292,11554380879.33471
2022-08-02,23257.6,23448.7,22603.0,22975.1,625227.912,14363033396.88062
2022-08-03,22975.1,23650.0,22665.3,22801.5,569261.768,13201647982.58276
2022-08-04,22801.5,23211.3,22370.0,22608.9,548268.816,12515146172.92225
2022-08-05,22608.9,23450.0,22580.6,23298.1,593992.13,13716626797.39787
2022-08-06,23298.0,23341.8,22883.6,22943.3,227659.394,5272174727.75062
2022-08-07,22943.2,23400.0,22830.9,23167.8,271512.062,6267656688.48691
2022-08-08,23167.9,24243.0,23153.1,23804.4,565084.219,13485945119.50385
2022-08-09,23804.3,23913.4,22850.0,23140.2,498286.943,11634879431.41769
2022-08-10,23140.1,24235.2,22608.0,23940.9,760738.204,17921041663.21249
2022-08-11,23941.0,24972.0,23840.6,23917.2,760455.245,18562187367.96329
2022-08-12,23917.3,24438.8,23560.0,24387.5,477734.045,11446334088.8081
2022-08-13,24387.5,24879.0,24267.5,24429.0,431093.659,10577167655.58233
2022-08-14,24429.0,25065.0,24138.0,24294.1,437314.32,10730828908.19903
2022-08-15,24294.1,25200.0,23762.0,24085.2,739390.721,17992336053.67933
2022-08-16,24085.2,24234.0,23650.0,23843.0,460919.994,11027935215.31227
2022-08-17,23843.0,24437.0,23170.0,23333.1,640600.903,15186136927.96825
2022-08-18,23333.1,23595.0,23101.0,23185.1,347699.006,8134736996.02001
2022-08-19,23185.0,23200.0,20760.0,20824.9,906609.825,19700159303.89833
2022-08-20,20825.0,21368.9,20742.9,21127.8,490507.042,10362322320.64405
2022-08-21,21127.7,21804.6,21055.0,21505.6,424282.424,9076418907.61454
2022-08-22,21505.6,21550.0,20858.6,21387.0,588764.597,12492356305.43505
2022-08-23,21387.0,21667.2,20874.8,21518.2,609745.27,13030512975.03382
2022-08-24,21518.2,21925.6,21132.3,21354.9,502728.198,10795887952.94642
2022-08-25,21355.0,21810.9,21295.3,21548.3,415757.992,8976368825.999
2022-08-26,21548.3,21867.6,20100.0,20228.7,896474.356,18923645109.31387
2022-08-27,20228.7,20367.7,19744.0,20023.9,469598.024,9430185077.10662
2022-08-28,20024.0,20155.0,19508.0,19547.5,386405.195,7703477819.25788
2022-08-29,19547.5,20440.0,19539.4,20275.5,598076.669,11969489778.36106
2022-08-30,20275.5,20574.0,19524.4,19803.1,767714.993,15387324341.7651
2022-08-31,19803.2,20496.0,19787.9,20041.5,711639.339,14364997156.93659
2022-09-01,20041.4,20198.3,19555.0,20122.5,691594.721,13771147297.87754
2022-09-02,20122.6,20434.3,19736.0,19941.0,669047.816,13442087838.13621
2022-09-03,19941.0,20050.0,19628.7,19820.7,285240.989,5652779448.41072
2022-09-04,19820.7,20022.4,19570.0,19992.7,396798.184,7853749068.4689
2022-09-05,19992.7,20046.7,19620.2,19784.9,446706.41,8837636837.41192
2022-09-06,19784.9,20174.7,18600.0,18781.5,945489.142,18444352721.94751
2022-09-07,18781.4,19455.0,18500.0,19287.0,595636.693,11283513643.93365
2022-09-08,19287.0,19450.0,19003.8,19309.3,537268.644,10329897060.9389
2022-09-09,19309.3,21666.0,19283.0,21352.0,992497.1,20595406252.57019
2022-09-10,21352.0,21825.0,21112.2,21639.5,491543.206,10528881955.93716
2022-09-11,21639.5,21883.4,21336.0,21820.3,420979.326,9093590170.7937
2022-09-12,21820.3,22474.0,21540.0,22386.0,818601.932,18100462871.90017
2022-09-13,22386.0,22850.0,19840.0,20162.5,1218769.927,26055120562.0565
2022-09-14,20162.6,20528.5,19600.0,20217.0,661802.597,13338081191.69107
2022-09-15,20217.0,20315.0,19453.0,19690.8,665862.067,13275371720.98828
2022-09-16,19690.8,19878.0,19300.0,19792.5,544608.804,10699906720.22641
2022-09-17,19792.4,20182.6,19739.4,20102.0,334678.558,6678646550.85602
2022-09-18,20102.0,20105.3,19325.8,19404.5,499916.474,9879306624.60703
2022-09-19,19404.5,19686.3,18215.0,19528.6,993776.352,18855643585.82462
2022-09-20,19528.6,19625.0,18690.1,18866.8,794623.932,15185745305.0411
2022-09-21,18866.7,20154.1,18084.3,18447.5,1168068.979,22278202291.21906
2022-09-22,18447.5,19504.8,18345.2,19392.5,852898.391,16203598692.71296
2022-09-23,19392.5,19492.0,18518.5,19280.7,838493.746,15886090825.79674
2022-09-24,19280.7,19304.5,18798.0,18911.0,377158.215,7188116884.43088
2022-09-25,18910.9,19196.0,18621.0,18799.7,410461.603,7774394534.94385
2022-09-26,18799.7,19311.5,18671.0,19216.3,777807.518,14803230763.46802
2022-09-27,19216.3,20375.0,18801.5,19070.1,1300566.158,25574742142.98837
2022-09-28,19070.1,19787.6,18460.0,19407.3,1141222.772,21809407277.4523
2022-09-29,19407.4,19648.8,18827.2,19582.5,991678.224,19151664008.3373
2022-09-30,19582.5,20172.7,19066.0,19411.7,1071462.934,20985538466.48879
2022-10-01,19411.6,19474.0,19140.0,19304.0,294457.009,5685550297.42183
2022-10-02,19304.0,19389.0,18896.0,19049.4,414970.451,7957458596.47117
2022-10-03,19049.3,19723.7,18950.8,19622.0,621816.329,12026295294.53641
2022-10-04,19621.9,20500.0,19480.1,20333.0,796678.762,15931560832.40438
2022-10-05,20332.9,20356.1,19707.0,20150.0,719577.149,14444920350.12968
2022-10-06,20149.9,20443.9,19843.3,19954.0,782034.669,15747127411.81796
2022-10-07,19954.0,20067.0,19304.4,19520.9,673407.102,13256159671.11093
2022-10-08,19520.9,19619.6,19200.0,19406.2,253257.201,4925720956.06823
2022-10-09,19406.3,19550.0,19310.0,19430.0,267178.795,5194156496.34906
2022-10-10,19430.0,19513.0,19000.0,19124.0,560920.904,10812283652.88902
2022-10-11,19124.1,19260.0,18850.0,19055.0,603358.324,11498533040.99648
2022-10-12,19055.0,19240.0,18924.3,19148.0,406770.288,7770793558.69373
2022-10-13,19148.1,19498.6,17917.8,19365.5,1104615.001,20803755671.58129
2022-10-14,19365.4,19947.9,19059.6,19164.6,861453.21,16828184593.54722
2022-10-15,19164.6,19218.8,18966.0,19060.4,241520.185,4616795782.81949
2022-10-16,19060.4,19415.9,19058.0,19251.9,267921.192,5145257703.0476
2022-10-17,19251.8,19666.0,19148.0,19540.6,502319.759,9769309074.28858
2022-10-18,19540.7,19706.4,19081.0,19320.9,634343.154,12327590621.92813
2022-10-19,19320.9,19349.8,19050.0,19116.7,404370.458,7760139097.5399
2022-10-20,19116.6,19350.0,18882.4,19034.7,537627.048,10277064463.57478
2022-10-21,19034.8,19240.0,18600.0,19150.9,581878.905,11058978810.26926
2022-10-22,19151.0,19250.0,19103.5,19195.1,174055.042,3337193018.901
2022-10-23,19195.1,19690.0,19050.0,19560.7,358611.542,6943907525.50088
2022-10-24,19560.6,19593.3,19146.0,19318.1,476676.536,9216319528.28483
2022-10-25,19318.1,20415.0,19228.0,20068.3,777306.534,15400549183.34802
2022-10-26,20068.3,21030.0,20041.1,20758.3,841864.982,17352691191.05276
2022-10-27,20758.4,20863.7,20170.0,20285.5,614910.045,12645404154.35179
2022-10-28,20285.6,20740.0,19951.0,20582.8,595538.882,12129765185.26634
2022-10-29,20582.7,21088.0,20547.8,20796.7,482217.17,10032159490.8777
2022-10-30,20796.7,20925.2,20503.0,20615.6,295389.69,6114966321.62948
2022-10-31,20615.5,20838.7,20225.4,20482.0,478797.266,9815305143.42379
2022-11-01,20482.1,20687.0,20320.0,20472.1,314676.187,6448795091.82572
2022-11-02,20472.1,20796.0,20050.0,20140.1,651535.761,13312093111.48019
2022-11-03,20140.2,20400.0,20026.0,20199.7,372121.061,7526916784.08875
2022-11-04,20199.8,21297.0,20171.6,21137.6,824515.215,17139316861.70927
2022-11-05,21137.6,21473.7,21071.1,21289.9,303983.372,6482077789.53821
2022-11-06,21289.8,21355.8,20863.3,20900.0,277148.646,5867597250.95476
2022-11-07,20900.0,21062.6,20374.0,20578.6,554408.316,11501587222.14423
2022-11-08,20578.5,20685.0,16830.0,18534.0,2046476.313,39317019209.93521
2022-11-09,18533.9,18574.9,15462.6,15905.0,2065606.412,35439309964.8887
2022-11-10,15905.0,18230.0,15730.0,17588.0,1497093.602,25510406114.43922
2022-11-11,17588.0,17678.0,16343.0,17058.3,955344.602,16277121145.55291
2022-11-12,17058.4,17110.8,16623.8,16806.9,304455.717,5128002410.89517
2022-11-13,16806.9,16950.0,16210.3,16321.2,349742.836,5801587266.16716
2022-11-14,16321.3,17188.0,15805.5,16605.2,934392.484,15414723480.12307
2022-11-15,16605.3,17127.2,16516.7,16888.3,649349.458,10938869739.93734
2022-11-16,16888.3,17007.4,16358.0,16650.6,537241.645,8944296635.42915
2022-11-17,16650.7,16741.7,16403.3,16682.1,408989.285,6784537154.32738
2022-11-18,16682.1,16984.4,16541.1,16689.7,388612.842,6506820289.13927
2022-11-19,16689.7,16814.5,16543.8,16692.9,171822.915,2861333541.4962
2022-11-20,16693.0,16743.9,16167.1,16272.6,327599.214,5406658335.48391
2022-11-21,16272.7,16304.3,15443.2,15773.0,790219.365,12615525683.34995
2022-11-22,15772.9,16309.0,15610.3,16220.6,579333.644,9247607752.32879
2022-11-23,16220.5,16703.4,16155.5,16595.8,546714.91,9010060479.37584
2022-11-24,16595.8,16800.0,16450.0,16592.4,351024.418,5829469816.57378
2022-11-25,16592.5,16639.9,16331.7,16516.1,306560.116,5053312513.9595
2022-11-26,16516.2,16699.1,16369.1,16449.2,253401.659,4194530429.9317
2022-11-27,16449.2,16594.2,16396.0,16422.6,189370.345,3128892691.8766
2022-11-28,16422.5,16475.0,15984.1,16204.5,497137.869,8055102077.13727
2022-11-29,16204.6,16543.0,16088.0,16433.2,391410.854,6420893173.50274
2022-11-30,16433.3,17248.3,16421.5,17153.3,620324.95,10484678949.19782
2022-12-01,17153.4,17348.5,16851.2,16970.5,411051.309,7012379504.74513
2022-12-02,16970.5,17096.3,16760.0,17083.0,335039.215,5677269598.4332
2022-12-03,17083.0,17160.0,16850.1,16879.5,185257.242,3142125597.7286
2022-12-04,16879.5,17206.2,16874.1,17099.5,292090.868,4972708169.3658
2022-12-05,17099.5,17430.0,16860.6,16958.3,519961.39,8927523671.51991
2022-12-06,16958.2,17100.0,16899.9,17078.6,321330.613,5459567210.6866
2022-12-07,17078.7,17130.0,16655.0,16828.0,337778.925,5692590254.44704
2022-12-08,16828.0,17294.9,16710.4,17216.0,402157.335,6833210695.12541
2022-12-09,17216.0,17365.4,17052.0,17122.0,290231.183,4985683348.1939
2022-12-10,17122.0,17228.6,17081.0,17120.0,141895.207,2433765605.0113
2022-12-11,17120.1,17265.0,17060.0,17077.3,171004.111,2932155202.0391
2022-12-12,17077.3,17237.9,16865.0,17200.0,335856.258,5711628347.72763
2022-12-13,17200.0,18100.0,17076.0,17777.1,596851.291,10490862496.70048
2022-12-14,17777.1,18400.0,17659.4,17803.9,627511.699,11268618570.91463
2022-12-15,17804.0,17849.5,17258.0,17351.8,437284.037,7667339751.05844
2022-12-16,17351.9,17528.0,16521.1,16624.1,622150.245,10567832471.04395
2022-12-17,16624.1,16790.0,16571.8,16768.0,248465.273,4146359913.8303
2022-12-18,16768.1,16872.0,16656.0,16730.3,185898.213,3110497440.0705
2022-12-19,16730.4,16809.6,16210.0,16429.2,344728.552,5726008366.05374
2022-12-20,16429.2,17049.6,16390.3,16887.2,476171.098,7997345166.42257
2022-12-21,16887.3,16924.2,16694.2,16819.6,227752.335,3830411850.77234
2022-12-22,16819.7,16861.9,16556.1,16815.5,306610.961,5129865155.4518
2022-12-23,16815.5,16960.0,16690.0,16776.4,264553.42,4451798691.0348
2022-12-24,16776.3,16859.9,16774.4,16828.9,82410.79,1386327837.9178
2022-12-25,16829.0,16850.0,16700.0,16824.4,144075.843,2419698734.4932
2022-12-26,16824.5,16936.8,16781.1,16912.9,148128.699,2495552248.1392
2022-12-27,16912.8,16968.0,16580.0,16698.2,262828.564,4408009231.4954
2022-12-28,16698.2,16778.3,16455.6,16539.0,344649.858,5727799258.57904
2022-12-29,16538.9,16659.0,16485.1,16630.3,208591.531,3460146192.0415
2022-12-30,16630.3,16666.6,16320.0,16601.2,295630.49,4881195596.8533
2022-12-31,16601.2,16640.0,16461.8,16537.6,134462.156,2227238361.6692
2023-01-01,16537.5,16618.8,16488.0,16610.3,105502.965,1746449849.7392
2023-01-02,16610.4,16799.0,16541.2,16666.0,215161.176,3591354304.35244
2023-01-03,16665.9,16774.0,16600.3,16667.2,203070.205,3387368709.5144
2023-01-04,16667.3,16984.6,16645.7,16842.1,349747.838,5888326801.78923
2023-01-05,16842.2,16872.8,16740.4,16823.8,176369.347,2966302291.7523
2023-01-06,16823.8,17030.0,16664.8,16943.8,316973.629,5333655035.26937
2023-01-07,16943.9,16973.6,16900.1,16936.5,77973.105,1320072681.1707
2023-01-08,16936.5,17181.1,16905.0,17124.7,157717.318,2677202628.9964
2023-01-09,17124.6,17387.8,17098.2,17169.7,400277.809,6899176604.98138
2023-01-10,17169.6,17485.4,17140.4,17428.8,297320.371,5146868921.9222
2023-01-11,17428.8,18013.2,17306.4,17935.7,386277.106,6776699165.64645
2023-01-12,17935.6,19120.0,17902.4,18838.0,1040334.76,19148363107.05267
2023-01-13,18838.1,19997.8,18711.0,19924.2,806807.832,15537710427.37066
2023-01-14,19924.3,21544.0,19882.6,20962.8,1010666.683,20998726724.36468
2023-01-15,20962.8,21073.8,20556.0,20882.7,428486.559,8913057374.28152
2023-01-16,20882.7,21498.0,20606.6,21188.3,666148.201,14032617401.17082
2023-01-17,21188.2,21640.0,20827.8,21130.9,547390.593,11615613152.77241
2023-01-18,21130.8,21672.0,20386.0,20680.0,813785.517,17129538788.44014
2023-01-19,20680.1,21183.9,20659.9,21068.3,374733.617,7822342459.57356
2023-01-20,21068.3,22750.0,20856.4,22661.1,723645.2,15661806602.12429
2023-01-21,22661.0,23390.0,22422.0,22781.9,764681.1,17543885761.9696
2023-01-22,22781.8,23080.2,22287.0,22704.6,482529.811,10978562431.79006
2023-01-23,22704.7,23193.1,22500.0,22913.1,525802.84,12012842979.87915
2023-01-24,22913.3,23158.7,22450.0,22627.4,505615.816,11572452898.66944
2023-01-25,22627.5,23837.4,22310.5,23060.6,692786.607,15838682593.16114
2023-01-26,23060.6,23278.7,22843.8,23001.9,427760.786,9860266068.50203
2023-01-27,23001.9,23500.0,22516.6,23068.0,509920.307,11736116589.73221
2023-01-28,23068.1,23185.0,22870.8,23015.9,186400.943,4287806004.0492
2023-01-29,23016.0,23962.7,22961.5,23740.3,562028.231,13203229115.48447
2023-01-30,23740.2,23804.6,22484.2,22819.9,572537.407,13260710938.80389
2023-01-31,22819.9,23330.0,22715.3,23119.4,403726.966,9282622250.26382
2023-02-01,23119.5,23852.4,22747.0,23730.0,571429.711,13276728610.62969
2023-02-02,23730.1,24281.4,23365.0,23493.1,615740.338,14672020690.5787
2023-02-03,23493.0,23719.9,23201.0,23424.7,470831.438,11047679446.9572
2023-02-04,23424.7,23591.4,23250.0,23322.6,197118.393,4613381157.5632
2023-02-05,23322.6,23436.0,22741.0,22929.2,356665.034,8235110913.12042
2023-02-06,22929.3,23159.4,22600.0,22757.7,417160.143,9551236526.98696
2023-02-07,22757.8,23368.6,22742.4,23234.1,447273.494,10297159070.8913
2023-02-08,23234.1,23450.0,22662.9,22955.9,383465.481,8824616946.18832
2023-02-09,22955.9,23007.8,21684.7,21793.4,732295.35,16381601662.80056
2023-02-10,21793.3,21933.8,21405.0,21618.6,439986.497,9560010537.24584
2023-02-11,21618.6,21891.9,21594.4,21851.3,189249.667,4107550899.473
2023-02-12,21851.2,22080.9,21618.0,21771.1,276787.093,6050172252.9127
2023-02-13,21771.0,21888.0,21338.0,21766.2,511595.693,11064385171.50844
2023-02-14,21766.1,22320.0,21485.2,22187.4,598791.509,13138446771.27616
2023-02-15,22187.4,24420.0,22038.5,24332.6,824676.471,19105717014.29069
2023-02-16,24332.7,25290.0,23518.0,23526.6,959463.159,23594991207.78344
2023-02-17,23526.6,25043.2,23350.0,24581.5,922717.148,22269729549.78749
2023-02-18,24581.3,24887.5,24430.6,24636.9,261555.556,6441713215.92101
2023-02-19,24636.8,25200.0,24179.4,24265.9,543506.628,13409130913.30667
2023-02-20,24265.9,25140.0,23827.0,24849.9,646401.072,15954258831.2622
2023-02-21,24849.9,25347.6,24150.0,24443.4,729290.575,17996162952.26349
2023-02-22,24443.3,24468.5,23572.0,24171.3,730414.101,17500937832.07492
2023-02-23,24171.3,24588.0,23590.0,23928.8,751339.414,18066676937.66089
2023-02-24,23928.7,24138.6,22800.0,23175.6,731577.942,17176351552.41237
2023-02-25,23175.5,23210.5,22700.0,23146.2,310795.648,7149097149.93959
2023-02-26,23146.2,23675.0,23050.0,23545.3,371395.056,8663022665.24848
2023-02-27,23545.2,23888.0,23088.0,23480.0,576754.966,13533218116.93548
2023-02-28,23480.0,23592.8,23010.0,23129.6,456919.838,10669916658.50471
2023-03-01,23129.7,24022.7,23008.4,23619.8,617250.311,14566071875.52603
2023-03-02,23619.8,23790.5,23183.0,23457.1,419256.601,9812612221.27088
2023-03-03,23457.1,23468.5,21883.2,22342.8,608518.137,13631210171.56995
2023-03-04,22342.8,22400.0,22147.5,22335.7,175309.211,3909987751.0262
2023-03-05,22335.8,22650.0,22174.9,22419.4,282261.745,6328721520.6235
2023-03-06,22419.3,22594.5,22240.1,22397.1,298976.397,6702364485.6129
2023-03-07,22397.1,22550.0,21908.0,22187.1,548494.099,12196490218.23626
2023-03-08,22187.1,22276.4,21540.5,21695.4,547867.967,12052988553.6567
2023-03-09,21695.3,21823.0,20003.5,20348.3,951903.36,20058296300.05462
2023-03-10,20348.4,20351.8,19521.6,20140.3,1238135.265,24701622102.4386
2023-03-11,20140.3,20674.5,19752.5,20447.3,753479.558,15236396244.00332
2023-03-12,20447.3,22184.0,20262.2,21986.2,881522.402,18488877763.69799
2023-03-13,21986.2,24517.2,21804.0,24119.5,1534982.176,35400848297.96145
2023-03-14,24119.5,26489.9,23951.0,24682.5,1572562.635,39411234190.48011
2023-03-15,24682.5,25200.0,23888.0,24288.0,1102056.429,27097556193.83353
2023-03-16,24287.9,25167.9,24120.5,24990.4,735446.946,18170050595.51308
2023-03-17,24990.5,27763.4,24875.3,27384.0,1341159.064,35443530287.65108
2023-03-18,27383.9,27726.4,26555.5,26907.0,740232.316,20184491452.70674
2023-03-19,26907.0,28397.0,26815.9,27955.7,759367.078,20977139675.99659
2023-03-20,27955.8,28483.2,27120.6,27704.1,937223.448,26103780621.31453
2023-03-21,27704.1,28460.0,27288.0,28091.1,685487.714,19152913743.53478
2023-03-22,28091.1,28881.0,26590.0,27233.8,1080393.27,30186741704.76973
2023-03-23,27233.8,28777.0,27101.0,28284.1,808174.047,22583147907.22827
2023-03-24,28284.0,28369.1,26960.0,27438.9,696075.37,19369885616.52528
2023-03-25,27439.0,27788.0,27131.8,27447.3,335674.055,9219228887.09329
2023-03-26,27447.2,28186.9,27400.0,27954.3,399756.985,11110815846.83666
2023-03-27,27954.3,28019.4,26480.0,27112.0,642434.822,17542947640.15402
2023-03-28,27112.0,27500.0,26610.0,27249.7,585080.772,15806950765.76132
2023-03-29,27249.7,28649.9,27223.6,28338.5,655852.971,18472646921.01927
2023-03-30,28338.6,29184.8,27654.1,28015.0,770966.1,21882841599.42791
2023-03-31,28015.0,28675.3,27500.0,28454.9,611557.29,17241323711.94637
2023-04-01,28454.8,28845.3,28180.0,28443.8,256487.222,7298340524.07105
2023-04-02,28443.7,28516.5,27820.0,28161.2,316658.67,8922911429.0644
2023-04-03,28161.3,28540.0,27166.0,27786.1,741665.563,20745208330.25454
2023-04-04,27786.1,28450.0,27650.2,28155.2,432370.612,12148930975.14344
2023-04-05,28155.1,28800.0,27775.0,28154.0,543712.838,15395006484.55794
2023-04-06,28154.0,28175.0,27684.2,28022.8,355916.782,9953310708.79362
2023-04-07,28022.9,28096.0,27755.0,27890.7,219250.178,6118045792.5145
2023-04-08,27890.7,28153.6,27850.1,27924.9,159129.56,4453733138.91332
2023-04-09,27924.9,28539.1,27762.8,28309.4,305861.88,8589117716.66099
2023-04-10,28309.4,29840.0,28153.6,29623.1,580061.925,16759574206.41599
2023-04-11,29623.1,30564.0,29573.9,30185.1,628978.491,18933421282.50967
2023-04-12,30185.1,30480.0,29620.0,29875.0,563668.43,16925990333.74135
2023-04-13,29874.9,30648.9,29836.7,30362.7,436182.494,13196552183.52759
2023-04-14,30362.7,31059.0,29925.0,30453.1,615391.615,18803216668.181
2023-04-15,30453.0,30599.9,30186.0,30280.4,180234.082,5470537724.74858
2023-04-16,30280.4,30560.0,30102.0,30286.6,210226.019,6372172002.43268
2023-04-17,30286.6,30307.4,29219.9,29420.0,455518.548,13503235174.14893
2023-04-18,29420.1,30480.0,29078.1,30365.8,533189.27,16000595786.75336
2023-04-19,30365.8,30410.0,28557.3,28795.1,643866.11,18890822746.77531
2023-04-20,28795.0,29078.0,27983.0,28229.9,639179.286,18268559026.79414
2023-04-21,28229.9,28368.9,27100.0,27252.5,687832.833,19154822175.12687
2023-04-22,27252.6,27888.0,27126.0,27807.2,345549.021,9486931563.8422
2023-04-23,27807.2,27807.3,27279.7,27576.0,332082.355,9148054894.69136
2023-04-24,27575.9,28000.0,26919.3,27497.5,581268.268,15953818918.34071
2023-04-25,27497.4,28379.9,27176.6,28286.7,508254.515,14045812538.45073
2023-04-26,28286.7,30048.2,27200.0,28395.9,1284924.668,36973550164.94095
2023-04-27,28396.0,29898.0,28365.3,29459.0,952584.739,27782772896.56456
2023-04-28,29459.0,29591.1,28870.0,29300.0,508350.155,14879300727.03726
2023-04-29,29300.0,29443.9,29000.4,29212.7,218013.244,6381226955.68392
2023-04-30,29212.7,29950.0,29067.4,29223.0,417798.846,12308569143.22655
2023-05-01,29223.0,29325.5,27650.0,28054.4,624974.488,17715530181.15137
2023-05-02,28054.5,28888.0,27854.0,28656.5,513546.269,14563151413.11936
2023-05-03,28656.4,29258.4,28080.0,29018.4,676466.23,19317326412.84522
2023-05-04,29018.4,29380.0,28660.0,28826.0,426425.584,12351553435.64055
2023-05-05,28826.0,29693.0,28618.3,29491.5,578485.177,16927223730.86086
2023-05-06,29491.5,29840.0,28333.0,28837.8,475628.901,13798897391.83881
2023-05-07,28837.9,29137.0,28370.0,28419.4,308410.643,8896354660.35729
2023-05-08,28419.5,28624.6,27250.0,27659.8,658188.777,18339478036.73547
2023-05-09,27659.8,27815.6,27316.8,27610.2,367664.686,10141376746.46744
2023-05-10,27610.2,28297.0,26666.6,27582.9,722502.676,20001892800.24953
2023-05-11,27583.0,27630.0,26688.8,26956.4,538822.363,14649119359.74357
2023-05-12,26956.4,27090.0,25751.0,26785.1,615645.508,16266529977.65859
2023-05-13,26785.2,27051.5,26674.9,26762.7,242694.929,6509153676.52752
2023-05-14,26762.8,27200.0,26557.0,26901.9,247579.427,6656688171.93944
2023-05-15,26901.9,27650.0,26694.4,27152.5,450263.076,12295451723.86526
2023-05-16,27152.5,27284.7,26832.0,27024.8,373172.951,10093411170.41688
2023-05-17,27024.7,27500.0,26527.5,27395.8,490065.218,13216351846.61259
2023-05-18,27395.7,27482.7,26335.3,26809.3,544971.979,14727436133.81543
2023-05-19,26809.4,27180.0,26611.2,26870.1,324097.956,8708772764.36967
2023-05-20,26870.1,27144.4,26813.5,27089.5,137515.354,3707697281.1093
2023-05-21,27089.6,27288.0,26642.0,26732.8,238776.425,6431869877.90651
2023-05-22,26732.8,27097.8,26500.0,26840.2,328030.52,8796130693.48035
2023-05-23,26840.2,27527.5,26782.6,27209.9,369176.618,10055521160.75082
2023-05-24,27209.9,27212.9,26060.0,26313.8,535191.677,14198721097.42495
2023-05-25,26313.9,26644.0,25850.0,26461.8,394535.225,10368530938.48118
2023-05-26,26461.7,26925.0,26313.9,26689.9,324475.546,8633310426.32368
2023-05-27,26689.8,26890.0,26528.6,26841.6,163681.935,4371514145.40532
2023-05-28,26841.6,28252.8,26746.0,28055.7,440115.394,12079775165.95981
2023-05-29,28055.8,28442.0,27513.5,27722.0,411290.549,11464529935.57118
2023-05-30,27722.1,28038.6,27530.0,27680.1,334379.313,9289854388.3587
2023-05-31,27680.0,27825.0,26826.0,27201.1,471381.89,12797264657.29916
2023-06-01,27201.1,27347.9,26600.0,26805.3,404787.572,10888995134.74279
2023-06-02,26805.3,27290.0,26477.6,27227.8,391110.093,10565372872.49042
2023-06-03,27227.8,27340.2,26900.0,27054.9,182464.1,4951602182.2861
2023-06-04,27054.9,27460.0,26935.3,27102.4,218271.544,5933883455.85455
2023-06-05,27102.4,27125.0,25360.1,25714.7,700502.548,18357609610.21765
2023-06-06,25714.6,27358.1,25321.6,27221.5,731445.649,19197033011.63045
2023-06-07,27221.5,27394.4,26111.0,26325.9,660044.537,17580869410.88071
2023-06-08,26325.9,26800.0,26195.4,26485.9,333104.839,8818214857.61013
2023-06-09,26486.0,26775.0,26236.0,26468.1,283719.198,7524310651.84534
2023-06-10,26468.2,26525.0,25300.0,25826.6,608917.569,15698931318.50649
2023-06-11,25826.6,26199.0,25621.3,25909.9,279365.563,7227089796.30363
2023-06-12,25910.0,26097.7,25600.0,25894.8,298900.468,7727691958.70051
2023-06-13,25894.8,26430.5,25708.0,25918.0,434536.754,11308944583.66133
2023-06-14,25918.0,26099.3,24796.8,25115.9,464681.602,11881929860.74104
2023-06-15,25115.9,25750.0,24777.0,25586.1,473971.375,11936022995.7639
2023-06-16,25586.0,26526.9,25142.1,26336.0,533144.956,13781333096.97194
2023-06-17,26335.9,26900.0,26170.8,26508.9,305738.396,8106952525.28539
2023-06-18,26508.8,26709.4,26230.9,26329.7,241977.484,6411604568.41224
2023-06-19,26329.6,27077.0,26241.2,26828.5,400533.758,10651201162.61209
2023-06-20,26828.6,28397.8,26633.9,28290.6,758176.297,20786331287.82493
2023-06-21,28290.7,30822.0,28236.4,29988.5,1123474.427,33165677031.81134
2023-06-22,29988.5,30488.0,29500.1,29875.0,561051.742,16856175550.40033
2023-06-23,29875.0,31500.0,29792.0,30673.4,699073.071,21421175144.69206
2023-06-24,30673.5,30796.5,30222.0,30524.2,279539.288,8546756825.90515
2023-06-25,30524.2,31053.2,30252.6,30458.0,301533.154,9236905464.93146
2023-06-26,30458.0,30667.3,29890.1,30260.1,415099.356,12562149789.70421
2023-06-27,30260.1,30998.5,30213.0,30683.2,406073.348,12421440922.16078
2023-06-28,30683.2,30701.8,29804.6,30066.3,416656.434,12598592811.65844
2023-06-29,30066.3,30837.0,30036.1,30439.9,382072.846,11648327668.80449
2023-06-30,30439.9,31300.0,29500.0,30460.2,809331.305,24662962533.50455
2023-07-01,30460.2,30668.2,30311.3,30573.6,135520.246,4133098990.12844
2023-07-02,30573.6,30800.0,30149.9,30612.7,231866.188,7079342099.35315
2023-07-03,30612.7,31395.2,30559.4,31149.0,370293.236,11455001608.3097
2023-07-04,31149.0,31319.4,30600.0,30756.1,300832.26,9313935624.33744
2023-07-05,30756.1,30875.2,30175.8,30488.4,294896.578,8991870910.78812
2023-07-06,30488.4,31568.0,29818.0,29874.4,721267.219,22070224345.63387
2023-07-07,29874.3,30443.6,29680.0,30327.9,337801.654,10184988283.5844
2023-07-08,30328.0,30380.0,30026.8,30269.3,138734.493,4191064151.51028
2023-07-09,30269.2,30443.4,30042.0,30147.8,162296.263,4910685209.23742
2023-07-10,30147.8,31040.0,29928.8,30396.9,429115.537,13041797875.98727
2023-07-11,30396.9,30804.9,30261.4,30608.4,298904.747,9119181979.08487
2023-07-12,30608.3,30980.5,30186.0,30368.9,425058.257,13009902129.34863
2023-07-13,30368.9,31850.0,30233.0,31441.7,696023.51,21574885298.97106
2023-07-14,31441.6,31640.0,29876.6,30293.3,538692.246,16570590022.18309
2023-07-15,30293.3,30380.0,30220.2,30276.4,111622.474,3381748954.15686
2023-07-16,30276.5,30441.6,30050.0,30216.8,173805.94,5260328370.6608
2023-07-17,30216.9,30329.7,29630.0,30126.1,344113.427,10348549509.48323
2023-07-18,30126.0,30227.5,29400.0,29845.6,337396.417,10078127136.72446
2023-07-19,29845.7,30178.5,29745.0,29895.5,298418.854,8941549015.88861
2023-07-20,29895.5,30420.0,29468.8,29791.0,410263.764,12295839232.23674
2023-07-21,29791.0,30056.2,29705.9,29891.4,221145.074,6601525560.44956
2023-07-22,29891.5,29986.0,29602.2,29783.5,143375.956,4278958894.21528
2023-07-23,29783.5,30368.2,29718.9,30070.8,224713.846,6742455119.06672
2023-07-24,30070.9,30091.7,28830.0,29163.8,434182.417,12739148029.69294
2023-07-25,29163.8,29379.5,29033.0,29216.3,196438.618,5733864849.27923
2023-07-26,29216.2,29670.5,29083.0,29336.0,318527.582,9342519728.59463
2023-07-27,29336.0,29558.4,29065.5,29209.7,223376.534,6549775823.23634
2023-07-28,29209.8,29535.7,29112.8,29299.9,221299.867,6485251844.3234
2023-07-29,29300.0,29397.9,29237.5,29339.1,87100.719,2552974723.6625
2023-07-30,29339.1,29442.5,29006.0,29271.1,169901.253,4971420690.30703
2023-07-31,29271.2,29525.8,29100.0,29220.8,230381.722,6752624719.92772
2023-08-01,29220.8,29735.0,28550.0,29701.2,442328.643,12851250046.85139
2023-08-02,29701.2,30059.9,28906.3,29170.1,491725.492,14482383687.34577
2023-08-03,29170.2,29440.0,28955.4,29180.2,251967.942,7357451848.69498
2023-08-04,29180.1,29323.8,28780.0,29101.1,229395.673,6681106341.50991
2023-08-05,29101.1,29145.0,28960.0,29057.7,82508.624,2396889615.43942
2023-08-06,29057.7,29199.0,28978.5,29075.9,103094.44,2997426571.5375
2023-08-07,29075.9,29274.5,28682.3,29202.7,297752.439,8642375892.18842
2023-08-08,29202.7,30250.0,29132.4,29759.0,459269.801,13599577748.60257
2023-08-09,29758.9,30149.7,29362.0,29572.8,362009.701,10756925627.79187
2023-08-10,29572.9,29729.8,29303.7,29443.7,234546.038,6922645509.59273
2023-08-11,29443.7,29565.1,29220.0,29415.5,179044.008,5265186188.14472
2023-08-12,29415.5,29470.0,29360.0,29420.7,56238.035,1654106361.1419
2023-08-13,29420.8,29463.0,29256.6,29293.3,84190.505,2472829612.6647
2023-08-14,29293.3,29686.7,29070.0,29419.5,295035.383,8677120731.75313
2023-08-15,29419.5,29492.1,29050.0,29188.8,191289.959,5604668799.70402
2023-08-16,29188.9,29257.4,28705.1,28714.4,272023.138,7903933631.97155
2023-08-17,28714.4,28775.9,24581.0,26609.7,868508.22,23892373364.35867
2023-08-18,26609.7,26818.0,25600.0,26042.1,522375.316,13701338877.41335
2023-08-19,26042.0,26269.4,25783.4,26088.3,202219.153,5259138403.39374
2023-08-20,26088.4,26285.0,25948.5,26175.9,141089.85,3684280536.48474
2023-08-21,26175.9,26280.0,25800.0,26115.4,232505.265,6052756159.68538
2023-08-22,26115.4,26128.2,25280.0,26044.4,313113.576,8099008037.07027
2023-08-23,26044.5,26806.0,25800.0,26419.2,412969.028,10844866911.05113
2023-08-24,26419.2,26568.3,25835.0,26164.6,286753.337,7517625485.57741
2023-08-25,26164.6,26300.0,25754.4,26051.7,274830.494,7151164304.37309
2023-08-26,26051.7,26129.4,25969.0,26004.3,63925.862,1664151835.8984
2023-08-27,26004.3,26173.6,25955.6,26087.7,86505.398,2255661579.44877
2023-08-28,26087.6,26244.6,25850.4,26106.5,219992.051,5728245334.03454
2023-08-29,26106.5,28168.0,25905.2,27700.1,700233.946,19063888802.78101
2023-08-30,27700.1,27758.2,26950.0,27290.4,315313.916,8611722669.03794
2023-08-31,27290.4,27674.3,25617.8,25928.0,502906.277,13374373720.159
2023-09-01,25928.0,26151.6,25312.0,25795.6,361184.924,9314832822.37795
2023-09-02,25795.6,25975.0,25740.6,25855.8,107642.864,2780278800.436
2023-09-03,25855.8,26135.2,25777.0,25962.1,133016.832,3448807040.90302
2023-09-04,25962.1,26099.3,25610.0,25814.0,173147.873,4476150022.96639
2023-09-05,25814.0,25900.0,25531.2,25779.7,186639.945,4801841760.65064
2023-09-06,25779.7,26052.0,25326.0,25747.4,251122.66,6451012388.43805
2023-09-07,25747.4,26451.0,25602.3,26240.7,257349.902,6683838708.83606
2023-09-08,26240.7,26437.5,25630.0,25899.8,249269.761,6476749865.05496
2023-09-09,25899.9,25940.6,25781.5,25892.6,67909.81,1756326250.4234
2023-09-10,25892.6,26037.3,25508.7,25828.4,162972.413,4203882568.6831
2023-09-11,25828.4,25895.0,24888.0,25150.4,427216.374,10833054059.77662
2023-09-12,25150.4,26580.0,25116.4,25825.8,592049.678,15363954424.52744
2023-09-13,25825.8,26400.0,25750.0,26209.9,335252.718,8752833623.09691
2023-09-14,26209.9,26880.0,26106.6,26510.3,380666.471,10081082095.72619
2023-09-15,26510.3,26890.0,26206.6,26591.1,251656.77,6669561598.24096
2023-09-16,26591.1,26763.5,26430.0,26546.9,140482.465,3729905321.7588
2023-09-17,26547.0,26614.3,26377.4,26514.2,114239.394,3027518454.4446
2023-09-18,26514.2,27397.0,26358.6,26749.9,472539.032,12722651442.18257
2023-09-19,26749.9,27480.0,26653.2,27196.0,433511.747,11764014197.82195
2023-09-20,27195.9,27381.0,26740.0,27107.7,348921.447,9453380064.9792
2023-09-21,27107.7,27149.0,26360.1,26552.6,317992.869,8489071729.18165
2023-09-22,26552.6,26737.7,26452.9,26566.7,173534.648,4616219481.9717
2023-09-23,26566.7,26620.6,26492.2,26563.1,57836.484,1536234764.7418
2023-09-24,26563.0,26739.9,26081.0,26232.4,146632.773,3882520896.41624
2023-09-25,26232.4,26440.0,25965.0,26290.5,268385.836,7028826209.2632
2023-09-26,26290.5,26388.0,26073.8,26208.8,180491.169,4732077914.06044
2023-09-27,26208.7,26849.9,26050.0,26359.6,353002.84,9328178302.68859
2023-09-28,26359.6,27308.7,26325.2,27011.8,429587.858,11511420032.6491
2023-09-29,27011.7,27231.5,26625.0,26890.9,277397.643,7472678754.10716
2023-09-30,26890.9,27085.0,26870.4,26950.9,92317.154,2489538716.4701
2023-10-01,26951.0,28365.2,26939.0,27981.4,240382.946,6597423569.0926
2023-10-02,27981.4,28613.0,27255.0,27477.6,593277.72,16636546184.94729
2023-10-03,27477.7,27665.0,27123.0,27412.0,283077.899,7764002370.30097
2023-10-04,27412.0,27830.0,27163.9,27759.8,280784.322,7725687370.07408
2023-10-05,27759.7,28110.0,27333.5,27398.4,370190.087,10248367834.29458
2023-10-06,27398.3,28450.0,27156.0,27916.3,438445.904,12148383610.73177
2023-10-07,27916.3,28018.7,27822.1,27943.0,117049.145,3267342158.1076
2023-10-08,27943.0,28082.0,27671.0,27901.2,178380.307,4975001729.5113
2023-10-09,27901.2,27977.0,27250.0,27578.3,314316.581,8665868960.69567
2023-10-10,27578.4,27727.3,27281.0,27381.2,239779.496,6587799296.3111
2023-10-11,27381.3,27467.6,26525.0,26864.5,388186.571,10465119996.4274
2023-10-12,26864.5,26939.0,26534.8,26744.0,220279.04,5889875524.20162
2023-10-13,26744.0,27120.8,26670.1,26849.8,243222.154,6531230809.70284
2023-10-14,26849.7,26986.4,26773.1,26836.3,82164.781,2208107023.81852
2023-10-15,26836.4,27456.1,26790.4,27139.8,160000.462,4324470125.81482
2023-10-16,27139.8,30720.0,27095.4,28486.3,823003.782,23288253085.66756
2023-10-17,28486.3,28605.0,28055.0,28381.9,314189.758,8911627202.91139
2023-10-18,28382.0,29100.0,28126.6,28307.1,297176.628,8454733708.39205
2023-10-19,28307.2,28933.4,28076.0,28696.9,333673.207,9523779728.80222
2023-10-20,28697.0,30243.0,28560.0,29653.0,551005.327,16251872830.69389
2023-10-21,29653.0,30374.6,29443.5,29895.4,258195.956,7714008513.63393
2023-10-22,29895.4,30229.7,29606.6,29981.5,198602.758,5938982672.49338
2023-10-23,29981.4,35981.9,29869.4,33074.0,987741.536,31143119218.83396
2023-10-24,33074.0,35300.0,32833.5,33917.0,921993.063,31438800457.07022
2023-10-25,33917.0,35154.3,33660.6,34487.7,465367.144,16013137764.07121
2023-10-26,34487.8,34828.7,33750.0,34154.0,339552.964,11632500642.20401
2023-10-27,34154.0,34253.3,33350.0,33893.1,278052.978,9431378767.25107
2023-10-28,33893.2,34535.8,33867.4,34086.6,138314.932,4721192040.5172
2023-10-29,34086.7,34773.8,33933.0,34528.6,175897.55,6052162692.45699
2023-10-30,34528.6,34888.2,34050.0,34483.8,281841.348,9712557953.95943
2023-10-31,34483.8,34744.7,34016.8,34651.4,272450.567,9367740893.9104
2023-11-01,34651.4,35734.0,34076.0,35437.4,469214.787,16310840373.51904
2023-11-02,35437.5,35999.9,34300.0,34940.1,410221.727,14411069440.58643
2023-11-03,34940.1,34944.9,34123.0,34700.4,306048.199,10557775671.82227
2023-11-04,34700.5,35270.0,34571.6,35069.7,140746.874,4903087436.09509
2023-11-05,35069.7,35455.2,34356.0,35025.5,231363.339,8104514852.65571
2023-11-06,35025.5,35299.9,34743.2,35057.4,202227.215,7084946768.0661
2023-11-07,35057.5,35921.7,34520.3,35406.5,343525.95,12064060090.68823
2023-11-08,35406.5,36150.0,35073.0,35626.7,334779.449,11899393604.89829
2023-11-09,35626.7,38499.9,35304.0,36719.5,778877.937,28650466494.87653
2023-11-10,36719.6,37570.0,36350.0,37330.4,299373.892,11076896066.60177
2023-11-11,37330.3,37422.2,36588.0,37162.1,159239.284,5903428289.9594
2023-11-12,37162.1,37258.4,36753.6,37085.5,118890.045,4409373212.1171
2023-11-13,37085.6,37464.8,36350.0,36486.2,257075.648,9473874020.94803
2023-11-14,36486.2,36779.9,34446.3,35559.0,397265.8,14314693961.9118
2023-11-15,35559.1,38000.0,35388.0,37885.6,423818.57,15581195427.04667
2023-11-16,37885.5,37956.5,35486.1,36176.0,434444.366,15963485688.09104
2023-11-17,36176.0,37020.5,35868.3,36621.9,319943.051,11629773626.22051
2023-11-18,36621.9,36900.0,36196.0,36580.9,121720.922,4446623778.62677
2023-11-19,36580.9,37528.2,36380.0,37375.9,154713.007,5695092295.31787
2023-11-20,37375.8,37784.7,36600.0,37462.5,310504.037,11585755433.13282
2023-11-21,37462.6,37675.0,35720.0,35737.0,450731.16,16617512774.69305
2023-11-22,35737.0,37880.0,35610.7,37413.4,338189.618,12443659325.49277
2023-11-23,37413.5,37650.0,36856.3,37294.3,185369.931,6912924978.37547
2023-11-24,37294.4,38425.0,37257.3,37706.3,351031.723,13275238103.95441
2023-11-25,37706.3,37886.5,37570.9,37766.6,82589.329,3116830221.06905
2023-11-26,37766.7,37807.6,37126.0,37437.9,173758.644,6511523445.85111
2023-11-27,37437.9,37560.0,36700.0,37234.3,266112.699,9864595980.22536
2023-11-28,37234.4,38395.0,36856.0,37812.1,318426.327,11989725382.60476
2023-11-29,37812.0,38500.0,37551.8,37837.1,261631.881,9929131546.05138
2023-11-30,37837.2,38132.0,37442.9,37716.8,191188.871,7217490282.26007
2023-12-01,37716.9,38989.0,37600.0,38660.0,342361.994,13165741479.13575
2023-12-02,38659.9,39900.0,38613.5,39435.0,213210.311,8343797522.28991
2023-12-03,39435.1,40410.1,39255.2,39979.7,221917.905,8809720241.44514
2023-12-04,39979.8,42440.0,39970.4,41993.1,602492.859,24973172580.45416
2023-12-05,41993.1,44528.1,41393.5,44081.7,575038.041,24684026724.28502
2023-12-06,44081.7,44349.8,43377.0,43774.8,383957.738,16855439556.37356
2023-12-07,43775.1,44066.7,42815.0,43296.0,346421.958,15052072255.7809
2023-12-08,43296.0,44779.3,43100.0,44209.5,281880.593,12354864659.75649
2023-12-09,44209.6,44389.2,43555.0,43734.3,189339.656,8331208461.23936
2023-12-10,43734.2,44099.2,43552.5,43810.0,144548.259,6336935031.6078
2023-12-11,43810.1,43833.4,40228.3,41271.0,620753.439,25927086771.59747
2023-12-12,41271.1,42125.0,40711.0,41515.0,356541.118,14804780111.22747
2023-12-13,41514.9,43517.6,40556.0,42875.0,396710.296,16618328876.25431
2023-12-14,42875.0,43450.1,41140.0,43032.4,361628.325,15456710755.29236
2023-12-15,43032.3,43098.0,41668.0,41968.0,257177.013,10899991321.40501
2023-12-16,41968.0,42756.7,41638.1,42287.4,160549.459,6792519091.8989
2023-12-17,42287.4,42476.0,41248.3,41396.5,224722.851,9421985303.21506
2023-12-18,41396.6,42795.3,40553.8,42671.7,375385.675,15562426218.22632
2023-12-19,42671.8,43550.0,41835.4,42298.3,315311.844,13457649560.46984
2023-12-20,42298.2,44384.6,42218.3,43708.9,377008.923,16393157759.03438
2023-12-21,43708.9,44287.2,43317.2,43896.3,276922.155,12123140366.35172
2023-12-22,43896.4,44484.0,43430.4,43999.2,238341.933,10452147024.44062
2023-12-23,43999.2,44023.0,43304.2,43725.2,120792.199,5275597701.9703
2023-12-24,43725.2,43994.8,42550.0,43008.4,179967.251,7820621575.19171
2023-12-25,43008.4,43850.0,42755.4,43611.9,184210.274,7998973036.56107
2023-12-26,43611.9,43635.1,41597.0,42538.5,295583.678,12579682837.18391
2023-12-27,42538.6,43700.0,42145.7,43453.8,251351.538,10800417570.90282
2023-12-28,43453.8,43850.0,42320.5,42600.1,257515.182,11056852869.47034
2023-12-29,42600.1,43171.9,41283.2,42095.1,337421.865,14290101442.75712
2023-12-30,42095.1,42654.6,41550.0,42174.2,183890.67,7750535197.76647
2023-12-31,42174.3,42951.0,42001.0,42314.0,173508.289,7373114617.21853
2024-01-01,42314.0,44266.0,42207.9,44230.2,206424.144,8897557996.51846
2024-01-02,44230.3,45950.0,44200.9,44979.8,459798.523,20799115632.46685
2024-01-03,44979.7,45582.3,40333.0,42849.5,595855.225,25726152649.43654
2024-01-04,42849.5,44840.8,42625.0,44143.8,333923.098,14582787988.83859
2024-01-05,44143.8,44500.0,42300.0,44145.4,374967.791,16383172715.24129
2024-01-06,44145.3,44214.6,43391.3,43956.7,138542.797,6067670136.35873
2024-01-07,43956.6,44486.9,43557.5,43916.9,180710.714,7960341657.87697
2024-01-08,43916.9,47312.0,43158.1,46972.7,495087.983,22401426143.93918
2024-01-09,46972.6,48100.0,44417.2,46114.0,513362.773,23864636393.45204
2024-01-10,46113.9,47699.3,44291.5,46662.9,668657.474,30628280360.85305
2024-01-11,46663.0,49027.5,45600.0,46337.8,596698.379,28052864785.47425
2024-01-12,46337.9,46536.2,41370.0,42788.9,575943.258,25506347481.11302
2024-01-13,42789.0,43273.4,42445.7,42846.4,207737.326,8903288166.33136
2024-01-14,42846.4,43096.1,41713.5,41734.9,181096.968,7710193172.30398
2024-01-15,41734.9,43376.0,41720.0,42515.0,240059.141,10237828482.80086
2024-01-16,42515.0,43589.0,42050.0,43133.0,287207.233,12326619430.2348
2024-01-17,43133.0,43198.0,42200.0,42783.4,209396.081,8935030009.19649
2024-01-18,42783.3,42932.3,40673.6,41323.1,335080.756,14029461752.96119
2024-01-19,41323.2,42197.0,40300.0,41662.2,345941.73,14252164353.07918
2024-01-20,41662.1,41883.5,41453.6,41691.8,95866.062,3989874076.29828
2024-01-21,41691.8,41880.9,41500.0,41580.0,67035.552,2795034232.08641
2024-01-22,41579.9,41692.3,39402.0,39567.0,459024.106,18601094756.09346
2024-01-23,39567.1,40172.7,38545.0,39890.0,414373.386,16262676717.26893
2024-01-24,39889.9,40560.6,39493.3,40078.7,272754.171,10898797410.02247
2024-01-25,40078.8,40300.0,39535.3,39953.3,203728.679,8134002285.16447
2024-01-26,39953.3,42239.3,39813.1,41806.4,355418.478,14627005545.1065
2024-01-27,41806.4,42187.1,41360.1,42102.2,118437.114,4949330917.72336
2024-01-28,42102.2,42836.0,41600.0,42021.2,205736.453,8694654832.16972
2024-01-29,42021.2,43340.8,41768.3,43287.7,249502.11,10615111402.26071
2024-01-30,43287.6,43888.0,42665.6,42918.3,257582.784,11174336066.69975
2024-01-31,42918.3,43748.6,42257.6,42560.5,313069.11,13443352429.15163
2024-02-01,42560.5,43288.0,41866.8,43072.6,274321.107,11658501786.30592
2024-02-02,43072.6,43480.0,42512.7,43182.0,205767.574,8854896870.13836
2024-02-03,43182.0,43372.2,42858.3,42992.4,89735.22,3867372627.98708
2024-02-04,42992.4,43112.1,42176.7,42570.3,127421.548,5453304864.80739
2024-02-05,42570.3,43580.0,42235.1,42692.9,240655.549,10308099591.89269
2024-02-06,42692.9,43378.8,42559.8,43079.1,196157.643,8429315912.62482
2024-02-07,43079.1,44388.0,42763.4,44326.2,252057.708,10954644814.28782
2024-02-08,44326.3,45600.0,44306.8,45269.1,299738.288,13472865468.76801
2024-02-09,45269.2,48230.3,45218.1,47116.1,519919.419,24408544252.73436
2024-02-10,47116.1,48189.6,46836.4,47732.6,179626.604,8517076446.277
2024-02-11,47732.6,48600.0,47539.4,48303.4,209951.626,10111698916.38982
2024-02-12,48303.4,50413.2,47702.0,49943.6,450895.202,22160439674.1704
2024-02-13,49943.6,50428.8,48301.0,49696.4,382348.085,18877386934.6482
2024-02-14,49696.4,52100.0,49215.7,51823.2,395191.791,20230765100.11763
2024-02-15,51823.1,52859.0,51334.9,51898.5,392724.603,20470765163.49206
2024-02-16,51898.4,52623.0,51611.7,52148.6,259819.793,13526420001.52013
2024-02-17,52148.7,52192.8,50647.5,51679.4,222342.005,11434408252.82568
2024-02-18,51679.5,52450.0,51178.0,52175.9,166636.426,8636668534.04451
2024-02-19,52175.9,52532.9,51688.8,51813.8,196387.978,10243057368.09604
2024-02-20,51813.7,53090.9,50788.0,52297.4,388913.064,20209071433.34851
2024-02-21,52297.3,52402.3,50528.4,51877.8,308127.301,15814919137.63912
2024-02-22,51877.9,52130.8,50967.5,51316.9,244144.647,12596855772.34223
2024-02-23,51316.9,51576.3,50512.7,50771.9,215474.562,11000943935.5279
2024-02-24,50771.9,51736.6,50611.4,51602.1,104944.457,5375932540.32768
2024-02-25,51602.1,52050.0,51300.4,51764.9,122177.26,6314690489.48664
2024-02-26,51764.9,54991.8,50922.5,54511.6,393466.231,20859521852.00051
2024-02-27,54511.7,57780.0,54495.0,57074.5,511475.535,28943003745.31963
2024-02-28,57074.5,64300.0,56730.1,62487.9,1010118.442,61121395260.18302
2024-02-29,62487.9,63762.8,60452.0,61203.3,584713.883,36342923573.76713
2024-03-01,61203.3,63199.0,60844.8,62430.6,299231.827,18555341528.19973
2024-03-02,62430.6,62513.1,61605.0,62039.9,159283.629,9880073062.42179
2024-03-03,62039.9,63330.9,61339.5,63178.5,200312.503,12480586261.48198
2024-03-04,63178.5,68600.0,62299.0,68296.4,632882.144,41606992664.57328
2024-03-05,68296.5,69350.0,59112.0,63747.4,1053025.132,68785497181.28033
2024-03-06,63747.5,67729.5,62829.3,66128.1,534011.813,35282709655.61008
2024-03-07,66128.0,68101.3,65609.3,66870.0,296092.788,19831473590.1586
2024-03-08,66870.0,70330.8,66120.0,68180.2,459387.207,31244040068.19154
2024-03-09,68180.2,68608.7,67908.7,68360.1,94899.005,6480692325.8141
2024-03-10,68360.2,69999.8,68155.0,69001.8,233596.523,16185393841.67323
2024-03-11,69001.8,72890.0,67000.0,72153.8,474396.897,33718116318.4871
2024-03-12,72153.9,73370.0,68600.0,71503.2,472072.331,33679961862.9098
2024-03-13,71503.3,73755.0,71388.1,73127.6,288446.338,20996680531.98601
2024-03-14,73127.6,73881.4,68600.0,71455.5,513901.237,36716558419.97936
2024-03-15,71455.6,72500.0,65580.0,69552.2,705810.685,48272589072.43203
2024-03-16,69552.1,70097.6,64750.0,65351.0,333426.129,22541723738.08737
2024-03-17,65351.0,68972.4,64559.8,68447.9,314890.309,21028336103.89335
2024-03-18,68447.9,69044.4,66601.6,67660.0,317885.916,21525969323.10516
2024-03-19,67660.0,68178.6,61582.8,61974.1,700466.795,45022413705.43772
2024-03-20,61974.1,68140.0,60800.0,67876.4,637362.465,40691118766.89385
2024-03-21,67876.4,68293.9,64550.1,65539.9,347218.385,23114287433.97302
2024-03-22,65539.9,66691.9,62294.0,63826.0,401149.333,25742798562.87778
2024-03-23,63826.1,66050.0,63020.2,64020.3,239124.0,15454464441.79797
2024-03-24,64020.4,67700.0,63822.0,67260.9,244179.435,15988550837.61994
2024-03-25,67260.9,71228.3,66427.6,69920.5,395156.191,27232095366.19894
2024-03-26,69920.6,71649.0,69320.0,70044.1,307861.116,21669886112.75456
2024-03-27,70044.2,71888.0,68364.8,69532.6,407286.574,28455795608.20996
2024-03-28,69532.6,71636.2,68941.0,70838.7,241970.822,17082567361.70556
2024-03-29,70838.8,70976.9,69000.0,69903.6,187970.841,13153542392.49107
2024-03-30,69903.6,70388.0,69577.2,69642.1,91126.75,6381178971.24793
2024-03-31,69642.0,71495.5,69608.0,71363.0,132458.79,9355678962.74715
2024-04-01,71363.0,71388.0,68103.3,69700.0,282812.126,19638685563.10507
2024-04-02,69700.0,69731.6,64603.2,65505.3,499041.572,33033080048.77764
2024-04-03,65502.4,66940.0,64500.0,65971.9,275041.23,18154927438.74836
2024-04-04,65971.8,69329.7,65100.0,68489.9,326385.338,21993168904.27893
2024-04-05,68489.8,68787.1,65966.0,67825.7,313547.293,21110165189.20931
2024-04-06,67825.8,69708.0,67450.0,68901.6,127343.726,8691055181.73954
2024-04-07,68901.5,70395.0,68820.6,69362.7,171783.436,11941226271.93175
2024-04-08,69362.7,72890.4,69040.4,71678.4,297237.449,21244762968.03559
2024-04-09,71678.3,71820.6,68216.0,69189.3,334059.403,23375265337.43875
2024-04-10,69189.2,71412.2,67546.2,70681.7,337774.756,23325641513.82547
2024-04-11,70681.8,71387.4,69592.6,70055.7,256194.153,18046895525.55698
2024-04-12,70055.6,71297.0,65102.0,67136.4,415528.149,28466614548.62947
2024-04-13,67136.4,67975.4,59652.5,63939.7,515005.203,33367903479.68061
2024-04-14,63939.7,65822.1,62139.3,65615.9,395770.133,25338078893.58177
2024-04-15,65615.9,66874.9,62242.5,63392.7,381532.225,24677843958.38368
2024-04-16,63392.8,64356.3,61521.0,63765.0,405931.439,25471361626.3662
2024-04-17,63764.9,64483.3,59625.0,61254.5,444032.992,27402345105.77818
2024-04-18,61254.5,64100.0,60763.8,63445.0,363302.394,22708533755.01486
2024-04-19,63445.0,65480.0,59541.0,63787.4,574264.058,36332133260.93782
2024-04-20,63787.4,65400.0,63045.1,64897.2,197142.262,12657413510.99301
2024-04-21,64897.2,65678.7,64214.2,64912.6,160533.948,10421155519.373
2024-04-22,64912.7,67222.0,64470.5,66778.0,246268.411,16249055489.46204
2024-04-23,66777.9,67158.9,65750.0,66386.3,178665.564,11872124257.8761
2024-04-24,66386.2,67068.2,63575.0,64250.0,280545.061,18306883252.6262
2024-04-25,64250.0,65270.6,62721.3,64478.8,275211.062,17615966077.8484
2024-04-26,64478.8,64783.1,63291.5,63748.8,202149.813,12953589145.9185
2024-04-27,63748.7,63901.4,62332.8,63421.0,167349.109,10551185173.9539
2024-04-28,63420.9,64350.0,62700.0,63088.3,126056.151,8016661482.1787
2024-04-29,63088.4,64200.0,61726.2,63842.4,228411.163,14315434994.6138
2024-04-30,63842.4,64700.0,59150.0,60651.2,408747.703,25092892151.668
2024-05-01,60651.2,60816.7,56537.7,58307.6,564108.4,32693924650.62684
2024-05-02,58307.7,59637.3,56951.6,59036.7,299229.302,17487969119.06051
2024-05-03,59036.7,63333.0,58781.3,62853.7,353606.459,21564253109.5137
2024-05-04,62853.7,64547.9,62520.0,63864.2,205205.199,13034701951.8815
2024-05-05,63864.3,64644.3,62833.0,63988.0,185495.653,11834485753.5008
2024-05-06,63987.9,65500.0,62655.3,63142.8,305110.067,19505860305.1004
2024-05-07,63142.7,64392.2,62203.6,62296.0,238974.646,15159034876.2773
2024-05-08,62296.0,62994.9,60843.6,61157.9,241651.579,15009452763.9564
2024-05-09,61157.9,63447.2,60550.0,63050.1,242451.302,14981786317.7292
2024-05-10,63050.0,63446.5,60117.4,60778.1,307214.96,18938234544.3996
2024-05-11,60778.0,61491.4,60432.6,60809.2,113294.787,6901847057.2759
2024-05-12,60809.2,61849.4,60557.3,61455.8,104043.897,6368574511.4435
2024-05-13,61455.7,63440.0,60750.0,62912.1,261927.073,16330380829.2882
2024-05-14,62912.2,63099.6,60950.0,61550.5,244345.274,15109206760.3044
2024-05-15,61550.5,66440.0,61316.1,66175.4,365031.68,23386517394.0322
2024-05-16,66175.4,66800.0,64567.0,65217.7,242455.324,15938380818.0105
2024-05-17,65217.7,67400.6,65061.2,66980.0,227063.919,15063429110.742
2024-05-18,66980.0,67340.5,66503.2,66884.9,96931.548,6486954858.0565
2024-05-19,66884.9,67750.0,65835.8,66239.4,148170.35,9905372922.9644
2024-05-20,66239.4,71674.6,66010.0,71466.5,366028.078,25053653945.1351
2024-05-21,71466.5,72132.8,69165.6,70168.8,263674.327,18645631790.235
2024-05-22,70168.7,70715.4,68736.8,69219.1,194160.494,13560983941.3547
2024-05-23,69219.2,70133.3,66156.6,67999.9,300093.622,20496503158.0627
2024-05-24,67999.9,69273.5,66639.0,68584.1,186681.082,12680535679.1618
2024-05-25,68584.0,69622.8,68523.7,69314.4,85113.605,5877646397.3044
2024-05-26,69314.5,69590.3,68155.0,68524.3,84069.824,5799029948.6581
2024-05-27,68524.4,70750.0,68268.7,69461.6,170291.356,11819516715.6954
2024-05-28,69461.5,69628.0,67273.0,68440.5,227838.44,15550387849.887
2024-05-29,68440.4,68983.0,67129.0,67686.7,158236.599,10750681624.4071
2024-05-30,67686.8,69568.9,67167.0,68402.5,194573.899,13292940496.7956
2024-05-31,68402.6,69080.0,66700.5,67577.9,195751.752,13295783600.0905
2024-06-01,67577.9,67936.0,67480.0,67799.2,50943.058,3450680244.5259
2024-06-02,67799.2,68545.9,67296.3,67805.9,102194.718,6940423185.8599
2024-06-03,67805.9,70372.9,67642.6,68851.4,227676.93,15744535070.2934
2024-06-04,68851.3,71146.4,68595.5,70580.0,216100.016,15102623849.3892
2024-06-05,70580.0,71824.4,70423.6,71133.3,203992.034,14506723806.5747
2024-06-06,71133.3,71714.8,70101.9,70830.0,158483.564,11260906834.1424
2024-06-07,70830.0,72144.0,68405.0,69377.0,299412.37,21108000027.7301
2024-06-08,69377.0,69613.6,69192.3,69346.5,65739.857,4564091530.0889
2024-06-09,69346.6,69879.0,69160.0,69667.1,68024.1,4729738225.2734
2024-06-10,69667.1,70222.7,69201.2,69558.7,127381.604,8872795631.3345
2024-06-11,69558.8,69600.0,66000.0,67320.7,311984.942,21038478955.2817
2024-06-12,67320.6,70028.0,66920.0,68270.3,329918.46,22649278512.31
2024-06-13,68270.3,68607.7,66251.1,66786.9,248355.461,16734408853.5457
2024-06-14,66786.8,67366.5,65052.4,66039.7,239411.231,15866317033.6273
2024-06-15,66039.7,66482.6,65801.0,66213.7,72423.755,4794362622.7179
2024-06-16,66213.7,66960.3,66012.1,66653.6,80361.551,5344491611.4603
2024-06-17,66653.5,67280.6,65094.9,66472.1,248420.787,16425433493.3037
2024-06-18,66472.1,66558.9,64009.8,65150.0,335559.394,21816313661.7988
2024-06-19,65149.9,65711.9,64600.0,64933.6,150032.669,9773747644.9673
2024-06-20,64933.6,66467.0,64526.0,64854.0,220954.676,14443082252.526
2024-06-21,64854.0,65055.5,63361.2,64124.0,210109.601,13452781556.5892
2024-06-22,64124.1,64520.0,63915.8,64240.0,53855.862,3462300794.0067
2024-06-23,64240.1,64500.0,63137.9,63194.9,72052.293,4609994525.5694
2024-06-24,63194.9,63357.0,58218.0,60273.6,445903.184,27225661676.1708
2024-06-25,60273.5,62448.1,60230.5,61777.8,264647.317,16245823572.755
2024-06-26,61777.9,62465.1,60696.0,60860.1,170601.18,10474223643.7333
2024-06-27,60860.1,62379.7,60605.0,61682.0,160172.482,9845346127.8742
2024-06-28,61682.1,62204.0,60038.0,60429.8,195508.125,11963155606.5777
2024-06-29,60429.8,61232.0,60400.1,60982.4,79680.289,4854467389.0233
2024-06-30,60982.5,63058.4,60705.0,62766.0,147777.915,9131797044.0735
2024-07-01,62766.1,63849.0,62502.2,62883.6,193937.938,12249759638.5501
2024-07-02,62883.7,63284.0,61800.0,62123.6,163101.243,10187608652.3055
2024-07-03,62123.5,62278.2,59299.3,60208.0,295303.265,17865344372.0136
2024-07-04,60208.0,60500.0,56560.0,57045.9,445656.277,25874210041.42714
2024-07-05,57045.9,57533.4,53329.5,56604.9,577193.595,32076653813.40088
2024-07-06,56604.9,58472.0,56000.0,58216.0,178580.022,10197761341.39678
2024-07-07,58216.0,58443.0,55688.0,55830.9,210361.981,12037823231.0966
2024-07-08,55831.0,58200.0,54243.1,56686.4,464106.957,26076935449.40952
2024-07-09,56686.4,58290.6,56256.2,58023.2,257237.048,14760474094.36112
2024-07-10,58023.1,59449.6,57125.0,57707.0,254248.937,14799666738.9434
2024-07-11,57707.0,59780.0,57030.0,57315.5,293106.959,17033276319.7474
2024-07-12,57315.7,58500.0,56500.1,57870.0,238100.616,13680239863.68945
2024-07-13,57870.0,59850.0,57728.6,59174.0,157884.322,9257369124.831
2024-07-14,59173.9,61412.4,59164.0,60766.0,208060.883,12501022268.2122
2024-07-15,60766.0,64870.7,60622.6,64680.6,352222.181,22163838850.2314
2024-07-16,64680.6,65388.0,62350.0,65010.0,375258.616,24015350736.2496
2024-07-17,65010.0,66100.0,63823.0,64055.7,276656.393,17971882430.538
2024-07-18,64055.8,65173.8,63206.4,63959.9,215648.157,13840486905.3186
2024-07-19,63960.0,67362.8,63266.2,66627.9,311859.805,20380653025.9215
2024-07-20,66627.9,67648.7,66159.1,67095.6,123564.406,8257377670.6534
2024-07-21,67095.6,68351.2,65750.0,68138.0,207228.372,13911463550.0015
2024-07-22,68138.0,68459.7,66538.6,67499.2,192991.391,13023877366.2714
2024-07-23,67499.2,67729.3,65416.5,65916.4,270430.68,17980471984.6793
2024-07-24,65916.3,67087.3,65040.5,65350.8,215079.421,14220076011.1729
2024-07-25,65350.7,66144.0,63456.7,65773.0,319685.441,20623007320.1934
2024-07-26,65773.0,68200.0,65688.2,67882.5,235384.526,15831346144.9649
2024-07-27,67882.5,69381.7,66624.5,67873.8,330982.647,22565690615.4286
2024-07-28,67873.7,68300.0,67037.0,68215.5,116913.935,7921123857.983
2024-07-29,68215.5,70081.0,66365.8,66750.0,372537.818,25468669202.3054
2024-07-30,66750.1,66966.6,65254.5,66159.3,246551.044,16326143659.4329
2024-07-31,66159.3,66826.3,64500.4,64601.8,246389.446,16232585005.416
2024-08-01,64601.8,65650.0,62271.2,65328.9,372654.59,23809052629.4734
2024-08-02,65329.0,65577.0,61200.2,61483.7,421628.42,26819683037.2612
2024-08-03,61483.7,62166.0,59800.0,60684.6,290469.956,17722256113.6817
2024-08-04,60684.5,61089.5,57040.0,58144.5,339512.415,20115489532.05642
2024-08-05,58144.5,58286.9,48888.0,54003.1,1281982.025,67990070656.18278
2024-08-06,54003.5,56999.9,53925.3,55991.2,435953.439,24315240364.00699
2024-08-07,55991.3,57699.0,54519.8,55102.9,377442.54,21227975938.72287
2024-08-08,55102.9,62737.2,54672.4,61659.8,470117.508,27555756968.19537
2024-08-09,61659.8,61726.0,59500.0,60808.6,308674.339,18694923855.7121
2024-08-10,60808.6,61450.0,60208.5,60889.9,115593.354,7020704932.1334
2024-08-11,60889.8,62000.0,58255.4,58693.1,202539.076,12164186045.4941
2024-08-12,58693.1,60666.0,57615.0,59323.6,367126.29,21694704705.3928
2024-08-13,59323.7,61545.0,58360.0,60550.5,255934.721,15331334134.775
2024-08-14,60550.4,61839.7,58367.2,58648.1,295662.808,17731755290.8926
2024-08-15,58648.1,59820.0,55969.0,57511.0,360815.946,20998288458.33781
2024-08-16,57511.1,59780.2,57062.1,58854.9,268756.529,15694579210.80159
2024-08-17,58854.9,59690.2,58769.4,59468.5,77085.532,4568442725.3616
2024-08-18,59468.5,60250.0,58352.0,58390.0,149660.264,8919704463.3393
2024-08-19,58390.1,59585.4,57750.0,59398.5,214043.139,12535025781.4683
2024-08-20,59398.4,61386.0,58501.1,58982.9,287049.13,17203146261.2117
2024-08-21,58982.7,61793.9,58728.9,61120.0,270583.679,16243166180.3695
2024-08-22,61120.0,61392.0,59677.6,60349.9,211098.959,12796969148.4752
2024-08-23,60349.9,65000.0,60301.5,64019.9,382490.709,23801149141.4363
2024-08-24,64020.0,64472.5,63522.7,64116.5,132741.902,8499031623.6787
2024-08-25,64116.6,65175.4,63731.3,64190.2,115546.888,7418612747.515
2024-08-26,64190.1,64455.8,62750.2,62807.6,195977.222,12456922931.3165
2024-08-27,62807.7,63196.0,57928.2,59384.5,339269.805,20779523749.7268
2024-08-28,59384.4,60197.8,57820.0,59010.0,313788.567,18562796937.106
2024-08-29,59010.0,61144.9,58655.0,59323.2,233896.685,13998969371.3328
2024-08-30,59323.3,59914.9,57525.0,59096.3,268276.469,15800867331.9045
2024-08-31,59096.4,59436.0,58700.0,58941.9,68866.674,4066497717.5845
2024-09-01,58941.9,59052.7,57123.0,57268.1,222909.914,12933895810.7382
2024-09-02,57268.1,59412.3,57093.0,59112.1,201218.384,11712610829.437
2024-09-03,59112.2,59790.0,57320.0,57451.9,230196.497,13447232675.7519
2024-09-04,57452.0,58500.0,55555.0,57944.8,326983.311,18654996691.65024
2024-09-05,57944.8,58318.9,55600.0,56145.7,294703.592,16706483191.85918
2024-09-06,56145.7,57000.0,52510.8,53927.7,479063.113,26315512592.25967
2024-09-07,53927.7,54820.2,53725.0,54134.9,127686.594,6925003321.31154
2024-09-08,54134.9,55300.0,53596.5,54839.6,162078.536,8813184978.46583
2024-09-09,54839.6,58153.2,54557.0,57010.0,313094.361,17488710008.5658
2024-09-10,57010.1,58033.2,56361.0,57609.1,228317.676,13034447010.34392
2024-09-11,57609.2,57954.4,55515.2,57306.0,338231.445,19189527027.3001
2024-09-12,57305.6,58606.6,57283.1,58097.0,261449.688,15152600210.5249
2024-09-13,58097.1,60597.0,57594.0,60456.2,277429.492,16347290879.8579
2024-09-14,60456.2,60572.9,59360.1,59964.0,102580.577,6149247444.5159
2024-09-15,59963.9,60369.4,58654.0,59100.5,130524.206,7800793636.4292
2024-09-16,59100.5,59182.2,57446.3,58187.0,250699.432,14603341245.0131
2024-09-17,58187.0,61345.0,57588.8,60281.0,318442.066,19038330615.6744
2024-09-18,60281.0,61765.0,59138.0,61735.3,355729.312,21417510491.0941
2024-09-19,61735.3,63830.1,61534.0,62926.9,302382.412,18960165410.2846
2024-09-20,62926.9,64126.7,62320.0,63175.7,257172.835,16250975201.0995
2024-09-21,63175.8,63546.9,62714.2,63320.6,78248.362,4936698095.0651
2024-09-22,63320.6,64000.0,62339.0,63558.4,149129.884,9395420389.8272
2024-09-23,63558.5,64724.8,62534.4,63302.0,234343.564,14896908173.8234
2024-09-24,63302.1,64666.0,62688.2,64243.1,236987.628,15055312109.7638
2024-09-25,64243.2,64800.0,62910.0,63118.4,184950.772,11776674397.8463
2024-09-26,63118.3,65800.0,62634.4,65139.2,321186.356,20718992185.678
2024-09-27,65139.1,66450.0,64788.0,65749.6,226404.021,14875897055.1134
2024-09-28,65749.5,66237.0,65368.1,65822.6,92773.553,6095989647.148
2024-09-29,65822.7,66059.3,65400.0,65568.1,88131.799,5789646713.0538
2024-09-30,65568.2,65588.8,62825.0,63309.1,296848.373,18997631918.3586
2024-10-01,63309.0,64092.6,60128.2,60776.8,429817.835,26755501281.8141
2024-10-02,60776.7,62355.0,59934.9,60622.6,327001.805,19999405207.7472
2024-10-03,60622.7,61452.6,59815.0,60727.2,286137.212,17336091836.27
2024-10-04,60727.1,62457.1,60434.1,62054.4,234795.836,14447838961.2182
2024-10-05,62054.3,62344.0,61648.0,62023.1,74330.781,4609154133.5222
2024-10-06,62023.1,62961.5,61778.9,62789.3,96413.453,6017121071.2754
2024-10-07,62789.2,64448.2,62091.8,62190.7,298949.375,18940835036.916
2024-10-08,62190.6,63178.7,61836.0,62131.7,226276.359,14122241997.2083
2024-10-09,62131.8,62520.9,60251.9,60606.4,217302.173,13394677570.4442
2024-10-10,60606.3,61297.0,58900.0,60293.2,262947.653,15860406266.3172
2024-10-11,60293.3,63400.0,60057.8,62509.0,263691.142,16300232843.3846
2024-10-12,62509.0,63462.6,62458.0,63176.0,102784.406,6470178939.6978
2024-10-13,63176.0,63260.0,62020.0,62839.8,129696.156,8122753016.4411
2024-10-14,62839.7,66533.0,62420.0,66064.9,338251.601,21963988365.449
2024-10-15,66064.9,67953.7,64771.7,67044.1,422005.511,27957041428.0807
2024-10-16,67044.0,68400.0,66724.2,67592.0,254153.501,17177776071.0405
2024-10-17,67592.0,67925.9,66600.0,67401.5,220272.837,14795216327.4512
2024-10-18,67401.5,69000.0,67165.0,68407.8,245301.761,16730949885.2185
2024-10-19,68407.8,68684.9,68000.0,68357.1,68632.108,4686325947.3462
2024-10-20,68357.1,69425.8,68069.8,69020.1,105939.492,7272050313.902
2024-10-21,69020.2,69566.0,66865.9,67368.8,253437.333,17221797609.5618
2024-10-22,67368.7,67825.0,66536.5,67406.4,218518.977,14691178661.737
2024-10-23,67406.5,67449.0,65222.3,66647.2,248215.058,16468539329.4864
2024-10-24,66647.3,68842.5,66482.0,68173.8,212340.722,14354067671.9537
2024-10-25,68173.8,68748.0,65557.2,66662.8,348511.871,23454022803.9878
2024-10-26,66662.7,67450.0,66414.1,67071.8,94169.992,6303068381.5835
2024-10-27,67071.9,68306.1,66909.4,67992.6,88468.808,5981933235.9308
2024-10-28,67992.7,70331.0,67584.2,69940.0,256128.622,17649920563.6978
2024-10-29,69939.9,73660.0,69733.0,72739.5,382502.06,27502269768.0091
2024-10-30,72739.5,72984.9,71444.2,72349.0,227108.808,16394681792.4545
2024-10-31,72349.0,72720.3,69705.0,70321.9,256485.328,18260860195.9338
2024-11-01,70321.9,71650.0,68822.5,69495.5,352591.088,24669697590.1823
2024-11-02,69495.4,69913.1,69022.8,69366.6,79314.105,5511280357.915
2024-11-03,69366.6,69393.7,67446.6,68762.5,226477.376,15481140255.261
2024-11-04,68762.5,69495.3,66810.0,67834.3,244912.166,16709405013.0392
2024-11-05,67834.4,70537.4,67454.2,69353.1,273070.87,18923323986.0867
2024-11-06,69353.1,76420.0,69272.7,75579.9,677440.286,50043233600.5665
2024-11-07,75579.9,76900.0,74450.0,75859.4,280675.033,21221666454.4856
2024-11-08,75859.4,77182.9,75576.3,76482.2,230370.324,17566203957.7434
2024-11-09,76482.2,76920.0,75683.2,76675.1,117754.034,8994277678.533
2024-11-10,76675.1,81699.8,76501.1,80410.0,417426.899,33139797917.8655
2024-11-11,80409.9,89800.0,80261.2,88728.9,614141.662,51921309639.7137
2024-11-12,88729.0,90070.1,85159.9,87972.0,639481.584,56145246108.6286
2024-11-13,87972.0,93421.1,86180.0,90413.3,555288.297,49968681554.1639
2024-11-14,90413.3,91846.1,86714.0,87382.7,364621.68,32638189823.3326
2024-11-15,87382.6,91921.5,87111.0,91074.6,314431.908,28084223845.5762
2024-11-16,91074.6,91849.8,90120.0,90643.3,129023.447,11746506687.2478
2024-11-17,90643.2,91539.6,88736.1,89899.9,167504.792,15122853835.9462
2024-11-18,89900.0,92700.0,89422.1,90507.4,333557.11,30393971318.505
2024-11-19,90507.4,93985.9,90405.6,92335.9,303532.031,27998124860.4433
2024-11-20,92335.9,94849.0,91500.0,94288.0,290044.227,27169810860.1057
2024-11-21,94288.0,99100.0,94008.7,98366.8,418383.136,40626855808.8208
2024-11-22,98366.8,99660.0,97199.9,98921.4,265774.067,26216909526.3785
2024-11-23,98921.5,98937.3,97173.5,97725.5,120358.422,11819741402.0844
2024-11-24,97725.6,98666.0,95822.1,97960.4,173118.84,16831814834.729
2024-11-25,97960.5,98999.0,92666.0,93064.0,329375.021,31634790118.7792
2024-11-26,93064.0,95064.0,90866.4,92021.4,344929.233,32058954666.3463
2024-11-27,92021.5,97250.0,91864.0,95905.2,237005.987,22446169054.8116
2024-11-28,95905.2,96627.6,94700.1,95694.4,154007.026,14702795800.1606
2024-11-29,95694.4,98713.3,95404.5,97516.3,190520.949,18512741566.7861
2024-11-30,97516.2,97522.1,96150.0,96475.1,93074.218,9004708395.7383
2024-12-01,96475.2,97933.0,95736.5,97265.1,113222.99,10975143904.8559
2024-12-02,97265.0,98266.0,94400.0,95890.5,257613.911,24755123881.9079
2024-12-03,95890.6,96375.0,93605.0,95913.3,206601.98,19688305230.3451
2024-12-04,95913.3,99099.9,94650.8,98669.8,275949.205,26698552379.624
2024-12-05,98669.8,104630.4,90200.0,97001.5,580277.391,58190879933.223
2024-12-06,97001.6,101988.8,96429.5,99802.5,282369.608,27983159150.5382
2024-12-07,99802.5,100499.0,98876.9,99899.2,95858.658,9559737335.7918
2024-12-08,99899.2,101457.9,98709.4,101200.0,109755.676,10964662734.3106
2024-12-09,101200.1,101300.0,94039.7,97349.1,326973.59,32095240187.1553
2024-12-10,97349.1,98320.6,94265.5,96602.4,291490.744,28129042004.1955
2024-12-11,96602.3,101880.0,95650.0,101115.3,221807.705,21990321141.7717
2024-12-12,101115.3,102538.4,99280.2,99982.4,215219.075,21703839602.3259
2024-12-13,99982.3,101869.5,99149.6,101371.9,152437.318,15327839534.2343
2024-12-14,101371.9,102638.0,100559.8,101381.0,107680.549,10931716374.3351
2024-12-15,101381.0,105374.6,101200.1,104460.4,157733.916,16239310087.6506
2024-12-16,104460.5,107777.0,103264.6,106023.2,274395.756,28967203114.5623
2024-12-17,106023.2,108366.8,105252.0,106074.6,197773.912,21115019475.6999
2024-12-18,106074.6,106484.6,99951.1,100181.1,328581.935,33924249957.0183
2024-12-19,100181.2,102756.7,95681.2,97434.4,372968.463,37081222303.6621
2024-12-20,97434.3,98243.0,92272.6,97764.4,396188.795,37958727658.2742
2024-12-21,97764.5,99485.0,96375.0,97261.8,161258.48,15758501543.9687
2024-12-22,97261.7,97437.9,94200.0,95153.5,148114.735,14215963268.6506
2024-12-23,95153.4,96499.0,92464.4,94861.1,247211.855,23352438472.944
2024-12-24,94861.0,99450.0,93525.6,98627.2,211610.632,20467193731.4279
2024-12-25,98626.9,99580.7,97570.0,99379.7,124696.892,12284101310.0662
2024-12-26,99379.6,99950.0,95153.0,95751.0,194857.651,18828963496.91
2024-12-27,95750.9,97564.5,93440.0,94258.9,206008.243,19664748484.4432
2024-12-28,94258.9,95700.0,94100.0,95259.1,67991.349,6441586533.2291
2024-12-29,95259.1,95300.0,92961.8,93700.0,95047.934,8949366966.5803
2024-12-30,93699.9,95031.6,91510.0,92759.3,222343.593,20718759693.374
2024-12-31,92759.3,96254.3,92000.0,93548.9,178648.116,16839152825.5285
2025-01-01,93548.8,95161.2,92796.5,94580.9,91236.66,8572615379.7751
2025-01-02,94580.9,97822.4,94357.4,96967.5,181645.495,17520373569.6746
2025-01-03,96967.6,98949.0,96061.5,98145.7,125220.674,12191508268.3213
2025-01-04,98145.7,98760.9,97438.2,98173.2,71914.634,7047067115.1575
2025-01-05,98173.2,98852.6,97227.0,98340.2,74949.289,7346604757.8706
2025-01-06,98340.2,102444.0,97872.6,102180.4,207493.329,20828553113.3948
2025-01-07,102180.5,102762.1,96153.0,96920.3,258711.309,25560001123.228
2025-01-08,96920.2,97242.2,92500.0,95014.1,262012.113,24890488875.3657
2025-01-09,95014.0,95358.7,91055.8,92505.9,257760.902,23994411572.6975
2025-01-10,92506.0,95882.5,92173.6,94675.5,261942.954,24636484066.7169
2025-01-11,94675.6,94988.0,93802.1,94562.5,64661.763,6101597708.5398
2025-01-12,94562.4,95444.0,93661.1,94499.9,77298.133,7302019629.8369
2025-01-13,94499.9,95934.5,88909.0,94485.3,361150.49,33357739608.8299
2025-01-14,94485.4,97353.9,94305.4,96514.9,212859.661,20455516830.0708
2025-01-15,96514.9,100658.9,96450.2,100460.0,222417.566,21890262973.6529
2025-01-16,100460.0,100850.0,97293.6,99937.4,216802.52,21512694586.0727
2025-01-17,99937.4,105784.0,99902.0,104042.5,249449.969,25723721360.3901
2025-01-18,104042.6,104962.1,102242.8,104524.3,167940.092,17403566499.7749
2025-01-19,104524.3,106450.0,99600.0,101311.5,280949.178,29174848452.0504
2025-01-20,101311.5,110000.0,99501.0,102247.6,530508.18,55636481995.3162
2025-01-21,102247.7,107241.6,100097.2,106114.5,273296.828,28422391304.195
2025-01-22,106115.4,106390.0,103211.6,103664.9,151243.528,15829573488.171
2025-01-23,103664.9,106840.2,101211.0,103864.1,418154.019,43515004634.5494
2025-01-24,103864.0,107076.5,102680.0,104808.1,165746.95,17435123504.2742
2025-01-25,104808.0,105274.7,104040.6,104702.0,65630.163,6869072101.7618
2025-01-26,104702.0,105496.9,102450.3,102560.1,75787.087,7903655326.0526
2025-01-27,102560.0,103216.5,97680.0,102021.3,325689.874,32694557659.0746
2025-01-28,102021.3,103797.0,100235.0,101279.6,169917.261,17380446310.6614
2025-01-29,101279.7,104755.0,101269.7,103698.2,169989.952,17464739221.2713
2025-01-30,103698.1,106450.0,103224.5,104676.9,136967.4,14403072504.9993
2025-01-31,104676.9,106000.0,101509.0,102379.7,172237.817,17878626999.9051
2025-02-01,102379.8,102734.9,100215.0,100603.6,90863.091,9240331525.5912
2025-02-02,100603.6,101426.0,96029.6,97664.5,232934.693,22949597609.4826
2025-02-03,97664.5,102456.0,91130.3,101293.7,455088.034,43861859909.7187
2025-02-04,101293.6,101729.3,96100.0,97709.9,262746.203,26009379200.5607
2025-02-05,97710.0,99124.2,96106.1,96553.2,151379.666,14787603373.4395
2025-02-06,96553.2,99093.0,95613.5,96515.1,161521.013,15732382004.6025
2025-02-07,96515.0,100112.4,95555.0,96454.5,223373.629,21837468262.4659
2025-02-08,96454.5,96850.0,95600.0,96411.9,69050.432,6644122527.1204
2025-02-09,96412.0,97301.7,94650.1,96423.6,101177.286,9736102711.9428
2025-02-10,96423.6,98328.0,95200.1,97379.2,132932.545,12909986839.9299
2025-02-11,97379.2,98482.2,94814.3,95731.4,154832.904,14974331187.2319
2025-02-12,95731.4,98090.9,94003.9,97816.3,202448.079,19439638352.8794
2025-02-13,97816.3,98053.8,95160.1,96560.6,142240.526,13680787136.6768
2025-02-14,96560.6,98792.8,96225.7,97445.1,144452.957,14050947379.4366
2025-02-15,97445.2,97941.2,97170.0,97538.0,47418.593,4625304231.2128
2025-02-16,97538.0,97665.8,96002.0,96067.0,56684.873,5495964821.8901
2025-02-17,96067.0,97000.0,95150.6,95743.2,105576.986,10136667892.9053
2025-02-18,95743.1,96737.3,93321.6,95622.0,179173.362,17034410558.3045
2025-02-19,95622.0,96878.7,95012.5,96598.0,124996.873,11992996490.3516
2025-02-20,96597.9,98662.1,96366.0,98252.9,129180.172,12598925800.6449
2025-02-21,98252.8,99431.5,94830.4,96127.9,250618.273,24420588679.3015
2025-02-22,96128.0,96988.0,95701.9,96503.3,65792.15,6345520284.0928
2025-02-23,96503.3,96602.9,95180.2,96218.4,69298.691,6647362791.999
2025-02-24,96218.4,96470.0,91300.0,91514.5,217488.75,20543195679.4306
2025-02-25,91514.5,92500.0,86020.4,88639.1,472296.502,41894200562.9206
2025-02-26,88639.1,89367.1,82222.0,84208.5,401141.821,34536661991.6454
2025-02-27,84208.6,87066.0,82667.0,84668.1,269408.53,22931080203.5431
2025-02-28,84668.2,85084.5,78200.2,84299.6,536343.231,43686395142.1932
2025-03-01,84299.6,86516.5,83779.0,86007.7,146996.671,12515888419.9825
2025-03-02,86007.7,94971.0,85015.0,94222.8,364711.538,32943383217.4127
2025-03-03,94222.0,94373.4,85029.0,86192.7,436032.402,39107649568.9303
2025-03-04,86193.3,88931.0,81200.0,87245.9,432434.798,36591012063.2103
2025-03-05,87245.9,91000.0,86328.0,90566.1,279001.09,24826777816.6592
2025-03-06,90566.1,92780.3,87790.5,89887.8,303058.632,27350634937.0079
2025-03-07,89887.9,91257.7,84600.0,86753.8,452474.195,39785179157.3045
2025-03-08,86753.8,86876.5,85108.0,86184.7,96106.187,8274279764.8036
2025-03-09,86184.7,86470.6,79933.4,80688.8,221609.348,18439154205.8068
2025-03-10,80690.7,84031.5,77410.1,78567.8,416386.797,33576468153.0327
2025-03-11,78567.8,83600.0,76560.0,82896.0,390779.169,31496850047.1384
2025-03-12,82896.0,84487.0,80578.5,83640.7,306171.124,25257040236.9463
2025-03-13,83640.7,84307.1,79903.4,81085.4,247960.052,20339091216.6417
2025-03-14,81085.5,85270.2,80772.0,83939.8,233544.708,19480400183.0068
2025-03-15,83939.9,84625.0,83564.5,84302.9,76674.97,6452002481.0053
2025-03-16,84303.0,85136.0,81925.6,82541.6,174630.7,14560229989.6632
2025-03-17,82541.6,84727.1,82384.0,83962.9,182662.082,15243760952.7371
2025-03-18,83963.0,83979.8,81113.5,82666.1,188897.749,15546964609.4973
2025-03-19,82666.2,86990.0,82501.8,86809.8,251961.741,21278400806.1707
2025-03-20,86809.8,87500.0,83613.6,84183.6,242943.492,20712134490.6818
2025-03-21,84183.6,84813.6,83122.0,84050.3,144422.271,12128213315.5817
2025-03-22,84050.3,84509.0,83589.5,83804.9,52218.652,4391946161.3191
2025-03-23,83804.9,86110.9,83761.2,86044.2,90899.873,7717260188.0899
2025-03-24,86044.1,88752.0,85478.3,87463.4,210907.484,18432550277.6387
2025-03-25,87463.4,88500.0,86260.0,87369.8,173505.289,15155815871.099
2025-03-26,87369.9,88270.2,85816.3,86873.8,187956.695,16368183043.4019
2025-03-27,86873.9,87722.4,85724.5,87191.2,163451.689,14210148345.9687
2025-03-28,87191.2,87470.0,83531.7,84380.8,222284.56,18906017105.6124
2025-03-29,84380.8,84589.7,81601.0,82604.7,135513.705,11234711035.3115
2025-03-30,82604.8,83490.0,81501.4,82352.8,109565.925,9064725716.8179
2025-03-31,82353.1,83895.8,81222.0,82517.5,212064.576,17489658395.7987
2025-04-01,82517.5,85595.5,82383.3,85120.9,197263.176,16592830383.7936
2025-04-02,85121.0,88500.0,82300.0,82485.1,348964.378,29832752692.1704
2025-04-03,82485.1,83889.2,81172.2,83181.5,239163.519,19745607618.6561
2025-04-04,83181.7,84686.2,81624.6,83861.3,353109.206,29383845902.268
2025-04-05,83861.4,84244.5,82333.8,83506.1,99574.204,8287351555.4536
2025-04-06,83506.1,83790.5,77111.0,78390.0,281191.753,22582931441.791
2025-04-07,78390.1,81200.0,74457.0,79140.0,693843.503,53937100469.049
2025-04-08,79140.1,80832.1,76200.1,76297.9,328409.534,25796580911.5206
2025-04-09,76298.0,83554.9,74578.5,82588.0,560649.862,44072322884.0975
2025-04-10,82587.9,82706.9,78416.0,79560.2,293662.1,23687469484.8299
2025-04-11,79560.3,84300.0,78935.5,83378.3,295777.871,24267636755.0135
2025-04-12,83378.3,85884.2,82756.0,85237.8,158002.837,13313650656.6862
2025-04-13,85237.9,86100.0,82991.5,83713.7,207038.38,17457667797.3317
2025-04-14,83713.8,85755.0,83630.9,84553.9,209349.356,17726843976.2684
2025-04-15,84553.9,86443.0,83560.0,83608.7,184522.182,15709860552.1604
2025-04-16,83608.6,85493.5,83063.9,83990.0,209441.418,17600465000.7882
2025-04-17,83990.1,85441.5,83700.0,84915.0,141033.195,11925437240.4436
2025-04-18,84914.9,85100.0,84260.0,84421.0,55218.842,4669701038.4181
2025-04-19,84421.0,85600.0,84317.2,85046.9,73380.566,6243873371.14
2025-04-20,85046.9,85283.6,83900.0,85138.8,90651.818,7672458746.815
2025-04-21,85138.9,88418.2,85100.0,87466.0,274069.871,23894438019.9122
2025-04-22,87466.0,94142.5,87017.5,93404.9,334005.081,30146810687.6233
2025-04-23,93404.9,94904.3,91898.0,93632.1,232748.428,21736791484.5585
2025-04-24,93632.2,93980.6,91619.0,93931.6,157092.728,14589477688.5148
2025-04-25,93931.5,95769.6,92788.0,94591.8,191830.477,18114328489.7902
2025-04-26,94591.8,95157.1,93833.0,94575.7,72538.209,6848477987.1194
2025-04-27,94575.7,95280.5,93547.3,93697.1,83816.183,7891352346.555
2025-04-28,93697.0,95578.8,92700.0,94969.0,194420.716,18333704018.2604
2025-04-29,94969.0,95426.4,93678.7,94200.1,147831.794,14010734428.5148
2025-04-30,94200.1,95186.5,92848.1,94125.1,170929.31,16099511642.4903
2025-05-01,94125.2,97388.0,94086.7,96423.3,184526.755,17724494702.1216
2025-05-02,96423.2,97865.4,96283.1,96831.2,139197.526,13503167893.5523
2025-05-03,96831.2,96868.4,95700.0,95803.3,71420.629,6871382895.5311
2025-05-04,95803.3,96266.6,94116.4,94230.2,94260.877,8988011491.011
2025-05-05,94230.2,95165.1,93445.1,94696.7,154902.375,14600852881.6568
2025-05-06,94696.7,96879.5,93327.0,96798.9,173683.066,16444015298.9578
2025-05-07,96798.9,97700.0,95718.5,96988.4,185267.142,17927424779.6889
2025-05-08,96988.4,104305.3,96831.5,103228.1,317422.469,31823810370.5613
2025-05-09,103228.0,104373.0,102240.0,102941.9,172883.922,17811570329.7221
2025-05-10,102941.9,105000.1,102784.0,104788.8,104384.537,10820371034.8627
2025-05-11,104788.8,104950.0,103283.3,104072.7,139136.421,14486322662.4281
2025-05-12,104072.7,105863.1,100678.0,102739.3,256542.699,26551603069.1406
2025-05-13,102739.3,104949.2,101400.0,104082.0,162368.328,16783134050.1225
2025-05-14,104082.0,104319.0,102536.0,103458.1,126264.097,13068576865.3795
2025-05-15,103458.1,104162.8,101270.8,103714.5,176344.106,18109801387.1545
2025-05-16,103714.2,104524.2,103062.3,103412.2,115513.049,11990203384.412
2025-05-17,103412.2,103658.0,102541.6,103079.6,90372.669,9316018419.6171
2025-05-18,103079.5,106629.8,103052.2,106407.6,173224.284,18124062039.3125
2025-05-19,106407.5,107114.3,102038.8,105531.6,257825.604,26840364600.388
2025-05-20,105531.5,107292.5,104115.2,106800.1,226187.246,23924084086.0768
2025-05-21,106800.0,110830.0,106037.9,109609.5,413589.854,44576303267.8202
2025-05-22,109609.6,111959.5,109153.4,111662.7,246067.033,27295716075.3018
2025-05-23,111662.6,111770.4,106721.9,107271.5,279480.347,30543709259.4438
2025-05-24,107271.6,109440.2,106836.0,107698.9,165158.758,17895241893.0697
2025-05-25,107699.0,109285.1,106497.0,108955.9,159465.803,17159184232.0091
2025-05-26,108956.0,110400.0,108616.6,109386.8,146992.22,16103265896.3352
2025-05-27,109386.8,110700.0,107438.0,108889.3,223599.905,24452829099.8677
2025-05-28,108889.2,109252.6,106723.9,107723.1,158417.759,17119395349.8769
2025-05-29,107723.1,108860.0,105054.2,105539.9,213101.255,22850297579.7762
2025-05-30,105539.9,106266.0,103555.0,103950.0,219701.302,23083176001.5792
2025-05-31,103949.9,104859.3,103032.1,104544.7,103607.84,10771231013.7278
2025-06-01,104544.6,105823.6,103704.1,105583.3,97420.24,10189734693.2765
2025-06-02,105583.3,105900.0,103600.6,105814.3,158252.918,16568774033.5745
2025-06-03,105814.4,106775.0,104822.4,105330.1,139216.007,14728115908.7851
2025-06-04,105330.1,105967.2,104111.7,104641.8,118534.125,12459563151.8403
2025-06-05,104641.8,105878.3,100305.1,101458.6,246238.674,25426533952.9847
2025-06-06,101458.7,105283.0,101003.4,104240.0,174300.906,18075103218.6038
2025-06-07,104240.1,105878.3,103800.1,105507.5,79833.173,8393331490.526
2025-06-08,105507.5,106482.6,104927.4,105676.5,75105.104,7939013396.4349
2025-06-09,105676.5,110653.6,105253.2,110227.9,192956.409,20800388814.9273
2025-06-10,110228.0,110367.2,108282.0,110235.4,152216.974,16647654303.5421
2025-06-11,110235.4,110350.0,108001.2,108600.0,134422.321,14691641846.5674
2025-06-12,108600.1,108782.1,105602.0,105609.5,185790.19,19916220925.2797
2025-06-13,105609.4,106141.1,102614.0,106027.3,245935.413,25704797377.6442
2025-06-14,106027.3,106173.6,104225.4,105359.9,79911.57,8391666383.1509
2025-06-15,105359.8,106099.4,104399.9,105534.6,78819.399,8299752647.8676
2025-06-16,105534.7,108900.0,104920.0,106750.1,166813.219,17887208567.0373
2025-06-17,106750.1,107727.4,103300.0,104508.0,226051.863,23808393905.4278
2025-06-18,104508.0,105500.0,103426.1,104832.8,172706.399,18052952724.8775
2025-06-19,104832.8,105185.7,103870.3,104607.1,87710.605,9170655647.4608
2025-06-20,104607.1,106486.2,102255.3,103246.1,199102.135,20795551830.7014
2025-06-21,103246.1,103940.6,100789.9,102079.8,120771.35,12390156115.4865
2025-06-22,102079.8,103362.6,98115.4,100904.7,293562.636,29530840749.9246
2025-06-23,100904.7,106050.0,99547.6,105290.9,297222.041,30424122122.1681
2025-06-24,105291.0,106239.0,104570.8,106034.9,144449.887,15211187542.8234
2025-06-25,106034.9,108095.7,105755.6,107280.0,159277.823,17055576325.5144
2025-06-26,107280.1,108249.9,106500.0,106913.7,114433.386,12286992617.7236
2025-06-27,106913.8,107686.0,106313.1,107010.7,118637.45,12685404247.2056
2025-06-28,107010.6,107538.0,106767.0,107241.0,35670.419,3824571878.0348
2025-06-29,107240.9,108499.0,107112.6,108309.8,79448.325,8563401844.1215
2025-06-30,108309.8,108783.9,106686.4,107087.4,114681.386,12341253790.3646
2025-07-01,107087.3,107499.9,105182.6,105637.9,120434.401,12798966761.0981
2025-07-02,105637.9,109690.4,105010.0,108800.0,177567.261,19179636772.5586
2025-07-03,108800.0,110484.0,108480.6,109545.2,141487.997,15492329480.4931
2025-07-04,109545.1,109732.3,107200.0,107935.4,132305.847,14316422935.2606
2025-07-05,107935.3,108368.1,107688.3,108153.4,36660.948,3960654262.1664
2025-07-06,108153.4,109684.7,107743.4,109145.8,72388.603,7864421489.3231
2025-07-07,109145.8,109667.3,107456.0,108203.9,106397.578,11536683412.6303
2025-07-08,108203.9,109180.0,107400.0,108873.1,95156.027,10320330229.2738
2025-07-09,108873.2,112036.8,108273.5,111199.9,167834.731,18458201635.8988
2025-07-10,111199.8,117500.0,110432.2,115979.2,225570.213,25573716456.3733
2025-07-11,115979.2,118882.8,115186.7,117500.0,199819.357,23468288934.0047
2025-07-12,117500.0,118176.9,116862.4,117389.3,63722.472,7488784312.8489
2025-07-13,117389.4,119655.0,117164.3,119038.3,90052.381,10670541370.9112
2025-07-14,119038.3,123300.0,118862.6,119816.5,221556.12,26804448428.8877
2025-07-15,119816.5,119919.4,115678.1,117738.5,269977.446,31656599892.9497
2025-07-16,117738.6,120100.0,117017.1,118590.7,159165.948,18903224038.5254
2025-07-17,118590.7,120951.5,117412.8,119176.6,164274.401,19529125659.9034
2025-07-18,119176.5,120846.1,116788.9,117896.4,162246.906,19250655213.5986
2025-07-19,117896.5,118456.0,117245.9,117814.4,52531.193,6197160791.5471
2025-07-20,117814.3,118856.6,116370.1,117216.0,82380.582,9710161747.2649
2025-07-21,117216.1,119720.6,116454.1,117330.2,141885.848,16757943321.4359
2025-07-22,117330.2,120300.1,115865.0,119993.7,186832.45,22133221784.4276
2025-07-23,119993.7,120146.5,117250.0,118713.5,136986.897,16199890830.6418
2025-07-24,118713.4,119469.9,117050.2,118294.3,137377.613,16275419265.9469
2025-07-25,118294.4,118410.8,114667.3,117583.5,260386.754,30217394710.2149
2025-07-26,117583.4,118300.0,117114.2,117889.2,57218.604,6739341628.4194
2025-07-27,117889.3,119766.0,117800.8,119423.4,75978.959,9021870261.9343
2025-07-28,119423.5,119812.0,117388.0,118041.4,106712.329,12646588023.95
2025-07-29,118041.5,119258.7,116923.0,117897.0,115263.463,13605158270.3445
2025-07-30,117897.1,118763.5,115700.0,117771.0,124917.857,14671863277.403
2025-07-31,117771.1,118910.0,115373.9,115697.3,135037.467,15883505625.6346
2025-08-01,115697.3,116000.0,112660.0,113244.8,221282.099,25374879723.7736
2025-08-02,113244.8,114000.0,111910.0,112508.8,102459.448,11582327925.5756
2025-08-03,112508.8,114730.0,111850.0,114150.8,63183.869,7180260356.7661
2025-08-04,114150.9,115686.0,114053.8,115002.1,83328.591,9566449201.0507
2025-08-05,115002.1,115073.3,112582.4,114069.6,119316.428,13578532103.2508
2025-08-06,114069.6,115674.2,113304.5,114941.0,98598.67,11289146520.5982
2025-08-07,114941.0,117580.0,114211.4,117419.9,134409.055,15603976236.9276
2025-08-08,117419.9,117591.8,115850.0,116628.2,89828.611,10476168967.7768
2025-08-09,116628.2,117906.7,116304.0,116422.1,77924.534,9109077804.5382
2025-08-10,116422.1,119291.9,116413.2,119255.3,130331.779,15402998283.6403
2025-08-11,119255.3,122450.0,118050.0,118641.9,217088.254,26140833129.3272
2025-08-12,118641.8,120270.0,118154.3,120081.0,125708.555,14984075258.1463
2025-08-13,120080.9,123715.9,118829.0,123323.9,188073.873,22796282824.2241
2025-08-14,123323.9,124545.6,117004.0,118242.2,259801.57,31188419054.0993
2025-08-15,118242.2,119184.0,116736.3,117279.2,120542.357,14214818128.9724
2025-08-16,117279.1,117857.1,117089.7,117329.7,46674.42,5485340879.1925
2025-08-17,117329.8,118558.0,117121.6,117353.8,54386.804,6411151083.0242
2025-08-18,117353.9,117499.4,114605.0,116183.6,147219.779,17039158070.2288
2025-08-19,116183.6,116687.7,112666.6,112824.2,141024.287,16131720046.5887
2025-08-20,112824.1,114569.0,112301.8,114220.5,130522.37,14819274146.3868
2025-08-21,114220.5,114777.0,111944.0,112462.2,96406.356,10907840294.1414
2025-08-22,112462.2,117397.4,111625.9,116897.5,199447.977,22883791440.7028
2025-08-23,116897.5,116988.0,114510.0,115377.1,78419.415,9054235281.6278
2025-08-24,115377.1,115640.0,110484.0,113446.3,133388.002,15148067971.3495
2025-08-25,113446.2,113621.3,109219.8,110064.0,204839.785,22818722034.3374
2025-08-26,110064.1,112330.0,108559.7,111709.9,145041.438,15983443440.8915
2025-08-27,111710.0,112568.5,110306.9,111194.9,114205.122,12739237648.6494
2025-08-28,111194.9,113429.0,110811.0,112507.3,97630.277,10988621821.8074
2025-08-29,112507.3,112585.7,107411.4,108332.4,179725.172,19688668760.0572
2025-08-30,108332.4,108879.6,107281.0,108757.9,60656.883,6572709736.3117
2025-08-31,108758.0,109439.9,108021.0,108208.4,70149.546,7626942442.611
2025-09-01,108208.4,109874.8,107211.5,109187.9,150280.626,16311045147.8882
2025-09-02,109187.9,111742.1,108333.0,111188.0,175961.356,19401297224.9434
2025-09-03,111187.9,112541.2,110486.9,111659.8,105504.421,11770759661.8071
2025-09-04,111659.7,112136.8,109269.1,110679.4,122300.369,13516026898.7113
2025-09-05,110679.5,113344.3,110153.3,110614.9,193375.404,21608268964.6591
2025-09-06,110614.8,111256.2,109850.0,110135.3,46282.516,5113475710.4939
2025-09-07,110135.2,111559.5,110120.5,111076.0,53840.584,5973071292.8472
2025-09-08,111075.5,112867.6,110566.5,112012.6,99117.859,11088708293.0036
2025-09-09,112012.7,113238.0,110714.9,111499.9,137275.133,15364017571.6421
2025-09-10,111499.9,114287.9,110855.8,113896.8,151901.539,17159405921.2062
2025-09-11,113896.8,115439.0,113340.7,115427.0,113066.078,12912039322.4644
2025-09-12,115427.0,116605.7,114681.5,115978.4,119013.718,13753804629.9552
2025-09-13,115978.4,116245.4,115032.0,115862.7,52529.59,6078193412.4006
2025-09-14,115862.7,116118.6,115057.0,115210.0,55087.99,6368498171.5133
2025-09-15,115210.0,116759.9,114338.5,115300.6,117911.279,13585379833.8268
2025-09-16,115300.5,116910.8,114600.0,116747.3,99446.184,11513690825.0447
2025-09-17,116747.3,117266.4,114623.3,116402.5,158125.07,18348171466.3525
2025-09-18,116402.6,117875.2,116033.5,117017.1,107215.717,12568414009.019
2025-09-19,117017.1,117406.8,115049.9,115569.5,88151.649,10241717036.8935
2025-09-20,115569.6,116059.2,115343.0,115624.9,32355.678,3744545955.4796
2025-09-21,115625.0,115778.0,115137.6,115183.9,32793.431,3786613657.9565
2025-09-22,115183.9,115344.6,111469.2,112604.7,159461.568,18039188972.427
2025-09-23,112604.7,113254.8,111405.1,111947.0,102258.264,11494032424.4655
2025-09-24,111947.0,113895.8,110935.0,113254.0,105314.096,11879548716.1957
2025-09-25,113253.9,113462.1,108574.1,108934.5,178663.741,19825920968.7404
2025-09-26,108934.6,110250.0,108566.0,109588.5,112277.659,12272701459.1791
2025-09-27,109588.5,109700.0,109021.9,109577.3,35871.924,3923401762.5556
2025-09-28,109577.2,112300.0,109136.5,112119.6,77247.963,8521046102.0886
2025-09-29,112119.7,114377.2,111501.0,114257.1,125405.709,14160916303.2403
2025-09-30,114257.1,114800.0,112615.3,113988.8,119320.015,13560972134.9725
2025-10-01,113988.7,118631.8,113899.4,118552.4,172989.429,20130425143.6828
2025-10-02,118552.0,120999.0,118226.4,120481.3,145456.938,17369682490.3087
2025-10-03,120481.3,123900.0,119200.0,122182.7,167880.262,20406510432.5745
2025-10-04,122182.6,122781.1,121432.0,122343.2,70479.21,8601963052.1653
2025-10-05,122343.2,125877.3,122088.1,123426.7,162571.0,20109937991.3764
2025-10-06,123426.7,126208.5,123018.5,124628.5,140201.329,17465215135.0039
2025-10-07,124628.6,125098.0,120516.0,121286.5,181899.347,22319390759.2149
2025-10-08,121286.6,124170.6,121005.3,123237.5,127099.786,15572092969.2554
2025-10-09,123237.4,123740.1,119572.8,121579.3,163596.38,19890276384.5902
2025-10-10,121579.4,122497.0,101516.5,112714.9,391963.632,45076825982.4017
2025-10-11,112715.0,113300.1,109501.0,110579.1,163671.59,18268163074.1344
2025-10-12,110579.1,115730.3,109509.3,114894.4,217928.037,24571794294.0169
2025-10-13,114894.5,115912.0,113600.5,115111.9,195996.783,22509504374.6067
2025-10-14,115112.0,115360.2,109802.0,112983.8,259244.496,29101159307.8663
2025-10-15,112983.9,113576.1,110096.9,110699.0,131777.09,14722103584.389
2025-10-16,110699.1,111960.0,107350.0,108129.4,193544.785,21245415629.6721
2025-10-17,108129.4,109199.8,103470.0,106378.6,242789.692,25744733284.1127
2025-10-18,106378.5,107452.6,106270.0,107117.5,68509.903,7319254840.618
2025-10-19,107117.5,109399.9,106055.8,108586.2,113473.72,12227415542.3371
2025-10-20,108586.2,111650.0,107377.2,110469.9,139646.949,15403876134.7218
2025-10-21,110469.9,113940.0,107400.0,108253.7,241127.426,26588100130.4652
2025-10-22,108253.8,109160.0,106360.3,107532.0,180893.983,19528248919.2056
2025-10-23,107532.1,111240.0,107462.9,110025.9,129640.717,14194391374.774
2025-10-24,110026.0,112086.0,109650.0,110965.4,110759.532,12266995720.6384
2025-10-25,110965.4,111903.9,110600.5,111589.4,45269.483,5042907497.6125
2025-10-26,111589.4,115521.7,111200.0,114497.8,97335.387,11025832161.8245
2025-10-27,114497.9,116380.2,113792.4,114064.1,118611.612,13655124505.5205
2025-10-28,114064.2,116074.3,112121.4,112833.5,131088.84,14968353132.7899
2025-10-29,112833.5,113593.0,109026.4,109985.6,163920.866,18302671178.4635
2025-10-30,109985.6,111565.1,106200.0,108263.5,205753.644,22369109428.5478
2025-10-31,108263.6,111233.0,108226.6,109557.3,152063.776,16683797487.54
2025-11-01,109557.2,110557.0,109351.5,110047.2,41614.221,4579668770.1899
2025-11-02,110047.3,111216.0,109368.9,110494.9,61109.173,6744087828.2275
2025-11-03,110494.9,110711.0,105300.0,106544.0,174258.047,18689862800.3629
2025-11-04,106544.0,107271.9,98888.8,101450.3,281742.16,28973193334.5977
2025-11-05,101450.2,104497.6,98909.7,103837.0,167770.094,17127717826.9393
2025-11-06,103837.0,104210.2,100238.4,101305.6,145029.821,14822272935.6669
2025-11-07,101305.6,104070.7,99200.0,103305.2,163967.458,16618226412.9992
2025-11-08,103305.3,103373.8,101400.1,102269.3,70691.949,7229449979.504
2025-11-09,102269.3,105440.0,101300.0,104670.6,92367.67,9539326599.9635
2025-11-10,104670.7,106666.0,104205.9,105966.3,120403.538,12736544297.3328
2025-11-11,105966.3,107473.7,102400.0,103005.8,132603.774,13877840027.7205
2025-11-12,103005.8,105297.0,100711.0,101605.8,140876.276,14516821988.2784
2025-11-13,101605.8,104024.6,97959.0,99654.3,236046.799,23845056328.8644
2025-11-14,99654.3,99862.8,93955.0,94544.9,287072.783,27699919078.6639
2025-11-15,94544.9,96800.0,94523.9,95560.3,90220.319,8648839692.4375
2025-11-16,95560.4,96600.0,92922.8,94221.7,135749.509,12858824611.9057
2025-11-17,94221.7,96012.2,91250.0,92169.7,205161.285,19251468313.7895
2025-11-18,92169.8,93799.1,89012.0,92916.9,232691.156,21287650102.1971
2025-11-19,92916.8,92944.8,88564.4,91508.9,226438.45,20531646468.1953
2025-11-20,91509.0,93150.0,86066.6,86601.3,276513.027,24710128018.0412
2025-11-21,86601.4,87465.4,80600.0,85093.5,449804.324,37766204535.2064
2025-11-22,85093.6,85599.9,83456.0,84689.4,94197.055,7944941195.9623
2025-11-23,84689.4,88100.0,84622.0,86807.7,138930.073,12021965924.515
2025-11-24,86807.6,89177.3,85226.4,88247.1,211113.332,18390268446.5396
2025-11-25,88247.1,88477.6,86061.1,87324.1,149637.655,13058119938.8809
2025-11-26,87324.1,90655.4,86260.9,90438.1,159146.533,14035931374.2226
2025-11-27,90438.0,91931.9,90024.4,91292.2,113685.232,10363381065.7595
2025-11-28,91292.2,93080.0,90155.0,90847.8,146920.347,13439159085.5929
2025-11-29,90847.8,91130.0,90092.7,90765.0,54196.679,4912678291.2122
2025-11-30,90764.9,91934.4,90300.0,90320.6,66139.718,6030481989.374
2025-12-01,90320.5,90396.9,83786.0,86241.6,296847.166,25577924246.4796
2025-12-02,86241.5,92273.2,86140.1,91249.1,228101.165,20398018617.2761
2025-12-03,91249.1,94185.0,90954.8,93376.7,201298.317,18675815044.3044
2025-12-04,93376.8,94040.0,90822.5,92034.7,146772.427,13597441409.6919
2025-12-05,92034.7,92665.5,87976.3,89288.5,179125.057,16166343889.0462
2025-12-06,89288.6,90257.3,88870.1,89197.1,56826.867,5087173918.7945
2025-12-07,89197.1,91722.0,87688.0,90345.4,129592.005,11615722866.7767
2025-12-08,90345.4,92262.6,89553.8,90610.8,152474.739,13851183299.0389
2025-12-09,90610.8,94555.0,89368.9,92638.4,181930.263,16746767484.4678
2025-12-10,92638.3,94443.7,91520.0,91977.5,160488.78,14848606099.6705
2025-12-11,91977.5,93547.3,89200.0,92477.5,191148.068,17359221855.9521
2025-12-12,92477.6,92719.0,89429.0,90229.6,144844.11,13200125050.1882
2025-12-13,90229.7,90599.0,89711.9,90191.3,36237.733,3269571102.3341
2025-12-14,90191.3,90440.0,87504.3,88118.8,92086.654,8202472245.4301
2025-12-15,88118.8,89972.4,85073.0,86389.9,194216.045,17011925792.4325
2025-12-16,86390.0,88143.9,85226.0,87826.3,142225.048,12361523043.7964
2025-12-17,87826.3,90363.2,85261.3,86201.6,208646.748,18228465804.6213
2025-12-18,86201.6,89447.9,84408.6,85469.7,229573.679,19944082984.3968
2025-12-19,85469.8,89374.6,85062.7,88100.0,178284.494,15617337797.6527
2025-12-20,88100.0,88551.8,87698.5,88320.8,35973.848,3171782778.2374
2025-12-21,88320.7,89050.0,87548.5,88621.3,67624.388,5968133891.8196
2025-12-22,88621.3,90599.0,87845.0,88581.5,154693.469,13801598552.2526
2025-12-23,88581.5,88904.9,86536.0,87463.0,133657.948,11714876769.2463
2025-12-24,87463.1,88033.3,86355.0,87627.3,81543.508,7107553239.5379
2025-12-25,87627.4,88594.0,86902.1,87182.8,57796.252,5072600548.9633
2025-12-26,87182.8,89557.6,86619.9,87318.2,149971.737,13204732310.098
2025-12-27,87318.3,87956.9,87203.0,87829.4,27294.109,2388675294.68
2025-12-28,87829.5,88078.3,87402.6,87920.5,37359.964,3278205503.957
2025-12-29,87920.4,90373.4,86760.0,87203.3,190004.209,16787751031.7945
2025-12-30,87203.2,89355.0,86789.0,88455.3,126745.26,11172280215.5508
2025-12-31,88455.2,89192.8,87189.2,87608.2,96768.357,8534611355.54
2026-01-01,87608.3,88881.4,87508.4,88800.0,47941.303,4221684071.5216
2026-01-02,88800.0,90945.1,88324.4,89951.4,176662.448,15818436364.5132
2026-01-03,89951.5,90716.9,89261.2,90595.8,56891.269,5120704164.6601
2026-01-04,90595.8,91779.7,90595.7,91497.1,73773.029,6733223160.202
2026-01-05,91497.2,94760.3,91476.5,93822.4,189416.312,17646171283.7405
2026-01-06,93822.3,94415.4,91209.0,93708.0,187443.05,17445560806.7759
2026-01-07,93708.1,93708.1,90634.1,91328.0,148986.85,13680092151.8126
2026-01-08,91328.1,91666.0,89242.0,91059.8,168475.944,15234838673.2306
2026-01-09,91059.8,91999.0,89632.8,90603.6,140394.677,12741216614.7338
2026-01-10,90603.7,90800.0,90351.6,90469.6,25270.741,2289227865.1467
2026-01-11,90469.7,91252.5,90175.3,90964.4,43544.382,3951590389.4878
2026-01-12,90964.4,92488.0,90066.0,91252.6,169237.383,15460787326.0671
2026-01-13,91252.5,96863.7,91011.0,95375.2,200545.918,18702759214.6813
2026-01-14,95375.2,97932.1,94413.4,96907.9,182043.491,17517864908.3997
2026-01-15,96908.0,97155.0,95080.0,95567.3,149204.741,14354929430.5958
2026-01-16,95567.4,95825.0,94234.5,95503.7,101218.089,9631783779.4691
2026-01-17,95503.8,95621.9,94977.5,95107.9,38969.233,3713666637.4187
2026-01-18,95107.9,95490.0,93550.3,93614.0,62580.393,5933385909.8745
2026-01-19,93614.0,93614.1,91800.0,92589.6,108237.056,10038160831.5419
2026-01-20,92589.6,92845.0,87787.2,88390.6,188076.2,17018198701.3769
2026-01-21,88390.7,90599.5,87205.5,89411.4,208082.615,18550738542.8682
2026-01-22,89411.4,90327.7,88465.6,89518.5,105914.221,9479318940.2308
2026-01-23,89518.4,91195.0,88530.0,89558.7,124825.85,11205111434.1844
2026-01-24,89558.7,89893.9,89116.9,89180.7,30735.937,2749562449.6091
2026-01-25,89180.7,89281.6,86021.7,86628.9,124879.363,10926589926.8844
2026-01-26,86628.9,88834.1,86463.2,88300.6,134609.491,11814857414.2917
2026-01-27,88300.6,89499.0,87265.4,89197.8,117926.114,10418692062.9808
2026-01-28,89197.8,90592.7,88786.0,89261.7,123884.859,11091286350.5205
2026-01-29,89261.7,89316.8,83338.3,84604.7,226761.591,19452002164.5236
2026-01-30,84604.7,84697.2,81000.0,84211.4,254794.516,21126748812.4862
2026-01-31,84211.4,84239.5,75500.0,78706.8,271548.511,21725315465.7822
2026-02-01,78706.7,79396.8,75644.0,76931.5,186984.08,14530348059.777
2026-02-02,76931.6,79311.0,74555.0,78692.5,259646.414,20033127365.0781
2026-02-03,78692.5,79163.0,72889.2,75732.4,307725.516,23507272161.9743
2026-02-04,75732.4,76952.5,71838.0,73137.4,293124.639,21772124047.9519
2026-02-05,73137.5,73316.3,62233.3,62868.1,670089.741,45383453171.8165
2026-02-06,62868.1,71714.4,59800.0,70544.5,559182.769,37147154675.9662
2026-02-07,70544.5,71690.0,67250.0,69254.2,266663.651,18436859331.9978
2026-02-08,69254.3,72300.0,68843.7,70288.1,162753.587,11477495028.2572
2026-02-09,70288.2,71434.9,68271.7,70110.5,222442.828,15536232970.8153
2026-02-10,70110.6,70499.9,67883.0,68805.3,183872.609,12702030089.136
2026-02-11,68805.3,69262.7,65718.5,67054.4,256625.524,17245163504.0109
2026-02-12,67054.8,68385.0,65081.0,66243.1,199993.259,13358290840.2903
2026-02-13,66243.2,69473.7,65833.9,68821.5,183043.289,12411102395.2804
2026-02-14,68821.5,70557.7,68689.1,69795.4,114534.246,7975934194.1541
2026-02-15,69795.4,70938.5,68029.6,68796.9,151250.13,10503980127.9098
2026-02-16,68796.9,70110.9,67250.0,68862.5,149579.748,10246352235.4022
2026-02-17,68862.6,69228.6,66588.0,67475.9,149185.122,10110613783.2471
2026-02-18,67475.9,68438.0,65826.1,66422.8,163973.391,11015902259.5555
2026-02-19,66422.8,67299.4,65595.7,66974.0,147432.601,9812064348.1862
2026-02-20,66973.9,68283.7,66408.1,67979.3,225303.971,15188111219.3469
2026-02-21,67979.3,68687.0,67488.9,67933.1,87495.493,5962675788.0988
2026-02-22,67933.2,68220.0,67150.0,67613.5,84343.422,5711913292.3926
2026-02-23,67613.6,67655.8,63860.0,64625.8,277151.296,18105752523.7873
2026-02-24,64625.8,64980.0,62401.7,64031.3,223150.569,14197862756.4856
2026-02-25,64031.4,69999.0,63876.0,67952.5,299238.818,20064546495.4116
2026-02-26,67952.5,68850.0,66462.0,67448.2,177837.055,12034418012.3577
2026-02-27,67448.1,68188.8,64875.6,65836.0,205957.364,13676652433.9822
2026-02-28,65836.0,67735.0,62979.5,66937.1,257922.786,16739946355.5953
2026-03-01,66937.0,68189.0,65011.0,65750.0,219111.436,14595540041.5659
2026-03-02,65749.9,70100.0,65234.4,68801.8,277378.032,18797402666.4924
2026-03-03,68801.8,69221.6,66080.0,68295.3,257469.9,17427071396.1283
2026-03-04,68295.2,74046.5,67350.0,72641.4,357143.496,25451510255.9959
2026-03-05,72641.4,73539.1,70612.8,70854.8,226168.28,16281967883.7203
2026-03-06,70854.8,71387.5,67712.3,68083.0,213382.703,14828774016.9754
2026-03-07,68083.0,68524.9,66850.1,67232.1,94570.162,6406934226.6605
2026-03-08,67232.1,68171.6,65569.2,65934.3,155747.973,10426897603.0972
2026-03-09,65934.3,69498.0,65770.5,68394.1,237211.547,16143343325.2073
2026-03-10,68394.0,71748.1,68345.0,69901.9,265674.484,18671992004.4249
2026-03-11,69901.8,71286.0,68932.9,70150.0,195627.956,13717861932.2764
2026-03-12,70150.0,70756.5,69150.0,70480.1,186490.593,13053987974.2205
2026-03-13,70480.1,73870.0,70342.7,70895.5,300232.121,21593507872.2023
2026-03-14,70895.5,71272.3,70256.0,71174.4,79283.014,5607440555.4348
2026-03-15,71174.4,73199.9,70815.7,72778.9,126474.242,9080449373.0048
2026-03-16,72778.8,74880.0,72235.6,74846.4,269076.99,19840157846.2003
2026-03-17,74846.4,75998.9,73330.3,73872.4,218278.973,16237908572.5667
2026-03-18,73872.3,74633.0,70456.0,71202.9,226755.469,16383639137.9523
2026-03-19,71202.9,71598.3,68750.0,69887.4,218646.177,15294450396.1898
2026-03-20,69887.4,71342.2,69350.0,70472.7,186241.517,13081138829.4624
2026-03-21,70472.6,71077.7,68511.3,68881.5,74084.886,5205605275.9253
2026-03-22,68881.5,69555.8,67300.0,67830.6,134880.564,9248443589.3247
2026-03-23,67830.7,71789.8,67400.1,70865.9,291099.678,20370260333.7558
2026-03-24,70866.0,71377.5,68884.5,70523.9,196191.95,13772645263.8223
2026-03-25,70524.0,71999.9,70375.0,71297.5,166515.849,11849218843.5443
2026-03-26,71297.5,71408.1,68115.8,68788.0,186473.614,12951042505.3498
2026-03-27,68788.1,69142.7,65501.0,66364.2,212351.048,14210587774.4208
2026-03-28,66364.1,67284.0,65888.0,66334.8,89373.492,5950578006.8388
2026-03-29,66334.8,67100.0,64918.2,65977.9,110278.396,7312091384.9466
2026-03-30,65978.0,68148.4,65754.2,66764.4,187059.065,12563731418.2445
2026-03-31,66764.4,68600.0,65938.0,68241.5,243333.085,16388241988.4435
2026-04-01,68241.4,69288.0,67534.9,68086.5,157276.22,10762216842.0174
2026-04-02,68086.4,68639.1,65676.1,66868.5,188358.921,12579517168.5344
2026-04-03,66868.6,67350.0,66240.0,66930.0,79267.833,5293680077.2063
2026-04-04,66930.0,67554.5,66745.5,67271.0,50770.337,3410098603.0277
2026-04-05,67271.1,69108.0,66575.5,68997.9,104918.169,7083232336.5034
2026-04-06,68997.9,70332.5,68227.5,68817.9,166757.236,11569303168.5605
2026-04-07,68817.9,72743.4,67711.0,71890.2,232828.247,16182279542.8739
2026-04-08,71890.2,72858.5,70671.6,71038.1,183378.492,13133483725.5291
2026-04-09,71038.2,73128.0,70428.0,71750.4,175806.457,12590015134.5603
2026-04-10,71750.4,73450.0,71382.1,72917.4,156569.666,11339768854.1431
2026-04-11,72917.4,73773.4,72451.9,73013.4,80169.67,5853687218.5443
2026-04-12,73013.4,73094.4,70458.2,70711.1,134822.989,9619397053.2532
2026-04-13,70711.2,74870.0,70517.3,74385.0,213029.519,15429798791.7153
2026-04-14,74384.9,76009.0,73766.8,74106.9,183261.49,13694374804.034
2026-04-15,74106.9,75425.6,73449.0,74776.2,131029.771,9730355811.3352
2026-04-16,74776.3,75500.0,73256.8,75106.8,158397.725,11801394012.9651
2026-04-17,75106.8,78300.0,74480.0,77030.6,239395.915,18324625150.3757
2026-04-18,77030.6,77380.0,75395.9,75653.8,105894.391,8076569348.8235
2026-04-19,75653.8,76200.0,73700.2,73758.4,128978.211,9683836062.9599
2026-04-20,73758.4,76531.0,73669.0,75790.1,166149.667,12510062747.3712
2026-04-21,75790.1,76999.0,74777.9,76288.2,164760.987,12500416813.7038
2026-04-22,76288.3,79444.0,76078.6,78139.8,191087.096,14938373139.3461
2026-04-23,78139.7,78648.0,76504.6,78216.8,172485.012,13417395909.757
2026-04-24,78217.4,78546.0,77206.8,77395.4,127783.005,9945529700.8213
2026-04-25,77395.3,77847.0,77100.0,77585.0,46592.486,3610097135.4857
2026-04-26,77585.0,78994.8,77280.0,78613.5,79943.305,6242573929.5112
2026-04-27,78614.4,79455.0,76400.0,77331.2,169100.883,13145988361.7206
2026-04-28,77331.2,77450.0,75635.6,76298.1,103918.877,7940395434.4344
2026-04-29,76298.2,77873.2,74868.0,75749.9,186533.503,14249560003.828
2026-04-30,75749.9,76630.3,75273.5,76305.4,99754.46,7592288630.2618
2026-05-01,76305.4,78879.9,76265.4,78192.0,152998.306,11910926993.1926
2026-05-02,78191.9,79145.0,77979.3,78652.9,51441.108,4033520631.7541
2026-05-03,78652.8,79428.9,78027.0,78529.0,72033.621,5665696047.9264
2026-05-04,78529.0,80771.7,78128.3,79826.1,280916.582,22352471036.6139
2026-05-05,79826.1,81745.4,79761.2,80861.9,170921.528,13859497343.3122
2026-05-06,80861.9,82828.7,80651.2,81390.1,158200.508,12927894460.9271
2026-05-07,81390.0,81680.6,79461.5,79969.4,134727.652,10847675002.3061
2026-05-08,79969.5,80478.0,79137.4,80155.2,106762.913,8526573357.1195
2026-05-09,80155.2,81043.2,80080.0,80634.0,55957.334,4503617575.0946
2026-05-10,80634.0,82460.5,80225.1,82177.7,94950.803,7710867902.2652
2026-05-11,82177.7,82350.0,80394.0,81699.1,121990.421,9914471000.5156
2026-05-12,81699.1,81757.3,79801.0,80461.0,121313.956,9789139740.0945
2026-05-13,80461.0,81270.2,78713.8,79288.3,139700.645,11167790014.5136
2026-05-14,79288.2,81999.0,78869.4,81048.9,175883.625,14166202818.0762
2026-05-15,81048.8,81623.8,78610.0,79074.0,153823.505,12292172672.2623
2026-05-16,79074.0,79199.7,77601.8,78104.2,86150.451,6745204001.3567
2026-05-17,78104.3,78564.3,76666.0,77430.4,86217.669,6712948169.9698
2026-05-18,77430.4,77757.5,76014.2,76963.2,178363.499,13699664123.4151
2026-05-19,76963.2,77384.6,76107.1,76799.9,99046.639,7603377917.7864
2026-05-20,76800.0,77825.8,76485.0,77510.3,107607.406,8314023123.8036
2026-05-21,77510.3,78180.0,76696.7,77586.2,117095.161,9079126567.9011
2026-05-22,77586.3,77862.7,75322.0,75513.1,116206.213,8909928951.1865
2026-05-23,75513.1,77427.0,74203.6,76715.2,153827.753,11619846136.9379
2026-05-24,76715.3,77600.0,76056.0,77030.3,91134.277,6995184441.0506
2026-05-25,77030.3,77887.9,76871.4,77281.5,76708.408,5935318058.4616
2026-05-26,77281.5,78077.1,75641.2,75905.5,164920.082,12654056290.2857
2026-05-27,75905.6,76155.5,74210.0,74418.1,144715.461,10884781930.5444
2026-05-28,74418.0,74565.3,72556.0,73591.4,179445.677,13158313710.1554
2026-05-29,73591.4,74293.1,72436.0,73428.2,146157.182,10744239263.3423
2026-05-30,73428.2,74108.8,73130.1,73856.8,52543.686,3872898602.558
2026-05-31,73856.9,74250.0,73340.7,73653.2,58241.459,4298158210.9843
2026-06-01,73653.2,74070.5,70650.9,71391.5,213471.128,15378872728.3725
2026-06-02,71391.5,71397.0,66150.7,66730.0,346702.152,23712505169.3278
2026-06-03,66730.1,67493.8,64050.8,64117.7,310901.538,20585781398.0473
2026-06-04,64117.7,64739.8,61344.8,63853.4,431174.611,27310650403.739
2026-06-05,63853.4,63955.0,59080.0,61022.0,478161.885,29361378809.9244
2026-06-06,61022.0,61500.0,59451.3,60849.7,174760.843,10605474090.515
2026-06-07,60849.7,64250.0,60708.0,63298.5,217479.033,13517713522.3448
2026-06-08,63299.0,64179.5,62377.0,63057.9,184441.053,11686149262.5016
2026-06-09,63057.9,63499.9,60755.0,61695.0,221399.474,13747227695.6087
2026-06-10,61694.9,62840.2,60691.9,61483.7,193054.264,11904619873.8146
2026-06-11,61483.6,63915.3,61483.6,63597.9,193994.574,12203645517.4952
2026-06-12,63598.0,64362.6,62800.0,63547.0,145723.782,9269070492.5146
2026-06-13,63547.0,64738.0,63360.0,64418.2,76161.387,4875081330.9115
2026-06-14,64418.3,65775.0,63650.0,65702.1,116733.458,7543356645.1326
2026-06-15,65702.1,67255.4,65314.3,66285.9,167952.941,11128369131.6187
2026-06-16,66285.9,66956.7,65328.8,65644.8,129106.426,8530166441.4165
2026-06-17,65644.8,66419.2,63881.2,64472.9,199486.299,12993715717.6897
2026-06-18,64472.9,64780.0,62232.1,62924.1,187698.716,11913345414.7855
2026-06-19,62924.0,63645.0,62237.2,63512.6,112226.881,7054926729.8511
2026-06-20,63512.5,64370.9,63136.2,64270.0,95676.696,6097926299.7573
2026-06-21,64270.1,64568.0,63220.0,63287.1,84982.076,5440812226.5408
2026-06-22,63287.2,65597.2,63286.2,63990.2,161843.008,10442533457.2388
2026-06-23,63990.1,64247.2,61870.0,62696.7,172919.239,10846658707.2452
2026-06-24,62696.7,63209.6,59060.0,61051.2,278097.304,16952133814.0803
2026-06-25,61051.2,61931.1,58030.0,59771.9,301830.174,18118740546.7246
2026-06-26,59772.0,60734.0,58288.0,60072.0,282095.151,16822758418.5105
2026-06-27,60071.9,60924.7,59819.8,60000.3,81302.593,4907885655.0171
2026-06-28,60000.4,60543.3,58888.0,59550.2,103598.697,6193593269.8492
2026-06-29,59550.2,60758.3,58850.0,60224.7,227776.275,13640923265.6366
2026-06-30,60224.7,60250.0,58160.0,58605.4,191646.301,11294873694.8577
2026-07-01,58605.4,61322.0,57758.6,59999.6,263938.481,15695432641.0252
2026-07-02,59999.6,62180.0,59555.0,61540.6,235950.072,14413324176.5046
2026-07-03,61540.5,62957.2,61229.0,62565.5,132498.494,8221425342.5955
2026-07-04,62565.5,63450.0,62302.6,63114.8,79649.524,5005363317.9037
2026-07-05,63114.9,63990.7,62410.1,63617.1,92627.144,5838939676.6096
2026-07-06,63617.2,64691.9,61297.0,64023.6,242793.799,15274506289.3918
2026-07-07,64023.5,64298.1,62638.0,63335.4,177205.838,11244581262.0986
2026-07-08,63335.4,63740.2,61520.0,62255.3,163095.725,10156440443.1993
2026-07-09,62255.1,63484.9,61666.0,63197.0,150854.293,9464862498.7085
2026-07-10,63197.1,64680.0,62897.0,64129.5,138788.057,8884001490.3616
2026-07-11,64129.5,64497.4,63668.8,63783.0,53674.895,3443175595.1301
2026-07-12,63783.1,64271.9,63602.8,63750.0,60091.946,3842437074.5187
2026-07-13,63749.9,64411.8,61806.0,62307.0,195782.223,12292237296.2456
2026-07-14,62307.0,65130.0,62240.9,65014.7,190875.183,12181241959.761
2026-07-15,65014.6,65589.7,64450.9,64721.4,132223.614,8592277953.362
2026-07-16,64721.4,64974.5,63712.6,63801.0,130469.462,8392177738.2678
2026-07-17,63801.1,64356.7,62505.1,63909.9,165852.813,10503446852.1878
2026-07-18,63909.9,64837.4,63859.6,64806.7,49226.738,3163687038.2765
2026-07-19,64806.7,64948.8,64259.5,64694.7,62795.03,4055891561.1265
2026-07-20,64694.8,65788.0,63736.1,65224.8,179506.147,11632181714.2429
2026-07-21,65224.7,66924.1,65115.3,66522.4,138894.915,9194862592.7125
2026-07-22,66522.3,66711.0,65505.0,66082.0,116810.615,7707124517.2237
2026-07-23,66082.0,66284.1,64636.0,65069.6,124767.778,8138975806.3191
2026-07-24,65069.6,65780.0,63666.0,64116.5,147537.472,9530027824.8239
2026-07-25,64116.5,64417.1,63760.5,64338.1,46247.634,2965064790.4038
2026-07-26,64338.0,65555.0,64256.4,65375.1,65763.163,4260757162.0434
2026-07-27,65375.2,65722.5,63567.0,63720.8,147831.733,9585011782.5078
2026-07-28,63720.7,64084.5,62660.1,63903.6,144273.862,9155492233.058
2026-07-29,63903.6,64715.9,63234.0,63958.9,179976.299,11532338882.8731
2026-07-30,63958.9,65157.0,63576.4,64750.0,112855.732,7285615069.239
2026-07-31,64750.0,65391.3,62410.5,62859.9,174964.935,11118195413.6568
2026-08-01,62859.9,63126.6,62228.8,62792.3,54738.143,3435251324.1728
2026-08-02,62792.3,63779.0,62782.3,63550.0,84040.407,5321527670.0529
2026-08-03,63550.0,64058.8,62268.2,63497.2,151843.862,9601999380.3407
2026-08-04,63497.1,64512.9,63290.2,64075.5,130025.3,8312596119.4757
2026-08-05,64075.6,65022.0,63847.0,64633.9,145120.247,9345411514.1917
2026-08-06,64634.0,64971.7,64111.0,64300.0,99304.784,6412456134.2091
2026-08-07,64299.9,65358.0,64128.3,64885.4,124388.38,8062923719.9652
2026-08-08,64885.5,65163.0,64784.3,64928.5,26438.302,1718341936.1319
2026-08-09,64928.6,65482.7,64700.0,64867.8,47848.462,3111939060.7236
2026-08-10,64867.8,65373.6,63788.0,63939.3,128825.728,8314792239.0839
2026-08-11,63939.3,64470.0,63211.6,63572.0,106023.646,6767717136.9969
2026-08-12,63571.9,64450.0,63283.0,63454.7,114432.813,7296912639.604
2026-08-13,63454.6,63990.7,62800.0,63456.7,122666.092,7789208113.2887
2026-08-14,63456.7,63595.1,62484.2,63015.0,105347.757,6629197390.3501
2026-08-15,63014.9,63170.0,62890.2,63053.9,25131.185,1584147765.8165
2026-08-16,63053.9,63370.0,62681.1,62876.0,39928.075,2516783709.7695
2026-08-17,62876.0,64600.8,62723.9,64504.1,138249.331,8818500412.4621
2026-08-18,64504.1,65057.9,63979.2,64694.0,97513.888,6285075890.8312
2026-08-19,64694.1,70450.0,64131.3,69310.0,326496.482,21955019535.9597
2026-08-20,69310.1,73399.7,68882.1,72998.7,289461.823,20683034859.6725
2026-08-21,72998.8,79555.5,72992.4,78309.1,450262.072,34557712020.4669
2026-08-22,78309.1,78831.8,76510.0,77181.5,109999.403,8522292700.2581
