date,open,high,low,close,volume,quote_volume
2022-01-01 00:00:00,3676.01,3747.78,3676.01,3722.07,116271.787,432503146.56352
2022-01-01 04:00:00,3722.07,3764.03,3701.16,3714.77,141654.52,527771324.72974
2022-01-01 08:00:00,3714.77,3733.33,3671.86,3692.08,150783.679,558917032.0459
2022-01-01 12:00:00,3692.09,3744.99,3690.78,3723.98,126802.578,471170527.41897
2022-01-01 16:00:00,3723.98,3765.0,3716.43,3745.22,121449.659,454626953.23071
2022-01-01 20:00:00,3745.22,3776.33,3737.41,3763.06,98657.57,370662925.35455
2022-01-02 00:00:00,3763.05,3770.0,3740.03,3756.54,73133.431,274494725.2171
2022-01-02 04:00:00,3756.64,3759.75,3714.48,3745.52,92299.056,344848182.15747
2022-01-02 08:00:00,3745.53,3769.25,3730.5,3742.48,80636.325,302293241.61414
2022-01-02 12:00:00,3742.46,3790.43,3728.2,3776.17,118529.543,445198228.90857
2022-01-02 16:00:00,3776.18,3860.0,3770.56,3797.01,293953.888,1120631929.1336
2022-01-02 20:00:00,3797.01,3838.25,3792.09,3826.21,81527.187,311191369.13333
2022-01-03 00:00:00,3826.1,3826.97,3772.85,3784.1,115349.784,438257631.81552
2022-01-03 04:00:00,3784.1,3821.99,3778.25,3806.97,85813.346,326393982.51282
2022-01-03 08:00:00,3806.96,3844.67,3790.01,3832.51,132361.771,505495822.82
2022-01-03 12:00:00,3832.51,3850.0,3775.0,3782.3,218422.155,832849505.02811
2022-01-03 16:00:00,3782.29,3792.81,3732.2,3737.57,219012.898,822427471.2097
2022-01-03 20:00:00,3737.45,3775.86,3680.0,3764.07,228919.399,852296750.5869
2022-01-04 00:00:00,3764.07,3772.0,3711.0,3742.67,123831.971,463213362.19473
2022-01-04 04:00:00,3742.66,3763.18,3726.45,3761.92,100104.249,374976707.6083
2022-01-04 08:00:00,3761.91,3840.72,3755.23,3836.19,236747.954,899294301.28927
2022-01-04 12:00:00,3836.19,3893.19,3815.0,3849.02,291036.175,1122179348.27076
2022-01-04 16:00:00,3849.02,3863.82,3756.71,3812.0,367061.077,1401330286.42654
2022-01-04 20:00:00,3812.0,3833.39,3784.1,3785.6,134999.264,514540408.49852
2022-01-05 00:00:00,3785.6,3827.0,3767.0,3808.7,117269.804,445552566.54102
2022-01-05 04:00:00,3808.67,3822.63,3797.0,3816.32,70794.241,269748281.21732
2022-01-05 08:00:00,3816.32,3847.18,3780.01,3790.85,169165.759,645249967.99484
2022-01-05 12:00:00,3790.86,3833.55,3762.42,3819.25,252397.39,959351922.17205
2022-01-05 16:00:00,3819.25,3821.7,3638.0,3653.62,416255.283,1551971343.30609
2022-01-05 20:00:00,3653.54,3663.56,3405.0,3537.71,788099.471,2803218460.54385
2022-01-06 00:00:00,3537.81,3549.11,3443.57,3447.77,267095.835,937057396.24996
2022-01-06 04:00:00,3448.0,3478.65,3405.42,3452.21,323223.064,1113507820.90283
2022-01-06 08:00:00,3452.2,3454.95,3292.31,3347.99,550831.824,1851250437.43922
2022-01-06 12:00:00,3347.99,3423.84,3316.1,3394.68,355332.123,1199932506.62303
2022-01-06 16:00:00,3394.41,3458.3,3380.77,3444.64,224024.638,766379219.93827
2022-01-06 20:00:00,3444.64,3456.63,3403.37,3404.6,119981.864,411049905.00416
2022-01-07 00:00:00,3404.61,3415.35,3220.29,3238.05,406671.912,1348980258.42311
2022-01-07 04:00:00,3238.05,3251.04,3112.5,3201.99,760873.51,2423258289.27667
2022-01-07 08:00:00,3202.0,3294.84,3188.12,3225.08,384640.522,1245427797.74109
2022-01-07 12:00:00,3225.07,3268.89,3040.77,3130.02,707967.478,2248249011.9504
2022-01-07 16:00:00,3130.13,3224.0,3087.62,3195.96,431165.505,1365940021.08344
2022-01-07 20:00:00,3195.97,3224.32,3164.06,3196.58,163907.425,524319662.95337
2022-01-08 00:00:00,3196.58,3246.54,3179.4,3202.85,235691.684,756841986.9155
2022-01-08 04:00:00,3202.86,3227.96,3190.05,3215.31,114212.443,366794247.06999
2022-01-08 08:00:00,3215.3,3248.03,3206.6,3218.33,177346.832,571764585.50993
2022-01-08 12:00:00,3218.34,3229.23,3145.79,3159.67,246911.235,786283433.87093
2022-01-08 16:00:00,3159.66,3179.69,2996.45,3028.14,727814.341,2227932673.39246
2022-01-08 20:00:00,3028.14,3131.69,3002.14,3080.03,357909.62,1098426537.61616
2022-01-09 00:00:00,3079.86,3145.45,3057.0,3119.04,220247.578,684614797.1397
2022-01-09 04:00:00,3119.04,3144.65,3114.27,3125.35,125024.726,391238727.78513
2022-01-09 08:00:00,3125.36,3137.41,3082.16,3126.82,193217.747,600598409.00844
2022-01-09 12:00:00,3126.82,3133.0,3072.81,3096.81,224693.559,696462676.07248
2022-01-09 16:00:00,3096.84,3208.1,3090.63,3201.08,310848.996,982402106.23211
2022-01-09 20:00:00,3201.09,3209.4,3142.61,3150.0,156816.186,498432034.09423
2022-01-10 00:00:00,3149.99,3168.7,3125.88,3153.1,154673.056,486784110.40824
2022-01-10 04:00:00,3153.0,3179.16,3149.95,3161.76,134308.674,425180669.01496
2022-01-10 08:00:00,3161.76,3168.07,3092.0,3104.2,257274.821,805234581.84105
2022-01-10 12:00:00,3104.2,3110.0,2924.78,3004.19,1007497.69,3026077987.93405
2022-01-10 16:00:00,3004.19,3101.45,2965.01,3028.85,587746.188,1782268589.40656
2022-01-10 20:00:00,3028.9,3095.95,3017.81,3081.31,180794.136,554019144.59847
2022-01-11 00:00:00,3081.25,3127.74,3050.58,3118.04,176792.68,546654379.38412
2022-01-11 04:00:00,3118.04,3135.0,3095.95,3127.55,118787.356,369627404.04957
2022-01-11 08:00:00,3127.56,3145.79,3087.46,3108.91,258289.501,804369079.00028
2022-01-11 12:00:00,3108.9,3157.64,3073.51,3132.05,365537.761,1139475569.19104
2022-01-11 16:00:00,3132.04,3262.66,3128.0,3234.8,514660.206,1654335175.6268
2022-01-11 20:00:00,3234.81,3247.18,3220.83,3236.86,99436.242,321690385.28196
2022-01-12 00:00:00,3236.86,3257.27,3214.97,3232.98,117916.397,381404815.48841
2022-01-12 04:00:00,3232.99,3260.79,3203.85,3216.14,157045.169,506856724.33448
2022-01-12 08:00:00,3216.01,3295.0,3213.26,3269.98,267496.569,871194836.12425
2022-01-12 12:00:00,3269.98,3384.25,3266.6,3360.27,528684.398,1765240752.06748
2022-01-12 16:00:00,3360.28,3392.0,3334.4,3379.77,208378.618,701668326.84242
2022-01-12 20:00:00,3379.77,3411.0,3355.0,3369.93,155933.498,526734375.07247
2022-01-13 00:00:00,3369.92,3382.87,3313.95,3336.98,161467.825,540134828.6786
2022-01-13 04:00:00,3336.98,3351.99,3321.87,3339.71,108259.093,361305073.2637
2022-01-13 08:00:00,3339.7,3377.56,3327.97,3332.38,171102.39,573607291.19754
2022-01-13 12:00:00,3332.37,3408.89,3271.03,3300.21,439727.116,1468288522.1552
2022-01-13 16:00:00,3300.2,3318.0,3246.6,3270.63,316832.575,1039713868.5813
2022-01-13 20:00:00,3270.62,3278.77,3230.97,3240.36,176884.065,575590928.05879
2022-01-14 00:00:00,3240.32,3274.25,3222.0,3265.68,147790.103,480834675.98632
2022-01-14 04:00:00,3265.67,3312.25,3262.98,3267.55,154069.529,506183834.73527
2022-01-14 08:00:00,3267.55,3273.37,3190.41,3200.77,278176.578,899263917.12567
2022-01-14 12:00:00,3200.77,3299.89,3181.2,3276.93,377356.069,1223423720.63413
2022-01-14 16:00:00,3276.93,3327.76,3257.28,3306.76,219043.519,720308867.06674
2022-01-14 20:00:00,3306.75,3342.63,3291.45,3305.6,133358.469,441739407.88033
2022-01-15 00:00:00,3305.61,3323.6,3294.1,3306.19,89513.302,296319427.46767
2022-01-15 04:00:00,3306.19,3320.0,3292.35,3313.48,79667.611,263454138.19783
2022-01-15 08:00:00,3313.49,3338.1,3308.08,3317.01,104423.234,346801140.84654
2022-01-15 12:00:00,3317.01,3368.89,3257.59,3360.56,320824.956,1062441879.55398
2022-01-15 16:00:00,3360.55,3372.0,3338.0,3348.31,103384.56,346666253.98318
2022-01-15 20:00:00,3348.31,3369.0,3321.45,3324.05,111206.47,371639061.12721
2022-01-16 00:00:00,3324.06,3335.05,3293.26,3312.43,98087.241,325224823.15304
2022-01-16 04:00:00,3312.44,3338.36,3303.21,3330.81,83848.509,278538931.61444
2022-01-16 08:00:00,3330.69,3336.0,3283.64,3310.4,154804.857,512637760.28137
2022-01-16 12:00:00,3310.41,3362.3,3269.01,3351.87,311400.704,1035898661.82509
2022-01-16 16:00:00,3351.92,3394.62,3311.17,3319.25,181341.452,608473141.55448
2022-01-16 20:00:00,3319.24,3361.02,3308.47,3345.49,105459.038,351913955.6007
2022-01-17 00:00:00,3345.5,3355.3,3252.0,3256.05,215239.062,712413575.62327
2022-01-17 04:00:00,3256.06,3298.36,3235.11,3269.87,231660.222,756340822.6289
2022-01-17 08:00:00,3269.87,3280.51,3249.85,3254.32,188505.275,615564996.00457
2022-01-17 12:00:00,3254.32,3278.48,3215.0,3235.35,268146.808,871900293.70471
2022-01-17 16:00:00,3235.41,3245.0,3179.19,3217.14,300916.647,966200877.37663
2022-01-17 20:00:00,3217.22,3223.91,3139.37,3208.61,235670.92,750655911.16443
2022-01-18 00:00:00,3208.6,3243.95,3173.98,3180.5,202730.196,651199327.26531
2022-01-18 04:00:00,3180.49,3204.58,3161.28,3185.69,172966.822,550301564.90489
2022-01-18 08:00:00,3185.7,3191.9,3125.0,3170.14,320156.753,1011946228.8907
2022-01-18 12:00:00,3170.12,3180.81,3099.26,3115.47,416088.984,1302546472.65942
2022-01-18 16:00:00,3115.47,3139.42,3080.5,3126.57,258146.241,802864174.93554
2022-01-18 20:00:00,3126.57,3193.35,3099.89,3159.32,219355.671,691299746.49059
2022-01-19 00:00:00,3159.31,3174.6,3085.09,3097.24,258522.476,810398807.34784
2022-01-19 04:00:00,3097.25,3112.81,3046.0,3059.85,255902.996,789061080.27405
2022-01-19 08:00:00,3059.85,3129.61,3045.0,3115.96,352088.428,1085802591.71907
2022-01-19 12:00:00,3115.96,3160.0,3109.0,3122.0,331992.924,1039428563.80022
2022-01-19 16:00:00,3122.0,3159.27,3079.26,3127.44,313443.012,977729905.14696
2022-01-19 20:00:00,3127.45,3137.17,3080.36,3082.81,156567.246,487218915.89548
2022-01-20 00:00:00,3082.8,3130.15,3082.21,3124.33,143333.123,446055732.13252
2022-01-20 04:00:00,3124.34,3153.24,3111.84,3138.01,134760.592,422328702.0726
2022-01-20 08:00:00,3138.01,3154.1,3115.89,3150.87,166840.725,523246745.97833
2022-01-20 12:00:00,3150.87,3271.64,3126.6,3260.67,490718.483,1571086126.27616
2022-01-20 16:00:00,3260.67,3272.24,3203.0,3214.53,314575.481,1017962133.87207
2022-01-20 20:00:00,3214.55,3218.74,2985.0,2999.92,630491.044,1945330487.26682
2022-01-21 00:00:00,2999.92,3031.9,2806.5,2836.04,916688.93,2673532769.04885
2022-01-21 04:00:00,2836.04,2893.67,2832.64,2879.82,370743.966,1060195010.93661
2022-01-21 08:00:00,2879.81,2896.52,2834.0,2847.33,314177.879,901870204.27103
2022-01-21 12:00:00,2847.32,2853.77,2726.35,2830.14,989295.649,2762592013.32886
2022-01-21 16:00:00,2830.14,2860.22,2737.59,2740.36,486603.93,1359247985.91027
2022-01-21 20:00:00,2740.35,2762.89,2460.0,2566.91,1439764.005,3757263141.96586
2022-01-22 00:00:00,2566.91,2625.6,2538.0,2565.73,565190.714,1462558831.07734
2022-01-22 04:00:00,2565.73,2575.0,2422.76,2461.13,716571.651,1795403752.78754
2022-01-22 08:00:00,2461.6,2504.49,2293.56,2430.11,1281100.126,3086572952.75219
2022-01-22 12:00:00,2430.17,2518.48,2378.43,2385.72,673654.207,1647999545.79684
2022-01-22 16:00:00,2385.72,2466.45,2318.0,2335.92,811364.804,1935066602.0866
2022-01-22 20:00:00,2336.15,2470.72,2316.72,2410.96,614517.371,1479941325.53549
2022-01-23 00:00:00,2410.57,2462.99,2384.19,2414.96,362146.295,878167780.21534
2022-01-23 04:00:00,2414.89,2500.0,2406.22,2486.1,393561.408,965721458.29796
2022-01-23 08:00:00,2485.8,2549.0,2473.64,2497.59,426966.422,1072473515.40323
2022-01-23 12:00:00,2497.58,2513.75,2403.0,2431.04,446893.373,1099205353.74717
2022-01-23 16:00:00,2431.03,2456.0,2373.88,2382.36,306350.613,740681749.33236
2022-01-23 20:00:00,2382.36,2548.08,2368.0,2538.41,436056.757,1077747828.39458
2022-01-24 00:00:00,2538.4,2539.59,2428.86,2457.74,343719.67,851207611.14389
2022-01-24 04:00:00,2457.74,2468.64,2378.01,2384.95,294282.516,713783693.93232
2022-01-24 08:00:00,2384.94,2445.03,2199.74,2237.98,1240152.175,2851255589.51671
2022-01-24 12:00:00,2237.99,2286.32,2151.0,2273.84,1370282.538,3029407392.0539
2022-01-24 16:00:00,2273.84,2408.72,2211.22,2377.21,1022625.192,2365723983.16116
2022-01-24 20:00:00,2377.2,2480.0,2366.45,2438.13,423238.163,1028815929.72504
2022-01-25 00:00:00,2437.87,2441.0,2376.59,2414.9,259069.008,622985606.05166
2022-01-25 04:00:00,2414.76,2421.11,2349.6,2382.5,251089.884,597308837.32438
2022-01-25 08:00:00,2382.47,2454.24,2371.63,2422.18,370442.524,893419719.30284
2022-01-25 12:00:00,2422.19,2468.99,2361.3,2418.08,674882.503,1632864551.10801
2022-01-25 16:00:00,2417.66,2504.98,2411.01,2464.86,444021.42,1094490878.4343
2022-01-25 20:00:00,2464.95,2470.08,2402.83,2457.37,326471.223,795507440.01959
2022-01-26 00:00:00,2457.37,2483.5,2413.06,2474.47,252895.618,619024884.56034
2022-01-26 04:00:00,2474.48,2499.5,2443.29,2460.01,218591.755,540193030.26853
2022-01-26 08:00:00,2460.01,2547.51,2459.01,2544.54,441001.867,1103806498.11478
2022-01-26 12:00:00,2544.53,2669.12,2520.8,2604.19,732606.039,1907166106.622
2022-01-26 16:00:00,2604.19,2720.06,2560.53,2572.47,913855.656,2397677014.56179
2022-01-26 20:00:00,2572.49,2572.51,2400.01,2461.61,811917.401,2011768288.94157
2022-01-27 00:00:00,2461.62,2494.16,2351.58,2363.77,504541.706,1214981347.15928
2022-01-27 04:00:00,2363.5,2418.8,2360.0,2401.82,313872.428,750524635.15991
2022-01-27 08:00:00,2402.0,2456.65,2382.93,2454.67,332066.454,807045264.0788
2022-01-27 12:00:00,2454.76,2520.0,2440.35,2478.44,524577.739,1301752705.73607
2022-01-27 16:00:00,2478.44,2494.69,2389.29,2393.48,454403.98,1109619672.6216
2022-01-27 20:00:00,2393.49,2429.84,2314.33,2422.61,577272.295,1367200728.53747
2022-01-28 00:00:00,2422.61,2454.99,2361.91,2445.34,389311.155,939936552.68573
2022-01-28 04:00:00,2445.52,2474.17,2388.17,2389.19,311255.922,758580894.39968
2022-01-28 08:00:00,2389.18,2419.94,2370.0,2395.0,378649.74,905306413.04535
2022-01-28 12:00:00,2395.0,2448.0,2357.0,2442.15,538173.903,1295237966.55766
2022-01-28 16:00:00,2442.15,2493.12,2421.19,2459.96,422431.919,1040287429.4181
2022-01-28 20:00:00,2459.77,2556.93,2458.69,2543.34,354853.149,893360111.58186
2022-01-29 00:00:00,2543.34,2586.0,2519.21,2540.0,248499.685,633332212.47888
2022-01-29 04:00:00,2540.0,2570.0,2521.54,2566.03,173398.532,441078581.37362
2022-01-29 08:00:00,2566.04,2577.5,2533.44,2553.08,172886.066,440981319.02144
2022-01-29 12:00:00,2553.07,2612.16,2523.14,2541.95,419207.937,1075999399.43436
2022-01-29 16:00:00,2541.61,2607.16,2525.68,2589.09,220736.588,567199270.73811
2022-01-29 20:00:00,2589.08,2658.41,2578.56,2599.94,287660.587,750732024.90107
2022-01-30 00:00:00,2599.93,2613.4,2556.24,2568.62,196673.085,507495336.37218
2022-01-30 04:00:00,2568.62,2632.1,2565.3,2617.65,214787.382,559235277.37794
2022-01-30 08:00:00,2617.65,2644.93,2595.88,2624.36,170542.416,445861086.80701
2022-01-30 12:00:00,2624.51,2639.19,2584.0,2616.13,230859.774,602525445.82489
2022-01-30 16:00:00,2616.13,2623.33,2550.56,2559.21,223801.985,579794661.40336
2022-01-30 20:00:00,2559.21,2629.97,2541.46,2600.45,285571.835,736311716.38451
2022-01-31 00:00:00,2600.45,2607.17,2486.42,2510.51,377043.584,955389581.06356
2022-01-31 04:00:00,2510.51,2527.6,2475.33,2526.69,206339.526,516599589.56698
2022-01-31 08:00:00,2526.68,2571.72,2517.5,2556.85,227358.346,577133775.70503
2022-01-31 12:00:00,2556.86,2636.0,2517.92,2619.36,509923.441,1312086922.55007
2022-01-31 16:00:00,2619.37,2706.39,2612.33,2672.07,590747.669,1577291066.43822
2022-01-31 20:00:00,2672.08,2706.47,2662.16,2685.34,208366.42,559099016.56447
2022-02-01 00:00:00,2685.34,2758.28,2672.61,2749.5,283580.554,768239374.79995
2022-02-01 04:00:00,2749.49,2765.99,2716.53,2735.34,183367.132,502126165.00665
2022-02-01 08:00:00,2735.34,2795.0,2716.59,2758.47,423453.414,1165833877.86402
2022-02-01 12:00:00,2758.5,2810.0,2730.0,2767.27,580651.655,1608991803.67294
2022-02-01 16:00:00,2767.26,2812.94,2748.46,2749.55,391592.055,1088584884.03611
2022-02-01 20:00:00,2749.56,2804.88,2748.5,2786.38,192152.035,534744737.29767
2022-02-02 00:00:00,2786.37,2802.99,2739.22,2778.7,246579.732,683024110.8652
2022-02-02 04:00:00,2778.71,2779.87,2740.0,2748.5,216632.998,597492252.99335
2022-02-02 08:00:00,2748.5,2774.65,2739.2,2765.24,145443.62,401463436.61056
2022-02-02 12:00:00,2765.23,2810.0,2652.23,2662.83,757831.414,2067222334.40252
2022-02-02 16:00:00,2662.82,2717.54,2636.43,2705.05,459504.025,1228011285.49526
2022-02-02 20:00:00,2705.04,2732.6,2610.4,2678.0,528865.218,1413527939.94957
2022-02-03 00:00:00,2678.47,2722.99,2651.0,2656.98,288324.831,774558487.92408
2022-02-03 04:00:00,2656.86,2675.53,2636.0,2669.1,232497.658,617806972.69153
2022-02-03 08:00:00,2669.27,2684.23,2577.0,2619.76,467802.788,1226099607.12032
2022-02-03 12:00:00,2619.76,2647.0,2572.64,2638.33,530489.8,1386342260.26846
2022-02-03 16:00:00,2638.39,2659.66,2588.73,2596.68,284033.409,744450893.463
2022-02-03 20:00:00,2596.67,2700.0,2575.0,2694.37,368594.155,971251193.21047
2022-02-04 00:00:00,2694.2,2696.54,2670.14,2682.28,194106.806,521249878.01399
2022-02-04 04:00:00,2682.29,2807.99,2674.44,2803.77,500400.023,1383258493.59454
2022-02-04 08:00:00,2803.78,2872.89,2802.93,2828.53,510796.04,1449288009.42423
2022-02-04 12:00:00,2828.62,2930.0,2762.83,2870.99,962013.847,2729985123.76824
2022-02-04 16:00:00,2870.99,2969.32,2867.0,2957.58,513925.105,1507948108.27629
2022-02-04 20:00:00,2957.36,2995.0,2929.79,2993.65,272642.077,807139091.41317
2022-02-05 00:00:00,2993.64,3019.8,2958.01,2996.56,287074.018,857237505.73336
2022-02-05 04:00:00,2996.57,3036.92,2988.08,3000.98,247764.665,747307724.47399
2022-02-05 08:00:00,3000.98,3034.13,2986.82,3010.55,199303.183,600594181.85445
2022-02-05 12:00:00,3010.55,3059.91,2995.97,3048.92,346912.842,1050026459.88236
2022-02-05 16:00:00,3048.81,3053.72,2961.72,3009.91,345090.031,1036579173.30467
2022-02-05 20:00:00,3009.86,3035.82,2992.12,3011.59,131246.806,395684911.84354
2022-02-06 00:00:00,3011.58,3033.5,3007.09,3007.45,99220.697,299831217.02967
2022-02-06 04:00:00,3007.44,3021.31,2986.94,3009.68,148891.296,447649787.58046
2022-02-06 08:00:00,3009.68,3021.64,2997.0,3004.77,113447.836,341255184.52277
2022-02-06 12:00:00,3004.83,3050.13,2948.0,2989.94,396117.666,1186250765.26717
2022-02-06 16:00:00,2989.94,3008.92,2976.84,2999.95,152002.922,455105262.92005
2022-02-06 20:00:00,2999.83,3075.0,2973.03,3054.26,241849.432,730758880.46928
2022-02-07 00:00:00,3054.26,3072.88,2990.83,3066.68,366240.693,1109879247.98286
2022-02-07 04:00:00,3066.56,3111.96,3053.03,3078.0,274533.699,846839762.02605
2022-02-07 08:00:00,3078.01,3084.52,3046.72,3066.09,214650.221,658071943.66659
2022-02-07 12:00:00,3066.1,3128.02,3053.0,3120.23,418259.373,1295865493.21882
2022-02-07 16:00:00,3120.01,3185.99,3105.0,3165.92,463826.373,1458285569.24912
2022-02-07 20:00:00,3165.91,3183.73,3128.52,3138.55,183081.559,576937830.39006
2022-02-08 00:00:00,3138.55,3154.88,3110.4,3144.03,186541.381,585168153.82249
2022-02-08 04:00:00,3144.03,3246.65,3140.4,3172.77,433709.915,1380674752.4446
2022-02-08 08:00:00,3172.67,3177.48,3073.14,3103.81,489495.865,1521756751.61387
2022-02-08 12:00:00,3103.81,3103.81,3028.09,3075.5,444656.124,1364218720.44091
2022-02-08 16:00:00,3075.5,3083.34,3023.28,3050.35,296663.192,905675332.66192
2022-02-08 20:00:00,3050.32,3136.5,3045.36,3115.23,270940.505,841275016.90795
2022-02-09 00:00:00,3115.23,3129.99,3059.33,3074.49,194213.83,600587460.12301
2022-02-09 04:00:00,3074.49,3111.47,3052.5,3103.83,181316.878,559476342.43001
2022-02-09 08:00:00,3103.83,3157.0,3066.48,3150.89,290998.486,905908420.64357
2022-02-09 12:00:00,3150.89,3218.84,3137.26,3177.0,438685.069,1396044381.01493
2022-02-09 16:00:00,3177.0,3258.0,3161.39,3245.45,307337.993,986770072.88854
2022-02-09 20:00:00,3245.46,3269.16,3229.13,3241.82,158933.113,516021553.52451
2022-02-10 00:00:00,3241.79,3247.11,3168.01,3177.67,201680.162,646379234.56075
2022-02-10 04:00:00,3177.67,3194.51,3155.11,3187.9,181435.461,575954489.16942
2022-02-10 08:00:00,3187.91,3282.96,3181.0,3246.6,373799.329,1208514295.15681
2022-02-10 12:00:00,3246.56,3265.0,3083.58,3208.22,1073394.446,3411210242.48717
2022-02-10 16:00:00,3208.21,3260.75,3112.57,3119.11,501122.099,1598471207.32343
2022-02-10 20:00:00,3119.1,3138.55,3055.24,3070.9,341360.474,1059110056.83006
2022-02-11 00:00:00,3070.89,3095.52,2998.0,3080.06,418572.986,1276943016.96778
2022-02-11 04:00:00,3080.07,3104.99,3039.0,3096.64,196162.832,602137629.19198
2022-02-11 08:00:00,3096.65,3115.0,3060.6,3087.0,254370.181,787036160.89444
2022-02-11 12:00:00,3087.0,3136.55,3077.27,3101.28,385379.198,1197626024.52521
2022-02-11 16:00:00,3101.27,3111.12,2966.0,2992.13,546123.721,1655280552.74747
2022-02-11 20:00:00,2992.13,3001.43,2873.5,2926.04,532859.516,1558531363.41538
2022-02-12 00:00:00,2926.03,2957.95,2910.0,2933.32,210421.662,617687625.52869
2022-02-12 04:00:00,2933.32,2947.47,2881.27,2918.48,252788.659,736671721.27442
2022-02-12 08:00:00,2918.49,2943.9,2865.0,2930.27,318387.841,928360102.39157
2022-02-12 12:00:00,2930.27,2937.27,2855.0,2880.55,395302.851,1142920736.94941
2022-02-12 16:00:00,2880.42,2977.0,2863.6,2951.5,380233.139,1115801538.16651
2022-02-12 20:00:00,2951.5,2983.62,2862.63,2916.93,312107.374,909547808.26596
2022-02-13 00:00:00,2917.04,2950.22,2896.0,2917.55,162581.7,475310582.93867
2022-02-13 04:00:00,2917.56,2927.92,2896.9,2921.43,133105.906,387884531.55239
2022-02-13 08:00:00,2921.44,2943.01,2906.16,2929.87,139707.174,408693561.05876
2022-02-13 12:00:00,2929.86,2952.66,2907.49,2918.35,235153.883,689397539.67832
2022-02-13 16:00:00,2918.36,2920.63,2830.31,2855.35,389643.407,1120033010.17629
2022-02-13 20:00:00,2855.36,2908.0,2847.27,2870.32,217294.627,626620107.07627
2022-02-14 00:00:00,2870.33,2893.02,2829.8,2863.89,261214.083,746058232.76688
2022-02-14 04:00:00,2863.9,2884.0,2843.1,2881.48,167138.383,478533683.74152
2022-02-14 08:00:00,2881.48,2887.73,2845.07,2872.94,213925.807,613279432.9946
2022-02-14 12:00:00,2873.09,2964.44,2855.0,2935.64,532358.096,1558144022.00954
2022-02-14 16:00:00,2935.64,2962.99,2855.1,2877.88,426337.997,1241980437.5208
2022-02-14 20:00:00,2877.87,2947.77,2865.0,2928.87,214986.077,625556383.92408
2022-02-15 00:00:00,2928.87,3037.7,2911.85,3023.45,340166.363,1017533833.57198
2022-02-15 04:00:00,3023.45,3059.94,3005.58,3048.01,205927.882,623493240.69064
2022-02-15 08:00:00,3048.0,3115.0,3039.0,3092.98,403026.679,1242859725.93309
2022-02-15 12:00:00,3092.99,3153.96,3086.0,3121.54,404935.18,1261302927.39853
2022-02-15 16:00:00,3121.55,3141.75,3087.01,3108.75,260531.295,810148757.02808
2022-02-15 20:00:00,3108.75,3198.0,3091.31,3183.73,241488.718,758752863.99846
2022-02-16 00:00:00,3183.74,3184.72,3132.5,3140.61,226951.234,715936333.41595
2022-02-16 04:00:00,3140.61,3152.61,3105.11,3148.11,197204.873,616978670.94624
2022-02-16 08:00:00,3148.48,3161.98,3112.01,3134.65,203612.37,638930661.53722
2022-02-16 12:00:00,3134.64,3144.93,3050.0,3064.99,455438.714,1404564434.52911
2022-02-16 16:00:00,3065.0,3186.79,3040.42,3167.59,464167.308,1446102529.83102
2022-02-16 20:00:00,3167.78,3178.0,3114.98,3121.8,186087.919,585511594.95085
2022-02-17 00:00:00,3121.8,3158.68,3081.14,3082.44,214814.216,671113635.41826
2022-02-17 04:00:00,3082.56,3110.74,3046.0,3107.43,334356.745,1028267170.70547
2022-02-17 08:00:00,3107.6,3140.0,3030.39,3064.21,506356.345,1554390696.78784
2022-02-17 12:00:00,3064.22,3085.73,2959.09,2987.08,667175.089,2008223427.82512
2022-02-17 16:00:00,2986.98,3003.57,2879.56,2908.7,564525.823,1660546952.5628
2022-02-17 20:00:00,2908.7,2912.97,2850.0,2890.8,345376.168,996696168.05283
2022-02-18 00:00:00,2890.75,2917.97,2860.1,2905.75,243179.798,703394690.87733
2022-02-18 04:00:00,2905.48,2914.81,2875.08,2902.86,174577.507,505757378.43346
2022-02-18 08:00:00,2902.87,2941.94,2870.9,2877.62,286460.195,833612281.49197
2022-02-18 12:00:00,2877.71,2907.0,2778.11,2798.58,684464.904,1948038907.5935
2022-02-18 16:00:00,2798.63,2825.23,2750.0,2796.88,552296.247,1540380376.49431
2022-02-18 20:00:00,2796.88,2806.31,2752.03,2778.46,221962.82,617448657.82858
2022-02-19 00:00:00,2778.46,2829.99,2765.09,2804.59,192182.605,539910014.49108
2022-02-19 04:00:00,2804.59,2824.41,2793.32,2810.69,131261.672,368993669.55832
2022-02-19 08:00:00,2810.69,2817.99,2704.01,2721.43,373400.871,1031248577.65708
2022-02-19 12:00:00,2721.43,2752.54,2691.0,2744.52,363592.691,990716584.31409
2022-02-19 16:00:00,2744.63,2794.65,2736.22,2742.99,353541.082,976167321.15518
2022-02-19 20:00:00,2743.0,2766.83,2725.01,2761.89,132364.965,363548664.40854
2022-02-20 00:00:00,2761.9,2762.89,2694.16,2711.53,244217.028,664752661.51599
2022-02-20 04:00:00,2711.53,2716.93,2616.0,2652.23,499907.29,1328135315.97658
2022-02-20 08:00:00,2652.23,2652.73,2598.25,2641.0,437858.046,1148570695.68062
2022-02-20 12:00:00,2641.03,2664.87,2599.63,2650.24,379896.288,1000153622.14706
2022-02-20 16:00:00,2650.25,2673.68,2630.0,2648.66,263859.9,699801655.29047
2022-02-20 20:00:00,2648.66,2664.4,2573.33,2620.72,416732.721,1092067453.09208
2022-02-21 00:00:00,2620.72,2738.81,2603.11,2709.76,463314.823,1247239218.35944
2022-02-21 04:00:00,2709.75,2755.0,2709.28,2745.32,241694.926,661436256.32846
2022-02-21 08:00:00,2745.32,2758.0,2602.57,2624.73,607310.7,1625818664.46533
2022-02-21 12:00:00,2624.53,2749.9,2580.0,2722.33,1091450.99,2906310845.23247
2022-02-21 16:00:00,2722.32,2744.61,2605.22,2651.46,828056.545,2204750149.6637
2022-02-21 20:00:00,2651.46,2675.0,2555.56,2566.88,753561.11,1962225597.88306
2022-02-22 00:00:00,2566.88,2621.63,2506.28,2518.6,594637.3,1525418611.37227
2022-02-22 04:00:00,2518.63,2546.89,2495.0,2514.11,455151.987,1146433641.11908
2022-02-22 08:00:00,2514.12,2606.92,2512.67,2587.19,521889.708,1339197864.57761
2022-02-22 12:00:00,2587.2,2670.0,2563.26,2622.59,781128.66,2040452991.17902
2022-02-22 16:00:00,2622.6,2639.73,2578.31,2631.82,538824.357,1402015246.04773
2022-02-22 20:00:00,2631.82,2655.35,2589.28,2635.57,304170.78,796831715.59645
2022-02-23 00:00:00,2635.57,2653.78,2595.0,2623.45,331504.609,869534113.74573
2022-02-23 04:00:00,2623.45,2697.3,2618.28,2693.96,370856.246,985823647.89199
2022-02-23 08:00:00,2694.09,2737.33,2680.3,2717.66,497149.592,1347541616.90751
2022-02-23 12:00:00,2717.67,2752.38,2683.0,2688.08,536877.331,1459889393.15567
2022-02-23 16:00:00,2688.08,2729.63,2618.07,2632.16,570905.047,1525165384.07571
2022-02-23 20:00:00,2632.15,2639.99,2573.39,2578.02,397306.49,1036851408.36181
2022-02-24 00:00:00,2578.02,2591.48,2385.22,2395.45,987875.493,2459792597.53619
2022-02-24 04:00:00,2395.45,2408.73,2298.72,2369.9,1343244.647,3161731689.51776
2022-02-24 08:00:00,2369.46,2422.0,2329.05,2393.58,950713.073,2255825323.88575
2022-02-24 12:00:00,2393.42,2475.81,2347.88,2453.4,1065859.906,2570019070.67174
2022-02-24 16:00:00,2453.55,2599.0,2427.6,2594.3,967300.896,2413903076.58701
2022-02-24 20:00:00,2594.28,2777.33,2543.07,2595.47,912792.29,2409816128.1244
2022-02-25 00:00:00,2595.47,2648.89,2581.14,2635.16,388774.778,1018300321.74655
2022-02-25 04:00:00,2635.16,2645.83,2583.57,2612.67,315434.225,825489340.18358
2022-02-25 08:00:00,2612.66,2640.0,2571.68,2632.34,436301.985,1137284909.69048
2022-02-25 12:00:00,2632.36,2745.0,2631.09,2732.14,822444.881,2216462629.10508
2022-02-25 16:00:00,2732.14,2747.37,2664.36,2678.17,415521.951,1121851801.16218
2022-02-25 20:00:00,2678.17,2835.0,2666.83,2766.36,557941.062,1540232307.84658
2022-02-26 00:00:00,2766.42,2882.0,2760.23,2792.75,418986.947,1178024666.25091
2022-02-26 04:00:00,2792.75,2820.65,2756.39,2791.8,218462.538,608826334.22506
2022-02-26 08:00:00,2791.76,2818.0,2726.0,2750.66,374669.943,1034659956.54781
2022-02-26 12:00:00,2750.65,2810.61,2741.34,2783.94,313637.726,870500410.77071
2022-02-26 16:00:00,2783.94,2833.73,2762.0,2808.6,265016.837,741145131.18224
2022-02-26 20:00:00,2808.6,2854.04,2762.18,2778.15,261513.155,734230901.88756
2022-02-27 00:00:00,2778.15,2789.67,2676.19,2714.42,387469.073,1053278651.0095
2022-02-27 04:00:00,2714.42,2743.99,2696.0,2734.33,190525.936,518481824.43639
2022-02-27 08:00:00,2734.28,2832.89,2721.0,2820.33,410226.551,1140304249.95046
2022-02-27 12:00:00,2820.33,2836.21,2705.06,2807.36,711323.383,1978891654.56724
2022-02-27 16:00:00,2807.61,2808.34,2594.0,2605.89,522294.476,1412735349.05727
2022-02-27 20:00:00,2605.85,2658.35,2553.68,2615.99,726946.738,1895023688.33716
2022-02-28 00:00:00,2615.99,2678.85,2587.17,2605.81,468049.934,1229850981.82562
2022-02-28 04:00:00,2605.98,2651.91,2565.0,2634.06,474872.498,1240637986.88002
2022-02-28 08:00:00,2634.2,2658.0,2609.56,2638.97,331257.98,872043338.35776
2022-02-28 12:00:00,2638.97,2829.07,2605.29,2814.22,1047901.634,2844037266.69151
2022-02-28 16:00:00,2814.22,2830.0,2788.01,2807.36,507381.169,1425203126.22631
2022-02-28 20:00:00,2807.36,2966.0,2794.77,2920.1,576466.488,1655761039.83499
2022-03-01 00:00:00,2920.05,2974.44,2890.07,2911.82,399872.252,1172010432.69068
2022-03-01 04:00:00,2911.82,2934.62,2881.0,2921.56,252613.202,735919530.95548
2022-03-01 08:00:00,2921.56,2934.41,2852.2,2902.4,454874.434,1319333031.28045
2022-03-01 12:00:00,2902.41,3036.0,2898.2,2949.2,1065512.67,3167290973.43202
2022-03-01 16:00:00,2949.2,2976.02,2896.7,2945.89,497664.013,1461199191.72626
2022-03-01 20:00:00,2946.1,2979.98,2936.77,2975.61,232582.881,688650482.36333
2022-03-02 00:00:00,2975.61,3028.99,2912.96,3017.25,421465.217,1247585203.25498
2022-03-02 04:00:00,3017.26,3046.46,2954.07,2968.43,387878.898,1161403168.04008
2022-03-02 08:00:00,2968.44,3027.33,2950.0,3004.36,396879.476,1187725977.96716
2022-03-02 12:00:00,3004.29,3035.99,2925.01,2952.09,930411.254,2770164241.52646
2022-03-02 16:00:00,2952.09,2982.35,2913.51,2932.9,315929.696,931785083.17776
2022-03-02 20:00:00,2932.9,2988.0,2928.42,2947.47,175530.063,518825732.54521
2022-03-03 00:00:00,2947.48,2970.0,2884.08,2895.09,275357.596,806602889.34867
2022-03-03 04:00:00,2895.1,2920.0,2870.0,2907.35,249720.265,724386770.59988
2022-03-03 08:00:00,2907.35,2934.48,2877.35,2912.03,292473.873,848780835.30102
2022-03-03 12:00:00,2912.03,2934.71,2814.64,2827.56,516856.375,1486895651.30087
2022-03-03 16:00:00,2827.57,2840.14,2781.77,2816.8,476080.296,1341225249.45495
2022-03-03 20:00:00,2816.79,2848.67,2790.0,2832.97,257942.066,727134064.83264
2022-03-04 00:00:00,2832.98,2835.9,2684.8,2724.28,500685.336,1370817245.59857
2022-03-04 04:00:00,2724.28,2733.6,2708.7,2731.98,185071.402,503953785.28847
2022-03-04 08:00:00,2731.98,2759.73,2703.05,2742.53,366333.483,1001551795.60818
2022-03-04 12:00:00,2742.48,2754.98,2640.58,2670.85,635007.521,1716225503.47283
2022-03-04 16:00:00,2670.89,2697.02,2608.0,2616.34,421978.439,1122828556.45725
2022-03-04 20:00:00,2616.36,2628.87,2570.65,2620.25,322540.022,840784438.01379
2022-03-05 00:00:00,2620.25,2628.88,2588.0,2623.94,216527.129,565229254.84984
2022-03-05 04:00:00,2623.94,2643.78,2608.25,2636.16,156078.53,409741022.83328
2022-03-05 08:00:00,2636.15,2656.93,2629.13,2647.0,196144.266,518636823.07995
2022-03-05 12:00:00,2647.0,2670.0,2626.0,2642.02,239721.525,634592285.59664
2022-03-05 16:00:00,2642.01,2684.87,2638.33,2668.95,179912.491,479269128.18109
2022-03-05 20:00:00,2668.96,2679.11,2648.64,2663.55,97076.619,258554305.19382
2022-03-06 00:00:00,2663.55,2674.61,2632.39,2637.8,114951.331,305366856.70793
2022-03-06 04:00:00,2637.81,2659.16,2613.88,2643.69,200351.217,529234757.46351
2022-03-06 08:00:00,2643.68,2647.03,2585.7,2607.08,307163.614,801459960.53116
2022-03-06 12:00:00,2607.07,2647.5,2603.29,2625.99,255197.984,670160560.80124
2022-03-06 16:00:00,2625.98,2656.0,2602.09,2606.07,206657.984,543712538.42616
2022-03-06 20:00:00,2606.08,2644.0,2529.0,2549.37,310230.218,803563209.37399
2022-03-07 00:00:00,2549.36,2557.03,2505.15,2523.93,390533.157,988354422.5175
2022-03-07 04:00:00,2523.93,2541.45,2512.31,2519.5,178343.629,450899573.98575
2022-03-07 08:00:00,2519.5,2547.0,2481.99,2536.86,321330.462,811256635.13087
2022-03-07 12:00:00,2536.85,2650.0,2536.85,2616.51,685650.129,1783514619.48537
2022-03-07 16:00:00,2616.51,2639.0,2431.62,2458.67,679255.21,1727292982.50653
2022-03-07 20:00:00,2458.68,2526.76,2443.0,2489.9,435611.845,1082814782.95744
2022-03-08 00:00:00,2489.84,2572.29,2478.35,2548.31,380596.61,963411955.12081
2022-03-08 04:00:00,2548.31,2563.69,2493.66,2535.25,328870.245,831169804.23235
2022-03-08 08:00:00,2535.08,2609.0,2525.79,2587.32,417855.824,1076149952.30265
2022-03-08 12:00:00,2587.32,2608.32,2529.68,2558.11,606395.723,1559607709.17147
2022-03-08 16:00:00,2558.1,2623.0,2523.84,2578.17,721864.385,1858650902.05909
2022-03-08 20:00:00,2578.16,2588.38,2546.72,2575.49,187605.901,481385963.18402
2022-03-09 00:00:00,2575.5,2717.68,2566.41,2698.46,505366.244,1333741590.11972
2022-03-09 04:00:00,2698.46,2750.0,2697.9,2743.24,360968.307,980736757.01156
2022-03-09 08:00:00,2743.25,2773.17,2721.05,2744.74,338964.145,932258537.30114
2022-03-09 12:00:00,2744.74,2767.75,2710.58,2756.58,397330.812,1088742101.22785
2022-03-09 16:00:00,2756.58,2759.07,2677.33,2713.26,288060.908,784183440.06074
2022-03-09 20:00:00,2713.27,2734.93,2678.53,2726.37,184692.19,500015805.33077
2022-03-10 00:00:00,2726.37,2733.37,2652.0,2657.96,314953.88,844816321.3289
2022-03-10 04:00:00,2657.96,2664.11,2570.0,2591.2,451244.08,1174861839.09575
2022-03-10 08:00:00,2591.21,2608.63,2573.24,2592.04,271982.602,705153198.45672
2022-03-10 12:00:00,2592.33,2646.62,2546.83,2595.92,678353.85,1759627654.72174
2022-03-10 16:00:00,2595.82,2616.9,2582.27,2611.74,200754.518,521191992.30242
2022-03-10 20:00:00,2611.8,2620.0,2590.02,2605.44,119553.157,311835915.17186
2022-03-11 00:00:00,2605.43,2608.89,2520.5,2550.1,294946.813,754451858.09646
2022-03-11 04:00:00,2550.09,2619.0,2531.87,2607.99,287973.607,742282208.42112
2022-03-11 08:00:00,2607.99,2670.97,2573.5,2651.69,433701.868,1136118692.36751
2022-03-11 12:00:00,2651.52,2676.2,2565.15,2579.43,539317.536,1413356549.92464
2022-03-11 16:00:00,2579.47,2580.19,2544.54,2556.16,264944.087,678352674.06519
2022-03-11 20:00:00,2556.16,2590.0,2525.93,2555.89,225251.624,576347409.82128
2022-03-12 00:00:00,2555.9,2597.46,2552.22,2582.95,145559.322,375792069.88527
2022-03-12 04:00:00,2583.03,2599.8,2567.02,2587.73,121740.899,314751739.15123
2022-03-12 08:00:00,2587.76,2591.46,2571.83,2577.56,115202.035,297529313.22976
2022-03-12 12:00:00,2577.57,2596.03,2560.57,2583.29,173410.348,447392145.70013
2022-03-12 16:00:00,2583.3,2620.0,2573.8,2576.77,194767.883,504982953.69077
2022-03-12 20:00:00,2576.76,2591.72,2560.0,2567.64,84563.423,218236476.6277
2022-03-13 00:00:00,2567.63,2604.13,2555.81,2591.48,147316.714,380527420.58606
2022-03-13 04:00:00,2591.47,2596.38,2579.8,2580.46,72716.832,188060603.64387
2022-03-13 08:00:00,2580.46,2595.0,2564.3,2573.92,177743.267,458219474.69424
2022-03-13 12:00:00,2573.92,2590.0,2532.0,2578.29,345817.228,884810195.05403
2022-03-13 16:00:00,2578.29,2585.5,2560.09,2561.55,111939.561,288428595.39056
2022-03-13 20:00:00,2561.51,2572.59,2490.25,2514.07,297500.81,752160185.26009
2022-03-14 00:00:00,2513.77,2543.54,2496.85,2532.82,205314.6,517551252.75007
2022-03-14 04:00:00,2532.82,2606.07,2531.22,2585.72,361839.459,932908815.64765
2022-03-14 08:00:00,2585.9,2609.32,2576.0,2579.41,233024.451,603768205.51304
2022-03-14 12:00:00,2579.41,2592.27,2554.52,2572.5,315005.883,811435219.85426
2022-03-14 16:00:00,2572.5,2581.6,2513.08,2535.01,308189.959,783025656.54688
2022-03-14 20:00:00,2535.01,2596.75,2520.78,2588.96,277232.745,710792482.89286
2022-03-15 00:00:00,2588.96,2602.96,2534.81,2542.66,369541.833,947397618.18782
2022-03-15 04:00:00,2542.67,2563.16,2504.5,2530.77,222091.377,562792071.0138
2022-03-15 08:00:00,2530.78,2543.8,2509.6,2533.4,219893.891,555804081.34238
2022-03-15 12:00:00,2533.4,2592.21,2518.23,2571.5,401854.93,1026514130.6271
2022-03-15 16:00:00,2571.51,2661.15,2566.19,2658.7,531503.754,1388428444.40402
2022-03-15 20:00:00,2658.7,2668.8,2605.85,2617.29,266047.805,699826914.7167
2022-03-16 00:00:00,2617.29,2738.9,2602.06,2619.83,609738.848,1624390201.98266
2022-03-16 04:00:00,2619.83,2647.79,2605.0,2644.96,244122.048,641668625.26552
2022-03-16 08:00:00,2644.95,2703.25,2642.94,2686.8,323212.766,865127354.37395
2022-03-16 12:00:00,2686.8,2723.63,2661.13,2703.0,392239.942,1056527999.58546
2022-03-16 16:00:00,2703.0,2760.0,2628.0,2752.99,815849.174,2195346661.10398
2022-03-16 20:00:00,2753.0,2789.86,2739.43,2772.78,286240.766,791820659.66043
2022-03-17 00:00:00,2772.78,2789.62,2751.88,2766.02,190651.026,527838500.79145
2022-03-17 04:00:00,2766.01,2774.7,2745.33,2755.39,161584.846,445825917.93991
2022-03-17 08:00:00,2755.4,2779.0,2750.5,2774.39,190240.404,526132748.73458
2022-03-17 12:00:00,2774.35,2839.0,2770.49,2801.09,481701.163,1351755982.68802
2022-03-17 16:00:00,2801.08,2834.24,2774.43,2827.54,256208.581,718174052.13585
2022-03-17 20:00:00,2827.54,2828.0,2797.9,2810.74,108222.309,304302062.51589
2022-03-18 00:00:00,2810.75,2812.48,2760.0,2775.58,249191.984,693697736.29212
2022-03-18 04:00:00,2775.57,2807.97,2769.53,2792.86,180680.426,504519848.58326
2022-03-18 08:00:00,2792.86,2814.0,2779.42,2794.99,261186.674,730406171.91599
2022-03-18 12:00:00,2794.99,2900.0,2787.24,2894.0,658243.029,1869258911.46527
2022-03-18 16:00:00,2894.01,2974.1,2881.04,2964.98,445451.232,1302464930.82727
2022-03-18 20:00:00,2964.99,2984.72,2929.54,2938.02,217584.977,642883392.17604
2022-03-19 00:00:00,2938.03,2980.0,2927.5,2947.6,172982.384,511063254.84053
2022-03-19 04:00:00,2947.6,2956.31,2919.96,2924.33,129516.009,380222511.80624
2022-03-19 08:00:00,2924.33,2954.24,2921.79,2945.84,141723.346,416887203.81368
2022-03-19 12:00:00,2945.84,2978.16,2936.56,2966.79,274546.63,812846089.76228
2022-03-19 16:00:00,2966.79,2992.0,2943.34,2949.38,189310.748,560979627.38148
2022-03-19 20:00:00,2949.38,2967.51,2890.6,2950.0,230242.998,675317999.84353
2022-03-20 00:00:00,2949.9,2965.0,2905.21,2932.73,227751.415,666994840.2472
2022-03-20 04:00:00,2932.74,2935.0,2914.82,2925.0,103073.512,301529082.95053
2022-03-20 08:00:00,2925.0,2930.96,2871.66,2886.64,194378.437,565777391.3388
2022-03-20 12:00:00,2886.64,2899.1,2844.0,2854.42,344963.682,991382541.60314
2022-03-20 16:00:00,2854.42,2880.0,2817.49,2874.86,328677.295,936015286.65531
2022-03-20 20:00:00,2874.86,2911.99,2850.38,2860.47,238176.46,685364211.5658
2022-03-21 00:00:00,2860.53,2876.41,2830.5,2843.06,219176.569,624729289.04784
2022-03-21 04:00:00,2843.07,2895.82,2833.91,2889.08,205947.028,590185830.01059
2022-03-21 08:00:00,2888.93,2924.0,2873.0,2905.24,247895.051,719199883.1941
2022-03-21 12:00:00,2905.24,2956.99,2885.69,2954.13,515177.779,1504804655.97071
2022-03-21 16:00:00,2954.13,2960.0,2894.27,2917.13,370386.667,1080947716.5006
2022-03-21 20:00:00,2917.14,2923.46,2881.24,2889.08,128236.514,372808470.74314
2022-03-22 00:00:00,2889.07,3038.97,2885.49,3007.33,503982.193,1493944905.56365
2022-03-22 04:00:00,3007.33,3055.9,2964.0,2992.79,396087.127,1191928955.91381
2022-03-22 08:00:00,2992.79,3026.21,2984.71,3020.5,258448.113,778062908.53216
2022-03-22 12:00:00,3020.51,3029.48,2986.47,3002.17,263649.951,793285420.95038
2022-03-22 16:00:00,3002.16,3013.62,2978.96,2982.71,189002.536,567156107.30945
2022-03-22 20:00:00,2983.23,3015.0,2956.52,2968.49,186583.653,557847554.46868
2022-03-23 00:00:00,2968.48,2992.88,2922.25,2946.01,292875.88,867248654.90743
2022-03-23 04:00:00,2946.01,2961.0,2915.51,2947.45,244043.718,718305030.77827
2022-03-23 08:00:00,2947.45,2971.78,2932.19,2948.0,217187.544,641178077.3745
2022-03-23 12:00:00,2948.0,3038.38,2937.3,3029.63,433186.262,1294202901.55885
2022-03-23 16:00:00,3029.63,3043.69,2950.6,2961.41,397976.216,1188986204.13543
2022-03-23 20:00:00,2961.41,3038.02,2958.39,3035.55,196109.115,588290065.44018
2022-03-24 00:00:00,3035.54,3082.79,3004.46,3016.69,420271.655,1278455122.63694
2022-03-24 04:00:00,3016.69,3071.05,3013.96,3037.37,243550.386,740548848.65452
2022-03-24 08:00:00,3037.38,3067.94,3030.99,3047.99,263382.052,803263426.30512
2022-03-24 12:00:00,3047.99,3129.75,3001.0,3114.23,737209.279,2258367154.36005
2022-03-24 16:00:00,3114.34,3122.65,3085.0,3107.44,288447.0,895878768.93288
2022-03-24 20:00:00,3107.25,3118.0,3085.24,3109.89,128291.272,398194322.80557
2022-03-25 00:00:00,3109.89,3155.0,3093.49,3135.8,231647.205,722748245.95392
2022-03-25 04:00:00,3135.79,3147.41,3125.0,3128.01,209148.948,655911773.48875
2022-03-25 08:00:00,3128.01,3178.77,3092.0,3167.23,372910.696,1169692447.91059
2022-03-25 12:00:00,3167.18,3195.0,3105.79,3120.27,577152.817,1822518153.78757
2022-03-25 16:00:00,3120.27,3138.61,3075.0,3114.09,492335.181,1530318613.87024
2022-03-25 20:00:00,3114.09,3128.67,3092.61,3101.37,124067.959,385852096.73574
2022-03-26 00:00:00,3101.37,3116.0,3084.03,3107.25,124759.914,386962756.96936
2022-03-26 04:00:00,3107.21,3137.66,3098.94,3132.35,133497.465,416383495.53019
2022-03-26 08:00:00,3132.36,3138.53,3115.08,3121.61,110889.203,346642909.74202
2022-03-26 12:00:00,3121.62,3127.94,3106.35,3114.81,145656.835,453954053.24009
2022-03-26 16:00:00,3114.81,3127.74,3107.08,3121.94,82446.323,257175635.7041
2022-03-26 20:00:00,3121.95,3152.24,3120.85,3143.47,163164.546,511949742.71886
2022-03-27 00:00:00,3143.47,3170.0,3135.58,3142.7,156978.247,494405433.97313
2022-03-27 04:00:00,3142.71,3158.41,3132.08,3153.68,100117.739,314906531.25707
2022-03-27 08:00:00,3153.69,3157.77,3137.97,3144.9,88164.883,277384922.80805
2022-03-27 12:00:00,3144.89,3178.35,3125.26,3169.11,229746.03,723556486.03169
2022-03-27 16:00:00,3169.11,3189.18,3163.42,3174.03,170736.129,542152973.1438
2022-03-27 20:00:00,3174.03,3299.33,3162.16,3295.01,497453.765,1617348908.75081
2022-03-28 00:00:00,3295.01,3337.64,3274.3,3311.05,291154.729,960649926.63969
2022-03-28 04:00:00,3311.04,3340.0,3299.46,3318.57,182957.215,607289095.16738
2022-03-28 08:00:00,3318.57,3359.0,3305.0,3346.24,220047.2,734480587.61301
2022-03-28 12:00:00,3346.24,3400.34,3330.0,3356.42,428987.521,1445406994.97822
2022-03-28 16:00:00,3356.41,3430.0,3333.0,3408.54,369631.027,1251198662.88458
2022-03-28 20:00:00,3408.54,3423.55,3315.34,3333.62,287373.263,968494834.92213
2022-03-29 00:00:00,3333.62,3400.0,3330.32,3370.19,204774.776,690365100.67741
2022-03-29 04:00:00,3370.2,3422.85,3369.18,3386.18,222453.227,756482604.27307
2022-03-29 08:00:00,3386.17,3471.0,3384.0,3463.8,370124.93,1270497816.09002
2022-03-29 12:00:00,3463.79,3480.0,3392.24,3401.22,494085.442,1701721320.32031
2022-03-29 16:00:00,3401.22,3443.08,3367.14,3429.31,377960.911,1286300255.37116
2022-03-29 20:00:00,3429.33,3429.45,3336.0,3399.0,259542.264,878077677.9402
2022-03-30 00:00:00,3399.0,3399.01,3332.0,3383.11,244222.46,822040661.97764
2022-03-30 04:00:00,3383.12,3417.35,3360.63,3407.51,202022.296,685944595.68126
2022-03-30 08:00:00,3407.52,3419.52,3379.52,3406.99,214872.899,730259424.73242
2022-03-30 12:00:00,3407.0,3409.7,3345.0,3381.1,347450.08,1172450575.92032
2022-03-30 16:00:00,3381.11,3447.74,3371.15,3394.08,351010.249,1194900061.52695
2022-03-30 20:00:00,3394.08,3413.94,3370.01,3385.1,152791.435,518071159.3457
2022-03-31 00:00:00,3385.09,3423.24,3377.35,3396.78,134383.812,457391276.19884
2022-03-31 04:00:00,3396.77,3409.0,3385.39,3401.23,110379.562,374896910.61481
2022-03-31 08:00:00,3401.2,3426.77,3395.09,3408.5,171666.176,585383269.27852
2022-03-31 12:00:00,3408.5,3444.6,3333.99,3349.48,612089.76,2069613865.42884
2022-03-31 16:00:00,3349.47,3354.11,3260.84,3282.42,599429.956,1976537543.69115
2022-03-31 20:00:00,3282.81,3305.32,3261.69,3281.43,187525.488,616021439.34984
2022-04-01 00:00:00,3281.43,3307.59,3210.06,3249.72,394284.129,1283278458.06031
2022-04-01 04:00:00,3249.73,3280.0,3241.92,3276.96,175150.712,570719254.32513
2022-04-01 08:00:00,3276.97,3302.82,3266.04,3283.41,208732.15,685102231.80337
2022-04-01 12:00:00,3283.42,3458.0,3260.64,3432.2,752687.468,2538545946.03185
2022-04-01 16:00:00,3432.2,3483.12,3404.1,3469.29,431381.019,1486640280.90925
2022-04-01 20:00:00,3469.28,3471.9,3425.78,3454.33,147528.641,508708748.21869
2022-04-02 00:00:00,3454.33,3526.05,3438.34,3473.79,385376.165,1342167491.05651
2022-04-02 04:00:00,3473.8,3493.36,3461.5,3483.19,153562.519,534023658.48542
2022-04-02 08:00:00,3483.18,3497.77,3468.02,3485.43,149881.572,522222658.27989
2022-04-02 12:00:00,3485.43,3533.0,3444.0,3459.97,504993.363,1763106311.12972
2022-04-02 16:00:00,3459.97,3486.4,3430.2,3469.89,277145.05,960189972.09269
2022-04-02 20:00:00,3469.88,3486.16,3432.73,3443.07,181455.691,628591459.83565
2022-04-03 00:00:00,3443.06,3465.84,3411.9,3454.87,212656.367,731370818.72526
2022-04-03 04:00:00,3454.95,3508.26,3450.67,3489.14,219939.166,766573943.54945
2022-04-03 08:00:00,3489.14,3511.39,3470.0,3483.68,180903.16,630772191.13841
2022-04-03 12:00:00,3483.67,3519.92,3476.68,3498.24,232299.41,813047782.65714
2022-04-03 16:00:00,3498.24,3520.0,3477.0,3486.33,204858.193,716330825.42155
2022-04-03 20:00:00,3486.32,3580.0,3485.05,3520.76,380572.208,1345495615.83989
2022-04-04 00:00:00,3520.65,3522.42,3467.0,3487.99,260029.871,907794845.0565
2022-04-04 04:00:00,3487.98,3510.25,3478.15,3500.91,121214.302,423988562.81702
2022-04-04 08:00:00,3500.91,3504.87,3447.59,3477.51,262609.804,912119826.72849
2022-04-04 12:00:00,3477.51,3492.99,3420.0,3423.4,369362.759,1276637776.73069
2022-04-04 16:00:00,3423.4,3498.57,3405.03,3488.92,354104.922,1220418616.14499
2022-04-04 20:00:00,3488.92,3551.55,3471.93,3518.96,286415.849,1006449651.75605
2022-04-05 00:00:00,3518.97,3534.99,3499.86,3523.36,129691.233,455981877.59992
2022-04-05 04:00:00,3523.37,3534.97,3507.49,3525.56,124635.599,438920883.88498
2022-04-05 08:00:00,3525.57,3528.1,3503.0,3522.25,120992.091,425536507.82463
2022-04-05 12:00:00,3522.25,3554.99,3436.97,3451.0,583707.489,2032844912.79017
2022-04-05 16:00:00,3451.0,3476.42,3416.55,3463.37,320061.298,1105276022.48335
2022-04-05 20:00:00,3463.29,3470.9,3388.97,3405.04,208477.395,715410969.70185
2022-04-06 00:00:00,3405.03,3406.08,3258.74,3340.62,515484.008,1716543435.55783
2022-04-06 04:00:00,3340.62,3372.16,3319.69,3343.26,208459.323,698898966.11555
2022-04-06 08:00:00,3343.26,3359.0,3277.0,3303.78,320214.574,1063917645.48401
2022-04-06 12:00:00,3303.77,3324.81,3214.0,3255.84,570249.615,1861693309.31593
2022-04-06 16:00:00,3255.84,3264.45,3170.0,3224.82,746922.135,2401371562.06889
2022-04-06 20:00:00,3225.02,3239.25,3160.19,3166.78,261392.325,837099133.4129
2022-04-07 00:00:00,3166.77,3205.32,3140.33,3184.02,358995.032,1139639711.22238
2022-04-07 04:00:00,3184.11,3232.69,3181.7,3222.4,201237.374,645789639.66597
2022-04-07 08:00:00,3222.39,3260.0,3202.0,3249.46,248234.904,801022191.71259
2022-04-07 12:00:00,3249.47,3267.58,3157.52,3198.03,529704.156,1699758911.22816
2022-04-07 16:00:00,3198.02,3245.49,3193.05,3215.89,272208.303,876125103.08588
2022-04-07 20:00:00,3216.06,3258.54,3195.75,3225.15,141803.457,457767499.39028
2022-04-08 00:00:00,3225.0,3274.46,3213.7,3265.5,201627.261,654800780.95852
2022-04-08 04:00:00,3265.5,3286.67,3242.7,3284.46,208665.87,680720760.39608
2022-04-08 08:00:00,3284.46,3315.0,3253.87,3257.69,350801.749,1152005431.09886
2022-04-08 12:00:00,3257.69,3307.8,3210.0,3279.67,539559.823,1757687864.89529
2022-04-08 16:00:00,3279.66,3291.03,3213.35,3238.44,386532.352,1256202159.41767
2022-04-08 20:00:00,3238.18,3256.86,3171.95,3191.26,271080.647,869020708.24107
2022-04-09 00:00:00,3191.27,3223.03,3180.24,3209.2,217971.819,698084306.74927
2022-04-09 04:00:00,3209.2,3228.0,3194.74,3208.7,129068.769,414288478.11955
2022-04-09 08:00:00,3208.69,3216.47,3192.0,3208.24,105519.149,338337561.58825
2022-04-09 12:00:00,3208.25,3234.42,3200.22,3208.53,176193.371,567035760.48367
2022-04-09 16:00:00,3208.53,3255.0,3200.91,3232.35,143203.273,462646724.77737
2022-04-09 20:00:00,3232.35,3269.62,3220.26,3257.53,137901.084,447743564.91691
2022-04-10 00:00:00,3257.54,3266.82,3245.0,3256.03,92093.178,299824898.04274
2022-04-10 04:00:00,3256.03,3261.95,3233.38,3241.45,94609.234,307219448.86509
2022-04-10 08:00:00,3241.45,3255.0,3232.0,3249.94,97577.982,316364523.80251
2022-04-10 12:00:00,3249.94,3260.0,3230.62,3254.0,138444.91,449576241.83561
2022-04-10 16:00:00,3254.0,3307.21,3250.34,3290.26,213504.443,701473986.89226
2022-04-10 20:00:00,3290.26,3296.0,3187.0,3200.24,364333.923,1179590332.71208
2022-04-11 00:00:00,3200.24,3212.0,3151.0,3173.73,334404.457,1064041574.04189
2022-04-11 04:00:00,3173.74,3189.0,3164.12,3177.37,151065.525,479937001.84313
2022-04-11 08:00:00,3177.38,3180.35,3025.0,3049.25,697153.235,2155482127.64262
2022-04-11 12:00:00,3049.25,3064.0,3001.0,3002.21,451730.034,1371171758.41835
2022-04-11 16:00:00,3002.2,3039.0,2973.48,3002.91,503474.689,1514143706.94194
2022-04-11 20:00:00,3002.9,3018.06,2945.08,2978.69,427742.266,1276412894.30827
2022-04-12 00:00:00,2978.69,2995.66,2948.19,2981.61,264336.732,785648388.25092
2022-04-12 04:00:00,2981.62,3026.14,2968.94,3023.17,245666.134,738076602.02232
2022-04-12 08:00:00,3023.16,3040.0,3010.0,3039.05,199527.326,603383074.90535
2022-04-12 12:00:00,3039.05,3082.0,3013.0,3042.69,614287.602,1872221243.12857
2022-04-12 16:00:00,3042.84,3062.05,2966.01,2971.12,322505.949,972051097.82985
2022-04-12 20:00:00,2971.12,3035.5,2965.0,3026.3,217305.242,652509957.09872
2022-04-13 00:00:00,3026.31,3065.8,3004.19,3047.22,208822.497,633735181.41457
2022-04-13 04:00:00,3047.21,3068.61,3038.25,3049.55,168700.344,514860195.10085
2022-04-13 08:00:00,3049.56,3058.34,3010.81,3013.18,212285.056,645477099.66688
2022-04-13 12:00:00,3013.18,3115.0,2995.23,3092.19,636228.62,1947960674.31353
2022-04-13 16:00:00,3092.22,3113.99,3068.0,3084.67,264957.751,818769887.56705
2022-04-13 20:00:00,3084.78,3133.0,3080.5,3116.45,161984.209,503727643.29854
2022-04-14 00:00:00,3116.53,3148.0,3108.05,3116.55,185279.961,578697812.95874
2022-04-14 04:00:00,3116.55,3122.03,3098.0,3112.31,131046.47,407422897.21287
2022-04-14 08:00:00,3112.31,3121.21,3067.7,3071.99,246903.722,763376425.9746
2022-04-14 12:00:00,3071.98,3097.84,3010.0,3014.85,515402.971,1573653739.70974
2022-04-14 16:00:00,3014.85,3024.35,2973.47,2993.71,292038.529,877486977.52653
2022-04-14 20:00:00,2993.71,3024.93,2981.2,3019.82,134850.509,405598670.52513
2022-04-15 00:00:00,3019.82,3042.0,3010.81,3039.79,134873.137,408081109.71065
2022-04-15 04:00:00,3039.8,3045.41,3009.61,3032.64,159262.801,482623633.57602
2022-04-15 08:00:00,3032.64,3039.57,3015.22,3026.27,137649.296,416549998.85345
2022-04-15 12:00:00,3026.27,3062.81,2990.06,3026.68,297018.852,897786391.55074
2022-04-15 16:00:00,3026.67,3039.39,3007.0,3020.9,128118.555,387369975.39316
2022-04-15 20:00:00,3020.89,3043.6,3016.83,3039.19,66377.233,201130204.99617
2022-04-16 00:00:00,3039.2,3048.92,3033.0,3036.1,77422.489,235306800.91291
2022-04-16 04:00:00,3036.1,3046.61,3031.0,3032.65,63118.814,191781048.6053
2022-04-16 08:00:00,3032.65,3046.6,3026.74,3037.97,86252.424,261886120.61542
2022-04-16 12:00:00,3037.97,3060.0,3008.08,3015.82,211651.451,641651289.66118
2022-04-16 16:00:00,3015.83,3027.24,3012.32,3022.77,63266.129,191133248.04057
2022-04-16 20:00:00,3022.77,3090.0,3020.84,3057.99,150863.715,461492424.5945
2022-04-17 00:00:00,3058.0,3063.6,3019.23,3027.0,126786.605,385481320.74755
2022-04-17 04:00:00,3027.0,3044.8,3026.22,3036.21,61717.719,187430455.6533
2022-04-17 08:00:00,3036.22,3047.84,3035.36,3045.98,69506.201,211397240.05133
2022-04-17 12:00:00,3045.98,3082.56,3041.09,3071.66,288052.976,882983050.17577
2022-04-17 16:00:00,3071.66,3076.93,3020.0,3050.24,238283.15,725389075.21244
2022-04-17 20:00:00,3050.25,3076.81,2980.6,2986.03,290821.372,880275045.42627
2022-04-18 00:00:00,2986.02,3000.0,2974.0,2993.18,165001.341,493090866.35706
2022-04-18 04:00:00,2993.18,2993.9,2875.87,2891.18,428328.619,1249964201.44364
2022-04-18 08:00:00,2891.18,2921.41,2887.0,2909.56,174357.203,506507281.11251
2022-04-18 12:00:00,2909.57,2951.52,2902.95,2912.34,319163.966,934890726.13138
2022-04-18 16:00:00,2912.5,3033.43,2892.14,3004.56,479480.315,1424839488.27817
2022-04-18 20:00:00,3004.55,3069.0,3003.73,3054.02,249495.751,758154810.23991
2022-04-19 00:00:00,3054.02,3098.86,3034.05,3036.36,211865.637,648364747.84135
2022-04-19 04:00:00,3036.35,3050.73,3027.66,3037.52,109177.123,331916441.24372
2022-04-19 08:00:00,3037.52,3063.15,3030.64,3039.7,151751.073,462024515.00277
2022-04-19 12:00:00,3039.7,3129.43,3038.49,3109.52,422269.635,1305528542.12542
2022-04-19 16:00:00,3109.52,3124.8,3080.18,3109.67,198649.58,616210325.66902
2022-04-19 20:00:00,3109.67,3110.66,3083.94,3100.42,100456.041,311144727.44378
2022-04-20 00:00:00,3100.43,3106.17,3066.0,3089.85,139557.913,430169599.32479
2022-04-20 04:00:00,3089.86,3113.99,3077.29,3088.01,137801.721,426341499.80128
2022-04-20 08:00:00,3088.0,3173.89,3084.32,3151.29,283080.051,884350695.1513
2022-04-20 12:00:00,3151.28,3160.83,3050.0,3066.73,489509.308,1519666277.11983
2022-04-20 16:00:00,3066.72,3085.89,3031.48,3068.16,223155.862,683637798.28691
2022-04-20 20:00:00,3068.54,3094.65,3056.5,3074.01,120737.075,371524036.58663
2022-04-21 00:00:00,3073.96,3103.33,3069.01,3094.92,112084.766,346204912.13116
2022-04-21 04:00:00,3094.92,3103.92,3064.6,3098.98,143875.476,443577517.45924
2022-04-21 08:00:00,3099.01,3158.55,3081.85,3149.0,322476.172,1006314974.13124
2022-04-21 12:00:00,3149.01,3180.0,3102.0,3104.19,438860.523,1381049110.8609
2022-04-21 16:00:00,3104.18,3107.08,3018.09,3024.85,399346.438,1226024855.86226
2022-04-21 20:00:00,3024.85,3032.45,2933.33,2981.31,385088.636,1152617905.07964
2022-04-22 00:00:00,2981.31,3007.63,2966.45,2993.15,192763.341,576443486.82341
2022-04-22 04:00:00,2993.15,3035.37,2983.38,3018.73,217715.253,654727263.94715
2022-04-22 08:00:00,3018.73,3027.66,2975.01,3012.43,234116.552,702587407.12195
2022-04-22 12:00:00,3012.43,3018.0,2942.0,2948.59,426384.077,1271124006.90057
2022-04-22 16:00:00,2948.58,2982.0,2930.26,2955.52,289376.633,855611469.06357
2022-04-22 20:00:00,2955.5,2971.0,2935.04,2960.38,116502.913,344631477.60252
2022-04-23 00:00:00,2960.39,2973.56,2940.66,2945.31,102046.278,301712611.6066
2022-04-23 04:00:00,2945.31,2963.26,2904.36,2957.48,157801.643,463957822.61878
2022-04-23 08:00:00,2957.48,2968.87,2950.02,2956.98,76199.782,225440530.6618
2022-04-23 12:00:00,2956.99,2969.82,2944.28,2964.67,98631.087,291950339.9738
2022-04-23 16:00:00,2964.66,2976.82,2945.04,2952.28,88922.436,263199844.18793
2022-04-23 20:00:00,2952.29,2967.99,2919.53,2930.28,92167.921,271627003.30938
2022-04-24 00:00:00,2930.28,2958.28,2920.98,2953.97,117080.56,344099981.06701
2022-04-24 04:00:00,2953.97,2957.44,2942.0,2948.12,63721.301,188009137.62812
2022-04-24 08:00:00,2948.12,2954.22,2933.0,2937.27,79775.119,234888178.61212
2022-04-24 12:00:00,2937.27,2957.01,2908.99,2942.43,214280.926,629007155.19475
2022-04-24 16:00:00,2942.44,2967.2,2915.0,2958.67,227781.659,669287274.78994
2022-04-24 20:00:00,2958.67,2961.79,2916.0,2918.97,145120.51,426075905.80876
2022-04-25 00:00:00,2918.98,2923.62,2838.65,2873.33,389105.869,1117165512.89012
2022-04-25 04:00:00,2873.34,2874.07,2791.3,2810.1,320044.918,905962350.47637
2022-04-25 08:00:00,2810.1,2863.18,2794.22,2859.45,277617.528,784496966.96709
2022-04-25 12:00:00,2859.45,2895.0,2839.57,2867.01,473961.918,1359687607.5163
2022-04-25 16:00:00,2867.01,3015.0,2863.45,3011.19,522549.55,1539324896.76311
2022-04-25 20:00:00,3011.19,3026.02,2988.31,3006.11,224257.734,674637273.58832
2022-04-26 00:00:00,3006.12,3043.0,2985.01,2999.99,180802.02,543834266.48477
2022-04-26 04:00:00,3000.0,3013.0,2978.09,3002.25,160864.259,482527376.58502
2022-04-26 08:00:00,3002.25,3020.4,2984.03,3001.5,158654.474,475925258.04147
2022-04-26 12:00:00,3001.49,3011.76,2850.8,2858.25,700764.87,2051697001.30207
2022-04-26 16:00:00,2858.25,2884.6,2807.37,2837.34,541100.472,1543325923.72617
2022-04-26 20:00:00,2837.34,2855.0,2761.27,2807.88,373487.27,1050898874.85898
2022-04-27 00:00:00,2807.89,2842.55,2792.27,2834.29,195057.56,550723973.16063
2022-04-27 04:00:00,2834.28,2888.88,2829.49,2887.41,204701.838,585460103.27848
2022-04-27 08:00:00,2887.41,2920.0,2858.43,2883.18,407037.474,1174968179.40404
2022-04-27 12:00:00,2883.18,2918.84,2818.8,2864.07,637918.047,1827274543.68377
2022-04-27 16:00:00,2864.06,2894.99,2836.47,2851.08,290031.995,831572458.49172
2022-04-27 20:00:00,2850.87,2898.48,2848.77,2887.57,154900.362,445644313.36042
2022-04-28 00:00:00,2887.57,2914.64,2866.95,2882.47,187183.28,540940376.70665
2022-04-28 04:00:00,2882.48,2950.0,2872.7,2899.64,192777.874,558591595.59466
2022-04-28 08:00:00,2899.64,2946.8,2898.9,2927.69,255452.289,748691983.46993
2022-04-28 12:00:00,2927.69,2946.26,2853.24,2888.28,672194.675,1947083963.30557
2022-04-28 16:00:00,2888.28,2979.76,2874.12,2947.87,416946.427,1225906493.71
2022-04-28 20:00:00,2947.87,2969.61,2910.66,2935.39,201314.378,591406640.69976
2022-04-29 00:00:00,2935.39,2946.29,2902.63,2925.36,164063.978,479900006.46598
2022-04-29 04:00:00,2925.36,2935.5,2908.51,2924.98,140897.978,411728154.05495
2022-04-29 08:00:00,2924.97,2927.08,2832.28,2841.81,333813.395,959428587.45249
2022-04-29 12:00:00,2841.82,2884.99,2830.17,2854.81,417564.155,1194041952.82268
2022-04-29 16:00:00,2854.81,2856.43,2776.0,2791.98,444232.574,1249334048.44942
2022-04-29 20:00:00,2791.98,2821.88,2787.28,2815.37,171347.731,480841940.34924
2022-04-30 00:00:00,2815.38,2836.43,2809.37,2817.03,141609.794,399763137.41939
2022-04-30 04:00:00,2817.03,2841.04,2807.72,2827.79,91711.336,259206802.87202
2022-04-30 08:00:00,2827.8,2838.7,2816.0,2828.7,100452.383,284024515.12462
2022-04-30 12:00:00,2828.69,2835.46,2768.06,2814.25,288417.915,809026048.90318
2022-04-30 16:00:00,2814.26,2820.6,2772.9,2805.09,182029.349,508933293.86716
2022-04-30 20:00:00,2805.09,2806.74,2711.65,2725.1,311549.454,857069288.88472
2022-05-01 00:00:00,2725.1,2778.65,2714.5,2774.72,253490.205,696755755.85169
2022-05-01 04:00:00,2774.72,2794.55,2763.16,2765.13,135096.446,375213098.77634
2022-05-01 08:00:00,2765.13,2780.84,2751.25,2755.09,105413.595,291607292.41865
2022-05-01 12:00:00,2755.09,2818.52,2750.9,2804.02,218874.006,608120189.10694
2022-05-01 16:00:00,2804.05,2830.26,2753.25,2764.23,270922.997,757162185.72389
2022-05-01 20:00:00,2764.22,2849.0,2756.95,2823.38,233653.642,656281239.84954
2022-05-02 00:00:00,2823.38,2848.0,2821.17,2838.96,153535.334,435705230.42736
2022-05-02 04:00:00,2838.95,2874.77,2830.0,2844.41,176886.343,504931593.0124
2022-05-02 08:00:00,2844.42,2854.53,2787.75,2794.2,243390.303,685765416.49754
2022-05-02 12:00:00,2794.2,2850.74,2774.97,2826.99,507746.527,1430644653.01114
2022-05-02 16:00:00,2826.96,2850.56,2776.01,2840.89,337200.283,948558962.81885
2022-05-02 20:00:00,2840.92,2882.15,2823.56,2855.16,179935.36,513971997.34684
2022-05-03 00:00:00,2855.15,2860.76,2826.97,2849.01,150040.194,426613355.24985
2022-05-03 04:00:00,2849.0,2853.54,2829.09,2844.05,125175.437,355470326.54318
2022-05-03 08:00:00,2844.05,2852.72,2821.8,2847.81,135421.717,384111267.05348
2022-05-03 12:00:00,2847.8,2849.45,2814.0,2821.38,241032.991,682126019.51781
2022-05-03 16:00:00,2821.38,2827.0,2758.66,2772.42,331800.629,926135884.92399
2022-05-03 20:00:00,2772.49,2799.99,2753.0,2780.91,187095.687,520195018.15394
2022-05-04 00:00:00,2780.92,2809.88,2770.08,2797.22,123529.344,344872295.48865
2022-05-04 04:00:00,2797.23,2833.0,2788.0,2828.12,174605.647,490361018.56062
2022-05-04 08:00:00,2828.13,2893.0,2825.86,2870.39,336013.667,958036622.39167
2022-05-04 12:00:00,2870.4,2882.56,2825.0,2843.24,280052.375,797990904.85281
2022-05-04 16:00:00,2843.24,2965.0,2823.8,2954.63,648144.461,1873352991.4437
2022-05-04 20:00:00,2954.63,2957.73,2921.05,2939.76,154576.018,454292601.85016
2022-05-05 00:00:00,2939.76,2955.79,2937.0,2941.37,132061.012,388948245.83974
2022-05-05 04:00:00,2941.38,2951.0,2924.19,2933.63,98101.324,287971506.36653
2022-05-05 08:00:00,2933.62,2938.34,2915.3,2925.4,151790.147,444193531.47189
2022-05-05 12:00:00,2925.41,2935.61,2718.89,2740.65,890557.731,2511826890.93923
2022-05-05 16:00:00,2740.65,2773.0,2684.84,2727.07,671200.803,1833402731.89157
2022-05-05 20:00:00,2727.07,2755.03,2711.27,2746.37,230657.986,631842762.45672
2022-05-06 00:00:00,2746.36,2757.28,2723.1,2745.05,143482.754,393072449.72486
2022-05-06 04:00:00,2745.05,2754.26,2692.53,2729.05,200660.406,547136142.11417
2022-05-06 08:00:00,2729.05,2744.32,2658.5,2674.21,354234.625,956190225.39902
2022-05-06 12:00:00,2674.2,2726.13,2630.0,2687.06,809219.475,2169137245.70386
2022-05-06 16:00:00,2687.05,2712.1,2668.5,2688.73,300412.109,808717292.01526
2022-05-06 20:00:00,2688.74,2706.03,2673.43,2691.59,109383.454,294481377.85159
2022-05-07 00:00:00,2691.6,2696.83,2663.56,2668.6,94996.727,254683447.7429
2022-05-07 04:00:00,2668.61,2677.97,2652.03,2671.66,135658.278,361529028.33675
2022-05-07 08:00:00,2671.67,2697.0,2666.41,2687.96,118875.42,319126178.29369
2022-05-07 12:00:00,2687.96,2703.61,2670.02,2691.42,141917.244,380939057.17757
2022-05-07 16:00:00,2691.43,2700.0,2678.99,2681.67,97065.468,260896124.9538
2022-05-07 20:00:00,2681.67,2681.67,2581.89,2634.82,374564.767,985980762.06935
2022-05-08 00:00:00,2634.82,2641.11,2514.0,2544.91,540093.643,1388006290.40451
2022-05-08 04:00:00,2544.91,2568.62,2528.21,2555.11,218205.781,556496434.75842
2022-05-08 08:00:00,2555.1,2576.57,2545.0,2566.99,164026.367,420149994.69363
2022-05-08 12:00:00,2567.06,2577.7,2510.97,2515.36,361490.011,916954417.42487
2022-05-08 16:00:00,2515.35,2572.09,2480.0,2560.95,513917.303,1297112353.91614
2022-05-08 20:00:00,2560.95,2564.09,2507.0,2518.9,201536.049,511146933.96563
2022-05-09 00:00:00,2519.03,2530.88,2420.5,2456.92,469792.91,1160603715.63948
2022-05-09 04:00:00,2456.91,2479.84,2422.02,2446.81,292910.187,718113900.42008
2022-05-09 08:00:00,2446.82,2469.99,2350.0,2404.54,677245.475,1633171411.22818
2022-05-09 12:00:00,2404.53,2448.41,2344.0,2381.68,841690.822,2016071567.66944
2022-05-09 16:00:00,2381.68,2404.64,2222.46,2270.86,1474689.466,3393400322.88739
2022-05-09 20:00:00,2270.79,2334.4,2224.34,2227.48,775423.188,1775854219.84607
2022-05-10 00:00:00,2227.62,2345.9,2197.38,2299.8,943017.514,2154430704.77643
2022-05-10 04:00:00,2299.79,2438.34,2296.66,2372.2,735987.316,1754140421.89083
2022-05-10 08:00:00,2372.2,2409.89,2364.49,2401.47,465442.961,1109724746.40538
2022-05-10 12:00:00,2401.28,2455.88,2320.39,2361.3,922806.808,2209107516.40837
2022-05-10 16:00:00,2361.29,2409.83,2328.18,2353.14,492758.876,1166800101.18151
2022-05-10 20:00:00,2353.14,2366.63,2258.43,2340.86,519474.281,1202676765.96967
2022-05-11 00:00:00,2340.85,2392.45,2318.7,2359.79,390919.767,922333437.87654
2022-05-11 04:00:00,2359.79,2405.62,2263.84,2314.43,735751.985,1714626716.53406
2022-05-11 08:00:00,2314.43,2451.86,2289.67,2410.53,783482.371,1876416943.46564
2022-05-11 12:00:00,2410.36,2429.95,2120.0,2264.57,2052927.101,4684569890.13919
2022-05-11 16:00:00,2265.06,2283.74,2093.07,2116.53,957459.25,2092884567.06978
2022-05-11 20:00:00,2116.66,2152.4,2002.0,2083.98,905923.667,1882971884.98843
2022-05-12 00:00:00,2083.98,2193.7,1968.37,1968.91,828866.712,1728901147.13716
2022-05-12 04:00:00,1968.49,1983.88,1775.43,1913.6,1878402.09,3524197168.20937
2022-05-12 08:00:00,1913.6,2016.63,1867.07,1949.3,890282.767,1724166324.67014
2022-05-12 12:00:00,1949.3,2050.0,1881.44,1966.85,933973.729,1831075897.68993
2022-05-12 16:00:00,1966.86,2036.59,1897.58,1944.26,693602.086,1362928497.72378
2022-05-12 20:00:00,1944.22,1983.23,1865.81,1959.78,414645.597,799983652.14177
2022-05-13 00:00:00,1959.79,2110.59,1939.33,2094.43,630280.202,1284258293.23215
2022-05-13 04:00:00,2094.43,2144.66,2047.03,2047.57,433938.568,909825876.16127
2022-05-13 08:00:00,2047.58,2125.0,2047.57,2114.14,422121.049,878018737.02712
2022-05-13 12:00:00,2114.36,2149.99,2077.42,2092.07,618918.456,1308250365.94532
2022-05-13 16:00:00,2092.07,2111.0,2028.06,2064.07,445099.707,920102078.61829
2022-05-13 20:00:00,2064.07,2084.2,1998.31,2008.49,248997.894,509305111.854
2022-05-14 00:00:00,2008.48,2068.6,1999.83,2053.63,265813.256,543308187.19778
2022-05-14 04:00:00,2053.62,2054.25,2013.71,2031.61,174568.976,355181505.52207
2022-05-14 08:00:00,2031.62,2054.0,1970.2,1984.35,339741.351,682808551.63399
2022-05-14 12:00:00,1984.34,1999.99,1950.07,1962.65,304581.832,600472077.17717
2022-05-14 16:00:00,1962.65,2034.25,1952.86,1995.17,364214.423,729798664.11545
2022-05-14 20:00:00,1995.17,2066.14,1991.8,2055.0,263383.14,534922904.27224
2022-05-15 00:00:00,2054.99,2079.0,2000.0,2013.15,238918.093,486670255.74176
2022-05-15 04:00:00,2013.14,2049.0,2001.21,2036.14,194408.637,394330659.85165
2022-05-15 08:00:00,2036.14,2089.0,2017.01,2079.29,251262.179,514727957.55762
2022-05-15 12:00:00,2079.29,2098.66,2047.02,2061.54,337938.375,700348724.25662
2022-05-15 16:00:00,2061.54,2106.66,2056.22,2103.38,241818.71,503114797.7698
2022-05-15 20:00:00,2103.38,2174.32,2095.12,2144.07,356886.29,761212165.80224
2022-05-16 00:00:00,2144.06,2144.07,2066.0,2075.63,314762.046,659856500.96667
2022-05-16 04:00:00,2075.63,2082.82,1989.5,2010.84,468741.188,952221493.93042
2022-05-16 08:00:00,2010.83,2051.22,1976.0,2030.24,440312.257,890882836.77649
2022-05-16 12:00:00,2030.24,2063.19,1983.32,2013.82,742521.909,1497221473.99287
2022-05-16 16:00:00,2013.83,2045.0,1977.4,2006.04,420108.27,845608567.04089
2022-05-16 20:00:00,2006.04,2055.0,2004.01,2022.89,256258.999,520857968.0764
2022-05-17 00:00:00,2022.79,2079.0,2018.16,2071.78,288746.12,591339687.1762
2022-05-17 04:00:00,2071.78,2094.43,2063.64,2069.72,210607.627,437190791.36149
2022-05-17 08:00:00,2069.71,2098.37,2067.75,2079.99,231795.04,483414623.16091
2022-05-17 12:00:00,2079.98,2124.1,2042.78,2059.79,518981.983,1079721040.48629
2022-05-17 16:00:00,2059.78,2068.9,2006.71,2045.66,472911.284,965751435.76086
2022-05-17 20:00:00,2045.73,2102.43,2040.02,2090.0,237638.649,494078260.16496
2022-05-18 00:00:00,2090.0,2110.89,2031.86,2038.29,328951.515,680764421.41906
2022-05-18 04:00:00,2038.28,2051.68,2017.02,2037.73,269246.269,548158304.36683
2022-05-18 08:00:00,2037.72,2047.99,2020.47,2030.15,194811.509,395921569.49881
2022-05-18 12:00:00,2030.15,2034.49,1942.58,1954.86,643777.264,1277431167.19138
2022-05-18 16:00:00,1954.86,1993.49,1935.02,1980.12,536933.571,1054622721.35571
2022-05-18 20:00:00,1980.11,1980.69,1906.61,1914.2,358103.034,697141955.97816
2022-05-19 00:00:00,1914.19,1970.0,1901.7,1952.62,427342.076,826266123.79225
2022-05-19 04:00:00,1952.61,1974.71,1940.47,1951.11,255642.881,499866866.45199
2022-05-19 08:00:00,1951.1,1967.79,1912.39,1963.88,432931.84,838855608.87633
2022-05-19 12:00:00,1963.89,2039.3,1942.5,2022.51,857690.884,1700217590.35669
2022-05-19 16:00:00,2022.52,2028.35,1990.41,1992.71,409104.662,822512144.71655
2022-05-19 20:00:00,1992.71,2027.84,1991.09,2019.46,200059.573,402506484.36013
2022-05-20 00:00:00,2019.45,2053.0,2003.68,2022.9,342236.404,693782565.85569
2022-05-20 04:00:00,2022.89,2035.0,2001.23,2024.77,289513.843,584570146.68743
2022-05-20 08:00:00,2024.77,2064.74,2021.2,2053.47,315639.896,644024024.90913
2022-05-20 12:00:00,2053.47,2057.7,1950.69,1959.79,750833.796,1503625018.53167
2022-05-20 16:00:00,1959.79,1971.59,1922.0,1967.05,673058.62,1304751737.86853
2022-05-20 20:00:00,1967.04,1979.0,1952.0,1958.69,234870.497,461446459.59391
2022-05-21 00:00:00,1958.69,1972.86,1935.52,1966.72,207590.464,405907056.55965
2022-05-21 04:00:00,1966.72,1986.03,1960.0,1977.71,185568.003,365611496.99972
2022-05-21 08:00:00,1977.71,1987.93,1955.13,1969.35,198835.242,392029157.44337
2022-05-21 12:00:00,1969.35,1985.0,1958.0,1979.27,290819.317,573299707.36249
2022-05-21 16:00:00,1979.26,1990.75,1971.45,1980.09,176845.049,350245140.53173
2022-05-21 20:00:00,1980.09,1984.3,1964.69,1973.94,101281.685,199915821.35616
2022-05-22 00:00:00,1973.94,1982.92,1970.67,1973.21,112147.382,221637091.62768
2022-05-22 04:00:00,1973.21,1976.89,1965.25,1975.01,95487.264,188256253.34032
2022-05-22 08:00:00,1975.01,2037.56,1972.35,2017.51,468078.97,942355055.19253
2022-05-22 12:00:00,2017.51,2032.41,1990.21,2003.45,327090.56,658827212.11689
2022-05-22 16:00:00,2003.45,2022.09,1991.55,2007.04,200286.763,402223842.18848
2022-05-22 20:00:00,2007.04,2056.73,2005.27,2042.63,230228.029,468386014.95801
2022-05-23 00:00:00,2042.63,2058.5,2018.83,2030.43,209246.197,425699112.4027
2022-05-23 04:00:00,2030.42,2080.43,2025.63,2065.86,299069.766,613772020.27217
2022-05-23 08:00:00,2065.86,2084.59,2051.0,2067.89,296364.693,612565471.06001
2022-05-23 12:00:00,2067.9,2088.6,2034.85,2064.34,604701.329,1246505364.94106
2022-05-23 16:00:00,2064.34,2078.6,1976.65,1979.6,523094.613,1060949158.71554
2022-05-23 20:00:00,1979.59,2003.63,1955.01,1972.45,408286.095,808937598.3051
2022-05-24 00:00:00,1972.45,1989.53,1967.64,1986.83,172412.483,341667849.56116
2022-05-24 04:00:00,1986.82,1993.72,1973.0,1984.04,151237.115,299978343.14
2022-05-24 08:00:00,1984.04,1985.42,1950.0,1965.16,293198.018,577399993.9307
2022-05-24 12:00:00,1965.16,1974.99,1911.38,1961.54,748152.723,1453546556.78566
2022-05-24 16:00:00,1961.55,1976.81,1933.67,1961.76,480179.305,939545111.78867
2022-05-24 20:00:00,1961.77,1991.43,1950.54,1978.56,232114.194,458521204.68117
2022-05-25 00:00:00,1978.56,2022.74,1969.01,2013.46,323944.336,647093699.22007
2022-05-25 04:00:00,2013.47,2014.82,1972.05,1976.58,276929.736,551175804.07986
2022-05-25 08:00:00,1976.59,1981.87,1940.36,1943.22,336389.011,660459690.01663
2022-05-25 12:00:00,1943.21,1985.0,1933.0,1963.27,549019.172,1078127910.36432
2022-05-25 16:00:00,1963.27,1982.0,1942.91,1950.98,462860.985,908531415.28646
2022-05-25 20:00:00,1951.0,1971.76,1939.29,1942.0,202626.253,396172761.93491
2022-05-26 00:00:00,1942.01,1965.28,1932.21,1947.58,272452.4,530931060.64859
2022-05-26 04:00:00,1947.57,1950.16,1906.51,1925.34,435691.564,838718315.36493
2022-05-26 08:00:00,1925.34,1926.42,1795.05,1815.69,878965.679,1615335338.91872
2022-05-26 12:00:00,1815.68,1876.5,1725.0,1860.9,1580637.395,2863749829.66327
2022-05-26 16:00:00,1860.9,1908.0,1825.16,1826.0,743452.166,1390449628.72997
2022-05-26 20:00:00,1826.0,1847.69,1787.81,1791.02,493621.678,899418878.33186
2022-05-27 00:00:00,1790.99,1807.97,1726.86,1766.73,861598.394,1518498251.49448
2022-05-27 04:00:00,1766.74,1798.99,1708.83,1764.12,975607.974,1711610938.32188
2022-05-27 08:00:00,1764.11,1789.34,1750.0,1770.46,656811.983,1164381285.08955
2022-05-27 12:00:00,1770.46,1821.85,1754.96,1763.57,953684.112,1707877193.92108
2022-05-27 16:00:00,1763.56,1774.5,1713.44,1753.33,833825.205,1451271492.55991
2022-05-27 20:00:00,1753.33,1772.3,1694.97,1726.55,462094.54,804067646.7152
2022-05-28 00:00:00,1726.55,1766.19,1721.3,1763.72,447377.557,778305393.77046
2022-05-28 04:00:00,1763.72,1784.1,1753.81,1764.69,347051.256,612967285.96139
2022-05-28 08:00:00,1764.69,1788.3,1748.02,1772.19,322829.758,569584359.943
2022-05-28 12:00:00,1772.18,1809.33,1768.7,1794.15,466332.872,834021982.19635
2022-05-28 16:00:00,1794.14,1799.55,1755.0,1792.13,302078.056,538543236.45745
2022-05-28 20:00:00,1792.13,1805.0,1777.54,1791.74,187226.206,335195710.37257
2022-05-29 00:00:00,1791.75,1794.99,1755.25,1775.57,272966.578,484867711.99491
2022-05-29 04:00:00,1775.57,1789.06,1768.47,1782.79,152658.996,271665989.78724
2022-05-29 08:00:00,1782.78,1803.48,1773.29,1801.27,328779.803,588575005.08789
2022-05-29 12:00:00,1801.26,1829.0,1792.36,1796.48,415257.352,751007396.85579
2022-05-29 16:00:00,1796.49,1809.87,1784.4,1787.82,208159.54,374325042.24266
2022-05-29 20:00:00,1787.81,1826.46,1786.03,1812.45,263160.362,475346813.92274
2022-05-30 00:00:00,1812.46,1889.85,1801.52,1879.08,587743.673,1089576993.32898
2022-05-30 04:00:00,1879.08,1920.0,1868.46,1906.8,494257.719,936908344.98324
2022-05-30 08:00:00,1906.8,1910.41,1891.0,1902.3,361756.863,687820665.72155
2022-05-30 12:00:00,1902.29,1925.01,1872.22,1911.71,629533.019,1194156476.96133
2022-05-30 16:00:00,1911.7,1942.81,1905.26,1916.27,380635.57,731587226.95058
2022-05-30 20:00:00,1916.28,2013.56,1911.94,1997.87,810082.278,1599450435.76831
2022-05-31 00:00:00,1997.87,2016.77,1975.82,1993.75,383767.369,764507893.79796
2022-05-31 04:00:00,1993.75,1995.96,1960.04,1970.14,335488.071,663274184.09386
2022-05-31 08:00:00,1970.14,1986.96,1955.55,1978.15,340605.319,671708490.14151
2022-05-31 12:00:00,1978.15,1995.54,1929.36,1987.87,810262.414,1587856539.06143
2022-05-31 16:00:00,1987.87,1999.0,1922.0,1933.76,583509.055,1143549781.66531
2022-05-31 20:00:00,1933.82,1959.69,1933.65,1941.68,201444.436,392339655.84496
2022-06-01 00:00:00,1941.68,1959.25,1926.14,1929.73,292457.63,567278780.7821
2022-06-01 04:00:00,1929.73,1945.97,1912.69,1930.78,310009.186,598643851.89773
2022-06-01 08:00:00,1930.79,1945.0,1924.0,1938.68,242307.109,468968386.48965
2022-06-01 12:00:00,1938.68,1972.77,1877.0,1880.3,1090227.363,2102908294.45847
2022-06-01 16:00:00,1880.3,1880.83,1806.39,1820.56,988511.734,1823718929.98836
2022-06-01 20:00:00,1820.56,1843.61,1758.52,1817.1,575758.965,1039850619.74596
2022-06-02 00:00:00,1817.16,1835.35,1804.67,1813.84,344287.863,626602348.42207
2022-06-02 04:00:00,1813.84,1836.62,1801.12,1825.78,288936.59,525405729.32045
2022-06-02 08:00:00,1825.77,1843.27,1812.18,1838.29,273973.094,500391342.61724
2022-06-02 12:00:00,1838.3,1840.29,1780.48,1815.6,843120.057,1522995303.91607
2022-06-02 16:00:00,1815.6,1832.9,1799.86,1821.27,380369.239,691133706.44418
2022-06-02 20:00:00,1821.25,1852.99,1818.0,1833.37,260192.73,477612935.16603
2022-06-03 00:00:00,1833.37,1843.33,1821.09,1826.86,199666.604,365809755.38844
2022-06-03 04:00:00,1826.86,1828.41,1805.41,1813.23,205256.436,373214407.25009
2022-06-03 08:00:00,1813.18,1821.52,1751.84,1761.47,614726.376,1095224144.50683
2022-06-03 12:00:00,1761.46,1779.76,1733.01,1762.51,774573.314,1362902294.48105
2022-06-03 16:00:00,1762.52,1767.44,1741.71,1750.54,302451.192,530281449.36274
2022-06-03 20:00:00,1750.55,1794.89,1748.46,1774.15,267076.536,473951455.67599
2022-06-04 00:00:00,1774.16,1779.0,1747.45,1752.42,217007.138,382109288.51679
2022-06-04 04:00:00,1752.42,1774.99,1751.38,1768.29,168758.123,298149862.14444
2022-06-04 08:00:00,1768.3,1779.48,1761.6,1767.65,182198.352,322832894.63042
2022-06-04 12:00:00,1767.66,1788.55,1756.13,1777.76,328881.709,582421092.06734
2022-06-04 16:00:00,1777.76,1781.48,1766.45,1771.48,183285.194,325242836.86598
2022-06-04 20:00:00,1771.48,1815.48,1769.2,1803.71,238787.303,428714666.56155
2022-06-05 00:00:00,1803.7,1810.75,1782.98,1793.23,201354.659,361517305.82301
2022-06-05 04:00:00,1793.22,1799.44,1784.64,1784.77,132093.278,236758840.25408
2022-06-05 08:00:00,1784.77,1795.0,1772.19,1787.14,205711.83,366877495.4917
2022-06-05 12:00:00,1787.13,1812.5,1779.0,1810.53,259827.365,466225955.43369
2022-06-05 16:00:00,1810.54,1830.0,1794.48,1820.21,415090.775,752991120.73798
2022-06-05 20:00:00,1820.21,1826.93,1801.45,1805.39,218307.356,395614440.71021
2022-06-06 00:00:00,1805.4,1884.6,1803.52,1876.99,541550.729,1002826619.48253
2022-06-06 04:00:00,1876.98,1896.49,1866.49,1892.78,380318.457,715105870.30209
2022-06-06 08:00:00,1892.79,1914.96,1889.0,1908.78,441173.87,839943335.09798
2022-06-06 12:00:00,1908.79,1919.33,1865.11,1885.91,755704.41,1433192995.90778
2022-06-06 16:00:00,1885.91,1888.0,1843.0,1863.18,548606.963,1019835257.39264
2022-06-06 20:00:00,1863.19,1877.04,1845.98,1859.11,250161.901,465522692.37024
2022-06-07 00:00:00,1859.1,1861.23,1722.0,1755.7,1300817.971,2295566465.02619
2022-06-07 04:00:00,1755.69,1764.54,1746.48,1762.14,300795.005,527751564.55231
2022-06-07 08:00:00,1762.13,1779.26,1746.17,1753.21,361948.813,637578267.83881
2022-06-07 12:00:00,1753.2,1793.4,1735.45,1780.7,637902.359,1127076558.27022
2022-06-07 16:00:00,1780.71,1875.0,1766.51,1846.89,637080.714,1156996592.42798
2022-06-07 20:00:00,1846.89,1869.43,1751.0,1812.61,848770.24,1546687055.05034
2022-06-08 00:00:00,1812.62,1836.99,1763.87,1778.92,607967.551,1095479699.22182
2022-06-08 04:00:00,1778.89,1818.14,1771.55,1805.59,417191.74,749743239.06836
2022-06-08 08:00:00,1805.59,1817.03,1794.72,1807.54,275182.9,497077606.67319
2022-06-08 12:00:00,1807.54,1840.13,1783.37,1814.4,699802.288,1266316158.78163
2022-06-08 16:00:00,1814.4,1821.79,1770.54,1789.87,432532.321,776113757.0926
2022-06-08 20:00:00,1789.88,1814.99,1787.18,1791.02,196079.153,352849177.80083
2022-06-09 00:00:00,1791.01,1801.42,1776.32,1798.6,268111.623,479938243.26374
2022-06-09 04:00:00,1798.6,1811.88,1793.0,1811.71,170988.225,307875507.1438
2022-06-09 08:00:00,1811.72,1832.7,1801.7,1804.41,359167.44,652240172.19922
2022-06-09 12:00:00,1804.41,1810.39,1777.54,1798.33,508315.901,912353699.91406
2022-06-09 16:00:00,1798.34,1818.62,1781.15,1782.89,344610.986,620157717.88569
2022-06-09 20:00:00,1782.88,1799.41,1780.0,1788.03,188475.514,337233066.89052
2022-06-10 00:00:00,1788.03,1803.82,1740.6,1791.87,491626.794,874063659.24021
2022-06-10 04:00:00,1791.86,1800.0,1786.08,1787.63,166218.697,297895107.34621
2022-06-10 08:00:00,1787.63,1794.48,1762.23,1770.95,357849.685,635095407.31502
2022-06-10 12:00:00,1770.94,1781.22,1706.46,1725.72,1214606.64,2106264739.46381
2022-06-10 16:00:00,1725.72,1729.91,1650.0,1667.64,1070605.103,1800284699.99576
2022-06-10 20:00:00,1667.65,1685.29,1653.75,1661.95,307990.365,515004219.01508
2022-06-11 00:00:00,1661.95,1680.97,1656.53,1668.4,234324.819,391722418.05191
2022-06-11 04:00:00,1668.4,1679.0,1661.78,1666.15,239342.217,399449048.06
2022-06-11 08:00:00,1666.16,1669.3,1528.46,1575.07,1426310.58,2276552710.92593
2022-06-11 12:00:00,1575.06,1590.88,1498.93,1516.87,1657505.915,2555361681.00369
2022-06-11 16:00:00,1516.88,1580.0,1506.06,1545.64,981294.192,1507507519.18948
2022-06-11 20:00:00,1545.64,1552.89,1516.71,1532.19,421661.253,647574820.94491
2022-06-12 00:00:00,1532.19,1541.71,1444.05,1465.7,1138631.827,1689573466.03095
2022-06-12 04:00:00,1465.7,1479.95,1421.0,1470.3,1030298.256,1495020170.69005
2022-06-12 08:00:00,1470.3,1486.96,1451.71,1468.16,724243.097,1062796230.13587
2022-06-12 12:00:00,1468.16,1548.81,1423.42,1525.21,1613713.822,2401961694.71517
2022-06-12 16:00:00,1525.2,1531.78,1475.49,1478.59,788942.459,1188824275.29394
2022-06-12 20:00:00,1478.59,1488.18,1432.33,1434.35,720642.995,1054896021.36837
2022-06-13 00:00:00,1434.35,1454.58,1303.33,1350.71,2836186.023,3880899460.9809
2022-06-13 04:00:00,1350.62,1388.0,1260.84,1283.03,2527627.99,3357583299.92668
2022-06-13 08:00:00,1283.05,1289.15,1177.0,1208.78,4757449.649,5844051786.46541
2022-06-13 12:00:00,1208.53,1258.73,1162.0,1229.15,3855462.801,4704671957.31781
2022-06-13 16:00:00,1229.31,1280.0,1208.27,1227.75,2011187.18,2493927865.79112
2022-06-13 20:00:00,1227.75,1285.0,1166.92,1209.04,1363872.115,1660332775.22288
2022-06-14 00:00:00,1209.03,1224.78,1073.0,1173.04,3310687.104,3777506020.0001
2022-06-14 04:00:00,1173.05,1256.9,1135.0,1240.22,2737143.235,3298386432.37247
2022-06-14 08:00:00,1240.23,1243.49,1153.38,1174.31,1674336.022,2004948210.91694
2022-06-14 12:00:00,1174.31,1263.0,1156.72,1250.01,2550230.48,3085218633.90167
2022-06-14 16:00:00,1249.96,1268.9,1194.26,1205.27,1122561.683,1374573488.73556
2022-06-14 20:00:00,1205.27,1221.72,1158.2,1208.32,941699.229,1116471227.50619
2022-06-15 00:00:00,1208.32,1232.03,1168.14,1172.47,952847.713,1144466990.10222
2022-06-15 04:00:00,1172.36,1174.98,1080.0,1093.6,2309974.776,2597384419.35125
2022-06-15 08:00:00,1093.59,1134.13,1012.42,1119.5,3826162.896,4051456793.66744
2022-06-15 12:00:00,1119.49,1160.0,1093.01,1119.57,2453427.247,2754028028.52948
2022-06-15 16:00:00,1119.47,1237.18,1042.59,1169.87,4672688.347,5239063473.83088
2022-06-15 20:00:00,1169.89,1249.4,1153.1,1236.49,1424509.657,1721442829.45221
2022-06-16 00:00:00,1236.48,1257.29,1201.75,1209.26,1068506.336,1313040661.59195
2022-06-16 04:00:00,1209.26,1217.8,1155.12,1164.71,1060318.879,1254339694.93603
2022-06-16 08:00:00,1164.71,1180.0,1092.41,1110.18,1886550.237,2130656342.34392
2022-06-16 12:00:00,1110.19,1149.8,1081.07,1113.7,2174561.248,2417912129.03651
2022-06-16 16:00:00,1113.7,1134.4,1092.0,1095.56,1394061.084,1550390287.36824
2022-06-16 20:00:00,1095.56,1119.36,1050.51,1067.77,1180837.633,1281923667.05144
2022-06-17 00:00:00,1067.77,1116.7,1050.0,1070.9,1408118.537,1526370172.96861
2022-06-17 04:00:00,1070.9,1118.0,1067.16,1098.38,1228523.396,1347840804.48982
2022-06-17 08:00:00,1098.39,1112.9,1085.39,1091.74,1031979.603,1132765875.42546
2022-06-17 12:00:00,1091.74,1101.6,1062.52,1084.19,1579127.763,1707420960.37081
2022-06-17 16:00:00,1084.15,1092.91,1071.0,1079.54,799681.997,863793090.25605
2022-06-17 20:00:00,1079.53,1099.65,1074.27,1085.99,535245.285,582129836.92715
2022-06-18 00:00:00,1085.99,1097.0,1071.0,1078.74,611162.085,661193135.07796
2022-06-18 04:00:00,1078.73,1082.99,986.0,1002.64,1896335.722,1936233851.77034
2022-06-18 08:00:00,1002.63,1017.81,971.75,1004.47,2179489.963,2173515490.35514
2022-06-18 12:00:00,1004.47,1008.1,987.0,989.04,891670.111,889309811.16558
2022-06-18 16:00:00,989.09,999.59,912.0,914.15,2163882.294,2062775460.22214
2022-06-18 20:00:00,914.15,1015.0,878.04,994.09,3644973.02,3417394702.01278
2022-06-19 00:00:00,994.09,1009.08,940.08,952.42,1851512.026,1802112908.05569
2022-06-19 04:00:00,952.49,973.63,935.5,955.12,1406927.732,1345127489.1726
2022-06-19 08:00:00,955.19,1080.67,951.98,1054.63,2471637.172,2528994951.06033
2022-06-19 12:00:00,1054.63,1079.2,1017.5,1071.06,1738780.526,1814289988.18451
2022-06-19 16:00:00,1071.07,1131.54,1042.17,1099.81,1486709.221,1604705460.15026
2022-06-19 20:00:00,1099.72,1162.98,1097.23,1127.88,1450917.541,1642248894.53083
2022-06-20 00:00:00,1127.88,1132.2,1052.05,1079.1,1512360.832,1639515164.2274
2022-06-20 04:00:00,1079.1,1093.0,1059.7,1079.21,1026475.427,1104310698.39888
2022-06-20 08:00:00,1079.22,1174.0,1076.24,1152.59,2119796.928,2395647122.34377
2022-06-20 12:00:00,1152.6,1154.56,1106.0,1133.75,1679606.423,1897876732.10129
2022-06-20 16:00:00,1133.76,1136.57,1082.33,1105.8,1347291.204,1490131539.77845
2022-06-20 20:00:00,1105.8,1138.56,1090.23,1127.83,961472.291,1070098371.46498
2022-06-21 00:00:00,1127.82,1143.8,1108.63,1130.4,1036087.805,1164742045.81726
2022-06-21 04:00:00,1130.4,1164.99,1117.47,1147.95,1195518.958,1370412582.72945
2022-06-21 08:00:00,1147.95,1180.0,1136.29,1140.87,1223129.493,1416449062.9248
2022-06-21 12:00:00,1140.88,1194.0,1134.65,1167.79,1541043.933,1799268202.19962
2022-06-21 16:00:00,1167.79,1174.74,1121.0,1123.8,994248.016,1145761562.78182
2022-06-21 20:00:00,1123.72,1140.66,1112.89,1125.47,729163.747,820496380.85323
2022-06-22 00:00:00,1125.47,1126.81,1086.0,1088.6,863311.767,955736621.89936
2022-06-22 04:00:00,1088.6,1106.43,1065.5,1074.8,1000428.646,1085676935.71919
2022-06-22 08:00:00,1074.8,1105.32,1068.75,1096.72,802299.746,872852190.13872
2022-06-22 12:00:00,1096.72,1125.75,1068.87,1074.51,1608398.191,1763403430.00252
2022-06-22 16:00:00,1074.51,1088.56,1053.0,1069.93,1257928.641,1349264109.68428
2022-06-22 20:00:00,1069.93,1074.24,1042.0,1049.4,907334.688,958133858.59288
2022-06-23 00:00:00,1049.41,1097.59,1044.16,1075.58,1008549.97,1087000364.85323
2022-06-23 04:00:00,1075.51,1110.0,1071.0,1091.06,823094.711,898855480.5592
2022-06-23 08:00:00,1091.1,1117.25,1090.6,1106.05,943033.008,1041525463.76872
2022-06-23 12:00:00,1106.05,1134.51,1086.16,1093.5,1324562.064,1469829155.49422
2022-06-23 16:00:00,1093.49,1127.93,1081.79,1126.11,827390.976,911384367.9538
2022-06-23 20:00:00,1126.1,1156.01,1119.56,1143.71,1018698.979,1158473150.47621
2022-06-24 00:00:00,1143.71,1169.0,1140.23,1149.9,760008.625,875817717.28296
2022-06-24 04:00:00,1149.9,1160.94,1131.36,1147.95,822111.107,941753774.62943
2022-06-24 08:00:00,1147.95,1206.1,1142.15,1195.26,1187991.943,1391393224.31275
2022-06-24 12:00:00,1195.26,1227.33,1189.78,1197.36,1391704.097,1680865048.58875
2022-06-24 16:00:00,1197.36,1229.99,1183.64,1227.15,974944.9,1178629463.89052
2022-06-24 20:00:00,1227.16,1244.94,1213.84,1224.42,915981.632,1127028856.11756
2022-06-25 00:00:00,1224.42,1226.97,1203.34,1223.01,721908.41,878466563.48444
2022-06-25 04:00:00,1223.01,1239.22,1210.09,1233.74,704160.618,862129904.12282
2022-06-25 08:00:00,1233.73,1243.0,1212.0,1216.5,614892.247,754225328.41809
2022-06-25 12:00:00,1216.49,1218.8,1180.99,1183.44,1114857.304,1334264638.95427
2022-06-25 16:00:00,1183.43,1215.25,1179.03,1204.69,587867.661,703337843.22348
2022-06-25 20:00:00,1204.69,1258.0,1200.74,1241.6,793963.805,981638015.43684
2022-06-26 00:00:00,1241.6,1245.78,1227.07,1232.55,440759.672,544633699.69296
2022-06-26 04:00:00,1232.56,1251.8,1231.52,1237.64,534337.959,662797834.61719
2022-06-26 08:00:00,1237.64,1278.0,1234.48,1269.11,798360.246,998923473.10076
2022-06-26 12:00:00,1269.11,1280.0,1211.11,1222.57,1389538.998,1724452841.48233
2022-06-26 16:00:00,1222.57,1232.62,1209.2,1225.17,580112.392,708623666.13984
2022-06-26 20:00:00,1225.17,1249.17,1193.54,1197.21,821295.295,1002994476.6189
2022-06-27 00:00:00,1197.2,1226.79,1194.83,1219.09,673909.088,816154713.223
2022-06-27 04:00:00,1219.09,1237.06,1211.78,1227.25,539703.005,659502083.84011
2022-06-27 08:00:00,1227.25,1238.89,1217.0,1219.59,537669.727,660789057.09339
2022-06-27 12:00:00,1219.59,1223.5,1173.0,1186.63,1522573.358,1818257759.04249
2022-06-27 16:00:00,1186.63,1211.0,1172.14,1196.07,836543.619,998133448.35323
2022-06-27 20:00:00,1196.07,1218.7,1188.76,1191.9,520111.504,625374946.44552
2022-06-28 00:00:00,1191.89,1199.06,1160.0,1181.42,896111.293,1056737444.04156
2022-06-28 04:00:00,1181.41,1215.0,1178.46,1207.02,737640.97,882672702.96902
2022-06-28 08:00:00,1207.02,1234.0,1203.32,1222.8,905886.627,1106669960.71467
2022-06-28 12:00:00,1222.8,1239.66,1181.04,1183.26,1398671.792,1693001856.83653
2022-06-28 16:00:00,1183.26,1192.96,1152.0,1155.96,1134399.367,1330032082.63164
2022-06-28 20:00:00,1155.96,1167.74,1135.65,1143.5,758140.67,874523215.66735
2022-06-29 00:00:00,1143.51,1156.76,1132.1,1144.31,729165.823,835971462.75827
2022-06-29 04:00:00,1144.31,1154.99,1112.31,1129.8,1030552.149,1166909693.32132
2022-06-29 08:00:00,1129.8,1142.18,1102.0,1117.45,1076761.817,1209091916.23825
2022-06-29 12:00:00,1117.45,1124.12,1089.78,1113.73,1566361.643,1738838782.35673
2022-06-29 16:00:00,1113.66,1119.0,1085.6,1117.72,1095850.702,1207670030.43689
2022-06-29 20:00:00,1117.69,1122.71,1092.01,1099.32,756618.391,838300673.30989
2022-06-30 00:00:00,1099.33,1106.6,1076.0,1093.39,852290.452,930379982.80013
2022-06-30 04:00:00,1093.4,1096.8,1052.0,1056.82,1212217.549,1300551032.40629
2022-06-30 08:00:00,1056.82,1056.95,1011.12,1017.73,1901167.336,1955695252.98006
2022-06-30 12:00:00,1017.73,1041.78,995.0,1031.57,2019249.251,2065225398.63017
2022-06-30 16:00:00,1031.56,1046.75,1011.51,1020.54,1072621.641,1102788681.83014
2022-06-30 20:00:00,1020.72,1085.48,1004.0,1070.85,1375826.252,1422044367.33315
2022-07-01 00:00:00,1070.9,1118.21,1050.0,1054.04,1957828.758,2123908209.81933
2022-07-01 04:00:00,1054.04,1076.0,1045.0,1066.11,1205909.564,1273551545.2687
2022-07-01 08:00:00,1066.12,1086.64,1032.65,1049.54,1333752.372,1411588850.23431
2022-07-01 12:00:00,1049.54,1074.99,1042.12,1056.18,1396712.916,1474846100.4287
2022-07-01 16:00:00,1056.11,1083.97,1054.24,1067.32,840149.974,897042302.12318
2022-07-01 20:00:00,1067.32,1092.8,1054.0,1059.24,731327.687,784086008.71012
2022-07-02 00:00:00,1059.16,1069.07,1033.0,1037.28,887219.539,932003088.77487
2022-07-02 04:00:00,1037.28,1053.08,1035.28,1041.39,480707.211,502289655.48254
2022-07-02 08:00:00,1041.39,1048.84,1026.16,1043.3,669693.067,696106687.50413
2022-07-02 12:00:00,1043.3,1064.86,1039.18,1052.16,872127.298,918166614.93541
2022-07-02 16:00:00,1052.17,1078.98,1048.66,1065.56,721325.888,767544884.62551
2022-07-02 20:00:00,1065.55,1075.0,1059.3,1066.53,343215.529,366545004.97613
2022-07-03 00:00:00,1066.53,1070.89,1053.5,1061.77,379100.638,402202594.37711
2022-07-03 04:00:00,1061.77,1088.0,1040.01,1063.26,1047042.856,1114441818.42193
2022-07-03 08:00:00,1063.26,1064.93,1048.8,1060.57,442047.706,467667088.33849
2022-07-03 12:00:00,1060.58,1062.77,1040.19,1049.89,679820.65,713828313.70005
2022-07-03 16:00:00,1049.9,1082.8,1048.78,1077.19,548773.871,583716945.36986
2022-07-03 20:00:00,1077.26,1087.0,1069.41,1073.9,652923.042,704337075.58234
2022-07-04 00:00:00,1073.91,1076.2,1046.62,1050.88,769295.52,816326962.22417
2022-07-04 04:00:00,1050.87,1057.46,1044.33,1050.16,420268.615,441983220.03025
2022-07-04 08:00:00,1050.15,1107.0,1049.23,1100.62,1205231.585,1295397270.97629
2022-07-04 12:00:00,1100.61,1135.97,1083.5,1111.39,1758388.61,1943314580.12336
2022-07-04 16:00:00,1111.38,1135.78,1102.4,1122.59,894430.592,1001926684.10534
2022-07-04 20:00:00,1122.6,1160.68,1116.58,1150.23,883132.703,1006302451.45281
2022-07-05 00:00:00,1150.23,1164.54,1141.62,1152.8,665069.914,765546681.79584
2022-07-05 04:00:00,1152.79,1176.0,1141.3,1157.58,819454.82,949167785.23962
2022-07-05 08:00:00,1157.58,1158.25,1107.56,1111.78,1250220.383,1414986055.43061
2022-07-05 12:00:00,1111.78,1112.74,1075.0,1092.4,1873859.503,2053921429.5824
2022-07-05 16:00:00,1092.4,1152.57,1087.45,1146.11,1365718.07,1523600440.76441
2022-07-05 20:00:00,1146.13,1169.6,1127.24,1131.8,1165085.994,1340150047.25612
2022-07-06 00:00:00,1131.81,1153.66,1111.03,1130.36,1123966.362,1267358368.12011
2022-07-06 04:00:00,1130.36,1150.36,1120.16,1138.91,1106926.578,1256452124.29321
2022-07-06 08:00:00,1138.91,1155.4,1127.72,1133.44,838793.224,956889407.89104
2022-07-06 12:00:00,1133.44,1150.0,1122.22,1132.85,1163399.105,1321370660.65699
2022-07-06 16:00:00,1132.85,1168.09,1131.74,1152.83,1211853.164,1392736902.75239
2022-07-06 20:00:00,1152.83,1205.45,1150.05,1186.37,1089729.306,1284421406.3939
2022-07-07 00:00:00,1186.36,1189.74,1166.19,1175.94,628966.553,741312435.44535
2022-07-07 04:00:00,1175.94,1177.94,1162.93,1176.18,494427.703,578661271.64049
2022-07-07 08:00:00,1176.18,1194.08,1172.3,1185.43,642791.324,760362437.12966
2022-07-07 12:00:00,1185.37,1229.0,1178.32,1219.75,1619422.694,1955292223.06066
2022-07-07 16:00:00,1219.75,1254.82,1214.37,1247.32,1260756.521,1553761072.44456
2022-07-07 20:00:00,1247.33,1249.81,1224.64,1236.92,674218.376,833338914.75845
2022-07-08 00:00:00,1236.91,1277.0,1230.28,1258.57,1002173.481,1256819592.36684
2022-07-08 04:00:00,1258.57,1268.36,1234.36,1240.82,671068.006,837782226.01877
2022-07-08 08:00:00,1240.83,1244.44,1204.08,1220.78,1348454.18,1644817374.8834
2022-07-08 12:00:00,1220.77,1240.88,1192.0,1235.0,1949257.761,2373448971.1738
2022-07-08 16:00:00,1235.0,1247.96,1213.0,1239.53,916031.811,1124711540.98854
2022-07-08 20:00:00,1239.53,1254.42,1210.88,1213.53,611630.128,756266387.43579
2022-07-09 00:00:00,1213.53,1221.26,1203.75,1216.19,619103.254,751186566.9175
2022-07-09 04:00:00,1216.19,1226.96,1210.15,1224.21,427007.092,519976345.51911
2022-07-09 08:00:00,1224.21,1227.9,1205.0,1209.73,482860.899,588745097.99671
2022-07-09 12:00:00,1209.74,1222.46,1205.78,1215.0,474756.238,576682813.13572
2022-07-09 16:00:00,1215.0,1236.87,1208.56,1217.94,526731.918,643563786.63085
2022-07-09 20:00:00,1217.94,1226.22,1212.24,1216.48,266730.631,325206152.56603
2022-07-10 00:00:00,1216.49,1219.5,1181.58,1187.73,687141.186,824578880.37457
2022-07-10 04:00:00,1187.73,1195.0,1183.82,1188.78,360086.16,428402070.58532
2022-07-10 08:00:00,1188.78,1193.91,1172.83,1183.04,540158.405,639398613.24514
2022-07-10 12:00:00,1183.03,1187.0,1155.14,1163.13,873281.743,1020559235.17013
2022-07-10 16:00:00,1163.14,1176.72,1152.0,1173.62,584186.03,681366503.08131
2022-07-10 20:00:00,1173.62,1184.0,1160.0,1167.81,523391.268,613236839.14742
2022-07-11 00:00:00,1167.81,1170.97,1143.0,1153.89,718912.813,830910361.72723
2022-07-11 04:00:00,1153.88,1154.6,1136.69,1142.87,586854.948,671729828.60521
2022-07-11 08:00:00,1142.86,1149.95,1140.95,1142.87,465946.405,533598347.83332
2022-07-11 12:00:00,1142.87,1162.4,1127.05,1143.12,1093894.207,1249760709.58545
2022-07-11 16:00:00,1143.13,1156.55,1135.74,1141.34,619079.503,709726380.62361
2022-07-11 20:00:00,1141.26,1144.55,1091.1,1095.95,1047850.483,1163904208.97207
2022-07-12 00:00:00,1095.88,1097.51,1081.0,1085.66,762327.094,830467088.03903
2022-07-12 04:00:00,1085.66,1092.71,1062.2,1068.41,760492.614,819407114.00777
2022-07-12 08:00:00,1068.42,1072.5,1052.63,1065.11,917152.832,974443139.0363
2022-07-12 12:00:00,1065.1,1082.75,1061.25,1075.53,1206048.019,1294064685.71546
2022-07-12 16:00:00,1075.54,1088.5,1032.09,1040.53,1237002.203,1313250954.31623
2022-07-12 20:00:00,1040.52,1051.29,1034.45,1037.88,761639.159,794373814.21114
2022-07-13 00:00:00,1037.88,1059.43,1034.51,1051.62,617085.539,646458801.47516
2022-07-13 04:00:00,1051.62,1072.0,1048.33,1068.72,654160.194,692981166.99399
2022-07-13 08:00:00,1068.72,1084.61,1064.8,1081.1,787390.191,845390879.45502
2022-07-13 12:00:00,1081.09,1105.0,1005.0,1059.63,3890353.458,4070591847.51332
2022-07-13 16:00:00,1059.62,1100.0,1048.8,1075.9,1517254.045,1638001858.28391
2022-07-13 20:00:00,1075.9,1120.0,1074.01,1114.19,1024330.693,1121869177.43471
2022-07-14 00:00:00,1114.18,1126.91,1108.5,1111.99,809138.999,901795008.21588
2022-07-14 04:00:00,1111.99,1114.35,1092.59,1097.06,701613.263,773965430.10052
2022-07-14 08:00:00,1097.06,1100.28,1070.57,1080.8,995731.552,1080374863.0345
2022-07-14 12:00:00,1080.8,1148.0,1072.2,1140.47,1951367.268,2150592717.47929
2022-07-14 16:00:00,1140.48,1216.9,1132.88,1193.65,2321670.538,2721936801.9246
2022-07-14 20:00:00,1193.66,1200.6,1180.25,1193.01,676292.179,804487413.12216
2022-07-15 00:00:00,1193.01,1224.45,1180.74,1199.25,955668.624,1146684934.19545
2022-07-15 04:00:00,1199.25,1217.6,1188.09,1211.2,961265.79,1156360171.16731
2022-07-15 08:00:00,1211.2,1229.98,1202.75,1210.7,1133972.564,1380451141.94533
2022-07-15 12:00:00,1210.7,1237.2,1206.5,1221.56,1670614.846,2046568965.43918
2022-07-15 16:00:00,1221.55,1270.0,1202.77,1265.85,1610493.348,1988912003.64743
2022-07-15 20:00:00,1265.89,1294.99,1226.0,1230.58,1304801.083,1639091016.84707
2022-07-16 00:00:00,1230.59,1234.68,1209.0,1221.44,718527.366,876405280.44539
2022-07-16 04:00:00,1221.45,1222.59,1191.41,1196.85,860899.086,1038209538.23998
2022-07-16 08:00:00,1196.86,1206.27,1192.4,1197.19,600177.266,719501527.34192
2022-07-16 12:00:00,1197.19,1277.0,1195.42,1274.16,1713648.868,2120894151.15011
2022-07-16 16:00:00,1274.15,1440.57,1271.97,1335.86,3432435.679,4618753845.79946
2022-07-16 20:00:00,1335.85,1362.0,1314.06,1355.37,1040724.798,1395590494.15636
2022-07-17 00:00:00,1355.38,1387.92,1327.6,1352.65,1186626.451,1607321808.03785
2022-07-17 04:00:00,1352.64,1376.7,1346.32,1360.56,782747.979,1065212308.0031
2022-07-17 08:00:00,1360.56,1375.15,1336.6,1362.73,938040.576,1271925023.6503
2022-07-17 12:00:00,1362.74,1367.33,1329.58,1351.0,1261466.807,1701654146.81682
2022-07-17 16:00:00,1350.99,1383.99,1316.0,1347.02,1478073.373,1990488787.83507
2022-07-17 20:00:00,1347.02,1375.0,1334.45,1338.27,727262.669,983836683.06962
2022-07-18 00:00:00,1338.28,1421.0,1335.49,1405.81,1431426.355,1984390217.08054
2022-07-18 04:00:00,1405.8,1476.0,1393.0,1465.96,1693434.391,2435316974.42863
2022-07-18 08:00:00,1465.95,1511.27,1462.08,1478.13,1876940.848,2781103341.90381
2022-07-18 12:00:00,1478.13,1529.0,1454.83,1519.99,1539357.238,2281093996.64593
2022-07-18 16:00:00,1519.99,1530.0,1450.0,1472.22,1749188.145,2596464278.53675
2022-07-18 20:00:00,1472.21,1597.19,1461.56,1580.12,1607744.943,2455900758.2874
2022-07-19 00:00:00,1580.12,1640.0,1510.36,1515.63,2272724.634,3534843099.74658
2022-07-19 04:00:00,1515.63,1542.9,1492.57,1510.34,1446771.132,2196467506.99457
2022-07-19 08:00:00,1510.33,1561.0,1505.2,1541.24,1216261.119,1867917717.83576
2022-07-19 12:00:00,1541.24,1576.17,1505.0,1539.38,2133061.517,3289657475.80767
2022-07-19 16:00:00,1539.58,1590.91,1534.09,1560.31,1573008.054,2461339920.60023
2022-07-19 20:00:00,1560.31,1588.87,1525.0,1541.39,852420.522,1328058964.61076
2022-07-20 00:00:00,1541.4,1567.9,1508.88,1561.05,925250.415,1422942116.92057
2022-07-20 04:00:00,1561.05,1579.01,1529.0,1530.25,883512.281,1378233370.95345
2022-07-20 08:00:00,1530.27,1614.25,1525.59,1602.63,1734831.743,2732298366.68169
2022-07-20 12:00:00,1602.64,1620.0,1581.53,1595.83,1584273.474,2537124050.66781
2022-07-20 16:00:00,1595.83,1596.8,1537.0,1550.99,1394675.692,2177381680.22518
2022-07-20 20:00:00,1551.0,1566.0,1477.0,1521.34,1661509.234,2529677514.85092
2022-07-21 00:00:00,1521.26,1555.0,1482.0,1487.64,1240491.867,1878045116.15906
2022-07-21 04:00:00,1487.63,1497.86,1462.3,1487.44,994382.401,1474869887.78125
2022-07-21 08:00:00,1487.43,1520.0,1475.0,1488.45,1124512.443,1683892176.68167
2022-07-21 12:00:00,1488.45,1515.0,1480.41,1510.21,1324917.289,1986323795.67156
2022-07-21 16:00:00,1510.22,1581.5,1508.85,1578.93,1666953.126,2583699709.70935
2022-07-21 20:00:00,1578.81,1607.0,1565.09,1575.39,974007.09,1542193151.25353
2022-07-22 00:00:00,1575.38,1595.86,1552.0,1561.44,662681.991,1043582321.42837
2022-07-22 04:00:00,1561.45,1617.66,1555.5,1601.16,963076.526,1530124357.70335
2022-07-22 08:00:00,1601.21,1646.3,1595.0,1638.18,1492659.441,2428973703.72212
2022-07-22 12:00:00,1638.19,1643.97,1567.99,1574.1,1784815.334,2862005869.09244
2022-07-22 16:00:00,1574.1,1592.45,1518.87,1526.0,1199702.774,1874180207.03487
2022-07-22 20:00:00,1526.01,1543.45,1515.75,1534.53,625302.151,957711911.93187
2022-07-23 00:00:00,1534.53,1578.8,1522.75,1570.37,620309.972,964874359.97474
2022-07-23 04:00:00,1570.37,1596.72,1563.56,1577.9,741613.518,1172685998.42006
2022-07-23 08:00:00,1577.9,1588.1,1518.4,1522.0,1066251.124,1652397043.0241
2022-07-23 12:00:00,1522.0,1536.75,1502.35,1523.15,1018696.712,1550919588.79516
2022-07-23 16:00:00,1523.16,1532.97,1485.53,1512.76,1050102.946,1583660904.67645
2022-07-23 20:00:00,1512.66,1554.88,1511.0,1548.01,653040.666,1002312296.16722
2022-07-24 00:00:00,1548.01,1578.26,1543.45,1551.49,768344.742,1199394267.36762
2022-07-24 04:00:00,1551.5,1620.21,1546.68,1605.04,1217162.426,1942524470.83626
2022-07-24 08:00:00,1605.03,1631.72,1580.36,1615.57,998990.861,1603901909.08288
2022-07-24 12:00:00,1615.58,1621.45,1572.0,1612.58,1231750.474,1969496145.16079
2022-07-24 16:00:00,1612.58,1615.9,1583.34,1602.28,779201.509,1246683250.6845
2022-07-24 20:00:00,1602.26,1664.9,1587.2,1597.77,1370995.945,2221471371.28249
2022-07-25 00:00:00,1597.77,1609.26,1497.5,1511.19,1720608.369,2655008492.73135
2022-07-25 04:00:00,1511.18,1528.5,1498.01,1521.18,855570.475,1298813875.81111
2022-07-25 08:00:00,1521.17,1553.85,1510.52,1536.79,908472.031,1395312073.05093
2022-07-25 12:00:00,1536.79,1539.15,1501.04,1525.33,1435346.385,2183319159.98937
2022-07-25 16:00:00,1525.34,1533.95,1453.42,1493.94,1384063.809,2073240450.74519
2022-07-25 20:00:00,1493.95,1539.44,1433.2,1440.4,1826677.307,2725889454.29651
2022-07-26 00:00:00,1440.4,1448.9,1400.0,1432.06,1484073.827,2115312246.06985
2022-07-26 04:00:00,1431.95,1438.15,1406.0,1408.49,703849.428,1001004876.95281
2022-07-26 08:00:00,1408.49,1423.55,1382.0,1405.51,863383.585,1216950476.96546
2022-07-26 12:00:00,1405.52,1419.8,1363.07,1368.35,1831039.676,2540333745.6247
2022-07-26 16:00:00,1368.36,1395.25,1355.0,1365.36,1106650.366,1522043249.20353
2022-07-26 20:00:00,1365.48,1455.0,1355.44,1448.27,1684935.924,2360439557.07165
2022-07-27 00:00:00,1448.28,1459.08,1420.22,1423.94,955604.836,1374848356.13083
2022-07-27 04:00:00,1423.94,1472.7,1422.1,1463.64,985389.869,1429035535.45193
2022-07-27 08:00:00,1463.64,1474.1,1446.86,1452.08,820977.93,1200035407.44384
2022-07-27 12:00:00,1452.09,1496.43,1443.94,1488.5,1339371.946,1979989005.97938
2022-07-27 16:00:00,1488.5,1615.0,1477.0,1587.72,3655504.539,5652648350.40153
2022-07-27 20:00:00,1587.72,1644.66,1585.0,1635.45,1352085.318,2181867009.39243
2022-07-28 00:00:00,1635.46,1681.46,1605.81,1648.17,1297448.092,2128346201.44788
2022-07-28 04:00:00,1648.18,1654.98,1613.95,1618.71,909051.241,1488131376.91201
2022-07-28 08:00:00,1618.72,1643.0,1600.01,1641.0,986737.589,1601913630.49273
2022-07-28 12:00:00,1641.01,1759.39,1595.0,1728.32,3533739.816,5857678194.8855
2022-07-28 16:00:00,1728.33,1750.0,1713.15,1725.88,1515494.681,2621336075.79064
2022-07-28 20:00:00,1725.88,1784.5,1711.0,1723.82,1396278.845,2438446497.39226
2022-07-29 00:00:00,1723.83,1734.0,1695.34,1726.25,914185.152,1567956246.87021
2022-07-29 04:00:00,1726.25,1754.58,1705.38,1715.35,951351.519,1643155478.52867
2022-07-29 08:00:00,1715.35,1732.43,1667.48,1681.0,1251500.154,2133702122.35974
2022-07-29 12:00:00,1681.01,1743.96,1656.0,1721.5,2137515.929,3635752742.66027
2022-07-29 16:00:00,1721.51,1735.83,1667.08,1723.7,1807147.888,3072770268.2674
2022-07-29 20:00:00,1723.72,1766.3,1701.83,1721.85,1261121.119,2185838823.5691
2022-07-30 00:00:00,1721.85,1735.0,1686.11,1706.89,949089.255,1626374939.54098
2022-07-30 04:00:00,1706.93,1719.9,1688.55,1715.24,484593.787,827124590.80044
2022-07-30 08:00:00,1715.24,1724.46,1676.96,1703.78,824704.176,1401094107.52109
2022-07-30 12:00:00,1703.78,1744.0,1695.41,1736.08,1116095.885,1922592997.61263
2022-07-30 16:00:00,1736.08,1737.1,1688.24,1691.25,677687.396,1163248096.61936
2022-07-30 20:00:00,1691.25,1708.3,1671.0,1696.68,841498.845,1423751742.31363
2022-07-31 00:00:00,1696.68,1715.09,1685.8,1693.3,580817.975,987110487.73499
2022-07-31 04:00:00,1693.3,1708.21,1688.7,1696.97,388858.432,660543829.46963
2022-07-31 08:00:00,1696.98,1724.09,1685.16,1717.77,641280.017,1093309411.55384
2022-07-31 12:00:00,1717.76,1722.44,1690.38,1711.13,593828.122,1014690291.27137
2022-07-31 16:00:00,1711.14,1755.55,1685.71,1717.19,1336583.215,2293402266.93252
2022-07-31 20:00:00,1717.18,1724.34,1666.0,1677.63,799645.827,1351880264.26102
2022-08-01 00:00:00,1677.63,1704.32,1673.75,1690.67,526906.651,889689500.91429
2022-08-01 04:00:00,1690.67,1697.02,1672.15,1692.38,548306.85,923776830.40279
2022-08-01 08:00:00,1692.38,1694.92,1640.0,1667.21,971312.134,1619299207.43351
2022-08-01 12:00:00,1667.22,1689.52,1634.95,1671.94,1632157.939,2719822822.64903
2022-08-01 16:00:00,1672.0,1673.08,1616.0,1621.72,1188431.394,1945508521.25844
2022-08-01 20:00:00,1621.73,1643.0,1605.5,1629.45,754577.093,1226368000.96379
2022-08-02 00:00:00,1629.45,1656.35,1566.8,1576.85,1334406.612,2142184885.212
2022-08-02 04:00:00,1576.85,1595.0,1565.07,1592.18,788859.812,1246962493.24542
2022-08-02 08:00:00,1592.18,1596.85,1557.8,1586.82,961262.396,1519125478.10462
2022-08-02 12:00:00,1586.81,1636.97,1563.15,1628.87,2381307.177,3807123196.27759
2022-08-02 16:00:00,1628.88,1678.0,1621.9,1636.44,1840933.401,3043280169.68286
2022-08-02 20:00:00,1636.45,1660.41,1627.04,1629.97,741550.422,1220048392.28078
2022-08-03 00:00:00,1629.98,1638.3,1588.5,1619.15,1058709.066,1704592583.98056
2022-08-03 04:00:00,1619.14,1642.44,1612.1,1628.62,601106.543,978814731.41898
2022-08-03 08:00:00,1628.62,1672.09,1627.93,1664.44,939967.221,1554351418.79882
2022-08-03 12:00:00,1664.44,1685.91,1642.3,1655.2,1406224.181,2334825818.68324
2022-08-03 16:00:00,1655.2,1671.04,1646.9,1653.3,808537.381,1341807899.05944
2022-08-03 20:00:00,1653.32,1656.33,1606.54,1617.37,957620.895,1559687965.2547
2022-08-04 00:00:00,1617.37,1659.11,1614.8,1650.95,949121.019,1559896909.3191
2022-08-04 04:00:00,1650.96,1664.28,1615.13,1625.27,932472.381,1524700131.98082
2022-08-04 08:00:00,1625.27,1630.5,1605.16,1615.02,846019.84,1369730514.45496
2022-08-04 12:00:00,1615.03,1643.55,1596.0,1615.06,1673560.478,2706686167.61027
2022-08-04 16:00:00,1615.03,1623.7,1580.0,1590.24,1211255.68,1935418444.63844
2022-08-04 20:00:00,1590.23,1612.26,1580.33,1607.2,574180.505,916594364.57759
2022-08-05 00:00:00,1607.2,1668.5,1605.0,1659.42,1119897.262,1839089589.53019
2022-08-05 04:00:00,1659.36,1678.83,1645.59,1662.47,739161.751,1228634175.46425
2022-08-05 08:00:00,1662.48,1718.0,1652.02,1713.27,1118086.325,1880194717.95937
2022-08-05 12:00:00,1713.27,1726.12,1664.5,1669.65,2486101.352,4208706892.58818
2022-08-05 16:00:00,1669.65,1683.5,1655.9,1680.24,1046600.496,1747202890.31928
2022-08-05 20:00:00,1680.23,1743.4,1665.66,1737.13,1135867.602,1939913311.44498
2022-08-06 00:00:00,1737.12,1751.0,1727.02,1734.87,803901.421,1397637570.38866
2022-08-06 04:00:00,1734.88,1738.49,1713.9,1720.91,533171.652,919498142.24075
2022-08-06 08:00:00,1720.9,1724.7,1703.25,1711.9,552470.466,947312228.12263
2022-08-06 12:00:00,1711.9,1721.2,1706.18,1715.1,446150.282,764572913.99245
2022-08-06 16:00:00,1715.1,1721.47,1685.03,1714.53,776853.532,1326131424.90402
2022-08-06 20:00:00,1714.54,1726.0,1686.0,1689.85,561222.743,956400959.19834
2022-08-07 00:00:00,1689.84,1697.38,1667.0,1683.04,767711.475,1289344667.32328
2022-08-07 04:00:00,1683.03,1688.28,1670.45,1685.1,371947.33,625330896.69576
2022-08-07 08:00:00,1685.09,1694.2,1671.85,1691.49,459277.042,772672944.14001
2022-08-07 12:00:00,1691.5,1717.0,1689.23,1698.14,786566.015,1338967456.47795
2022-08-07 16:00:00,1698.14,1716.8,1694.05,1707.4,425423.9,726462353.16102
2022-08-07 20:00:00,1707.39,1729.39,1689.59,1699.25,615256.236,1051231767.10087
2022-08-08 00:00:00,1699.25,1719.21,1693.15,1709.23,616850.739,1053071512.4165
2022-08-08 04:00:00,1709.23,1739.99,1707.3,1732.06,807406.464,1394565123.56336
2022-08-08 08:00:00,1732.05,1794.36,1727.45,1788.7,1454921.41,2570760025.6803
2022-08-08 12:00:00,1788.71,1819.78,1766.75,1774.61,1706963.399,3062957850.86769
2022-08-08 16:00:00,1774.61,1786.86,1754.0,1782.44,999252.693,1768470594.27588
2022-08-08 20:00:00,1782.45,1799.59,1757.0,1776.09,748171.881,1330454716.40034
2022-08-09 00:00:00,1776.08,1786.6,1759.0,1777.6,572746.798,1015073117.32153
2022-08-09 04:00:00,1777.59,1790.0,1765.24,1780.98,571165.508,1014994814.30537
2022-08-09 08:00:00,1780.98,1782.0,1690.54,1702.8,2050611.946,3553472405.495
2022-08-09 12:00:00,1702.8,1716.95,1666.05,1683.78,1705598.95,2887883842.15558
2022-08-09 16:00:00,1683.77,1697.5,1672.82,1687.0,855310.976,1442409303.20737
2022-08-09 20:00:00,1687.0,1714.88,1686.45,1702.04,574862.348,978742254.54388
2022-08-10 00:00:00,1702.04,1702.24,1655.0,1668.78,1145760.797,1920512083.27052
2022-08-10 04:00:00,1668.79,1691.0,1666.69,1685.01,661094.033,1109996767.78944
2022-08-10 08:00:00,1685.0,1712.88,1683.5,1706.01,979472.206,1663522931.84022
2022-08-10 12:00:00,1706.01,1855.95,1702.55,1836.84,4065871.102,7340174288.03407
2022-08-10 16:00:00,1836.84,1849.79,1803.3,1818.13,1239956.339,2265809877.22007
2022-08-10 20:00:00,1818.13,1886.75,1817.5,1853.24,1123785.286,2079337828.26291
2022-08-11 00:00:00,1853.25,1919.4,1849.8,1879.4,1874839.109,3527418817.07981
2022-08-11 04:00:00,1879.39,1905.25,1870.0,1877.72,1228935.683,2321536809.41362
2022-08-11 08:00:00,1877.72,1915.0,1872.53,1902.78,854124.292,1613255246.6283
2022-08-11 12:00:00,1902.78,1943.0,1882.6,1889.23,2234424.652,4270074833.35722
2022-08-11 16:00:00,1889.23,1907.29,1874.41,1897.9,971742.403,1837353495.23725
2022-08-11 20:00:00,1897.96,1905.0,1866.08,1879.35,709742.584,1338098572.57635
2022-08-12 00:00:00,1879.35,1914.24,1856.04,1903.0,934438.623,1762897058.44259
2022-08-12 04:00:00,1903.0,1908.4,1881.63,1887.85,528243.676,999339197.77409
2022-08-12 08:00:00,1887.85,1903.13,1852.0,1867.58,1035824.727,1948073727.19885
2022-08-12 12:00:00,1867.57,1903.85,1866.15,1896.6,1178420.055,2218316094.23632
2022-08-12 16:00:00,1896.59,1932.99,1890.1,1925.36,903670.12,1725822336.06399
2022-08-12 20:00:00,1925.35,1964.46,1916.0,1957.4,954746.888,1848936631.75292
2022-08-13 00:00:00,1957.4,1999.45,1945.5,1996.38,1134662.082,2233379459.22102
2022-08-13 04:00:00,1996.38,2019.0,1985.0,1995.29,1320671.089,2641937566.83637
2022-08-13 08:00:00,1995.29,2007.35,1971.08,1985.37,938571.01,1869823302.29705
2022-08-13 12:00:00,1985.37,1994.0,1961.5,1986.99,801322.508,1586814529.58203
2022-08-13 16:00:00,1986.98,2004.0,1970.64,1974.24,727131.627,1445071990.70521
2022-08-13 20:00:00,1974.24,1994.0,1966.6,1982.8,468103.477,927975648.26386
2022-08-14 00:00:00,1982.79,1993.55,1970.0,1985.21,477781.478,947797826.33326
2022-08-14 04:00:00,1985.21,2030.0,1980.0,2015.46,892055.598,1786219258.04546
2022-08-14 08:00:00,2015.47,2016.49,1980.0,1988.95,851274.795,1702977754.33348
2022-08-14 12:00:00,1988.94,1990.34,1968.01,1983.28,663607.786,1314019410.4926
2022-08-14 16:00:00,1983.28,1984.0,1905.0,1930.12,1356870.471,2629576619.73017
2022-08-14 20:00:00,1930.12,1958.69,1915.39,1934.55,718711.374,1392313350.63068
2022-08-15 00:00:00,1934.56,2012.94,1922.0,1986.0,1509972.006,2986820187.59617
2022-08-15 04:00:00,1985.99,1992.28,1884.6,1899.38,1850144.903,3571417903.16219
2022-08-15 08:00:00,1899.37,1911.94,1872.75,1890.05,1222124.307,2319249142.54188
2022-08-15 12:00:00,1890.05,1922.6,1871.0,1916.36,1430641.704,2716989580.83373
2022-08-15 16:00:00,1916.36,1931.9,1883.41,1888.65,944858.447,1800386985.96383
2022-08-15 20:00:00,1888.65,1917.33,1875.5,1898.56,855025.795,1623912783.85245
2022-08-16 00:00:00,1898.55,1914.59,1860.1,1887.18,1206058.237,2278191779.03673
2022-08-16 04:00:00,1887.18,1892.44,1855.89,1885.72,948814.017,1777795527.52451
2022-08-16 08:00:00,1885.71,1915.0,1873.33,1905.62,887305.833,1680351804.99123
2022-08-16 12:00:00,1905.63,1913.48,1863.17,1886.63,1478752.284,2786376534.64229
2022-08-16 16:00:00,1886.63,1897.37,1850.0,1878.31,1258738.623,2360630027.03611
2022-08-16 20:00:00,1878.32,1885.89,1864.38,1875.78,438865.022,823409148.22095
2022-08-17 00:00:00,1875.79,1904.63,1874.02,1895.43,845143.889,1598749267.29751
2022-08-17 04:00:00,1895.43,1957.7,1887.0,1889.45,2005946.817,3854958468.3764
2022-08-17 08:00:00,1889.45,1902.0,1866.53,1875.9,1062911.85,2002089844.92641
2022-08-17 12:00:00,1875.89,1886.06,1818.01,1830.26,2231380.066,4116527976.26962
2022-08-17 16:00:00,1830.26,1869.5,1823.29,1837.4,1433458.366,2643796089.39353
2022-08-17 20:00:00,1837.39,1853.5,1823.44,1833.55,674743.142,1240113434.99135
2022-08-18 00:00:00,1833.55,1865.0,1820.11,1847.75,828989.627,1530766583.81802
2022-08-18 04:00:00,1847.75,1852.42,1835.28,1844.23,540915.244,997873689.065
2022-08-18 08:00:00,1844.23,1865.98,1833.34,1858.9,783737.69,1450536146.04462
2022-08-18 12:00:00,1858.9,1882.0,1848.41,1871.98,1563694.413,2916075482.22771
2022-08-18 16:00:00,1871.97,1878.6,1855.62,1869.38,917263.122,1712897539.70596
2022-08-18 20:00:00,1869.37,1879.34,1842.5,1845.86,695445.051,1293965830.80706
2022-08-19 00:00:00,1845.86,1847.65,1805.75,1816.94,1456221.018,2652192055.26056
2022-08-19 04:00:00,1816.95,1823.83,1710.0,1743.9,2043621.74,3611156342.10381
2022-08-19 08:00:00,1743.9,1743.97,1680.71,1706.84,2189523.651,3768719445.43629
2022-08-19 12:00:00,1706.83,1706.98,1672.2,1697.1,1677854.491,2842753467.44392
2022-08-19 16:00:00,1697.09,1725.97,1680.0,1700.43,1403977.169,2394946753.7132
2022-08-19 20:00:00,1700.43,1705.43,1601.85,1608.29,1936080.644,3182306611.32265
2022-08-20 00:00:00,1608.29,1639.45,1607.01,1626.91,1088447.008,1769014504.83017
2022-08-20 04:00:00,1626.91,1657.0,1624.13,1646.54,991754.677,1626595191.40548
2022-08-20 08:00:00,1646.54,1648.93,1613.67,1630.18,776407.438,1267487498.80437
2022-08-20 12:00:00,1630.18,1643.6,1623.0,1633.99,764410.175,1247097928.65931
2022-08-20 16:00:00,1634.0,1639.0,1551.09,1563.7,1965827.456,3134505237.02128
2022-08-20 20:00:00,1563.69,1588.0,1520.64,1574.93,1746946.77,2725756669.12785
2022-08-21 00:00:00,1574.92,1603.34,1572.2,1584.72,805754.449,1279041796.50519
2022-08-21 04:00:00,1584.73,1594.9,1560.0,1584.69,735602.663,1160987274.41117
2022-08-21 08:00:00,1584.68,1630.0,1583.97,1625.8,1407277.182,2265903503.82293
2022-08-21 12:00:00,1625.8,1639.91,1600.0,1620.29,1071398.341,1734786170.57612
2022-08-21 16:00:00,1620.29,1634.59,1609.33,1622.93,763845.331,1238675399.53991
2022-08-21 20:00:00,1622.94,1648.7,1578.66,1617.17,1518068.961,2453369799.68504
2022-08-22 00:00:00,1617.17,1621.43,1592.45,1593.93,850062.42,1364354563.73036
2022-08-22 04:00:00,1593.95,1609.89,1551.0,1556.26,1300539.764,2061024799.40965
2022-08-22 08:00:00,1556.23,1580.0,1528.0,1567.19,2161931.491,3360689328.40483
2022-08-22 12:00:00,1567.19,1594.6,1547.84,1588.77,2138525.525,3354316061.28882
2022-08-22 16:00:00,1588.76,1600.65,1548.24,1567.2,1137263.681,1786296693.36619
2022-08-22 20:00:00,1567.2,1629.0,1563.0,1624.02,1114518.965,1771832654.25023
2022-08-23 00:00:00,1624.02,1638.75,1606.39,1608.54,1097470.625,1782682417.14916
2022-08-23 04:00:00,1608.54,1617.15,1562.41,1601.37,1543961.652,2449491823.56327
2022-08-23 08:00:00,1601.37,1624.95,1586.85,1619.31,1649997.1,2651859164.51848
2022-08-23 12:00:00,1619.31,1653.2,1605.88,1639.55,2210130.717,3607063125.79776
2022-08-23 16:00:00,1639.54,1680.0,1624.0,1649.89,1291778.042,2126730925.03415
2022-08-23 20:00:00,1649.89,1671.7,1640.85,1664.19,739876.645,1224321430.61407
2022-08-24 00:00:00,1664.19,1665.31,1605.0,1613.63,1394081.224,2269983767.32692
2022-08-24 04:00:00,1613.62,1649.0,1609.55,1626.1,1255395.826,2048248135.81157
2022-08-24 08:00:00,1626.09,1654.2,1625.18,1650.24,945429.109,1548377915.40427
2022-08-24 12:00:00,1650.24,1688.0,1641.95,1682.78,1792982.364,2971680151.39565
2022-08-24 16:00:00,1682.77,1693.84,1662.87,1677.47,1076950.051,1806179604.33766
2022-08-24 20:00:00,1677.46,1685.99,1650.0,1655.71,780771.752,1302081969.42147
2022-08-25 00:00:00,1655.71,1687.02,1652.27,1668.98,854263.531,1427274499.52979
2022-08-25 04:00:00,1668.98,1712.56,1668.48,1707.86,1154167.232,1954734967.67727
2022-08-25 08:00:00,1707.87,1715.5,1692.7,1709.01,914824.262,1559500315.40516
2022-08-25 12:00:00,1709.01,1722.0,1687.0,1700.45,1611925.585,2748934885.35869
2022-08-25 16:00:00,1700.44,1712.85,1688.9,1706.51,790685.912,1345538999.72797
2022-08-25 20:00:00,1706.51,1712.0,1681.0,1694.16,577294.176,980139218.54282
2022-08-26 00:00:00,1694.15,1694.29,1670.04,1686.05,820572.909,1380755369.99285
2022-08-26 04:00:00,1686.05,1686.72,1639.94,1659.65,1179098.41,1959771584.71739
2022-08-26 08:00:00,1659.65,1666.61,1619.54,1628.41,1144150.5,1881080322.26216
2022-08-26 12:00:00,1628.41,1706.0,1585.0,1592.56,5231166.199,8626667349.17028
2022-08-26 16:00:00,1592.56,1598.99,1536.6,1558.8,2123680.977,3326163011.72578
2022-08-26 20:00:00,1558.8,1567.78,1485.0,1507.23,1531447.669,2343070369.03219
2022-08-27 00:00:00,1507.22,1517.4,1481.0,1500.98,1290359.994,1938781420.24856
2022-08-27 04:00:00,1500.98,1508.79,1468.0,1506.99,1167466.0,1740967094.00368
2022-08-27 08:00:00,1506.99,1511.38,1493.64,1504.33,847370.948,1273456126.62023
2022-08-27 12:00:00,1504.32,1508.0,1450.0,1469.06,1563122.521,2318726135.5797
2022-08-27 16:00:00,1469.05,1483.43,1443.4,1478.28,1484035.278,2176176595.70725
2022-08-27 20:00:00,1478.28,1498.88,1455.84,1490.0,930632.215,1377863047.58814
2022-08-28 00:00:00,1490.0,1510.0,1475.8,1490.1,824449.043,1230818803.09251
2022-08-28 04:00:00,1490.1,1501.74,1480.03,1495.94,579361.558,863341665.87665
2022-08-28 08:00:00,1495.94,1502.94,1473.0,1484.93,790090.49,1175494545.67768
2022-08-28 12:00:00,1484.93,1488.22,1458.25,1485.77,1117825.764,1648763934.10069
2022-08-28 16:00:00,1485.78,1496.53,1477.02,1482.25,839077.482,1247483874.36688
2022-08-28 20:00:00,1482.25,1491.43,1423.1,1426.3,1540468.17,2246756490.90677
2022-08-29 00:00:00,1426.29,1462.0,1420.59,1455.54,1599649.992,2300209817.07385
2022-08-29 04:00:00,1455.55,1461.18,1437.77,1453.7,866558.833,1257114260.16857
2022-08-29 08:00:00,1453.7,1455.6,1441.1,1448.39,767079.549,1110694412.68524
2022-08-29 12:00:00,1448.39,1530.0,1446.36,1520.78,3135622.996,4702224429.12838
2022-08-29 16:00:00,1520.77,1544.33,1518.31,1530.31,1622786.472,2485937850.81353
2022-08-29 20:00:00,1530.31,1559.79,1527.88,1550.67,1040971.181,1606667881.5247
2022-08-30 00:00:00,1550.66,1551.58,1523.0,1543.12,970369.178,1491775651.97763
2022-08-30 04:00:00,1543.13,1602.0,1542.07,1586.32,1860620.138,2937565101.24434
2022-08-30 08:00:00,1586.31,1605.0,1575.43,1583.96,1237573.768,1965770489.56865
2022-08-30 12:00:00,1583.96,1593.96,1509.0,1523.79,3325632.319,5137863818.2969
2022-08-30 16:00:00,1523.79,1567.58,1471.92,1542.59,3257451.862,4933302118.26639
2022-08-30 20:00:00,1542.58,1565.0,1515.02,1523.48,1597923.043,2460685240.2391
2022-08-31 00:00:00,1523.49,1621.29,1523.26,1605.78,2069435.561,3267114808.21977
2022-08-31 04:00:00,1605.79,1619.7,1576.12,1584.21,1636660.065,2614106012.29746
2022-08-31 08:00:00,1584.22,1608.0,1558.0,1594.24,2081985.137,3293850647.07697
2022-08-31 12:00:00,1594.24,1609.44,1535.0,1559.42,3066064.551,4831998868.41575
2022-08-31 16:00:00,1559.42,1588.0,1526.43,1574.68,2071143.227,3222868610.05404
2022-08-31 20:00:00,1574.67,1584.41,1541.64,1553.04,1011829.468,1582484673.59606
2022-09-01 00:00:00,1553.04,1573.82,1533.06,1548.83,1391361.617,2162332159.95894
2022-09-01 04:00:00,1548.82,1562.28,1530.24,1543.99,1025359.833,1586543695.1029
2022-09-01 08:00:00,1543.99,1585.24,1532.3,1576.82,1413218.169,2200200575.47519
2022-09-01 12:00:00,1576.82,1580.82,1505.0,1535.32,2803752.449,4335226297.71891
2022-09-01 16:00:00,1535.32,1572.0,1521.25,1563.81,1511260.942,2342976512.49603
2022-09-01 20:00:00,1563.81,1599.0,1561.02,1585.4,975031.932,1543209381.87962
2022-09-02 00:00:00,1585.4,1606.0,1566.66,1595.05,1060671.05,1682139379.01772
2022-09-02 04:00:00,1595.04,1611.06,1577.28,1593.28,850719.458,1353730492.78486
2022-09-02 08:00:00,1593.29,1602.59,1581.33,1592.5,734051.614,1167026040.72591
2022-09-02 12:00:00,1592.49,1649.64,1582.15,1635.28,3063944.893,4978376286.40351
2022-09-02 16:00:00,1635.27,1638.54,1545.0,1560.32,2596847.242,4123288509.72467
2022-09-02 20:00:00,1560.34,1585.56,1549.22,1574.49,838205.108,1316283440.41714
2022-09-03 00:00:00,1574.49,1582.02,1553.73,1560.58,649104.185,1017515793.61116
2022-09-03 04:00:00,1560.58,1572.28,1532.6,1542.97,758020.448,1178938065.99951
2022-09-03 08:00:00,1542.98,1558.6,1538.67,1547.87,778009.523,1204652503.25238
2022-09-03 12:00:00,1547.86,1565.49,1542.03,1547.77,722747.726,1122097266.39684
2022-09-03 16:00:00,1547.76,1563.75,1534.51,1548.53,704758.266,1092219295.50637
2022-09-03 20:00:00,1548.52,1560.0,1545.77,1556.41,325305.957,505148312.34196
2022-09-04 00:00:00,1556.42,1561.0,1546.11,1551.25,325425.671,505755561.3742
2022-09-04 04:00:00,1551.26,1556.0,1542.0,1544.65,357598.912,554046077.10501
2022-09-04 08:00:00,1544.65,1563.99,1539.7,1563.98,624531.814,969713481.85703
2022-09-04 12:00:00,1563.99,1584.0,1543.62,1559.62,1383204.456,2157467601.43493
2022-09-04 16:00:00,1559.63,1576.42,1554.77,1566.46,676692.113,1059740580.83429
2022-09-04 20:00:00,1566.45,1586.0,1561.95,1578.14,601949.081,946312526.60958
2022-09-05 00:00:00,1578.14,1594.39,1568.01,1574.62,794040.29,1252114080.40046
2022-09-05 04:00:00,1574.61,1579.55,1555.72,1561.78,793334.392,1241325655.23142
2022-09-05 08:00:00,1561.79,1568.7,1556.54,1565.99,658027.563,1028614714.57099
2022-09-05 12:00:00,1565.99,1605.2,1561.56,1599.63,1536642.186,2435641266.1593
2022-09-05 16:00:00,1599.63,1609.32,1575.3,1584.92,1147521.453,1827127202.87968
2022-09-05 20:00:00,1584.92,1631.6,1584.21,1616.92,881044.373,1414450136.42093
2022-09-06 00:00:00,1616.93,1675.4,1614.09,1639.38,2251795.594,3703496179.51379
2022-09-06 04:00:00,1639.39,1677.61,1635.76,1658.09,1297183.868,2148038036.38762
2022-09-06 08:00:00,1658.09,1679.0,1645.25,1667.14,1082127.201,1797576236.72494
2022-09-06 12:00:00,1667.15,1686.75,1635.0,1668.69,2244506.565,3727304375.98343
2022-09-06 16:00:00,1668.69,1674.0,1563.6,1575.82,3099698.402,4965900123.11877
2022-09-06 20:00:00,1575.83,1588.0,1551.7,1558.23,1101190.6,1730861479.51517
2022-09-07 00:00:00,1558.23,1567.14,1486.16,1509.2,1855670.6,2823586191.47723
2022-09-07 04:00:00,1509.19,1526.34,1498.49,1516.69,959212.442,1451127800.62545
2022-09-07 08:00:00,1516.68,1523.93,1502.78,1512.98,726727.974,1100607436.51638
2022-09-07 12:00:00,1512.97,1550.0,1498.01,1542.89,1790399.471,2743696855.57846
2022-09-07 16:00:00,1542.89,1579.68,1535.0,1569.08,1412370.516,2205797964.2487
2022-09-07 20:00:00,1569.08,1657.6,1567.81,1629.35,2350126.326,3833273078.20989
2022-09-08 00:00:00,1629.36,1636.62,1612.86,1628.81,795746.35,1292939240.71859
2022-09-08 04:00:00,1628.81,1646.94,1594.0,1612.87,1215913.157,1972310410.44845
2022-09-08 08:00:00,1612.86,1643.91,1605.68,1634.81,1036122.742,1684535668.9991
2022-09-08 12:00:00,1634.82,1654.55,1597.0,1628.6,2952425.515,4807989476.37257
2022-09-08 16:00:00,1628.6,1650.0,1607.1,1649.03,1375936.729,2237800697.7743
2022-09-08 20:00:00,1649.03,1666.0,1625.0,1634.22,734908.021,1207454001.27122
2022-09-09 00:00:00,1634.23,1680.0,1629.25,1671.77,960161.08,1585122700.01749
2022-09-09 04:00:00,1671.78,1718.0,1668.41,1704.27,1897602.484,3221813490.68482
2022-09-09 08:00:00,1704.26,1715.0,1684.0,1699.33,1247903.978,2120324022.4685
2022-09-09 12:00:00,1699.34,1746.3,1697.84,1718.22,1825340.25,3144753622.04744
2022-09-09 16:00:00,1718.23,1727.14,1694.5,1719.26,1060066.473,1811920515.31213
2022-09-09 20:00:00,1719.25,1732.62,1705.82,1717.48,600790.655,1032117684.33192
2022-09-10 00:00:00,1717.49,1743.52,1705.0,1732.09,667468.014,1151294403.26721
2022-09-10 04:00:00,1732.1,1745.0,1705.0,1710.0,667154.863,1152745671.53239
2022-09-10 08:00:00,1709.99,1727.58,1708.3,1722.44,425968.664,732340151.70206
2022-09-10 12:00:00,1722.45,1733.2,1711.2,1714.5,581159.52,999364398.55813
2022-09-10 16:00:00,1714.5,1743.66,1708.0,1739.48,665180.515,1149169812.12606
2022-09-10 20:00:00,1739.48,1788.98,1727.27,1773.05,1227326.712,2163622398.93164
2022-09-11 00:00:00,1773.04,1778.22,1755.06,1759.54,583640.588,1030871369.5306
2022-09-11 04:00:00,1759.54,1767.5,1741.9,1760.49,548973.13,964067200.63081
2022-09-11 08:00:00,1760.5,1780.0,1756.0,1768.69,502955.608,888143307.88969
2022-09-11 12:00:00,1768.69,1778.72,1751.86,1767.36,650066.309,1147818305.74213
2022-09-11 16:00:00,1767.36,1787.88,1753.33,1761.9,637386.73,1128377139.86877
2022-09-11 20:00:00,1761.89,1766.66,1718.02,1765.01,986472.936,1724749234.26214
2022-09-12 00:00:00,1765.0,1783.43,1708.01,1725.5,1689647.127,2948912479.91152
2022-09-12 04:00:00,1725.51,1759.98,1716.0,1756.85,778168.458,1350351996.19995
2022-09-12 08:00:00,1756.86,1765.0,1727.89,1747.39,1057083.673,1847704021.2088
2022-09-12 12:00:00,1747.39,1753.81,1694.01,1704.9,1357057.989,2350364374.79621
2022-09-12 16:00:00,1704.9,1732.38,1691.28,1724.56,1046819.562,1793405793.25628
2022-09-12 20:00:00,1724.56,1729.84,1700.11,1715.14,584141.58,1000473548.59893
2022-09-13 00:00:00,1715.15,1717.14,1672.79,1714.17,1060764.626,1795409881.97739
2022-09-13 04:00:00,1714.18,1729.73,1697.4,1714.58,806797.43,1382493854.09556
2022-09-13 08:00:00,1714.58,1746.38,1706.45,1736.14,811134.991,1401415152.50033
2022-09-13 12:00:00,1736.14,1762.88,1573.5,1592.35,3991777.902,6517348818.28517
2022-09-13 16:00:00,1592.35,1626.8,1565.0,1602.35,1742737.402,2785633967.45431
2022-09-13 20:00:00,1602.36,1621.9,1556.78,1571.9,1247649.07,1983567738.41791
2022-09-14 00:00:00,1571.91,1605.78,1548.0,1597.78,1124756.454,1775157991.55992
2022-09-14 04:00:00,1597.79,1619.0,1592.09,1610.07,816835.217,1313978114.75477
2022-09-14 08:00:00,1610.06,1610.15,1578.0,1591.25,896689.697,1430445859.66098
2022-09-14 12:00:00,1591.26,1609.36,1581.3,1592.8,1233261.792,1967422402.79203
2022-09-14 16:00:00,1592.8,1596.96,1551.0,1594.0,1375725.372,2172826572.18301
2022-09-14 20:00:00,1594.0,1642.24,1585.98,1635.39,1044397.425,1691256103.86287
2022-09-15 00:00:00,1635.4,1641.22,1570.0,1593.85,1558466.454,2501763583.91763
2022-09-15 04:00:00,1593.86,1657.8,1565.5,1641.01,3363340.035,5414493561.8799
2022-09-15 08:00:00,1641.0,1641.0,1573.02,1590.66,1675234.794,2679699405.87941
2022-09-15 12:00:00,1590.66,1599.7,1455.0,1491.78,3664814.801,5583593348.28282
2022-09-15 16:00:00,1491.78,1516.87,1482.07,1496.65,1375075.27,2063256248.43044
2022-09-15 20:00:00,1496.66,1509.03,1457.82,1471.93,1069227.574,1581893050.09296
2022-09-16 00:00:00,1471.94,1482.65,1445.0,1472.61,1153266.244,1690950225.60032
2022-09-16 04:00:00,1472.61,1479.48,1466.05,1470.66,518548.267,763716817.29729
2022-09-16 08:00:00,1470.66,1482.09,1440.52,1477.63,1147473.611,1677655989.77737
2022-09-16 12:00:00,1477.63,1478.05,1423.0,1451.69,2489176.555,3604099137.66586
2022-09-16 16:00:00,1451.69,1451.69,1403.0,1427.03,2200811.06,3136188225.02138
2022-09-16 20:00:00,1427.02,1448.0,1422.35,1433.58,627179.347,899872244.10454
2022-09-17 00:00:00,1433.58,1455.99,1430.08,1439.83,611913.579,882887005.76471
2022-09-17 04:00:00,1439.83,1447.79,1424.19,1431.82,556432.962,797848030.5292
2022-09-17 08:00:00,1431.81,1434.61,1415.0,1419.13,514885.504,734606603.64221
2022-09-17 12:00:00,1419.12,1450.0,1408.15,1443.35,969024.571,1384957504.67349
2022-09-17 16:00:00,1443.36,1475.15,1441.17,1463.7,1168971.851,1711288584.92533
2022-09-17 20:00:00,1463.7,1472.65,1445.34,1467.96,545766.132,796850886.98279
2022-09-18 00:00:00,1467.96,1469.0,1445.51,1451.31,561774.127,816281722.97231
2022-09-18 04:00:00,1451.31,1459.63,1448.22,1452.73,320633.255,466236177.40501
2022-09-18 08:00:00,1452.73,1458.54,1416.01,1433.43,1065666.17,1528382708.45396
2022-09-18 12:00:00,1433.42,1439.26,1409.0,1416.56,1067176.178,1519715593.10099
2022-09-18 16:00:00,1416.57,1423.92,1365.58,1379.86,2227746.482,3091616284.65338
2022-09-18 20:00:00,1379.85,1380.73,1320.0,1333.67,1896286.017,2545118598.53076
2022-09-19 00:00:00,1333.68,1353.81,1283.28,1293.68,1841183.691,2421478181.9245
2022-09-19 04:00:00,1293.67,1312.88,1276.62,1301.47,1475226.314,1912381939.7162
2022-09-19 08:00:00,1301.47,1320.0,1288.36,1307.13,1308473.259,1706103299.1221
2022-09-19 12:00:00,1307.13,1372.0,1305.81,1341.03,2881643.137,3866090463.80161
2022-09-19 16:00:00,1341.03,1367.16,1321.19,1361.46,1608145.568,2159424674.69416
2022-09-19 20:00:00,1361.46,1394.0,1355.4,1375.05,1163657.892,1600531706.62425
2022-09-20 00:00:00,1375.05,1384.53,1341.34,1354.08,978844.542,1332500302.75726
2022-09-20 04:00:00,1354.08,1378.4,1349.96,1357.66,929216.497,1264432366.48126
2022-09-20 08:00:00,1357.66,1366.4,1343.2,1355.51,920659.91,1247695931.10389
2022-09-20 12:00:00,1355.52,1381.8,1328.76,1376.48,2206799.978,2975843764.46643
2022-09-20 16:00:00,1376.48,1383.5,1330.62,1351.2,1842935.716,2490327828.74729
2022-09-20 20:00:00,1351.21,1355.9,1311.0,1322.08,972457.84,1293351434.08585
2022-09-21 00:00:00,1322.09,1345.2,1316.58,1336.46,685954.59,914000749.1809
2022-09-21 04:00:00,1336.46,1344.33,1315.02,1331.07,903436.815,1201119762.32372
2022-09-21 08:00:00,1331.07,1353.22,1322.22,1349.84,823498.607,1102208489.47339
2022-09-21 12:00:00,1349.84,1360.0,1333.0,1342.27,1254435.957,1690434418.2549
2022-09-21 16:00:00,1342.27,1420.0,1285.0,1322.59,4817482.517,6508765277.60542
2022-09-21 20:00:00,1322.58,1326.52,1218.0,1244.19,2759545.973,3491236285.92057
2022-09-22 00:00:00,1244.2,1270.0,1235.6,1261.99,1097481.178,1374401041.09063
2022-09-22 04:00:00,1262.0,1279.63,1253.22,1277.3,955933.822,1210738353.29375
2022-09-22 08:00:00,1277.31,1312.5,1274.98,1307.59,1558114.566,2013402190.42308
2022-09-22 12:00:00,1307.59,1313.0,1254.5,1270.49,2528212.39,3241146925.75215
2022-09-22 16:00:00,1270.5,1336.54,1251.0,1323.27,2397405.565,3096743232.61615
2022-09-22 20:00:00,1323.28,1349.84,1306.03,1325.73,1311022.373,1737950488.53043
2022-09-23 00:00:00,1325.73,1344.95,1313.51,1339.79,1056153.533,1404662231.43967
2022-09-23 04:00:00,1339.79,1359.22,1328.0,1331.38,1097706.296,1474530635.08179
2022-09-23 08:00:00,1331.39,1335.11,1281.31,1287.16,1839549.522,2400960361.69326
2022-09-23 12:00:00,1287.16,1318.59,1260.75,1293.18,3282964.378,4237832139.95902
2022-09-23 16:00:00,1293.19,1306.99,1272.69,1291.4,2359902.325,3042157996.66618
2022-09-23 20:00:00,1291.5,1339.44,1291.37,1326.62,1239606.135,1635604872.82876
2022-09-24 00:00:00,1326.62,1329.63,1310.54,1320.92,747034.803,986154545.19202
2022-09-24 04:00:00,1320.92,1337.2,1316.0,1321.87,643694.305,853212706.76213
2022-09-24 08:00:00,1321.87,1332.58,1316.28,1326.21,599969.489,795261673.97859
2022-09-24 12:00:00,1326.21,1348.84,1325.16,1339.46,1077426.961,1442342755.03927
2022-09-24 16:00:00,1339.46,1347.96,1332.9,1341.51,631836.835,847067955.61691
2022-09-24 20:00:00,1341.51,1343.38,1305.36,1316.19,903451.475,1193097836.39069
2022-09-25 00:00:00,1316.18,1329.0,1313.46,1328.58,506497.452,669025901.07378
2022-09-25 04:00:00,1328.58,1336.92,1318.43,1332.02,482470.536,640450914.50396
2022-09-25 08:00:00,1332.02,1333.85,1315.68,1328.55,507444.401,672974864.13889
2022-09-25 12:00:00,1328.56,1330.91,1296.51,1309.98,1112869.971,1458447453.61208
2022-09-25 16:00:00,1309.99,1320.46,1280.1,1298.76,1158394.849,1501572962.03557
2022-09-25 20:00:00,1298.77,1302.7,1268.19,1293.99,1071488.826,1380845878.05339
2022-09-26 00:00:00,1293.98,1314.18,1286.0,1302.42,1106373.227,1439746074.85438
2022-09-26 04:00:00,1302.43,1305.8,1277.55,1294.8,1109346.486,1431923465.44613
2022-09-26 08:00:00,1294.8,1324.61,1288.16,1296.57,1625991.929,2127188838.05754
2022-09-26 12:00:00,1296.56,1337.97,1293.0,1324.28,2230774.301,2945726585.05268
2022-09-26 16:00:00,1324.28,1340.0,1310.77,1329.62,1358382.988,1800756604.38554
2022-09-26 20:00:00,1329.62,1337.0,1314.37,1335.25,674122.657,893981947.66185
2022-09-27 00:00:00,1335.25,1389.47,1331.23,1384.87,1845946.202,2517969208.38779
2022-09-27 04:00:00,1384.86,1394.0,1374.51,1381.64,946656.69,1309984254.2098
2022-09-27 08:00:00,1381.64,1400.0,1374.87,1388.06,904124.709,1252864503.9882
2022-09-27 12:00:00,1388.07,1399.68,1364.0,1364.76,1928568.054,2671945306.43967
2022-09-27 16:00:00,1364.75,1367.46,1303.02,1323.75,3342441.751,4439553587.83282
2022-09-27 20:00:00,1323.76,1334.9,1316.08,1327.19,718469.521,951584327.84647
2022-09-28 00:00:00,1327.2,1339.96,1266.0,1286.31,1953644.116,2534579894.64712
2022-09-28 04:00:00,1286.31,1293.13,1265.56,1284.71,1139148.912,1458443155.20514
2022-09-28 08:00:00,1284.7,1312.5,1250.0,1294.63,2408155.604,3096455485.32571
2022-09-28 12:00:00,1294.63,1332.71,1292.66,1331.25,2414177.509,3172140250.50027
2022-09-28 16:00:00,1331.25,1343.77,1310.43,1333.29,1705117.846,2264095689.66797
2022-09-28 20:00:00,1333.32,1355.76,1332.1,1336.43,988493.302,1328427999.97864
2022-09-29 00:00:00,1336.43,1351.93,1326.7,1341.46,905841.422,1212604806.42749
2022-09-29 04:00:00,1341.47,1345.47,1312.65,1320.9,1190951.259,1579697638.65774
2022-09-29 08:00:00,1320.91,1345.26,1313.0,1335.82,1187922.922,1582052444.32712
2022-09-29 12:00:00,1335.83,1337.0,1287.24,1326.37,3316486.446,4357591874.55014
2022-09-29 16:00:00,1326.37,1348.27,1313.66,1332.55,1821795.777,2426723258.36768
2022-09-29 20:00:00,1332.5,1340.2,1323.22,1334.8,550403.878,733462421.23225
2022-09-30 00:00:00,1334.8,1352.99,1318.75,1327.0,1100772.025,1466962850.46672
2022-09-30 04:00:00,1326.99,1346.22,1325.22,1339.67,708924.303,946487364.30405
2022-09-30 08:00:00,1339.67,1348.98,1323.61,1330.09,906090.312,1212844839.84306
2022-09-30 12:00:00,1330.08,1373.34,1307.53,1350.61,3311178.213,4439293283.23323
2022-09-30 16:00:00,1350.61,1361.55,1331.24,1337.0,1519058.244,2048330651.16009
2022-09-30 20:00:00,1337.07,1344.19,1315.43,1327.78,964599.545,1280419410.67861
2022-10-01 00:00:00,1327.78,1333.38,1323.39,1329.12,355742.2,472638014.66431
2022-10-01 04:00:00,1329.12,1330.95,1322.36,1328.17,355729.485,472254791.22262
2022-10-01 08:00:00,1328.16,1332.5,1316.0,1324.52,477144.038,632514782.11395
2022-10-01 12:00:00,1324.53,1329.9,1318.93,1322.05,473232.767,626557041.64347
2022-10-01 16:00:00,1322.05,1323.71,1302.0,1311.06,750577.13,984542353.68958
2022-10-01 20:00:00,1311.06,1315.6,1301.0,1311.31,351273.531,459856852.44587
2022-10-02 00:00:00,1311.32,1315.68,1304.17,1308.9,352016.52,460855328.00853
2022-10-02 04:00:00,1308.9,1317.7,1307.0,1310.5,512307.589,672351904.68997
2022-10-02 08:00:00,1310.49,1312.34,1284.5,1297.2,959364.252,1244200097.50907
2022-10-02 12:00:00,1297.2,1300.78,1285.0,1292.88,636877.464,824011203.19222
2022-10-02 16:00:00,1292.87,1313.6,1290.48,1304.09,625699.569,813784260.27376
2022-10-02 20:00:00,1304.1,1306.98,1266.66,1275.96,1053788.455,1356282846.49654
2022-10-03 00:00:00,1275.95,1300.0,1260.48,1291.03,985554.531,1266901773.31866
2022-10-03 04:00:00,1291.02,1301.64,1283.45,1291.39,739729.932,955241613.11544
2022-10-03 08:00:00,1291.39,1298.85,1285.44,1298.35,557275.934,720178316.47948
2022-10-03 12:00:00,1298.34,1327.56,1293.6,1318.19,2025399.617,2654014328.96823
2022-10-03 16:00:00,1318.18,1329.0,1308.49,1317.35,983762.683,1298163031.3766
2022-10-03 20:00:00,1317.35,1327.56,1313.97,1322.59,506899.553,669183300.71691
2022-10-04 00:00:00,1322.58,1330.45,1318.06,1328.43,474422.896,628101534.20133
2022-10-04 04:00:00,1328.43,1349.9,1323.87,1349.59,1148877.425,1536680251.37737
2022-10-04 08:00:00,1349.59,1359.8,1341.51,1349.11,1154611.316,1558676445.41978
2022-10-04 12:00:00,1349.11,1366.0,1344.82,1353.41,1215890.802,1644437259.58406
2022-10-04 16:00:00,1353.41,1357.2,1337.42,1354.28,814383.842,1097619374.27135
2022-10-04 20:00:00,1354.3,1370.0,1350.52,1360.73,728630.837,990687527.596
2022-10-05 00:00:00,1360.73,1362.79,1351.7,1353.28,437202.735,592846273.37273
2022-10-05 04:00:00,1353.29,1358.0,1348.0,1352.49,422342.749,571329143.87716
2022-10-05 08:00:00,1352.49,1353.05,1330.38,1334.5,928288.941,1245368736.27552
2022-10-05 12:00:00,1334.5,1336.2,1315.27,1329.82,1441429.266,1909877890.14106
2022-10-05 16:00:00,1329.82,1364.75,1326.57,1350.07,1708041.174,2303356577.00606
2022-10-05 20:00:00,1350.06,1357.27,1344.26,1351.61,518869.759,700499171.31085
2022-10-06 00:00:00,1351.6,1383.29,1350.82,1372.05,1263975.398,1733075843.20352
2022-10-06 04:00:00,1372.05,1382.0,1361.26,1367.73,910560.221,1247282231.34814
2022-10-06 08:00:00,1367.72,1369.93,1354.0,1367.98,885718.007,1204682838.92952
2022-10-06 12:00:00,1367.98,1380.0,1348.0,1360.71,2407584.295,3283893899.14888
2022-10-06 16:00:00,1360.71,1372.08,1352.7,1358.17,1045516.015,1423680683.62607
2022-10-06 20:00:00,1358.18,1363.39,1344.0,1351.5,588243.639,796243599.9685
2022-10-07 00:00:00,1351.5,1361.21,1349.58,1354.46,447713.971,606905311.75851
2022-10-07 04:00:00,1354.47,1358.47,1345.2,1355.31,556363.723,752602004.26822
2022-10-07 08:00:00,1355.31,1360.65,1351.37,1354.09,473549.913,642096482.80199
2022-10-07 12:00:00,1354.09,1359.0,1323.68,1333.47,2255497.972,3013915081.51579
2022-10-07 16:00:00,1333.47,1336.6,1316.22,1327.03,974592.302,1290981374.55081
2022-10-07 20:00:00,1327.03,1335.96,1324.15,1330.41,411508.449,547835789.9903
2022-10-08 00:00:00,1330.42,1337.19,1329.28,1330.57,259217.343,345493834.21049
2022-10-08 04:00:00,1330.56,1333.0,1325.08,1329.84,295638.924,392870971.61433
2022-10-08 08:00:00,1329.84,1330.09,1322.74,1329.12,269947.502,358316946.66621
2022-10-08 12:00:00,1329.13,1329.67,1317.18,1323.78,391423.731,518277705.4252
2022-10-08 16:00:00,1323.77,1329.95,1321.5,1324.01,314277.145,416610747.82575
2022-10-08 20:00:00,1324.01,1326.36,1302.0,1314.74,652483.426,855954772.06081
2022-10-09 00:00:00,1314.75,1316.0,1306.41,1310.23,324422.892,425249229.17003
2022-10-09 04:00:00,1310.23,1317.48,1307.91,1314.21,287806.895,378083528.16185
2022-10-09 08:00:00,1314.22,1327.61,1312.6,1322.34,496883.565,655932420.64454
2022-10-09 12:00:00,1322.33,1328.72,1320.17,1325.67,390284.05,516944319.73651
2022-10-09 16:00:00,1325.67,1327.0,1308.6,1319.14,434034.909,572862576.00487
2022-10-09 20:00:00,1319.13,1323.21,1313.37,1322.61,369776.268,487555400.74985
2022-10-10 00:00:00,1322.6,1337.93,1319.76,1322.63,660730.843,877631208.83829
2022-10-10 04:00:00,1322.63,1324.99,1311.25,1316.21,488435.146,643810814.73558
2022-10-10 08:00:00,1316.23,1317.36,1295.1,1314.08,1139077.725,1489332230.50966
2022-10-10 12:00:00,1314.09,1319.19,1302.74,1307.82,1070739.411,1403880436.70904
2022-10-10 16:00:00,1307.82,1314.78,1298.0,1307.06,940272.66,1227884058.42808
2022-10-10 20:00:00,1307.05,1309.73,1284.38,1289.56,668948.176,866442817.02246
2022-10-11 00:00:00,1289.57,1289.58,1265.0,1277.65,1115669.137,1424081808.9238
2022-10-11 04:00:00,1277.65,1283.77,1271.2,1283.26,599689.041,766354194.28817
2022-10-11 08:00:00,1283.25,1288.45,1277.17,1286.33,583631.067,748871204.07042
2022-10-11 12:00:00,1286.34,1297.43,1267.74,1292.81,1747374.294,2243352985.24381
2022-10-11 16:00:00,1292.82,1297.7,1275.0,1281.96,1047398.043,1347763001.62795
2022-10-11 20:00:00,1281.95,1286.88,1272.25,1279.68,420821.467,538443441.55764
2022-10-12 00:00:00,1279.67,1288.6,1274.35,1283.11,528203.895,677604041.57994
2022-10-12 04:00:00,1283.11,1301.28,1282.51,1293.59,748500.478,967950808.99348
2022-10-12 08:00:00,1293.58,1306.6,1292.01,1296.97,749219.334,973645793.05403
2022-10-12 12:00:00,1296.97,1305.5,1283.06,1298.69,1403094.737,1817926598.84828
2022-10-12 16:00:00,1298.69,1300.92,1286.7,1296.46,678485.477,878569014.9588
2022-10-12 20:00:00,1296.45,1302.47,1291.98,1294.02,297665.35,386126800.28815
2022-10-13 00:00:00,1294.02,1298.72,1281.55,1286.01,572895.343,738794534.58679
2022-10-13 04:00:00,1286.01,1289.0,1271.0,1276.75,835782.581,1070494473.26354
2022-10-13 08:00:00,1276.72,1280.26,1218.0,1242.27,2237008.255,2794334727.72963
2022-10-13 12:00:00,1242.26,1284.0,1176.0,1256.22,4209979.781,5163598504.12926
2022-10-13 16:00:00,1256.22,1294.49,1250.34,1286.37,2000936.377,2547844797.33269
2022-10-13 20:00:00,1286.36,1301.0,1285.0,1286.38,666962.3,862496590.76885
2022-10-14 00:00:00,1286.38,1343.36,1282.74,1329.28,1624516.56,2144658778.46437
2022-10-14 04:00:00,1329.28,1331.74,1315.63,1321.18,756440.407,1001874936.41549
2022-10-14 08:00:00,1321.19,1336.93,1316.22,1325.56,902901.883,1197271513.02623
2022-10-14 12:00:00,1325.57,1343.0,1304.06,1309.77,2162949.497,2863492839.32269
2022-10-14 16:00:00,1309.77,1312.76,1292.95,1298.03,1269448.243,1653172287.92789
2022-10-14 20:00:00,1298.03,1303.7,1287.01,1295.35,455443.096,590116647.87389
2022-10-15 00:00:00,1295.34,1301.32,1292.64,1299.57,321960.81,417697023.84073
2022-10-15 04:00:00,1299.57,1300.48,1289.74,1294.27,376802.759,487707601.00627
2022-10-15 08:00:00,1294.26,1294.4,1276.02,1286.91,818062.13,1049462309.45895
2022-10-15 12:00:00,1286.92,1291.4,1278.06,1285.39,536049.948,689078077.93227
2022-10-15 16:00:00,1285.4,1289.58,1277.8,1281.93,350673.264,450045365.90864
2022-10-15 20:00:00,1281.93,1283.29,1262.12,1274.13,646273.199,823059966.19296
2022-10-16 00:00:00,1274.12,1287.0,1273.98,1283.0,379922.843,486550746.2223
2022-10-16 04:00:00,1283.0,1288.78,1280.36,1282.5,333416.606,428022145.51199
2022-10-16 08:00:00,1282.5,1289.9,1278.2,1283.55,467787.181,600865285.72545
2022-10-16 12:00:00,1283.55,1287.48,1278.24,1285.5,417451.251,535655573.96128
2022-10-16 16:00:00,1285.51,1309.52,1280.85,1307.32,622155.132,804314187.60273
2022-10-16 20:00:00,1307.32,1315.0,1290.06,1305.51,1062119.843,1386796307.12532
2022-10-17 00:00:00,1305.52,1307.85,1295.0,1301.11,543520.145,706831505.70636
2022-10-17 04:00:00,1301.1,1314.0,1298.03,1311.47,625811.989,818123533.17106
2022-10-17 08:00:00,1311.48,1325.45,1306.66,1317.03,975562.113,1284755117.0578
2022-10-17 12:00:00,1317.03,1337.48,1312.89,1328.53,1554072.623,2063172029.74705
2022-10-17 16:00:00,1328.53,1330.74,1314.02,1325.03,803745.462,1061871799.16106
2022-10-17 20:00:00,1325.04,1338.16,1323.22,1330.62,651994.558,867420612.88924
2022-10-18 00:00:00,1330.62,1342.0,1326.71,1332.77,730760.847,974921510.79135
2022-10-18 04:00:00,1332.77,1340.0,1329.58,1336.2,684869.521,913837255.61134
2022-10-18 08:00:00,1336.21,1336.96,1317.47,1325.04,897117.491,1188789214.45337
2022-10-18 12:00:00,1325.03,1333.98,1297.7,1306.79,1998526.789,2630093972.11296
2022-10-18 16:00:00,1306.78,1311.77,1285.11,1300.18,1295866.532,1683914151.21949
2022-10-18 20:00:00,1300.18,1320.0,1298.04,1309.93,899129.211,1177797570.63026
2022-10-19 00:00:00,1309.93,1312.78,1297.0,1304.44,511725.992,667653184.18808
2022-10-19 04:00:00,1304.43,1305.89,1292.0,1299.11,635069.675,824773525.49953
2022-10-19 08:00:00,1299.1,1307.43,1293.15,1299.92,722610.183,939324021.91675
2022-10-19 12:00:00,1299.93,1308.39,1288.78,1304.06,1205911.502,1565716145.80613
2022-10-19 16:00:00,1304.07,1305.0,1291.61,1296.39,609871.264,790446463.01132
2022-10-19 20:00:00,1296.38,1298.5,1275.56,1284.45,704050.22,906717093.00153
2022-10-20 00:00:00,1284.45,1287.76,1270.0,1279.53,718646.511,918610824.22637
2022-10-20 04:00:00,1279.53,1295.47,1279.23,1291.83,687525.646,886702393.77227
2022-10-20 08:00:00,1291.84,1302.25,1288.67,1299.01,683398.701,885571002.83892
2022-10-20 12:00:00,1299.02,1310.0,1290.09,1299.04,1379190.588,1792623711.97818
2022-10-20 16:00:00,1299.03,1299.11,1277.0,1284.04,1238492.597,1593883104.1118
2022-10-20 20:00:00,1284.03,1287.5,1270.88,1282.2,587708.943,752486521.54178
2022-10-21 00:00:00,1282.19,1291.94,1278.11,1286.96,526700.455,677094032.4833
2022-10-21 04:00:00,1286.96,1290.57,1282.0,1284.16,437202.639,562558457.93707
2022-10-21 08:00:00,1284.16,1284.77,1272.0,1274.92,804434.447,1028504555.93102
2022-10-21 12:00:00,1274.93,1297.5,1248.0,1296.99,2777288.025,3540212044.24073
2022-10-21 16:00:00,1297.0,1305.6,1293.52,1302.84,1171516.667,1521194286.30901
2022-10-21 20:00:00,1302.84,1307.0,1296.6,1299.08,313055.819,407392393.65944
2022-10-22 00:00:00,1299.08,1304.2,1293.67,1298.26,301444.632,391380268.07047
2022-10-22 04:00:00,1298.26,1300.29,1294.0,1299.03,229935.54,298329746.27015
2022-10-22 08:00:00,1299.04,1307.74,1298.86,1305.12,401018.86,522361504.79443
2022-10-22 12:00:00,1305.13,1318.33,1302.23,1315.58,839824.398,1101222232.30401
2022-10-22 16:00:00,1315.58,1320.0,1305.8,1313.57,480905.171,631113524.85311
2022-10-22 20:00:00,1313.58,1317.5,1311.31,1313.19,233510.161,306962910.54611
2022-10-23 00:00:00,1313.18,1314.38,1306.11,1312.75,273513.803,358467866.3372
2022-10-23 04:00:00,1312.74,1314.33,1306.14,1308.87,239316.104,313321778.60471
2022-10-23 08:00:00,1308.87,1311.5,1298.45,1303.59,388727.109,507549024.91619
2022-10-23 12:00:00,1303.59,1316.46,1298.22,1313.23,540096.16,706795372.89379
2022-10-23 16:00:00,1313.23,1335.0,1310.61,1330.17,912682.302,1209623354.53903
2022-10-23 20:00:00,1330.17,1371.0,1328.1,1363.44,1328386.821,1796768775.3346
2022-10-24 00:00:00,1363.43,1370.4,1343.37,1347.54,902918.031,1224955342.01754
2022-10-24 04:00:00,1347.55,1347.73,1331.79,1336.24,890136.321,1193399732.74582
2022-10-24 08:00:00,1336.24,1353.98,1331.63,1352.49,849874.12,1142488304.80492
2022-10-24 12:00:00,1352.5,1353.28,1322.25,1340.84,1676814.244,2244584921.92707
2022-10-24 16:00:00,1340.83,1352.82,1330.01,1344.1,672141.032,900960509.68624
2022-10-24 20:00:00,1344.09,1359.6,1340.09,1342.72,510391.258,688079594.87055
2022-10-25 00:00:00,1342.73,1348.99,1334.16,1347.06,504654.843,676934588.42911
2022-10-25 04:00:00,1347.06,1351.41,1343.0,1346.49,451157.329,607896479.80646
2022-10-25 08:00:00,1346.5,1349.61,1338.33,1346.67,530903.705,713776196.50983
2022-10-25 12:00:00,1346.68,1418.0,1345.61,1407.52,3692175.328,5104248202.73035
2022-10-25 16:00:00,1407.53,1533.68,1403.71,1492.97,4511461.422,6626346710.47155
2022-10-25 20:00:00,1492.98,1494.8,1444.56,1459.2,1783232.55,2615038052.13573
2022-10-26 00:00:00,1459.19,1499.0,1456.69,1486.0,1047930.912,1549202872.45866
2022-10-26 04:00:00,1486.0,1522.2,1475.0,1514.77,1351844.778,2022932814.78449
2022-10-26 08:00:00,1514.72,1558.0,1508.0,1528.13,2078838.861,3186805788.76001
2022-10-26 12:00:00,1528.13,1595.0,1508.19,1566.95,3556960.157,5527277329.4549
2022-10-26 16:00:00,1566.95,1571.85,1540.28,1563.96,1545522.671,2405482560.7233
2022-10-26 20:00:00,1563.93,1584.98,1542.0,1565.45,1236229.511,1933391954.70807
2022-10-27 00:00:00,1565.45,1577.5,1522.76,1554.59,1044415.093,1624136266.8076
2022-10-27 04:00:00,1554.58,1571.85,1548.68,1556.19,642156.328,1001337714.25597
2022-10-27 08:00:00,1556.19,1559.49,1532.02,1550.42,1041706.808,1612672532.77396
2022-10-27 12:00:00,1550.42,1588.0,1533.0,1543.69,2594444.402,4035699238.01579
2022-10-27 16:00:00,1543.68,1565.32,1538.05,1561.69,743902.018,1155199154.82088
2022-10-27 20:00:00,1561.69,1562.89,1500.46,1513.7,1954924.693,2977699165.57592
2022-10-28 00:00:00,1513.7,1524.8,1496.0,1507.24,1133605.557,1712956390.93825
2022-10-28 04:00:00,1507.24,1520.0,1487.02,1493.22,964582.82,1450681939.09316
2022-10-28 08:00:00,1493.23,1509.69,1484.0,1497.36,986647.836,1479244870.6082
2022-10-28 12:00:00,1497.36,1549.96,1475.0,1537.24,2504988.587,3816949587.42116
2022-10-28 16:00:00,1537.23,1573.0,1532.21,1556.87,1315985.043,2045798535.4773
2022-10-28 20:00:00,1556.87,1574.8,1551.29,1553.79,524815.5,818999706.73206
2022-10-29 00:00:00,1553.8,1595.0,1546.71,1588.84,942224.293,1482292299.50441
2022-10-29 04:00:00,1588.84,1609.55,1573.52,1594.38,938196.033,1487798240.36972
2022-10-29 08:00:00,1594.39,1654.86,1589.78,1614.44,2179265.656,3541472359.20895
2022-10-29 12:00:00,1614.43,1643.86,1607.66,1631.83,1425477.275,2316599306.48111
2022-10-29 16:00:00,1631.83,1665.0,1616.69,1622.81,1446097.776,2364968840.00138
2022-10-29 20:00:00,1622.81,1631.73,1602.0,1618.82,522781.441,845775630.98262
2022-10-30 00:00:00,1618.82,1624.2,1605.5,1621.8,386847.499,624729154.80684
2022-10-30 04:00:00,1621.79,1639.87,1617.69,1628.18,556540.829,906310725.79323
2022-10-30 08:00:00,1628.18,1629.48,1590.61,1604.37,997184.292,1600146877.09907
2022-10-30 12:00:00,1604.38,1607.08,1574.6,1586.61,923469.503,1470061439.99814
2022-10-30 16:00:00,1586.6,1596.94,1575.75,1586.66,636303.28,1009263955.3348
2022-10-30 20:00:00,1586.66,1598.19,1576.08,1589.89,455105.462,722170004.93884
2022-10-31 00:00:00,1589.88,1596.36,1561.0,1581.93,915179.778,1443618945.11758
2022-10-31 04:00:00,1581.93,1596.0,1578.01,1590.63,529491.812,840025970.98152
2022-10-31 08:00:00,1590.64,1634.93,1577.23,1620.85,1457763.141,2350265174.46706
2022-10-31 12:00:00,1620.85,1625.31,1543.72,1568.59,2578331.33,4074194724.32689
2022-10-31 16:00:00,1568.58,1583.91,1554.76,1563.06,1083537.738,1697978573.06674
2022-10-31 20:00:00,1563.07,1577.52,1549.05,1572.01,549450.031,859340513.8098
2022-11-01 00:00:00,1572.0,1604.5,1568.0,1585.84,765635.05,1212761714.52133
2022-11-01 04:00:00,1585.84,1602.57,1578.95,1590.54,647127.961,1029787888.85946
2022-11-01 08:00:00,1590.54,1613.0,1581.05,1589.54,987754.055,1576422698.01225
2022-11-01 12:00:00,1589.54,1597.82,1562.7,1573.48,1206164.899,1902892495.72883
2022-11-01 16:00:00,1573.48,1586.23,1566.95,1575.91,581642.134,917055181.83594
2022-11-01 20:00:00,1575.92,1582.67,1568.0,1577.88,306908.786,483615323.0572
2022-11-02 00:00:00,1577.88,1595.3,1571.41,1590.01,568640.393,901690785.79867
2022-11-02 04:00:00,1590.01,1600.0,1552.0,1563.74,907715.379,1431086736.77471
2022-11-02 08:00:00,1563.74,1578.2,1531.69,1554.99,1119664.913,1740090185.81154
2022-11-02 12:00:00,1554.99,1567.0,1544.44,1557.65,739276.285,1150124283.87407
2022-11-02 16:00:00,1557.66,1622.5,1520.67,1535.24,4376372.739,6884983794.20156
2022-11-02 20:00:00,1535.23,1536.87,1501.0,1517.26,1245283.856,1885623529.36843
2022-11-03 00:00:00,1517.26,1556.4,1514.07,1546.49,876395.754,1348619413.14149
2022-11-03 04:00:00,1546.5,1558.14,1541.03,1543.4,563094.312,872756672.91962
2022-11-03 08:00:00,1543.4,1556.23,1522.02,1531.25,891984.569,1374511950.7571
2022-11-03 12:00:00,1531.25,1556.07,1521.03,1541.9,1507940.556,2319870817.98737
2022-11-03 16:00:00,1541.9,1548.87,1537.29,1543.45,472164.888,728742208.72126
2022-11-03 20:00:00,1543.45,1543.95,1521.78,1530.27,509412.727,780707174.49362
2022-11-04 00:00:00,1530.27,1549.26,1527.78,1548.32,490202.806,754664959.82872
2022-11-04 04:00:00,1548.33,1588.0,1545.45,1586.68,1087040.314,1705671842.18638
2022-11-04 08:00:00,1586.68,1600.0,1574.59,1576.37,867738.849,1374265565.56952
2022-11-04 12:00:00,1576.38,1679.4,1553.0,1624.74,4089113.487,6631551197.54533
2022-11-04 16:00:00,1624.74,1647.75,1606.0,1647.39,1745480.09,2838701330.97308
2022-11-04 20:00:00,1647.39,1653.61,1639.0,1644.09,493737.257,812436426.88484
2022-11-05 00:00:00,1644.08,1666.8,1634.5,1646.0,714426.848,1179123317.62432
2022-11-05 04:00:00,1645.99,1659.0,1642.52,1650.82,347287.158,573085597.59968
2022-11-05 08:00:00,1650.82,1651.38,1635.52,1648.9,572313.245,940207547.56456
2022-11-05 12:00:00,1648.89,1649.93,1622.78,1635.26,723107.582,1182444635.88514
2022-11-05 16:00:00,1635.26,1642.33,1623.71,1632.84,388498.776,634632056.15625
2022-11-05 20:00:00,1632.84,1634.72,1620.1,1626.11,261918.586,426613265.44123
2022-11-06 00:00:00,1626.11,1633.18,1611.33,1620.54,540929.301,876630644.72578
2022-11-06 04:00:00,1620.55,1623.25,1613.22,1621.89,261622.825,423222315.28899
2022-11-06 08:00:00,1621.89,1638.5,1606.9,1619.69,637321.399,1035496728.50735
2022-11-06 12:00:00,1619.7,1634.38,1614.69,1622.61,461790.619,749682102.64356
2022-11-06 16:00:00,1622.62,1625.26,1601.69,1609.55,816071.007,1317103796.97929
2022-11-06 20:00:00,1609.55,1612.7,1561.32,1567.42,1093230.315,1736567932.7233
2022-11-07 00:00:00,1567.42,1594.7,1563.0,1586.8,999556.064,1578054175.32523
2022-11-07 04:00:00,1586.81,1594.49,1545.0,1548.94,1103399.579,1734151131.56211
2022-11-07 08:00:00,1548.94,1583.7,1545.0,1579.43,1040098.063,1631872274.87341
2022-11-07 12:00:00,1579.44,1593.0,1566.34,1591.48,1180904.684,1865087389.17713
2022-11-07 16:00:00,1591.48,1608.0,1576.33,1599.9,856235.388,1361728227.09787
2022-11-07 20:00:00,1599.9,1606.72,1544.94,1567.52,1131233.481,1777658739.32963
2022-11-08 00:00:00,1567.52,1576.34,1501.77,1506.37,1602771.512,2470447747.46694
2022-11-08 04:00:00,1506.37,1513.73,1430.0,1491.01,3326678.602,4895970210.23168
2022-11-08 08:00:00,1491.02,1493.44,1467.07,1476.24,992101.067,1471642660.07031
2022-11-08 12:00:00,1476.23,1486.8,1422.53,1461.64,2557126.78,3714424261.52799
2022-11-08 16:00:00,1461.63,1580.54,1195.22,1312.77,9154170.381,13059038984.38635
2022-11-08 20:00:00,1312.76,1343.69,1278.0,1333.4,2860132.531,3763313721.79002
2022-11-09 00:00:00,1333.4,1336.47,1282.03,1311.66,1798194.932,2360258743.03029
2022-11-09 04:00:00,1311.66,1318.2,1265.1,1273.11,1604560.704,2078215480.66981
2022-11-09 08:00:00,1273.11,1275.68,1132.73,1218.77,5933531.459,7163737352.69029
2022-11-09 12:00:00,1218.9,1247.46,1144.0,1161.5,5140506.561,6213229377.06565
2022-11-09 16:00:00,1161.46,1205.76,1141.0,1194.3,4245356.886,4974727455.71942
2022-11-09 20:00:00,1194.29,1199.0,1071.14,1101.49,4557739.496,5134614093.14148
2022-11-10 00:00:00,1101.53,1185.99,1083.77,1172.5,2515611.072,2870345528.69498
2022-11-10 04:00:00,1172.51,1205.91,1157.62,1189.5,1854910.341,2193186406.19958
2022-11-10 08:00:00,1189.5,1220.0,1173.76,1186.58,2128716.259,2540429338.49306
2022-11-10 12:00:00,1186.58,1346.0,1185.19,1321.24,4536059.442,5796487103.13677
2022-11-10 16:00:00,1321.24,1350.0,1243.39,1291.09,2742709.422,3541372590.48615
2022-11-10 20:00:00,1291.08,1344.0,1282.82,1298.21,1550686.449,2039818389.48
2022-11-11 00:00:00,1298.3,1309.01,1219.01,1238.28,1900959.784,2401537405.09085
2022-11-11 04:00:00,1238.24,1290.05,1225.83,1277.85,1628484.412,2051174800.79334
2022-11-11 08:00:00,1277.84,1295.0,1262.34,1274.99,1358845.83,1735511667.02246
2022-11-11 12:00:00,1275.0,1309.88,1199.57,1259.5,4094475.884,5155405154.04795
2022-11-11 16:00:00,1259.51,1287.6,1232.22,1273.59,1740015.347,2192654431.43834
2022-11-11 20:00:00,1273.6,1295.0,1235.75,1288.64,1007959.765,1277399967.32447
2022-11-12 00:00:00,1288.67,1291.69,1252.5,1258.71,757734.966,964488948.02249
2022-11-12 04:00:00,1258.71,1277.0,1238.0,1265.96,1165097.393,1464614852.06799
2022-11-12 08:00:00,1265.96,1275.0,1248.81,1259.97,889127.562,1121257174.55844
2022-11-12 12:00:00,1259.97,1287.0,1252.02,1274.28,868062.012,1100941916.55688
2022-11-12 16:00:00,1274.28,1278.43,1262.0,1267.81,472349.986,599823803.53222
2022-11-12 20:00:00,1267.81,1268.33,1246.41,1256.82,430095.451,540887853.04572
2022-11-13 00:00:00,1256.85,1273.78,1252.89,1271.39,408159.757,516165095.02336
2022-11-13 04:00:00,1271.38,1273.91,1225.69,1250.38,870406.82,1089382640.06377
2022-11-13 08:00:00,1250.39,1252.89,1212.49,1239.68,1231148.322,1515029893.13393
2022-11-13 12:00:00,1239.68,1248.24,1223.0,1230.97,721130.758,891847840.74498
2022-11-13 16:00:00,1230.98,1237.09,1215.0,1228.34,662828.637,812797023.45498
2022-11-13 20:00:00,1228.34,1237.8,1200.0,1220.78,845801.009,1031345496.95507
2022-11-14 00:00:00,1220.78,1230.86,1170.5,1192.41,1548266.59,1849458856.1883
2022-11-14 04:00:00,1192.41,1263.0,1174.53,1259.67,2096023.771,2554840050.39473
2022-11-14 08:00:00,1259.68,1275.9,1251.0,1251.53,1238009.838,1561543667.32814
2022-11-14 12:00:00,1251.53,1290.0,1232.33,1244.44,2345564.412,2951437204.90792
2022-11-14 16:00:00,1244.43,1249.41,1208.0,1215.6,1319880.5,1625988202.9766
2022-11-14 20:00:00,1215.61,1250.0,1209.06,1242.89,931511.315,1142647977.66628
2022-11-15 00:00:00,1242.9,1266.23,1235.37,1256.01,796244.54,997592999.98158
2022-11-15 04:00:00,1256.0,1273.46,1246.29,1265.51,770908.411,970689562.53978
2022-11-15 08:00:00,1265.5,1278.88,1253.67,1259.74,1108275.825,1402454541.29753
2022-11-15 12:00:00,1259.74,1292.0,1256.86,1263.46,1533611.541,1949695805.92571
2022-11-15 16:00:00,1263.46,1273.89,1232.52,1256.11,1344182.693,1684122407.18829
2022-11-15 20:00:00,1256.11,1264.75,1241.0,1252.81,604130.568,755244605.38768
2022-11-16 00:00:00,1252.8,1268.2,1247.02,1264.14,562097.319,707077319.95204
2022-11-16 04:00:00,1264.14,1264.57,1242.51,1244.92,667466.802,835159377.43643
2022-11-16 08:00:00,1244.91,1253.95,1213.0,1221.76,1322600.595,1630412506.52508
2022-11-16 12:00:00,1221.76,1234.0,1185.59,1191.7,2136889.583,2586810746.64491
2022-11-16 16:00:00,1191.75,1222.91,1186.26,1208.01,1129756.9,1363671489.00087
2022-11-16 20:00:00,1208.0,1221.34,1200.0,1215.78,592118.066,717043835.28756
2022-11-17 00:00:00,1215.72,1228.92,1201.31,1203.76,733755.602,892480173.75843
2022-11-17 04:00:00,1203.76,1215.09,1192.0,1204.48,965555.139,1162400584.64984
2022-11-17 08:00:00,1204.49,1207.82,1181.0,1203.34,923979.617,1103936270.11583
2022-11-17 12:00:00,1203.35,1218.0,1183.0,1191.92,1674906.797,2005849881.62371
2022-11-17 16:00:00,1191.91,1216.87,1188.0,1201.89,1024355.063,1235698525.72724
2022-11-17 20:00:00,1201.89,1209.83,1194.91,1199.7,497174.007,598216581.35864
2022-11-18 00:00:00,1199.7,1235.0,1198.48,1219.26,919923.945,1119161920.48515
2022-11-18 04:00:00,1219.27,1223.78,1212.0,1213.72,473478.291,576357193.69411
2022-11-18 08:00:00,1213.72,1224.95,1202.34,1216.51,698117.159,847975583.6772
2022-11-18 12:00:00,1216.5,1229.22,1206.0,1210.56,796431.745,968770489.05288
2022-11-18 16:00:00,1210.57,1213.9,1199.58,1209.22,614339.839,740719358.90586
2022-11-18 20:00:00,1209.21,1214.61,1205.24,1212.04,342227.736,414104874.12204
2022-11-19 00:00:00,1212.05,1212.87,1200.23,1208.05,304357.136,367436724.03392
2022-11-19 04:00:00,1208.04,1209.09,1196.0,1206.09,447349.664,538753347.08591
2022-11-19 08:00:00,1206.1,1212.0,1203.33,1210.99,301170.242,363887240.91236
2022-11-19 12:00:00,1211.0,1211.7,1205.05,1209.18,261801.124,316315914.4374
2022-11-19 16:00:00,1209.17,1211.4,1206.4,1208.01,235777.436,284932818.81268
2022-11-19 20:00:00,1208.01,1233.66,1208.01,1216.91,599791.126,732165571.45986
2022-11-20 00:00:00,1216.9,1226.5,1214.44,1218.42,359534.88,438449225.35155
2022-11-20 04:00:00,1218.41,1222.81,1216.88,1219.67,228178.369,278151382.6163
2022-11-20 08:00:00,1219.69,1220.0,1156.5,1166.78,1576168.575,1873250113.35408
2022-11-20 12:00:00,1166.78,1180.0,1151.5,1176.58,1141387.188,1334592571.2107
2022-11-20 16:00:00,1176.58,1191.0,1168.44,1184.5,535411.14,630000487.16796
2022-11-20 20:00:00,1184.5,1185.97,1131.6,1141.57,1360015.721,1565949816.32819
2022-11-21 00:00:00,1141.53,1143.64,1110.08,1124.56,1617801.842,1820911100.88658
2022-11-21 04:00:00,1124.56,1139.75,1115.96,1123.13,1088271.868,1229633879.5097
2022-11-21 08:00:00,1123.13,1131.3,1104.8,1124.33,1372967.778,1536737708.11246
2022-11-21 12:00:00,1124.32,1147.03,1114.2,1129.8,1385589.443,1569919797.3598
2022-11-21 16:00:00,1129.81,1132.82,1077.32,1090.49,2601395.06,2870980977.50284
2022-11-21 20:00:00,1090.48,1123.0,1081.0,1106.95,1672538.679,1844259593.3677
2022-11-22 00:00:00,1106.94,1117.11,1096.27,1104.06,830015.413,918009303.50945
2022-11-22 04:00:00,1104.06,1106.99,1078.0,1092.9,1091171.358,1192423779.58142
2022-11-22 08:00:00,1092.89,1094.78,1071.52,1084.89,1235932.37,1341007524.37528
2022-11-22 12:00:00,1084.89,1142.96,1078.0,1134.78,2660308.032,2970321082.84431
2022-11-22 16:00:00,1134.78,1140.78,1114.05,1126.98,1088148.344,1225943754.00078
2022-11-22 20:00:00,1126.98,1142.23,1122.15,1139.11,604024.103,683532418.94974
2022-11-23 00:00:00,1139.11,1170.0,1127.01,1170.0,1510003.875,1733729479.58785
2022-11-23 04:00:00,1169.99,1171.0,1156.63,1165.96,668351.75,777065562.7291
2022-11-23 08:00:00,1165.95,1183.0,1159.63,1174.18,1078719.353,1261151730.74205
2022-11-23 12:00:00,1174.19,1177.76,1153.0,1160.6,1234335.922,1436714916.2047
2022-11-23 16:00:00,1160.68,1189.96,1150.0,1168.31,1411494.174,1646103200.04451
2022-11-23 20:00:00,1168.32,1190.0,1161.4,1183.83,739752.819,869782573.0515
2022-11-24 00:00:00,1183.84,1210.0,1179.72,1201.03,1242239.989,1485195267.51375
2022-11-24 04:00:00,1201.03,1216.71,1198.02,1205.63,882437.093,1064724424.02861
2022-11-24 08:00:00,1205.64,1207.59,1190.83,1195.33,947391.249,1135213116.82288
2022-11-24 12:00:00,1195.33,1203.86,1185.35,1194.67,848445.709,1013443904.91755
2022-11-24 16:00:00,1194.67,1208.0,1192.02,1202.42,837256.104,1005157279.45816
2022-11-24 20:00:00,1202.42,1205.86,1193.0,1202.92,430245.234,516337908.61234
2022-11-25 00:00:00,1202.93,1204.27,1177.8,1185.71,630314.927,750317726.69913
2022-11-25 04:00:00,1185.72,1187.49,1170.99,1184.21,819503.535,965529066.34895
2022-11-25 08:00:00,1184.22,1199.0,1175.01,1192.77,895808.342,1062479613.87433
2022-11-25 12:00:00,1192.77,1199.9,1178.85,1189.18,892096.699,1061380520.07603
2022-11-25 16:00:00,1189.19,1199.0,1182.02,1196.63,550249.756,655316774.85583
2022-11-25 20:00:00,1196.63,1209.27,1195.01,1198.55,480337.229,576619920.60019
2022-11-26 00:00:00,1198.55,1229.0,1196.0,1215.17,956853.597,1162876760.46663
2022-11-26 04:00:00,1215.17,1225.0,1211.24,1218.19,555355.072,676723127.853
2022-11-26 08:00:00,1218.19,1227.59,1214.27,1221.1,524160.382,639449951.8572
2022-11-26 12:00:00,1221.1,1238.0,1205.01,1210.28,985900.019,1200453807.34077
2022-11-26 16:00:00,1210.28,1214.8,1200.93,1206.8,490647.284,593182654.8338
2022-11-26 20:00:00,1206.81,1212.39,1195.08,1204.84,368514.147,443949132.18875
2022-11-27 00:00:00,1205.0,1219.0,1203.56,1215.36,424140.947,513761641.8406
2022-11-27 04:00:00,1215.37,1222.91,1214.3,1216.46,482999.394,588426648.48306
2022-11-27 08:00:00,1216.44,1221.0,1209.0,1214.87,605655.894,735134206.50611
2022-11-27 12:00:00,1214.86,1219.3,1206.01,1217.54,436625.153,529836132.81998
2022-11-27 16:00:00,1217.54,1220.79,1210.3,1212.6,362057.139,440014353.41367
2022-11-27 20:00:00,1212.61,1218.18,1186.58,1193.26,678909.225,817243304.38917
2022-11-28 00:00:00,1193.25,1198.8,1156.52,1172.05,1578993.633,1852523314.06339
2022-11-28 04:00:00,1172.05,1178.38,1165.69,1173.53,591588.498,693144808.21279
2022-11-28 08:00:00,1173.53,1176.0,1162.5,1169.55,576938.375,675101726.56348
2022-11-28 12:00:00,1169.55,1183.0,1153.5,1163.1,1133647.452,1323235394.77618
2022-11-28 16:00:00,1163.09,1185.0,1150.25,1171.0,1379711.388,1614239965.51255
2022-11-28 20:00:00,1171.0,1174.94,1166.02,1167.21,320314.228,375007288.3277
2022-11-29 00:00:00,1167.2,1190.0,1156.06,1184.32,819968.95,962749545.59049
2022-11-29 04:00:00,1184.33,1214.8,1183.62,1206.66,1413317.316,1699187333.51873
2022-11-29 08:00:00,1206.66,1223.8,1204.72,1216.81,1084010.37,1317260343.56129
2022-11-29 12:00:00,1216.81,1218.45,1201.61,1208.24,1136021.84,1375053209.57128
2022-11-29 16:00:00,1208.24,1221.85,1202.07,1215.21,778603.072,942717813.06859
2022-11-29 20:00:00,1215.21,1228.75,1214.43,1215.74,684505.073,835468988.65682
2022-11-30 00:00:00,1215.75,1283.0,1211.53,1264.56,1914453.663,2421124119.05623
2022-11-30 04:00:00,1264.56,1275.0,1264.56,1272.06,507874.694,644694578.97799
2022-11-30 08:00:00,1272.07,1276.93,1260.45,1266.32,532295.565,674734077.68012
2022-11-30 12:00:00,1266.32,1275.3,1253.37,1266.81,985124.651,1245535624.08836
2022-11-30 16:00:00,1266.81,1299.48,1257.64,1286.42,2039310.14,2606764163.63926
2022-11-30 20:00:00,1286.43,1312.99,1284.11,1294.02,1008436.663,1306195165.79511
2022-12-01 00:00:00,1294.09,1295.38,1280.46,1287.55,692316.152,891731466.36648
2022-12-01 04:00:00,1287.55,1288.98,1275.0,1278.2,514880.968,660473051.30222
2022-12-01 08:00:00,1278.19,1285.95,1276.57,1282.63,540153.911,691893601.19604
2022-12-01 12:00:00,1282.64,1300.51,1262.0,1271.15,1960539.613,2506227461.72323
2022-12-01 16:00:00,1271.15,1278.41,1265.0,1275.3,604502.815,769338672.90468
2022-12-01 20:00:00,1275.31,1283.99,1266.18,1275.7,430190.689,548384886.65396
2022-12-02 00:00:00,1275.7,1284.66,1264.43,1271.06,656542.017,836240308.54826
2022-12-02 04:00:00,1271.05,1277.87,1267.31,1275.11,389083.236,495138174.07194
2022-12-02 08:00:00,1275.11,1294.0,1272.81,1288.24,671347.137,861197947.3269
2022-12-02 12:00:00,1288.25,1297.24,1266.0,1278.37,1559508.881,1996855275.76263
2022-12-02 16:00:00,1278.38,1288.06,1273.37,1286.85,464622.016,594843291.33179
2022-12-02 20:00:00,1286.84,1296.5,1285.83,1295.0,500120.257,645659961.48026
2022-12-03 00:00:00,1294.99,1312.0,1281.33,1285.07,570758.792,737552666.72201
2022-12-03 04:00:00,1285.07,1289.5,1272.3,1275.29,546623.976,700239102.30785
2022-12-03 08:00:00,1275.3,1276.43,1258.5,1268.86,801125.607,1017012357.29607
2022-12-03 12:00:00,1268.86,1274.82,1265.64,1270.49,462441.995,587482139.06009
2022-12-03 16:00:00,1270.5,1270.96,1261.47,1265.4,422753.151,535781814.68627
2022-12-03 20:00:00,1265.4,1266.15,1235.17,1239.76,929581.202,1161046098.04424
2022-12-04 00:00:00,1239.76,1263.43,1239.13,1256.48,680518.85,853121367.77676
2022-12-04 04:00:00,1256.47,1267.2,1252.93,1256.26,470701.842,592932526.78385
2022-12-04 08:00:00,1256.26,1263.99,1251.0,1254.6,483819.859,608263842.91659
2022-12-04 12:00:00,1254.6,1262.39,1248.62,1259.44,551734.528,692903656.34246
2022-12-04 16:00:00,1259.44,1283.0,1255.94,1278.0,1145380.895,1454537398.05511
2022-12-04 20:00:00,1278.01,1287.99,1271.4,1278.82,541083.985,691481549.30307
2022-12-05 00:00:00,1278.82,1297.77,1276.1,1290.34,891157.126,1149158945.25417
2022-12-05 04:00:00,1290.33,1304.47,1289.08,1296.61,763869.495,990443436.56454
2022-12-05 08:00:00,1296.62,1304.98,1291.0,1294.45,691867.911,897783153.67415
2022-12-05 12:00:00,1294.49,1294.62,1258.0,1265.65,1353133.993,1726848077.6329
2022-12-05 16:00:00,1265.65,1269.79,1246.0,1252.98,1285331.079,1618558934.35197
2022-12-05 20:00:00,1252.97,1260.51,1251.04,1258.66,416101.506,522780293.47539
2022-12-06 00:00:00,1258.67,1269.6,1258.64,1261.02,465935.061,589057058.78223
2022-12-06 04:00:00,1261.02,1262.66,1253.58,1259.63,386224.776,486339933.60178
2022-12-06 08:00:00,1259.63,1264.78,1240.55,1255.61,867730.992,1088562017.67438
2022-12-06 12:00:00,1255.61,1261.74,1244.16,1253.79,940722.516,1179346433.9436
2022-12-06 16:00:00,1253.8,1258.76,1241.02,1249.58,733681.067,917246969.81912
2022-12-06 20:00:00,1249.57,1274.42,1247.0,1270.72,700339.989,883007003.30082
2022-12-07 00:00:00,1270.72,1278.3,1258.0,1261.58,580970.752,736063740.09457
2022-12-07 04:00:00,1261.58,1264.38,1217.56,1223.73,1299772.837,1611718161.93925
2022-12-07 08:00:00,1223.72,1230.33,1217.02,1224.15,747330.54,916371445.18124
2022-12-07 12:00:00,1224.14,1239.5,1220.0,1233.19,1028655.837,1265929298.54396
2022-12-07 16:00:00,1233.2,1237.19,1226.16,1231.42,536394.922,660307056.00137
2022-12-07 20:00:00,1231.44,1234.49,1220.54,1230.83,405328.618,498495485.24857
2022-12-08 00:00:00,1230.78,1238.91,1221.0,1231.3,630940.805,776194665.85249
2022-12-08 04:00:00,1231.3,1235.57,1224.0,1232.07,466047.116,572937813.8419
2022-12-08 08:00:00,1232.08,1247.33,1227.36,1239.8,684721.024,845313071.167
2022-12-08 12:00:00,1239.8,1254.0,1235.15,1249.08,1239109.096,1541591289.44875
2022-12-08 16:00:00,1249.08,1294.31,1247.97,1283.68,1769932.057,2248587909.54819
2022-12-08 20:00:00,1283.68,1286.49,1275.27,1279.73,612464.148,784409811.70455
2022-12-09 00:00:00,1279.72,1290.0,1272.29,1283.46,620082.341,794126205.39868
2022-12-09 04:00:00,1283.46,1285.52,1276.75,1281.7,375728.083,481226725.54365
2022-12-09 08:00:00,1281.7,1293.78,1278.31,1287.32,659687.326,847356469.14342
2022-12-09 12:00:00,1287.31,1297.63,1259.39,1277.09,1650367.848,2107661269.18696
2022-12-09 16:00:00,1277.09,1277.7,1262.55,1268.42,552116.856,701390172.60784
2022-12-09 20:00:00,1268.43,1268.61,1254.0,1262.31,552583.385,697087785.29084
2022-12-10 00:00:00,1262.31,1268.19,1260.88,1264.77,308248.722,389675228.90287
2022-12-10 04:00:00,1264.77,1266.3,1261.7,1263.89,200694.532,253727893.03056
2022-12-10 08:00:00,1263.88,1267.42,1258.58,1265.69,284694.932,359796369.99826
2022-12-10 12:00:00,1265.7,1279.0,1262.68,1277.56,631554.764,802602813.68613
2022-12-10 16:00:00,1277.57,1283.92,1265.52,1271.48,479989.333,611303813.77704
2022-12-10 20:00:00,1271.47,1273.21,1261.08,1265.88,314257.824,398423212.76713
2022-12-11 00:00:00,1265.87,1272.77,1264.6,1271.91,238103.124,302124138.13098
2022-12-11 04:00:00,1271.9,1278.0,1271.6,1275.77,317019.981,404017512.45931
2022-12-11 08:00:00,1275.77,1276.76,1269.98,1272.92,239229.073,304399291.68963
2022-12-11 12:00:00,1272.93,1275.52,1268.15,1272.99,323976.918,412104396.23865
2022-12-11 16:00:00,1272.98,1284.9,1270.26,1273.79,540309.758,689733170.27795
2022-12-11 20:00:00,1273.8,1273.95,1255.0,1262.43,768667.075,971748495.25128
2022-12-12 00:00:00,1262.43,1262.6,1240.01,1243.11,1052566.513,1316353117.79899
2022-12-12 04:00:00,1243.1,1247.55,1238.5,1245.79,377699.17,470139554.58204
2022-12-12 08:00:00,1245.79,1256.77,1241.17,1253.74,527226.198,659360643.78828
2022-12-12 12:00:00,1253.74,1255.83,1242.74,1248.51,817389.363,1020938311.5409
2022-12-12 16:00:00,1248.52,1255.85,1247.79,1253.87,346865.655,434322989.92172
2022-12-12 20:00:00,1253.87,1278.83,1253.3,1274.88,979367.575,1243450415.98244
2022-12-13 00:00:00,1274.89,1278.0,1265.21,1269.2,464612.231,589996175.79658
2022-12-13 04:00:00,1269.2,1274.33,1254.32,1265.71,874952.694,1107281615.17571
2022-12-13 08:00:00,1265.71,1289.97,1263.17,1286.24,1294894.103,1655198857.92072
2022-12-13 12:00:00,1286.24,1350.0,1285.77,1324.0,3233175.883,4276963447.48263
2022-12-13 16:00:00,1324.0,1328.88,1305.06,1316.79,1083514.894,1427660433.84707
2022-12-13 20:00:00,1316.79,1324.49,1312.08,1321.06,426384.534,562336082.47015
2022-12-14 00:00:00,1321.05,1327.69,1317.3,1320.06,452744.186,598571198.42341
2022-12-14 04:00:00,1320.05,1325.84,1316.0,1323.12,322161.05,425740193.24802
2022-12-14 08:00:00,1323.13,1330.0,1319.43,1327.0,468724.023,620877378.73209
2022-12-14 12:00:00,1327.01,1345.0,1325.09,1338.3,1235613.319,1648950060.88822
2022-12-14 16:00:00,1338.3,1354.4,1300.17,1307.5,2301055.1,3049983232.5494
2022-12-14 20:00:00,1307.5,1318.78,1301.0,1307.76,866898.264,1135343639.07668
2022-12-15 00:00:00,1307.76,1311.86,1280.0,1292.42,924199.653,1195745407.49334
2022-12-15 04:00:00,1292.42,1293.06,1286.3,1287.09,320214.531,413212940.48157
2022-12-15 08:00:00,1287.08,1291.39,1282.53,1290.97,525837.141,676686637.18794
2022-12-15 12:00:00,1290.96,1290.96,1261.4,1269.98,1287459.918,1641729340.67096
2022-12-15 16:00:00,1269.98,1275.8,1263.81,1274.74,595670.254,756572882.43644
2022-12-15 20:00:00,1274.73,1275.06,1256.1,1266.26,546078.34,690869016.3257
2022-12-16 00:00:00,1266.26,1273.28,1265.27,1271.47,383185.371,486661945.41166
2022-12-16 04:00:00,1271.48,1279.76,1266.34,1277.11,398814.036,507800272.99332
2022-12-16 08:00:00,1277.11,1278.68,1192.42,1212.1,2183354.104,2673411976.78147
2022-12-16 12:00:00,1212.1,1218.5,1188.0,1203.11,1316919.711,1591431205.09771
2022-12-16 16:00:00,1203.1,1204.0,1180.42,1202.0,1246622.239,1487773044.02471
2022-12-16 20:00:00,1202.0,1211.99,1154.7,1166.2,1689634.728,1992818640.15709
2022-12-17 00:00:00,1166.19,1178.85,1161.07,1174.49,851060.369,995935123.09024
2022-12-17 04:00:00,1174.49,1185.0,1172.58,1183.0,590461.319,695856962.40909
2022-12-17 08:00:00,1183.0,1188.66,1172.93,1179.42,588531.013,694440778.88159
2022-12-17 12:00:00,1179.41,1182.4,1173.79,1179.45,469555.294,553304181.32212
2022-12-17 16:00:00,1179.44,1179.57,1169.97,1176.18,389836.51,458363357.54131
2022-12-17 20:00:00,1176.18,1190.0,1174.55,1186.45,447039.855,528489084.57965
2022-12-18 00:00:00,1186.44,1188.15,1179.3,1187.0,284247.589,336516567.50036
2022-12-18 04:00:00,1187.01,1196.0,1182.29,1185.98,536078.776,637427324.19275
2022-12-18 08:00:00,1185.98,1187.74,1171.12,1181.77,568269.492,670165869.86547
2022-12-18 12:00:00,1181.77,1183.47,1172.27,1173.41,403901.105,475491465.67329
2022-12-18 16:00:00,1173.4,1190.99,1172.95,1182.91,585048.902,690669240.62149
2022-12-18 20:00:00,1182.91,1195.26,1179.66,1182.45,499506.347,592618789.58435
2022-12-19 00:00:00,1182.45,1194.86,1172.75,1178.58,694893.863,822908023.64701
2022-12-19 04:00:00,1178.58,1183.98,1176.74,1179.23,347704.886,410308516.06694
2022-12-19 08:00:00,1179.22,1187.96,1178.48,1182.68,415198.375,491473336.57146
2022-12-19 12:00:00,1182.68,1189.28,1176.57,1179.02,790820.787,935754412.8681
2022-12-19 16:00:00,1179.02,1181.89,1163.69,1170.26,1142481.818,1339465388.06353
2022-12-19 20:00:00,1170.26,1181.0,1148.0,1167.21,903930.843,1053739379.51336
2022-12-20 00:00:00,1167.21,1198.87,1162.5,1191.85,1404376.079,1662833939.50878
2022-12-20 04:00:00,1191.85,1225.0,1190.0,1207.92,1104203.076,1331934243.90635
2022-12-20 08:00:00,1207.97,1221.84,1205.4,1211.83,647032.575,783270041.60245
2022-12-20 12:00:00,1211.82,1232.0,1201.79,1216.44,1427748.863,1735971413.63616
2022-12-20 16:00:00,1216.44,1218.68,1204.13,1216.2,812522.344,984515942.34958
2022-12-20 20:00:00,1216.25,1221.0,1210.69,1216.21,382458.249,465010729.44503
2022-12-21 00:00:00,1216.22,1218.55,1205.02,1209.94,476344.213,576533371.22967
2022-12-21 04:00:00,1209.94,1213.95,1202.06,1210.19,467570.694,565283182.19727
2022-12-21 08:00:00,1210.2,1218.99,1206.63,1216.18,484693.626,588410263.52638
2022-12-21 12:00:00,1216.17,1226.0,1205.19,1215.24,833370.625,1011413417.37353
2022-12-21 16:00:00,1215.24,1215.65,1205.83,1208.12,416568.925,504112115.13346
2022-12-21 20:00:00,1208.12,1214.78,1206.39,1213.21,265238.868,321000667.11689
2022-12-22 00:00:00,1213.21,1217.98,1211.05,1214.12,251685.08,305627138.61543
2022-12-22 04:00:00,1214.12,1214.56,1208.9,1213.55,262402.118,317842436.51434
2022-12-22 08:00:00,1213.56,1222.08,1211.6,1216.91,637036.694,775277430.75925
2022-12-22 12:00:00,1216.92,1218.28,1183.15,1186.15,1490118.022,1786310214.73843
2022-12-22 16:00:00,1186.15,1194.65,1182.0,1194.48,669186.936,795383291.06672
2022-12-22 20:00:00,1194.47,1239.99,1193.36,1217.39,1090204.288,1326483333.29801
2022-12-23 00:00:00,1217.38,1229.58,1214.08,1223.42,542045.853,661799586.96185
2022-12-23 04:00:00,1223.42,1224.7,1219.05,1221.41,284946.745,348062594.41022
2022-12-23 08:00:00,1221.41,1226.0,1214.8,1222.23,507644.76,619486440.8016
2022-12-23 12:00:00,1222.22,1234.25,1208.33,1218.46,1433942.624,1749953825.78719
2022-12-23 16:00:00,1218.45,1220.93,1215.06,1219.5,306642.453,373553839.71286
2022-12-23 20:00:00,1219.51,1221.96,1216.36,1219.5,235930.029,287583863.25558
2022-12-24 00:00:00,1219.5,1220.8,1214.23,1218.53,192315.058,234172925.72396
2022-12-24 04:00:00,1218.53,1220.64,1214.0,1219.9,214926.255,261578980.85457
2022-12-24 08:00:00,1219.9,1220.18,1216.0,1218.81,161840.773,197140342.11508
2022-12-24 12:00:00,1218.81,1219.0,1216.9,1218.6,131721.677,160436388.27382
2022-12-24 16:00:00,1218.6,1229.0,1216.8,1222.88,308133.178,376523188.95578
2022-12-24 20:00:00,1222.88,1223.18,1217.16,1219.96,192049.044,234293139.59538
2022-12-25 00:00:00,1219.96,1223.92,1218.88,1220.6,144766.583,176778541.51602
2022-12-25 04:00:00,1220.61,1220.73,1214.66,1219.15,216928.781,264166302.56706
2022-12-25 08:00:00,1219.15,1221.97,1216.59,1217.02,161368.01,196696918.83994
2022-12-25 12:00:00,1217.03,1218.58,1187.54,1210.32,861825.659,1041820201.29834
2022-12-25 16:00:00,1210.32,1212.38,1190.44,1209.03,540716.839,652205627.25466
2022-12-25 20:00:00,1209.04,1225.0,1203.27,1217.96,550301.732,668500105.93946
2022-12-26 00:00:00,1217.97,1224.0,1216.1,1220.49,297073.152,362421951.91068
2022-12-26 04:00:00,1220.49,1222.88,1217.3,1219.91,223939.908,273201005.4202
2022-12-26 08:00:00,1219.91,1222.83,1217.37,1219.96,281932.469,343888437.01562
2022-12-26 12:00:00,1219.96,1220.39,1210.0,1214.64,388173.634,471899781.11
2022-12-26 16:00:00,1214.64,1220.75,1212.17,1216.98,309392.836,376090494.34265
2022-12-26 20:00:00,1216.98,1231.49,1215.0,1227.57,427980.813,523074894.59052
2022-12-27 00:00:00,1227.57,1233.97,1220.91,1223.07,504523.367,618550396.46534
2022-12-27 04:00:00,1223.07,1224.13,1220.0,1221.52,211052.091,257987982.49904
2022-12-27 08:00:00,1221.53,1222.97,1212.43,1218.58,471265.684,574428337.26814
2022-12-27 12:00:00,1218.59,1219.02,1202.98,1210.69,970973.874,1177635566.78431
2022-12-27 16:00:00,1210.69,1212.25,1200.0,1210.65,642993.594,776363616.25021
2022-12-27 20:00:00,1210.65,1214.77,1207.97,1211.29,277371.02,335927060.47008
2022-12-28 00:00:00,1211.29,1215.42,1184.0,1197.0,882291.2,1059380761.24961
2022-12-28 04:00:00,1197.01,1199.03,1187.89,1194.08,520015.832,620691380.80165
2022-12-28 08:00:00,1194.08,1197.88,1193.0,1195.57,307386.611,367461911.27928
2022-12-28 12:00:00,1195.58,1212.77,1185.0,1188.75,1153669.672,1382088319.14668
2022-12-28 16:00:00,1188.75,1201.3,1187.12,1192.4,588610.63,702902964.63737
2022-12-28 20:00:00,1192.39,1194.68,1177.5,1189.93,669076.654,794521244.15437
2022-12-29 00:00:00,1189.94,1195.24,1186.24,1194.26,466854.147,555947913.20022
2022-12-29 04:00:00,1194.27,1199.44,1191.37,1194.56,328848.044,392732878.65418
2022-12-29 08:00:00,1194.56,1203.85,1189.58,1198.4,582032.035,696833806.55824
2022-12-29 12:00:00,1198.41,1207.97,1197.36,1200.75,692206.949,831802199.3836
2022-12-29 16:00:00,1200.75,1202.86,1193.77,1198.46,454493.1,544779862.01439
2022-12-29 20:00:00,1198.46,1204.43,1190.82,1200.35,498422.86,596917502.77342
2022-12-30 00:00:00,1200.36,1202.22,1194.53,1197.39,310007.87,371441983.82952
2022-12-30 04:00:00,1197.39,1198.0,1183.72,1187.93,569714.417,678557542.65769
2022-12-30 08:00:00,1187.92,1194.81,1187.51,1190.5,363881.62,433503857.91537
2022-12-30 12:00:00,1190.5,1198.91,1180.0,1194.81,930761.161,1108773635.86782
2022-12-30 16:00:00,1194.82,1198.26,1192.31,1194.69,338092.209,404043843.41398
2022-12-30 20:00:00,1194.7,1203.0,1194.57,1199.66,356533.172,427388262.43146
2022-12-31 00:00:00,1199.67,1200.31,1193.51,1194.28,196940.554,235637251.75195
2022-12-31 04:00:00,1194.29,1197.5,1190.26,1196.97,176712.373,211124196.84329
2022-12-31 08:00:00,1196.98,1200.61,1195.33,1197.0,232020.4,277859107.48048
2022-12-31 12:00:00,1197.0,1209.0,1195.51,1202.58,532360.346,640189560.62491
2022-12-31 16:00:00,1202.59,1206.0,1198.35,1202.74,259252.105,311476227.88706
2022-12-31 20:00:00,1202.74,1203.92,1192.05,1196.1,291102.162,348695050.32261
2023-01-01 00:00:00,1196.1,1196.98,1191.36,1194.05,253497.03,302772523.25178
2023-01-01 04:00:00,1194.05,1195.84,1190.8,1195.07,191144.124,228179200.56358
2023-01-01 08:00:00,1195.07,1197.68,1193.56,1196.4,150200.331,179605149.93674
2023-01-01 12:00:00,1196.4,1198.61,1192.99,1196.52,207006.594,247499194.23689
2023-01-01 16:00:00,1196.51,1204.67,1195.5,1201.47,380685.704,457039852.27538
2023-01-01 20:00:00,1201.47,1204.79,1198.71,1199.96,199229.705,239347811.5315
2023-01-02 00:00:00,1199.96,1203.32,1191.5,1201.42,422118.1,505287750.83507
2023-01-02 04:00:00,1201.43,1222.0,1199.12,1212.82,748998.74,905727922.33275
2023-01-02 08:00:00,1212.83,1225.0,1212.14,1216.72,611497.008,744106953.97186
2023-01-02 12:00:00,1216.71,1220.99,1213.3,1218.5,435849.284,530346146.63898
2023-01-02 16:00:00,1218.49,1219.39,1215.03,1218.49,206554.306,251421750.9095
2023-01-02 20:00:00,1218.5,1225.0,1210.0,1213.23,406773.881,494633681.42007
2023-01-03 00:00:00,1213.24,1216.28,1210.64,1215.19,305185.847,370412431.36325
2023-01-03 04:00:00,1215.18,1219.5,1212.57,1215.85,277089.842,336982390.78936
2023-01-03 08:00:00,1215.86,1218.2,1213.32,1214.39,286669.475,348460633.74371
2023-01-03 12:00:00,1214.39,1218.76,1205.0,1211.4,778306.602,943508379.24361
2023-01-03 16:00:00,1211.39,1212.4,1203.05,1208.92,462676.193,558932442.98524
2023-01-03 20:00:00,1208.93,1217.04,1208.86,1214.23,308267.053,373607135.90818
2023-01-04 00:00:00,1214.22,1258.53,1212.16,1250.33,1547949.897,1912978973.12926
2023-01-04 04:00:00,1250.33,1254.99,1247.08,1251.77,588888.423,736435711.61852
2023-01-04 08:00:00,1251.78,1261.05,1248.13,1251.16,525219.552,657486380.65713
2023-01-04 12:00:00,1251.17,1259.02,1238.61,1255.9,910754.878,1139284296.04764
2023-01-04 16:00:00,1255.91,1275.0,1250.57,1254.14,1315997.404,1657094313.44901
2023-01-04 20:00:00,1254.14,1257.83,1243.04,1256.39,441007.041,552168097.12569
2023-01-05 00:00:00,1256.39,1260.0,1251.51,1252.59,330615.333,414755196.10796
2023-01-05 04:00:00,1252.59,1254.76,1247.13,1250.91,328915.987,411578500.6921
2023-01-05 08:00:00,1250.91,1255.9,1245.0,1255.34,440166.87,550272757.26124
2023-01-05 12:00:00,1255.35,1255.65,1242.22,1248.72,883480.989,1103386963.71508
2023-01-05 16:00:00,1248.72,1254.92,1246.34,1253.22,369669.696,461975139.69793
2023-01-05 20:00:00,1253.22,1254.04,1247.38,1251.08,310016.124,387953630.20142
2023-01-06 00:00:00,1251.08,1258.98,1247.4,1250.56,414713.734,519297790.88494
2023-01-06 04:00:00,1250.57,1251.78,1245.02,1247.45,346779.921,432864386.10864
2023-01-06 08:00:00,1247.45,1249.89,1235.0,1243.2,518678.515,645681685.53141
2023-01-06 12:00:00,1243.2,1267.65,1233.0,1262.48,1462807.761,1827521805.08594
2023-01-06 16:00:00,1262.48,1277.77,1259.51,1272.76,941543.863,1192820558.25103
2023-01-06 20:00:00,1272.77,1275.9,1264.5,1268.54,471643.569,598333477.15104
2023-01-07 00:00:00,1268.54,1270.66,1264.5,1266.05,217268.187,275360392.67397
2023-01-07 04:00:00,1266.04,1266.4,1261.03,1266.0,194258.001,245534660.08657
2023-01-07 08:00:00,1266.0,1266.42,1262.13,1263.12,184393.15,233117570.50488
2023-01-07 12:00:00,1263.11,1265.15,1260.53,1264.5,226074.444,285536800.78746
2023-01-07 16:00:00,1264.5,1265.68,1261.27,1264.81,137042.384,173106052.26362
2023-01-07 20:00:00,1264.82,1267.93,1260.67,1263.65,227910.892,287924537.71858
2023-01-08 00:00:00,1263.64,1264.13,1256.3,1262.36,274862.96,346452904.88963
2023-01-08 04:00:00,1262.36,1263.97,1261.53,1262.84,109132.579,137799547.70647
2023-01-08 08:00:00,1262.85,1265.93,1260.62,1260.83,191814.071,242219015.02414
2023-01-08 12:00:00,1260.84,1275.5,1260.43,1274.01,432565.561,548544954.47487
2023-01-08 16:00:00,1274.01,1280.0,1260.94,1264.4,557294.209,706405247.72316
2023-01-08 20:00:00,1264.4,1296.0,1263.34,1289.65,849398.952,1086716795.04394
2023-01-09 00:00:00,1289.64,1314.0,1284.81,1309.7,1432833.801,1860968391.63706
2023-01-09 04:00:00,1309.69,1314.61,1306.69,1311.41,613807.536,804260114.08296
2023-01-09 08:00:00,1311.4,1328.0,1307.5,1318.16,1029277.891,1356302825.94303
2023-01-09 12:00:00,1318.15,1342.3,1314.7,1335.56,1335923.8,1771842381.42666
2023-01-09 16:00:00,1335.55,1345.0,1329.99,1329.99,1103221.221,1476780014.32117
2023-01-09 20:00:00,1329.99,1331.83,1315.02,1320.32,811536.583,1072895954.86487
2023-01-10 00:00:00,1320.32,1329.64,1316.74,1325.08,502123.052,664702294.21736
2023-01-10 04:00:00,1325.08,1328.82,1322.08,1323.25,323656.148,428931937.56218
2023-01-10 08:00:00,1323.24,1336.27,1321.27,1329.3,540616.137,718861781.63056
2023-01-10 12:00:00,1329.29,1341.57,1322.65,1333.9,1091242.446,1453080618.98441
2023-01-10 16:00:00,1333.91,1344.18,1327.43,1339.1,655574.374,875646175.73918
2023-01-10 20:00:00,1339.11,1348.7,1333.01,1335.3,539939.484,723097866.72521
2023-01-11 00:00:00,1335.29,1341.61,1326.74,1330.52,507192.876,676603981.05547
2023-01-11 04:00:00,1330.52,1335.36,1326.0,1334.99,375523.436,500058501.03023
2023-01-11 08:00:00,1335.0,1337.5,1330.7,1335.83,332002.938,443040319.37738
2023-01-11 12:00:00,1335.82,1335.83,1319.52,1322.48,716417.591,952007209.54034
2023-01-11 16:00:00,1322.48,1345.18,1320.95,1342.46,956701.526,1277433228.63006
2023-01-11 20:00:00,1342.46,1400.0,1338.57,1389.26,1715893.794,2341147325.35779
2023-01-12 00:00:00,1389.25,1419.73,1385.57,1400.94,1528282.847,2142626174.89797
2023-01-12 04:00:00,1400.94,1405.5,1393.0,1398.7,533905.523,747527698.62594
2023-01-12 08:00:00,1398.73,1403.63,1394.76,1398.3,527575.062,738087631.22108
2023-01-12 12:00:00,1398.3,1410.68,1358.0,1385.66,2809673.731,3907180059.51459
2023-01-12 16:00:00,1385.65,1437.57,1382.92,1425.75,2055871.513,2911046914.04472
2023-01-12 20:00:00,1425.75,1439.36,1413.5,1415.84,817187.768,1165061100.83228
2023-01-13 00:00:00,1415.85,1418.44,1400.7,1414.72,627257.641,883907942.32764
2023-01-13 04:00:00,1414.73,1415.56,1405.24,1408.28,338537.145,477222660.4062
2023-01-13 08:00:00,1408.28,1419.78,1403.56,1409.33,693101.518,978357210.11717
2023-01-13 12:00:00,1409.33,1425.0,1401.11,1421.3,1014776.19,1432647357.81299
2023-01-13 16:00:00,1421.3,1425.6,1406.29,1419.94,918589.955,1301131901.35909
2023-01-13 20:00:00,1419.95,1465.49,1416.84,1450.94,1504476.051,2173269036.47717
2023-01-14 00:00:00,1450.95,1644.92,1448.7,1558.74,2865245.039,4413842463.04767
2023-01-14 04:00:00,1558.74,1559.69,1542.07,1555.29,649741.22,1008998668.86515
2023-01-14 08:00:00,1555.3,1567.25,1505.4,1530.91,1566109.434,2400173241.22913
2023-01-14 12:00:00,1530.91,1548.97,1510.0,1526.36,1159674.112,1775121927.28014
2023-01-14 16:00:00,1526.31,1539.39,1524.03,1530.15,583018.523,892817110.82367
2023-01-14 20:00:00,1530.15,1564.0,1527.5,1550.27,525088.936,811326436.80311
2023-01-15 00:00:00,1550.27,1552.84,1516.02,1527.0,799583.266,1222590400.81952
2023-01-15 04:00:00,1527.0,1531.59,1522.23,1530.54,226169.418,345557197.28455
2023-01-15 08:00:00,1530.54,1536.36,1520.0,1534.4,474460.46,725126527.40356
2023-01-15 12:00:00,1534.41,1563.0,1529.66,1557.66,710419.846,1096389804.4566
2023-01-15 16:00:00,1557.58,1570.0,1533.02,1551.08,1061576.793,1646452668.36152
2023-01-15 20:00:00,1551.08,1563.03,1542.44,1553.47,379030.581,588397204.52904
2023-01-16 00:00:00,1553.48,1586.5,1541.24,1569.58,1171520.551,1836747618.22961
2023-01-16 04:00:00,1569.58,1579.39,1562.71,1566.89,459500.026,722214982.83935
2023-01-16 08:00:00,1566.89,1567.23,1520.0,1543.07,907492.773,1400139949.59615
2023-01-16 12:00:00,1543.07,1555.0,1520.74,1550.46,937983.825,1445884049.0027
2023-01-16 16:00:00,1550.45,1610.5,1546.2,1591.99,1208729.288,1903302552.49027
2023-01-16 20:00:00,1592.0,1600.33,1572.71,1577.11,709965.205,1124712756.39414
2023-01-17 00:00:00,1577.25,1582.95,1540.0,1564.04,781273.894,1221065919.0409
2023-01-17 04:00:00,1564.03,1578.32,1557.45,1563.46,427078.007,669022231.85869
2023-01-17 08:00:00,1563.47,1572.33,1558.03,1569.19,426051.793,666764050.5147
2023-01-17 12:00:00,1569.2,1609.0,1561.0,1571.38,1703475.96,2690950702.37504
2023-01-17 16:00:00,1571.37,1599.6,1564.37,1589.27,749939.918,1186783877.57085
2023-01-17 20:00:00,1589.26,1593.14,1563.55,1565.84,492793.686,777675606.59899
2023-01-18 00:00:00,1565.83,1592.91,1562.72,1581.72,605737.311,956390023.26435
2023-01-18 04:00:00,1581.72,1589.55,1578.46,1583.24,303467.036,480543778.93298
2023-01-18 08:00:00,1583.23,1583.96,1570.81,1575.87,424352.317,669142258.05672
2023-01-18 12:00:00,1575.86,1614.6,1531.8,1550.09,2112433.999,3342480309.31126
2023-01-18 16:00:00,1550.03,1566.9,1501.21,1542.16,2654991.837,4077232815.5666
2023-01-18 20:00:00,1542.17,1544.96,1507.34,1511.66,831432.612,1268665253.75098
2023-01-19 00:00:00,1511.6,1528.59,1509.87,1525.26,455539.703,692692351.95499
2023-01-19 04:00:00,1525.26,1533.05,1525.0,1528.54,283532.093,433606021.63151
2023-01-19 08:00:00,1528.55,1531.93,1516.04,1519.5,400491.927,610326989.2713
2023-01-19 12:00:00,1519.5,1548.53,1512.82,1533.41,1114623.552,1705251036.60611
2023-01-19 16:00:00,1533.42,1555.32,1521.38,1551.74,836492.673,1287307438.17172
2023-01-19 20:00:00,1551.74,1565.0,1544.1,1551.11,570259.065,886121988.7806
2023-01-20 00:00:00,1551.11,1564.0,1545.37,1554.21,421320.209,654680209.77278
2023-01-20 04:00:00,1554.21,1556.88,1541.6,1550.11,420350.888,650808552.44579
2023-01-20 08:00:00,1550.12,1556.09,1544.92,1549.15,327179.652,507341486.85854
2023-01-20 12:00:00,1549.16,1569.98,1548.68,1563.28,833101.649,1299230496.9038
2023-01-20 16:00:00,1563.28,1604.03,1561.01,1600.59,1398495.058,2219579469.33173
2023-01-20 20:00:00,1600.59,1680.0,1600.59,1659.01,1924365.407,3154641028.89068
2023-01-21 00:00:00,1659.01,1680.0,1643.0,1649.77,757162.977,1255981046.64626
2023-01-21 04:00:00,1649.77,1655.93,1645.58,1652.01,300949.325,497082029.98656
2023-01-21 08:00:00,1652.01,1682.44,1615.3,1647.77,1473606.183,2433250254.13029
2023-01-21 12:00:00,1647.76,1668.65,1642.5,1647.71,819983.44,1356902428.03774
2023-01-21 16:00:00,1647.72,1670.0,1646.31,1663.6,619590.627,1026970226.94941
2023-01-21 20:00:00,1663.61,1668.34,1622.6,1627.63,672273.97,1105081218.41917
2023-01-22 00:00:00,1627.63,1637.35,1603.39,1623.49,649883.59,1055239105.6311
2023-01-22 04:00:00,1623.49,1631.82,1621.44,1627.41,290229.938,472370393.50012
2023-01-22 08:00:00,1627.42,1632.51,1618.75,1625.21,375814.349,611092516.17354
2023-01-22 12:00:00,1625.22,1651.58,1616.51,1635.91,856632.208,1401321764.60656
2023-01-22 16:00:00,1635.9,1666.0,1630.0,1636.04,749388.304,1235159197.92615
2023-01-22 20:00:00,1636.04,1637.39,1607.85,1628.14,905630.02,1469462527.00916
2023-01-23 00:00:00,1628.13,1644.29,1626.38,1631.25,402570.615,658875670.89013
2023-01-23 04:00:00,1631.26,1638.74,1628.02,1634.04,289694.137,473502639.15677
2023-01-23 08:00:00,1634.03,1640.56,1630.77,1637.11,354253.888,579594448.13214
2023-01-23 12:00:00,1637.1,1650.0,1585.21,1620.92,1612732.484,2616627374.13563
2023-01-23 16:00:00,1620.93,1641.25,1609.62,1620.04,926175.248,1504384472.54727
2023-01-23 20:00:00,1620.05,1636.92,1618.54,1626.9,384257.857,625896677.61141
2023-01-24 00:00:00,1626.9,1641.89,1623.04,1639.56,452763.185,740053734.29303
2023-01-24 04:00:00,1639.56,1641.6,1633.12,1636.35,224135.51,366964142.88286
2023-01-24 08:00:00,1636.34,1638.11,1613.42,1625.75,677390.537,1100371767.10344
2023-01-24 12:00:00,1625.75,1632.9,1602.09,1620.92,1049929.539,1698654068.67454
2023-01-24 16:00:00,1620.92,1625.23,1606.5,1623.03,531732.12,860267886.75104
2023-01-24 20:00:00,1623.02,1625.15,1530.0,1555.99,1569804.041,2472333881.72158
2023-01-25 00:00:00,1556.0,1557.21,1512.3,1546.41,1043892.065,1607615152.62765
2023-01-25 04:00:00,1546.41,1558.58,1544.52,1552.9,385951.258,598519530.54405
2023-01-25 08:00:00,1552.91,1556.36,1536.86,1545.14,509252.159,787589711.75813
2023-01-25 12:00:00,1545.14,1566.35,1523.32,1543.47,1294091.042,2001967874.67224
2023-01-25 16:00:00,1543.48,1562.28,1540.57,1561.01,639191.902,991139023.90003
2023-01-25 20:00:00,1561.01,1641.18,1561.01,1611.41,2130926.019,3409389745.41692
2023-01-26 00:00:00,1611.44,1633.0,1609.82,1614.87,635615.598,1028983605.99563
2023-01-26 04:00:00,1614.87,1622.07,1589.57,1604.59,545210.438,877939402.76911
2023-01-26 08:00:00,1604.58,1610.46,1591.25,1604.3,489287.882,784599331.88067
2023-01-26 12:00:00,1604.3,1621.0,1582.45,1589.4,1405518.155,2258877654.12037
2023-01-26 16:00:00,1589.39,1607.32,1575.66,1603.38,742049.393,1182317089.56432
2023-01-26 20:00:00,1603.38,1611.7,1593.44,1600.69,418195.863,670479607.4645
2023-01-27 00:00:00,1600.69,1606.33,1551.1,1565.36,835574.275,1315692374.80525
2023-01-27 04:00:00,1565.36,1589.9,1562.4,1584.94,500095.549,788397856.18846
2023-01-27 08:00:00,1584.92,1585.86,1572.33,1578.54,325872.259,514400430.29311
2023-01-27 12:00:00,1578.53,1594.97,1555.3,1574.24,1173504.587,1850985936.17503
2023-01-27 16:00:00,1574.24,1612.99,1573.2,1609.19,784744.923,1252597759.48527
2023-01-27 20:00:00,1609.2,1621.46,1584.7,1597.08,729942.543,1170361479.83664
2023-01-28 00:00:00,1597.08,1606.66,1591.68,1598.56,339630.581,542857660.1667
2023-01-28 04:00:00,1598.57,1602.97,1585.0,1592.24,282557.639,450815412.36666
2023-01-28 08:00:00,1592.23,1593.87,1575.0,1585.8,440622.203,699139109.09425
2023-01-28 12:00:00,1585.8,1585.8,1561.7,1577.97,754701.599,1187641004.45474
2023-01-28 16:00:00,1577.97,1580.66,1568.19,1576.86,270963.971,426822208.10859
2023-01-28 20:00:00,1576.87,1577.21,1555.0,1571.52,390414.261,611356031.76351
2023-01-29 00:00:00,1571.52,1620.0,1565.98,1594.1,1294510.475,2068465278.52185
2023-01-29 04:00:00,1594.1,1599.45,1587.88,1591.99,267997.747,427237714.74789
2023-01-29 08:00:00,1591.99,1622.16,1588.24,1608.86,835906.951,1340897459.86445
2023-01-29 12:00:00,1608.86,1628.0,1602.91,1610.96,736001.948,1187296098.26539
2023-01-29 16:00:00,1610.96,1663.68,1604.85,1654.93,1234179.541,2015827548.16629
2023-01-29 20:00:00,1654.94,1656.71,1626.91,1645.67,730976.873,1202399590.17811
2023-01-30 00:00:00,1645.67,1648.49,1632.17,1639.16,468420.562,768072243.56682
2023-01-30 04:00:00,1639.17,1642.41,1622.3,1628.03,365977.559,597621478.59781
2023-01-30 08:00:00,1628.02,1631.2,1576.68,1581.82,1504090.937,2401701268.88108
2023-01-30 12:00:00,1581.82,1597.43,1565.52,1585.05,1066675.467,1687456506.78413
2023-01-30 16:00:00,1585.04,1590.96,1529.04,1554.16,996659.02,1560234556.57614
2023-01-30 20:00:00,1554.16,1568.06,1536.0,1565.92,630112.452,979788387.0501
2023-01-31 00:00:00,1565.93,1576.68,1561.62,1568.67,445537.088,699356087.51951
2023-01-31 04:00:00,1568.7,1581.7,1561.04,1579.89,364688.264,572630842.25441
2023-01-31 08:00:00,1579.9,1584.04,1565.1,1570.98,397514.778,625009758.34754
2023-01-31 12:00:00,1570.99,1596.24,1570.66,1588.49,869929.056,1377311621.19484
2023-01-31 16:00:00,1588.49,1605.67,1586.29,1597.16,568313.546,905864603.23943
2023-01-31 20:00:00,1597.16,1601.0,1563.86,1585.02,798454.977,1263181625.81265
2023-02-01 00:00:00,1585.02,1593.23,1575.85,1584.43,376620.084,596688729.6691
2023-02-01 04:00:00,1584.43,1585.78,1569.0,1575.05,331315.441,522917025.80929
2023-02-01 08:00:00,1575.05,1583.85,1565.87,1580.6,448730.44,706336323.9488
2023-02-01 12:00:00,1580.61,1590.35,1572.0,1575.2,686011.019,1084738076.84523
2023-02-01 16:00:00,1575.19,1627.38,1554.57,1617.6,1910827.495,3033036787.65263
2023-02-01 20:00:00,1617.61,1648.76,1613.01,1641.8,1342491.8,2195072633.88734
2023-02-02 00:00:00,1641.81,1699.0,1639.32,1671.92,1469411.534,2461080297.85586
2023-02-02 04:00:00,1671.93,1677.51,1660.6,1665.47,445815.681,744388264.09481
2023-02-02 08:00:00,1665.47,1675.89,1663.78,1672.39,345765.429,577585165.48882
2023-02-02 12:00:00,1672.4,1693.94,1649.49,1678.44,1484483.686,2480456664.63177
2023-02-02 16:00:00,1678.44,1717.0,1666.51,1675.21,1392610.6,2351487372.67488
2023-02-02 20:00:00,1675.2,1687.25,1625.0,1643.81,1118734.536,1854435412.79776
2023-02-03 00:00:00,1643.82,1651.0,1630.44,1642.36,582403.369,956247379.28071
2023-02-03 04:00:00,1642.35,1647.83,1636.22,1638.12,316767.475,520101288.31792
2023-02-03 08:00:00,1638.12,1651.94,1630.0,1649.13,455143.672,746931216.68225
2023-02-03 12:00:00,1649.12,1674.84,1622.0,1663.36,1919006.109,3164877747.65596
2023-02-03 16:00:00,1663.37,1677.0,1650.27,1653.02,877375.387,1457550742.72769
2023-02-03 20:00:00,1653.01,1672.1,1642.0,1663.68,462970.194,767460630.15036
2023-02-04 00:00:00,1663.69,1666.0,1650.0,1654.54,289806.931,480812912.95508
2023-02-04 04:00:00,1654.53,1661.14,1645.0,1658.33,282258.896,466511393.36563
2023-02-04 08:00:00,1658.23,1662.7,1651.42,1661.64,257662.817,427261980.36176
2023-02-04 12:00:00,1661.64,1696.99,1660.11,1680.48,1003041.261,1686494970.05483
2023-02-04 16:00:00,1680.47,1686.36,1672.03,1676.16,448763.59,753452128.63162
2023-02-04 20:00:00,1676.16,1691.65,1656.5,1666.44,426510.322,714093055.70425
2023-02-05 00:00:00,1666.44,1671.41,1656.69,1661.26,391104.03,650892395.31233
2023-02-05 04:00:00,1661.26,1672.1,1659.8,1668.04,215480.601,358956690.74856
2023-02-05 08:00:00,1668.04,1674.59,1660.39,1662.44,300550.13,501077686.47562
2023-02-05 12:00:00,1662.44,1664.82,1632.69,1644.57,1019402.222,1681501622.14239
2023-02-05 16:00:00,1644.57,1647.74,1608.0,1618.83,1215082.554,1977673782.9026
2023-02-05 20:00:00,1618.81,1639.8,1611.18,1628.98,458610.694,745586890.86521
2023-02-06 00:00:00,1628.98,1642.52,1617.16,1626.55,375006.186,611716559.98076
2023-02-06 04:00:00,1626.54,1635.42,1607.43,1635.08,496734.405,806071318.3944
2023-02-06 08:00:00,1635.08,1637.99,1622.29,1634.94,443728.414,723624288.20126
2023-02-06 12:00:00,1634.9,1650.0,1619.5,1648.59,932947.719,1522372705.46806
2023-02-06 16:00:00,1648.59,1659.0,1639.47,1648.26,915370.854,1508838518.09257
2023-02-06 20:00:00,1648.26,1649.5,1602.0,1613.9,741851.624,1204235643.39042
2023-02-07 00:00:00,1613.89,1635.0,1612.49,1632.86,389035.247,631933738.1325
2023-02-07 04:00:00,1632.86,1637.5,1630.25,1631.51,278708.167,455258697.40562
2023-02-07 08:00:00,1631.51,1648.0,1628.0,1640.39,481760.712,789672166.47571
2023-02-07 12:00:00,1640.4,1644.52,1626.03,1630.43,504589.457,825755821.42065
2023-02-07 16:00:00,1630.44,1679.03,1623.72,1656.42,2192221.97,3617558372.11281
2023-02-07 20:00:00,1656.43,1677.99,1650.16,1670.51,678701.156,1130361256.84579
2023-02-08 00:00:00,1670.5,1699.0,1667.43,1680.33,747128.242,1257016560.88986
2023-02-08 04:00:00,1680.34,1682.6,1671.39,1677.4,275654.08,462131877.79179
2023-02-08 08:00:00,1677.4,1677.72,1667.67,1674.11,357369.086,597650696.94838
2023-02-08 12:00:00,1674.12,1683.12,1651.57,1653.69,1052672.579,1755037905.47688
2023-02-08 16:00:00,1653.68,1660.0,1631.0,1647.71,1289872.793,2123485193.01918
2023-02-08 20:00:00,1647.71,1656.2,1636.22,1650.26,422389.648,695808383.40092
2023-02-09 00:00:00,1650.26,1656.2,1608.1,1618.97,1053422.378,1716212795.27151
2023-02-09 04:00:00,1618.97,1636.95,1610.16,1629.98,590116.74,959468170.86146
2023-02-09 08:00:00,1629.99,1639.99,1629.98,1632.9,330837.153,540476714.24491
2023-02-09 12:00:00,1632.89,1649.0,1625.44,1632.25,921017.946,1508015479.9222
2023-02-09 16:00:00,1632.24,1633.75,1556.01,1579.08,1943319.514,3109763439.81556
2023-02-09 20:00:00,1579.08,1581.87,1522.0,1544.68,1765427.116,2736983739.28095
2023-02-10 00:00:00,1544.67,1554.0,1541.1,1542.78,508218.188,786450649.4542
2023-02-10 04:00:00,1542.78,1552.0,1527.85,1550.68,644149.624,993070457.63508
2023-02-10 08:00:00,1550.68,1553.8,1533.01,1536.61,529874.507,818425841.69652
2023-02-10 12:00:00,1536.59,1547.6,1503.0,1521.56,1350202.456,2067704174.32315
2023-02-10 16:00:00,1521.56,1539.16,1513.92,1533.94,912607.998,1391754771.52752
2023-02-10 20:00:00,1533.94,1534.91,1486.28,1512.26,960411.907,1451037257.82373
2023-02-11 00:00:00,1512.25,1523.22,1506.8,1519.85,405899.581,614816566.35449
2023-02-11 04:00:00,1519.84,1522.78,1513.97,1519.86,195156.048,296298244.52497
2023-02-11 08:00:00,1519.86,1525.6,1515.0,1519.41,277050.865,421126775.39824
2023-02-11 12:00:00,1519.41,1526.18,1513.23,1521.94,368872.602,560990550.19716
2023-02-11 16:00:00,1521.94,1522.14,1502.83,1518.0,357967.456,542343441.12431
2023-02-11 20:00:00,1518.0,1542.82,1515.81,1537.65,498926.701,764318171.92975
2023-02-12 00:00:00,1537.64,1538.57,1529.05,1530.45,227536.946,348978714.96971
2023-02-12 04:00:00,1530.44,1533.97,1528.03,1530.09,147213.038,225419197.04216
2023-02-12 08:00:00,1530.1,1539.95,1530.07,1532.5,280342.549,430095616.24344
2023-02-12 12:00:00,1532.5,1540.98,1520.0,1535.28,606734.758,927906120.7068
2023-02-12 16:00:00,1535.29,1547.7,1533.43,1538.58,456587.443,703526871.3573
2023-02-12 20:00:00,1538.58,1541.39,1491.0,1514.49,931208.677,1408082050.3095
2023-02-13 00:00:00,1514.48,1524.2,1495.65,1516.24,772208.201,1166332822.85208
2023-02-13 04:00:00,1516.25,1526.1,1515.25,1521.75,392181.357,596010675.67854
2023-02-13 08:00:00,1521.75,1522.5,1463.01,1485.64,1945216.354,2895564341.86192
2023-02-13 12:00:00,1485.65,1491.72,1474.53,1475.18,856303.706,1270306600.06335
2023-02-13 16:00:00,1475.18,1493.64,1460.0,1490.15,1374995.659,2031300219.99847
2023-02-13 20:00:00,1490.15,1509.84,1481.3,1504.85,577253.991,862779267.66757
2023-02-14 00:00:00,1504.86,1508.07,1493.14,1497.58,389218.183,583930279.85666
2023-02-14 04:00:00,1497.59,1507.49,1495.75,1505.36,287408.235,431671383.14265
2023-02-14 08:00:00,1505.35,1519.37,1496.28,1507.05,604242.26,910789934.01653
2023-02-14 12:00:00,1507.04,1568.98,1470.0,1544.21,3611996.271,5511099338.69805
2023-02-14 16:00:00,1544.22,1564.62,1533.01,1559.42,1169646.346,1809727748.38601
2023-02-14 20:00:00,1559.42,1563.58,1548.35,1554.94,472810.867,735384893.08951
2023-02-15 00:00:00,1554.94,1556.86,1541.77,1548.4,356257.168,551592888.45683
2023-02-15 04:00:00,1548.39,1551.73,1543.5,1546.55,262699.509,406749570.1662
2023-02-15 08:00:00,1546.55,1579.0,1543.4,1571.62,719972.315,1123230923.38182
2023-02-15 12:00:00,1571.62,1595.0,1565.01,1578.47,1504027.417,2375207466.42975
2023-02-15 16:00:00,1578.47,1629.7,1572.43,1628.3,1303261.391,2082821031.66852
2023-02-15 20:00:00,1628.29,1684.1,1623.46,1675.0,1819251.491,3018730035.23845
2023-02-16 00:00:00,1674.99,1715.0,1672.59,1692.0,1156363.595,1958328849.08546
2023-02-16 04:00:00,1692.01,1698.47,1675.55,1683.22,719004.243,1213592700.22949
2023-02-16 08:00:00,1683.22,1693.88,1679.31,1683.76,490949.996,827285970.24842
2023-02-16 12:00:00,1683.77,1729.8,1666.0,1724.91,1903377.86,3219300750.33961
2023-02-16 16:00:00,1724.9,1744.5,1688.0,1711.22,1774037.308,3043739215.03021
2023-02-16 20:00:00,1711.23,1711.65,1634.02,1639.0,1767980.181,2949044738.88424
2023-02-17 00:00:00,1638.99,1670.48,1631.31,1663.75,787632.104,1302263569.086
2023-02-17 04:00:00,1663.76,1665.66,1651.44,1653.69,467247.94,774914195.75711
2023-02-17 08:00:00,1653.68,1675.87,1647.77,1666.34,591450.287,983120202.27546
2023-02-17 12:00:00,1666.34,1683.34,1645.48,1673.17,1474304.723,2458292328.96661
2023-02-17 16:00:00,1673.17,1710.0,1662.09,1706.42,1497623.45,2530720571.08921
2023-02-17 20:00:00,1706.43,1722.62,1669.84,1694.12,1139170.525,1936879102.74349
2023-02-18 00:00:00,1694.1,1705.0,1692.6,1699.83,355885.798,604278691.24128
2023-02-18 04:00:00,1699.83,1704.54,1686.11,1691.12,321085.102,544667904.83711
2023-02-18 08:00:00,1691.11,1695.97,1685.87,1691.86,281322.265,475846323.39501
2023-02-18 12:00:00,1691.86,1699.89,1686.93,1695.31,415658.797,704688589.27574
2023-02-18 16:00:00,1695.32,1715.0,1680.49,1688.16,586187.296,994433604.17554
2023-02-18 20:00:00,1688.11,1694.29,1679.13,1691.66,228160.056,384824017.08348
2023-02-19 00:00:00,1691.65,1701.98,1689.39,1695.41,252530.509,428152575.35801
2023-02-19 04:00:00,1695.41,1710.62,1692.2,1693.42,471094.015,800737248.32977
2023-02-19 08:00:00,1693.43,1701.04,1690.63,1695.33,238664.945,404572298.32846
2023-02-19 12:00:00,1695.33,1725.0,1694.51,1711.87,749071.301,1279197109.9043
2023-02-19 16:00:00,1711.86,1729.58,1675.07,1684.89,1311676.156,2225312016.32008
2023-02-19 20:00:00,1684.9,1689.68,1666.0,1680.31,572596.539,962210248.5616
2023-02-20 00:00:00,1680.46,1687.78,1650.0,1684.5,822702.816,1374258131.57359
2023-02-20 04:00:00,1684.51,1698.54,1683.83,1695.86,442175.516,747866100.69747
2023-02-20 08:00:00,1695.85,1720.39,1688.52,1713.84,972998.724,1662409514.81327
2023-02-20 12:00:00,1713.87,1716.28,1696.0,1707.28,930305.243,1588984442.74166
2023-02-20 16:00:00,1707.29,1712.01,1685.0,1709.94,759200.089,1289210671.58443
2023-02-20 20:00:00,1709.95,1712.98,1692.1,1703.7,285568.554,486268226.97606
2023-02-21 00:00:00,1703.71,1716.99,1697.99,1703.09,508825.603,868670175.1074
2023-02-21 04:00:00,1703.09,1711.44,1694.84,1704.26,429736.445,730944870.27938
2023-02-21 08:00:00,1704.26,1714.64,1665.0,1669.29,1378799.916,2321377249.65754
2023-02-21 12:00:00,1669.3,1684.93,1656.5,1671.83,1001437.908,1674713206.09053
2023-02-21 16:00:00,1671.83,1686.8,1655.0,1671.89,802334.102,1340427706.15466
2023-02-21 20:00:00,1671.89,1674.26,1635.0,1659.2,857370.625,1415686362.48468
2023-02-22 00:00:00,1659.2,1667.62,1620.0,1649.08,1025302.996,1685477273.25481
2023-02-22 04:00:00,1649.08,1649.91,1631.06,1643.92,566811.706,929489179.79066
2023-02-22 08:00:00,1643.9,1645.94,1624.81,1644.2,703408.301,1151366837.98322
2023-02-22 12:00:00,1644.2,1650.0,1604.1,1612.69,1510539.225,2457627386.09719
2023-02-22 16:00:00,1612.69,1629.59,1591.17,1615.16,1277326.909,2059379516.7866
2023-02-22 20:00:00,1615.16,1644.83,1609.0,1642.01,591100.478,962339755.04131
2023-02-23 00:00:00,1642.01,1678.56,1636.43,1666.91,883418.214,1465790727.19666
2023-02-23 04:00:00,1666.91,1671.0,1658.44,1665.67,395800.072,659219496.47763
2023-02-23 08:00:00,1665.66,1672.63,1630.8,1636.61,963603.563,1590913781.47451
2023-02-23 12:00:00,1636.61,1671.31,1627.64,1655.09,1664603.164,2752984978.02563
2023-02-23 16:00:00,1655.1,1661.73,1631.0,1652.3,947008.673,1561578023.46757
2023-02-23 20:00:00,1652.3,1658.37,1638.0,1649.69,354669.68,584690337.0204
2023-02-24 00:00:00,1649.68,1664.44,1644.95,1648.65,420565.784,695250501.56646
2023-02-24 04:00:00,1648.67,1655.46,1640.39,1650.75,359813.365,592710888.12382
2023-02-24 08:00:00,1650.74,1657.27,1641.87,1646.6,445441.157,734490814.51467
2023-02-24 12:00:00,1646.59,1653.78,1597.83,1602.18,1733327.562,2819798483.80198
2023-02-24 16:00:00,1602.18,1611.11,1572.0,1610.08,1490289.998,2371374860.24761
2023-02-24 20:00:00,1610.09,1622.91,1592.7,1607.12,677092.945,1089842427.0703
2023-02-25 00:00:00,1607.11,1608.34,1594.41,1598.05,269795.611,432119991.29887
2023-02-25 04:00:00,1598.06,1603.61,1592.42,1603.2,240033.409,383622938.35049
2023-02-25 08:00:00,1603.21,1606.67,1595.37,1599.48,345203.182,552535113.35025
2023-02-25 12:00:00,1599.49,1603.25,1591.82,1596.36,386130.971,617045627.42284
2023-02-25 16:00:00,1596.37,1600.0,1575.0,1584.0,533956.801,848011220.12397
2023-02-25 20:00:00,1584.01,1596.72,1556.08,1593.59,747017.156,1177139143.5549
2023-02-26 00:00:00,1593.6,1605.71,1586.35,1601.89,333547.942,532294879.58992
2023-02-26 04:00:00,1601.9,1602.69,1595.23,1598.99,201014.78,321529566.91266
2023-02-26 08:00:00,1599.0,1606.59,1596.35,1603.25,249538.49,399728005.56797
2023-02-26 12:00:00,1603.25,1615.07,1594.15,1604.63,475995.904,763329916.28917
2023-02-26 16:00:00,1604.64,1635.99,1597.51,1632.69,768822.02,1245191150.62729
2023-02-26 20:00:00,1632.69,1652.91,1621.77,1640.49,794908.786,1302677696.00489
2023-02-27 00:00:00,1640.51,1649.83,1631.33,1639.67,390397.785,640307919.61335
2023-02-27 04:00:00,1639.67,1640.17,1630.29,1635.59,331405.762,542091211.32803
2023-02-27 08:00:00,1635.59,1642.94,1631.27,1640.48,386922.986,633362381.50151
2023-02-27 12:00:00,1640.48,1664.97,1635.0,1643.44,1321230.998,2183370517.93498
2023-02-27 16:00:00,1643.43,1645.9,1615.0,1621.22,1208926.734,1968974586.30574
2023-02-27 20:00:00,1621.22,1635.71,1606.71,1632.6,556199.412,902472578.97689
2023-02-28 00:00:00,1632.61,1635.33,1626.01,1632.04,283863.191,462868844.55774
2023-02-28 04:00:00,1632.05,1632.13,1617.19,1618.5,349133.469,567454305.04107
2023-02-28 08:00:00,1618.5,1631.47,1615.6,1628.87,421663.757,684351222.03343
2023-02-28 12:00:00,1628.87,1646.99,1627.85,1640.41,1025190.397,1677831927.25833
2023-02-28 16:00:00,1640.4,1645.8,1621.81,1627.43,622747.81,1018990006.16757
2023-02-28 20:00:00,1627.42,1632.93,1595.0,1604.72,961739.695,1549641198.67369
2023-03-01 00:00:00,1604.73,1639.99,1593.03,1637.68,849560.214,1374250872.54172
2023-03-01 04:00:00,1637.69,1661.53,1635.0,1650.33,815390.314,1346512766.17205
2023-03-01 08:00:00,1650.34,1669.76,1648.36,1655.8,475226.47,786955990.57058
2023-03-01 12:00:00,1655.8,1670.0,1645.55,1657.03,1002529.374,1659366131.56709
2023-03-01 16:00:00,1657.03,1659.98,1630.11,1634.43,734277.63,1210287095.62881
2023-03-01 20:00:00,1634.42,1666.0,1630.49,1664.46,578468.373,954368769.53322
2023-03-02 00:00:00,1664.47,1677.74,1643.35,1647.21,806651.614,1336976763.73246
2023-03-02 04:00:00,1647.2,1651.05,1638.22,1643.78,394142.376,648132606.30811
2023-03-02 08:00:00,1643.79,1648.56,1636.57,1643.96,467304.486,767450441.71794
2023-03-02 12:00:00,1643.95,1644.7,1617.83,1627.45,1139133.049,1855941409.37973
2023-03-02 16:00:00,1627.45,1651.78,1620.27,1647.63,744339.778,1217167927.32329
2023-03-02 20:00:00,1647.63,1657.76,1639.2,1647.29,438567.063,722390608.73545
2023-03-03 00:00:00,1647.29,1648.78,1534.85,1564.53,2144332.081,3378244759.43068
2023-03-03 04:00:00,1564.53,1576.0,1561.5,1567.01,583816.15,915375899.59009
2023-03-03 08:00:00,1567.01,1573.7,1563.0,1563.83,360182.559,564531470.16415
2023-03-03 12:00:00,1563.83,1580.0,1558.14,1566.06,901654.587,1414691466.25415
2023-03-03 16:00:00,1566.07,1574.43,1546.93,1564.63,657077.351,1027049376.66181
2023-03-03 20:00:00,1564.64,1570.7,1546.0,1568.86,564875.866,880902643.25595
2023-03-04 00:00:00,1568.85,1577.0,1567.78,1570.09,294740.213,463195556.52993
2023-03-04 04:00:00,1570.09,1572.5,1561.83,1568.0,245186.856,384480865.7299
2023-03-04 08:00:00,1567.99,1570.53,1565.56,1568.49,169977.267,266547446.75879
2023-03-04 12:00:00,1568.49,1571.54,1560.28,1561.21,266899.085,418158615.42342
2023-03-04 16:00:00,1561.22,1564.98,1555.63,1558.89,302042.011,471548617.31884
2023-03-04 20:00:00,1558.9,1568.04,1548.0,1566.05,535955.412,835009014.27312
2023-03-05 00:00:00,1566.05,1588.08,1552.07,1567.01,962168.372,1512935886.47033
2023-03-05 04:00:00,1567.01,1572.94,1566.89,1567.84,219492.544,344474822.69599
2023-03-05 08:00:00,1567.83,1572.68,1563.13,1567.93,266161.707,417428092.50362
2023-03-05 12:00:00,1567.92,1573.74,1567.23,1568.36,304356.731,477818570.94606
2023-03-05 16:00:00,1568.35,1571.25,1562.0,1565.33,201338.207,315534212.16401
2023-03-05 20:00:00,1565.32,1578.0,1555.01,1564.06,550630.885,862134657.89597
2023-03-06 00:00:00,1564.06,1572.4,1554.63,1561.97,617501.6,964708585.68789
2023-03-06 04:00:00,1561.97,1564.69,1553.29,1560.27,300415.661,468575813.4128
2023-03-06 08:00:00,1560.28,1567.8,1556.75,1562.75,336759.507,526522513.93481
2023-03-06 12:00:00,1562.75,1583.19,1560.74,1577.11,618636.957,972069684.88965
2023-03-06 16:00:00,1577.1,1580.2,1560.95,1565.33,551358.181,866421929.34728
2023-03-06 20:00:00,1565.33,1570.75,1558.31,1565.17,327146.539,511970402.09694
2023-03-07 00:00:00,1565.17,1584.0,1560.48,1574.32,462918.626,727845036.84045
2023-03-07 04:00:00,1574.33,1576.16,1570.0,1570.73,199166.187,313234079.49619
2023-03-07 08:00:00,1570.73,1570.87,1561.47,1562.72,396712.746,621207561.31251
2023-03-07 12:00:00,1562.73,1572.32,1524.0,1560.08,1685558.799,2621684927.82217
2023-03-07 16:00:00,1560.07,1565.0,1546.19,1550.52,802527.857,1248853149.31218
2023-03-07 20:00:00,1550.52,1563.0,1542.0,1561.29,601046.64,931860986.48785
2023-03-08 00:00:00,1561.3,1570.0,1557.0,1561.61,449467.849,703094302.47168
2023-03-08 04:00:00,1561.61,1562.94,1547.1,1550.52,504218.396,783398575.68755
2023-03-08 08:00:00,1550.52,1561.33,1548.7,1556.68,330657.954,514397197.23904
2023-03-08 12:00:00,1556.68,1565.35,1540.1,1559.5,1240233.524,1926867075.10222
2023-03-08 16:00:00,1559.5,1564.56,1547.7,1552.14,527925.437,821045258.95846
2023-03-08 20:00:00,1552.14,1560.86,1520.0,1531.82,910939.436,1405180897.6949
2023-03-09 00:00:00,1531.81,1544.72,1530.28,1541.22,446583.133,686406927.97322
2023-03-09 04:00:00,1541.21,1541.31,1535.14,1536.49,227295.018,349610092.51413
2023-03-09 08:00:00,1536.49,1538.66,1523.55,1534.77,586824.699,899202175.95262
2023-03-09 12:00:00,1534.77,1545.78,1526.19,1533.09,811489.513,1247070400.34652
2023-03-09 16:00:00,1533.1,1537.0,1480.0,1487.82,1908574.488,2881360505.32176
2023-03-09 20:00:00,1487.83,1488.96,1402.8,1436.42,2599926.259,3757490323.97344
2023-03-10 00:00:00,1436.42,1436.73,1408.72,1425.68,1315326.418,1873238716.19456
2023-03-10 04:00:00,1425.68,1425.95,1388.74,1411.39,1386244.966,1954637837.77224
2023-03-10 08:00:00,1411.4,1412.51,1367.51,1383.86,1640981.403,2277467854.25661
2023-03-10 12:00:00,1383.86,1434.04,1381.0,1416.42,3060017.712,4300292519.8312
2023-03-10 16:00:00,1416.42,1438.17,1399.66,1422.73,1672752.187,2366466224.51345
2023-03-10 20:00:00,1422.74,1433.0,1405.5,1425.79,863154.247,1226721211.33683
2023-03-11 00:00:00,1425.8,1475.45,1423.89,1457.55,1827004.779,2656357244.07761
2023-03-11 04:00:00,1457.55,1465.98,1413.4,1415.74,1314589.204,1901761412.12536
2023-03-11 08:00:00,1415.72,1451.0,1407.48,1426.33,1567046.208,2237794888.76074
2023-03-11 12:00:00,1426.33,1435.66,1425.02,1427.47,586081.147,838302920.54781
2023-03-11 16:00:00,1427.47,1456.83,1420.98,1448.33,1036555.237,1495224613.78976
2023-03-11 20:00:00,1448.32,1478.0,1448.28,1471.03,824332.118,1205715409.27829
2023-03-12 00:00:00,1471.03,1473.2,1452.5,1465.82,662825.126,970000168.5839
2023-03-12 04:00:00,1465.82,1470.68,1452.77,1459.0,351489.374,513919560.00636
2023-03-12 08:00:00,1458.99,1466.92,1457.69,1464.16,393278.8,575182584.9174
2023-03-12 12:00:00,1464.16,1465.77,1446.65,1454.99,753721.808,1097587826.05418
2023-03-12 16:00:00,1454.99,1549.0,1452.78,1512.07,2531088.544,3833399062.3029
2023-03-12 20:00:00,1512.14,1597.29,1510.53,1579.26,2117457.36,3298995886.64754
2023-03-13 00:00:00,1579.26,1623.86,1572.52,1587.75,1492023.522,2381626241.80535
2023-03-13 04:00:00,1587.74,1616.0,1587.38,1606.15,813111.148,1301013449.0139
2023-03-13 08:00:00,1606.14,1607.69,1564.18,1580.62,1372528.592,2171354728.15649
2023-03-13 12:00:00,1580.62,1700.0,1571.68,1666.3,3826277.841,6241851709.11184
2023-03-13 16:00:00,1666.31,1687.0,1647.61,1678.62,1428062.053,2383419010.27216
2023-03-13 20:00:00,1678.61,1681.98,1661.16,1673.9,505873.059,845363411.86357
2023-03-14 00:00:00,1673.91,1684.52,1663.37,1676.92,653898.342,1094064108.8592
2023-03-14 04:00:00,1676.97,1695.76,1658.49,1666.62,795214.161,1331311799.72237
2023-03-14 08:00:00,1666.63,1689.55,1655.0,1683.15,819643.647,1371539500.85313
2023-03-14 12:00:00,1683.14,1779.05,1670.0,1770.28,3377594.164,5862616353.31503
2023-03-14 16:00:00,1770.29,1776.0,1688.23,1721.45,2070357.355,3591749258.52445
2023-03-14 20:00:00,1721.43,1728.4,1660.12,1699.93,1322126.192,2245567047.98615
2023-03-15 00:00:00,1699.93,1718.34,1682.08,1703.07,881431.944,1501962990.14625
2023-03-15 04:00:00,1703.07,1709.19,1693.42,1706.1,363237.008,618301518.63101
2023-03-15 08:00:00,1706.11,1706.45,1650.0,1680.42,1176369.768,1973795502.00776
2023-03-15 12:00:00,1680.42,1699.6,1626.33,1634.44,2772320.135,4607262105.35904
2023-03-15 16:00:00,1634.43,1655.69,1611.63,1648.19,1868448.58,3050473698.84225
2023-03-15 20:00:00,1648.19,1664.42,1638.0,1649.81,554286.266,914703580.61001
2023-03-16 00:00:00,1649.82,1659.49,1632.0,1645.67,591964.95,974411995.04463
2023-03-16 04:00:00,1645.67,1659.76,1636.3,1654.84,550478.36,907191573.49391
2023-03-16 08:00:00,1654.84,1670.9,1638.0,1659.72,903232.017,1495400311.96649
2023-03-16 12:00:00,1659.72,1665.98,1634.27,1662.11,1202050.4,1986558927.28641
2023-03-16 16:00:00,1662.11,1693.0,1651.4,1679.07,812701.935,1354538915.27427
2023-03-16 20:00:00,1679.08,1682.5,1651.18,1672.56,539072.815,899206817.03152
2023-03-17 00:00:00,1672.57,1725.0,1661.57,1707.73,1141521.095,1937622607.99173
2023-03-17 04:00:00,1707.73,1730.0,1695.01,1715.29,776243.898,1328630624.09788
2023-03-17 08:00:00,1715.3,1764.99,1710.19,1760.64,1255259.513,2177281297.49139
2023-03-17 12:00:00,1760.64,1761.69,1702.47,1716.97,1297126.261,2241452064.18985
2023-03-17 16:00:00,1716.97,1744.0,1709.25,1743.71,791626.498,1366407712.25087
2023-03-17 20:00:00,1743.72,1801.22,1731.3,1789.21,1432981.494,2532634771.16551
2023-03-18 00:00:00,1789.21,1833.54,1767.0,1810.5,1275448.605,2306755477.48369
2023-03-18 04:00:00,1810.5,1822.0,1801.0,1814.29,428096.407,775370539.71737
2023-03-18 08:00:00,1814.29,1818.11,1790.55,1813.16,582328.477,1052384094.80504
2023-03-18 12:00:00,1813.16,1846.15,1774.34,1785.73,1191386.671,2155688705.664
2023-03-18 16:00:00,1785.73,1804.9,1745.0,1789.88,1328437.197,2364971011.37199
2023-03-18 20:00:00,1789.87,1802.1,1750.23,1758.52,669400.146,1186329390.79774
2023-03-19 00:00:00,1758.52,1786.34,1757.8,1782.1,409724.118,727401421.95046
2023-03-19 04:00:00,1782.09,1786.72,1761.29,1774.79,374629.283,664620379.48631
2023-03-19 08:00:00,1774.79,1788.97,1765.18,1784.2,482030.407,856038457.28578
2023-03-19 12:00:00,1784.2,1815.17,1772.55,1792.79,950673.233,1701187354.73823
2023-03-19 16:00:00,1792.78,1841.96,1791.0,1820.9,1464227.092,2660756075.94932
2023-03-19 20:00:00,1820.9,1827.89,1772.87,1779.99,944785.838,1700881669.73993
2023-03-20 00:00:00,1779.98,1784.99,1740.14,1750.61,1092613.072,1928273351.94952
2023-03-20 04:00:00,1750.6,1793.34,1734.2,1791.16,739981.578,1305595384.40632
2023-03-20 08:00:00,1791.16,1803.37,1765.31,1778.37,990572.906,1766353448.01502
2023-03-20 12:00:00,1778.37,1782.03,1751.11,1762.03,964826.566,1704210627.86394
2023-03-20 16:00:00,1762.02,1768.02,1740.03,1751.9,969781.677,1701233379.70926
2023-03-20 20:00:00,1751.92,1761.55,1722.1,1731.71,615274.646,1072131974.45654
2023-03-21 00:00:00,1731.71,1757.25,1727.95,1745.52,473709.862,827023610.40426
2023-03-21 04:00:00,1745.52,1753.71,1716.0,1729.11,600694.222,1041750880.43983
2023-03-21 08:00:00,1729.11,1767.99,1723.8,1760.47,723125.061,1264164435.6891
2023-03-21 12:00:00,1760.47,1836.0,1757.39,1811.51,2145884.82,3873423617.43608
2023-03-21 16:00:00,1811.52,1825.99,1772.31,1789.85,1284075.613,2309960384.11639
2023-03-21 20:00:00,1790.0,1805.0,1780.85,1800.14,392254.834,703567942.74533
2023-03-22 00:00:00,1800.13,1806.86,1776.66,1798.54,459767.258,824508593.98751
2023-03-22 04:00:00,1798.54,1807.13,1785.96,1791.73,331098.673,594978078.84651
2023-03-22 08:00:00,1791.73,1793.61,1780.02,1784.53,445840.782,796842231.95431
2023-03-22 12:00:00,1784.52,1819.4,1782.5,1805.26,1208610.587,2180129127.26593
2023-03-22 16:00:00,1805.26,1810.6,1709.0,1716.12,2781043.03,4919207942.306
2023-03-22 20:00:00,1716.11,1737.68,1710.0,1733.61,808075.986,1393255386.51048
2023-03-23 00:00:00,1733.61,1744.52,1728.5,1736.42,398653.193,692103854.48691
2023-03-23 04:00:00,1736.43,1752.87,1729.09,1750.07,470673.769,821126097.69701
2023-03-23 08:00:00,1750.07,1758.78,1744.1,1753.81,370561.57,648855072.68165
2023-03-23 12:00:00,1753.81,1860.0,1740.01,1837.44,2131320.208,3844709407.71569
2023-03-23 16:00:00,1837.44,1841.4,1791.65,1820.01,1365184.966,2480469711.59585
2023-03-23 20:00:00,1820.07,1820.96,1802.71,1813.27,462192.467,837370385.69186
2023-03-24 00:00:00,1813.26,1818.17,1805.57,1811.38,273897.913,496531637.15657
2023-03-24 04:00:00,1811.38,1817.12,1802.34,1814.66,267185.764,483721313.43187
2023-03-24 08:00:00,1814.67,1816.16,1720.0,1744.38,1184751.757,2105709897.90891
2023-03-24 12:00:00,1744.37,1785.98,1740.45,1765.87,1486352.725,2623555748.17166
2023-03-24 16:00:00,1765.87,1769.35,1725.0,1763.0,1063035.216,1858574590.96764
2023-03-24 20:00:00,1762.99,1764.0,1727.54,1748.77,637270.377,1111428002.3574
2023-03-25 00:00:00,1748.77,1761.88,1745.45,1755.38,260623.792,457156625.68981
2023-03-25 04:00:00,1755.38,1757.69,1740.79,1746.35,256848.91,449253046.32019
2023-03-25 08:00:00,1746.36,1749.93,1734.72,1744.23,306632.926,534771039.05718
2023-03-25 12:00:00,1744.23,1763.7,1737.16,1753.71,491898.462,860835203.10014
2023-03-25 16:00:00,1753.7,1757.21,1713.5,1716.3,666069.039,1154694434.31241
2023-03-25 20:00:00,1716.3,1743.0,1712.02,1741.02,356390.423,616929817.41162
2023-03-26 00:00:00,1741.02,1756.31,1738.29,1749.0,317049.968,554523994.72043
2023-03-26 04:00:00,1748.99,1754.99,1745.1,1751.57,177199.251,310127162.51368
2023-03-26 08:00:00,1751.58,1787.48,1748.78,1777.05,751440.919,1332204610.56584
2023-03-26 12:00:00,1777.05,1800.0,1750.32,1761.98,960219.69,1704816015.29436
2023-03-26 16:00:00,1761.98,1771.0,1753.54,1764.99,290955.175,512971416.50703
2023-03-26 20:00:00,1765.0,1782.31,1753.26,1772.63,392894.741,694794856.01086
2023-03-27 00:00:00,1772.63,1779.79,1757.29,1764.13,357665.068,632170072.87382
2023-03-27 04:00:00,1764.13,1767.11,1745.19,1751.29,381206.421,668703802.62617
2023-03-27 08:00:00,1751.29,1769.68,1748.44,1764.78,388359.035,683836115.70642
2023-03-27 12:00:00,1764.79,1768.78,1684.0,1710.39,1961097.123,3383878945.17602
2023-03-27 16:00:00,1710.39,1731.6,1700.04,1703.71,821907.658,1410030634.60738
2023-03-27 20:00:00,1703.71,1716.69,1695.0,1714.35,396347.163,676891325.44127
2023-03-28 00:00:00,1714.34,1726.97,1700.55,1710.86,424878.657,727665633.89755
2023-03-28 04:00:00,1710.86,1736.35,1708.59,1723.47,468583.705,807968324.43352
2023-03-28 08:00:00,1723.47,1754.52,1708.61,1744.91,811216.593,1402558223.92021
2023-03-28 12:00:00,1744.91,1751.18,1729.33,1743.0,927802.741,1614511291.74003
2023-03-28 16:00:00,1742.99,1797.19,1724.4,1785.43,1150678.277,2025558145.54682
2023-03-28 20:00:00,1785.42,1790.0,1761.0,1772.09,383954.15,681116015.95944
2023-03-29 00:00:00,1772.11,1788.53,1771.66,1777.41,359302.01,638996881.82679
2023-03-29 04:00:00,1777.42,1819.0,1777.41,1804.26,919040.437,1654316115.75646
2023-03-29 08:00:00,1804.26,1828.58,1798.17,1810.84,846372.899,1536215295.88047
2023-03-29 12:00:00,1810.84,1815.95,1791.34,1807.08,761361.5,1373629613.80711
2023-03-29 16:00:00,1807.08,1811.98,1790.59,1808.35,432089.192,777958636.09974
2023-03-29 20:00:00,1808.35,1808.87,1782.0,1791.89,407190.718,730534945.7565
2023-03-30 00:00:00,1791.89,1829.88,1763.0,1786.5,1448555.416,2602788821.82395
2023-03-30 04:00:00,1786.5,1813.07,1784.23,1805.55,511381.042,919359036.0413
2023-03-30 08:00:00,1805.55,1807.83,1792.0,1803.93,347975.343,626666507.94155
2023-03-30 12:00:00,1803.92,1805.0,1782.18,1788.58,644765.651,1156657140.9656
2023-03-30 16:00:00,1788.49,1791.99,1760.84,1780.72,780242.476,1385862764.72462
2023-03-30 20:00:00,1780.72,1798.0,1777.59,1792.77,431054.79,771614375.07643
2023-03-31 00:00:00,1792.76,1817.21,1788.38,1802.25,544460.958,982362782.7639
2023-03-31 04:00:00,1802.25,1808.33,1777.0,1794.4,513231.55,919800441.13018
2023-03-31 08:00:00,1794.4,1799.71,1785.03,1792.26,399755.363,716416711.86481
2023-03-31 12:00:00,1792.26,1848.0,1789.04,1829.91,1671244.637,3050985029.06199
2023-03-31 16:00:00,1829.91,1834.49,1817.69,1828.49,517817.806,945375948.03637
2023-03-31 20:00:00,1828.49,1829.52,1813.22,1820.81,311700.269,568051105.68928
2023-04-01 00:00:00,1820.81,1842.8,1819.0,1825.6,357308.196,653576560.77655
2023-04-01 04:00:00,1825.6,1829.2,1811.2,1823.28,317191.249,577702592.51088
2023-04-01 08:00:00,1823.28,1828.12,1820.0,1823.45,212140.58,387160429.83125
2023-04-01 12:00:00,1823.44,1826.44,1813.0,1819.74,295042.709,537133689.04916
2023-04-01 16:00:00,1819.73,1823.99,1805.5,1814.14,288367.212,523519920.3918
2023-04-01 20:00:00,1814.14,1824.96,1813.8,1819.82,205301.874,373632061.80393
2023-04-02 00:00:00,1819.83,1823.03,1808.38,1817.01,236500.559,429188830.93966
2023-04-02 04:00:00,1817.01,1824.6,1813.0,1819.82,191276.908,347990403.60846
2023-04-02 08:00:00,1819.82,1823.0,1814.0,1816.51,182440.732,331728970.01713
2023-04-02 12:00:00,1816.5,1818.8,1787.03,1796.62,693761.152,1251469658.01061
2023-04-02 16:00:00,1796.61,1803.03,1770.0,1780.62,521749.281,933924602.00325
2023-04-02 20:00:00,1780.61,1794.94,1776.34,1793.56,366877.394,655408683.67675
2023-04-03 00:00:00,1793.55,1793.79,1761.25,1777.45,498736.092,885193699.82217
2023-04-03 04:00:00,1777.45,1794.92,1771.66,1794.0,314275.425,560564458.11465
2023-04-03 08:00:00,1794.0,1818.0,1793.76,1806.79,789929.616,1428486429.36046
2023-04-03 12:00:00,1806.8,1822.44,1787.02,1796.02,733573.28,1321778859.2184
2023-04-03 16:00:00,1796.02,1840.0,1790.49,1818.02,1030613.004,1874155839.10402
2023-04-03 20:00:00,1818.02,1819.0,1767.2,1809.68,1151532.403,2065758944.57139
2023-04-04 00:00:00,1809.68,1816.0,1800.69,1807.03,344078.021,622209430.29595
2023-04-04 04:00:00,1807.03,1822.06,1802.02,1811.29,396518.41,718475532.54565
2023-04-04 08:00:00,1811.29,1877.99,1810.21,1864.18,1352285.56,2498911142.26709
2023-04-04 12:00:00,1864.18,1895.0,1848.01,1862.12,1339050.598,2501648508.81768
2023-04-04 16:00:00,1862.11,1874.0,1856.25,1867.99,439212.611,819509376.43251
2023-04-04 20:00:00,1868.0,1887.53,1858.03,1869.11,404562.53,757174022.86334
2023-04-05 00:00:00,1869.11,1929.0,1863.69,1911.71,1169815.236,2230147402.27521
2023-04-05 04:00:00,1911.7,1917.8,1906.55,1909.55,270476.657,516831925.59961
2023-04-05 08:00:00,1909.54,1922.0,1902.0,1913.91,364735.852,696971516.4051
2023-04-05 12:00:00,1913.91,1945.0,1882.2,1896.59,1577893.364,3009832361.51401
2023-04-05 16:00:00,1896.6,1917.92,1886.39,1908.48,593654.796,1128193141.93395
2023-04-05 20:00:00,1908.48,1914.0,1902.01,1907.48,220494.167,420780954.37019
2023-04-06 00:00:00,1907.49,1908.84,1885.0,1898.0,456627.107,865744847.96769
2023-04-06 04:00:00,1898.0,1898.01,1873.0,1878.35,415014.15,782867949.84157
2023-04-06 08:00:00,1878.35,1885.18,1851.6,1867.75,851367.704,1590307525.95544
2023-04-06 12:00:00,1867.75,1877.72,1853.24,1873.38,709193.968,1323740295.73267
2023-04-06 16:00:00,1873.39,1882.29,1865.0,1870.3,339000.38,635318312.82815
2023-04-06 20:00:00,1870.3,1878.04,1858.28,1871.33,266411.464,497636640.50573
2023-04-07 00:00:00,1871.34,1881.94,1865.19,1875.91,274698.256,514924368.5863
2023-04-07 04:00:00,1875.92,1878.44,1840.0,1850.01,523068.772,972426551.0131
2023-04-07 08:00:00,1850.01,1858.76,1842.12,1848.5,370531.092,686360458.97151
2023-04-07 12:00:00,1848.51,1862.8,1841.11,1859.33,494156.822,915728958.53693
2023-04-07 16:00:00,1859.33,1861.18,1850.22,1854.09,199032.625,369250921.02056
2023-04-07 20:00:00,1854.09,1871.7,1850.01,1862.87,232810.825,433583729.4691
2023-04-08 00:00:00,1862.88,1871.96,1853.79,1867.35,286837.66,534181601.99593
2023-04-08 04:00:00,1867.36,1878.81,1862.77,1871.27,261336.128,489269243.4241
2023-04-08 08:00:00,1871.27,1873.64,1864.61,1866.6,174048.099,325246890.24264
2023-04-08 12:00:00,1866.61,1870.35,1860.66,1866.2,174325.596,325329807.88618
2023-04-08 16:00:00,1866.2,1868.64,1846.0,1853.26,339813.059,630736164.49494
2023-04-08 20:00:00,1853.26,1857.89,1846.0,1848.02,197514.373,365727529.5714
2023-04-09 00:00:00,1848.01,1859.24,1846.29,1850.95,241691.343,447981585.8119
2023-04-09 04:00:00,1850.94,1855.0,1820.31,1834.6,580798.912,1066020187.35018
2023-04-09 08:00:00,1834.59,1839.65,1827.21,1838.51,264351.122,485063029.41942
2023-04-09 12:00:00,1838.5,1845.0,1824.55,1835.85,388601.372,713071719.72926
2023-04-09 16:00:00,1835.86,1866.73,1835.1,1855.6,512135.175,948202798.90365
2023-04-09 20:00:00,1855.6,1873.7,1851.22,1857.84,403518.825,751589228.64616
2023-04-10 00:00:00,1857.84,1862.61,1845.04,1857.1,322347.908,597839446.1371
2023-04-10 04:00:00,1857.1,1865.99,1852.38,1859.27,232388.138,431849674.8143
2023-04-10 08:00:00,1859.27,1862.25,1854.07,1857.17,223661.18,415670879.82022
2023-04-10 12:00:00,1857.17,1869.6,1846.23,1860.01,479880.024,890915164.10428
2023-04-10 16:00:00,1860.01,1904.6,1856.15,1888.14,1128078.498,2130302936.80302
2023-04-10 20:00:00,1888.14,1919.12,1876.83,1908.9,695929.372,1323195500.98915
2023-04-11 00:00:00,1908.91,1938.0,1906.9,1922.09,828531.799,1591767479.70201
2023-04-11 04:00:00,1922.09,1926.5,1908.28,1920.9,342177.862,656356505.49223
2023-04-11 08:00:00,1920.91,1922.22,1911.05,1914.6,273654.094,524529027.45001
2023-04-11 12:00:00,1914.6,1922.21,1900.0,1912.86,626565.176,1198446323.96595
2023-04-11 16:00:00,1912.86,1917.0,1890.0,1893.55,695185.09,1322573023.72941
2023-04-11 20:00:00,1893.55,1895.95,1880.67,1888.89,369720.545,698742214.23556
2023-04-12 00:00:00,1888.89,1896.48,1850.38,1861.92,784209.099,1468220167.98958
2023-04-12 04:00:00,1861.91,1874.91,1859.05,1869.15,338331.369,631495859.05663
2023-04-12 08:00:00,1869.14,1873.44,1862.81,1871.52,248360.456,464137844.81948
2023-04-12 12:00:00,1871.52,1933.0,1865.49,1911.44,2384782.761,4537153327.1533
2023-04-12 16:00:00,1911.43,1918.5,1892.68,1900.61,642868.099,1226192932.21691
2023-04-12 20:00:00,1900.61,1930.0,1899.26,1916.86,779433.967,1493382395.896
2023-04-13 00:00:00,1916.86,1920.0,1898.01,1911.52,519864.221,991941952.52138
2023-04-13 04:00:00,1911.51,1926.26,1907.0,1921.1,431902.465,827475960.32795
2023-04-13 08:00:00,1921.11,1998.0,1918.77,1985.15,2344242.065,4612423780.10941
2023-04-13 12:00:00,1985.15,2011.49,1985.11,1996.83,1395545.462,2788091836.0757
2023-04-13 16:00:00,1996.84,2025.0,1991.26,2011.52,849422.68,1707058317.4451
2023-04-13 20:00:00,2011.51,2017.96,2000.37,2011.8,403874.626,810834169.02103
2023-04-14 00:00:00,2011.8,2137.64,2009.0,2109.31,2258267.051,4736605114.25709
2023-04-14 04:00:00,2109.31,2125.0,2102.85,2106.43,734614.933,1553415780.02137
2023-04-14 08:00:00,2106.43,2120.0,2101.01,2115.71,441891.145,932877510.6159
2023-04-14 12:00:00,2115.7,2129.0,2051.12,2060.0,1787605.899,3735220596.30791
2023-04-14 16:00:00,2060.0,2093.94,2041.0,2090.92,1089838.453,2254133839.05247
2023-04-14 20:00:00,2090.92,2123.0,2085.43,2099.77,596281.919,1254625003.85946
2023-04-15 00:00:00,2099.77,2106.54,2071.0,2088.71,512976.772,1071209620.28222
2023-04-15 04:00:00,2088.7,2106.42,2081.33,2097.06,271186.415,566899778.17358
2023-04-15 08:00:00,2097.06,2113.28,2092.18,2100.66,437333.317,919661878.42464
2023-04-15 12:00:00,2100.66,2108.66,2092.3,2098.4,410123.738,861564179.51622
2023-04-15 16:00:00,2098.4,2111.89,2082.15,2100.18,543768.055,1140615286.53035
2023-04-15 20:00:00,2100.17,2103.59,2081.5,2091.2,444580.624,930394208.08691
2023-04-16 00:00:00,2091.2,2095.99,2072.4,2087.12,355467.644,741479348.02812
2023-04-16 04:00:00,2087.13,2103.8,2086.48,2098.0,249379.713,522928910.11376
2023-04-16 08:00:00,2097.99,2100.46,2081.46,2086.54,305459.768,638503879.0503
2023-04-16 12:00:00,2086.54,2099.87,2075.0,2093.68,441319.179,921534158.45664
2023-04-16 16:00:00,2093.67,2146.1,2088.06,2115.1,904605.207,1916288619.28308
2023-04-16 20:00:00,2115.11,2133.6,2096.36,2118.09,649004.467,1374688288.42593
2023-04-17 00:00:00,2118.09,2120.64,2070.1,2097.09,937641.001,1961769118.00067
2023-04-17 04:00:00,2097.09,2102.88,2088.0,2090.35,311108.745,651873411.25775
2023-04-17 08:00:00,2090.35,2099.67,2065.32,2076.32,641378.408,1335624021.18065
2023-04-17 12:00:00,2076.32,2083.59,2055.5,2071.49,847269.164,1754811149.33904
2023-04-17 16:00:00,2071.5,2089.53,2070.47,2078.0,412592.897,858544083.38927
2023-04-17 20:00:00,2078.0,2083.71,2066.4,2074.49,260299.144,540481049.59801
2023-04-18 00:00:00,2074.49,2084.82,2047.64,2079.37,540477.032,1119128606.13121
2023-04-18 04:00:00,2079.37,2110.96,2077.3,2100.01,574364.062,1203475294.35511
2023-04-18 08:00:00,2100.01,2126.63,2093.91,2117.91,570381.244,1202948414.16266
2023-04-18 12:00:00,2117.91,2120.74,2087.16,2095.5,740837.149,1558847597.27956
2023-04-18 16:00:00,2095.5,2100.82,2068.31,2080.67,725732.018,1511403355.30491
2023-04-18 20:00:00,2080.67,2108.09,2073.33,2103.29,390808.455,817538603.85147
2023-04-19 00:00:00,2103.29,2104.61,2086.38,2091.13,280284.531,587283785.58334
2023-04-19 04:00:00,2091.13,2091.94,2063.0,2073.11,586726.885,1218708462.03506
2023-04-19 08:00:00,2073.1,2073.11,1948.48,1980.7,2280961.621,4552576870.48109
2023-04-19 12:00:00,1980.7,2006.0,1970.0,1982.38,901100.682,1790475970.54252
2023-04-19 16:00:00,1982.38,1990.65,1962.24,1979.6,534036.668,1056535548.37096
2023-04-19 20:00:00,1979.6,1987.76,1921.0,1932.83,1128995.978,2202395454.08386
2023-04-20 00:00:00,1932.83,1953.77,1922.58,1948.51,671100.123,1302602701.83892
2023-04-20 04:00:00,1948.52,1963.88,1946.14,1948.0,413043.286,806806133.79066
2023-04-20 08:00:00,1948.0,1961.43,1936.0,1939.29,482480.055,940688174.67449
2023-04-20 12:00:00,1939.28,1983.22,1935.17,1944.92,1196869.774,2348414328.84314
2023-04-20 16:00:00,1944.91,1954.41,1905.75,1926.85,1277318.515,2469836846.93389
2023-04-20 20:00:00,1926.85,1954.85,1922.05,1942.11,445290.423,863868008.01196
2023-04-21 00:00:00,1942.1,1956.82,1933.03,1945.26,396966.703,771962865.13906
2023-04-21 04:00:00,1945.27,1946.8,1895.0,1927.2,1022140.271,1961481505.26729
2023-04-21 08:00:00,1927.2,1933.4,1900.72,1908.17,659460.805,1264224719.84882
2023-04-21 12:00:00,1908.17,1922.95,1888.81,1903.19,1011414.812,1930265568.03998
2023-04-21 16:00:00,1903.19,1908.46,1828.0,1841.87,1658935.314,3105016211.26628
2023-04-21 20:00:00,1841.86,1854.5,1822.01,1848.0,771911.484,1420835092.19576
2023-04-22 00:00:00,1848.01,1862.0,1845.4,1858.68,309536.079,573573122.38756
2023-04-22 04:00:00,1858.72,1864.51,1847.02,1849.91,295712.1,548932213.10951
2023-04-22 08:00:00,1849.91,1853.99,1839.26,1851.12,303345.07,560920024.40685
2023-04-22 12:00:00,1851.13,1872.0,1845.2,1865.77,491307.377,913485981.40773
2023-04-22 16:00:00,1865.77,1886.5,1864.92,1871.0,556656.228,1044612530.74931
2023-04-22 20:00:00,1871.01,1878.69,1862.79,1873.39,277344.077,519209156.74934
2023-04-23 00:00:00,1873.4,1873.4,1845.25,1861.23,463747.023,861775151.00542
2023-04-23 04:00:00,1861.22,1876.0,1858.41,1873.23,256983.887,479664940.61034
2023-04-23 08:00:00,1873.22,1876.78,1862.0,1873.79,331738.178,620358352.37771
2023-04-23 12:00:00,1873.79,1882.11,1851.0,1858.35,532121.629,993453432.90092
2023-04-23 16:00:00,1858.34,1872.25,1833.3,1845.99,680077.072,1260704155.27085
2023-04-23 20:00:00,1845.99,1868.06,1837.0,1861.3,360191.26,667782729.11942
2023-04-24 00:00:00,1861.3,1891.3,1849.04,1867.36,720459.199,1348299327.36993
2023-04-24 04:00:00,1867.36,1867.61,1825.55,1844.77,639418.395,1180427474.36035
2023-04-24 08:00:00,1844.76,1854.79,1829.88,1854.48,621667.29,1145473963.71496
2023-04-24 12:00:00,1854.48,1875.61,1830.12,1833.74,1103786.653,2046476723.0301
2023-04-24 16:00:00,1833.73,1847.32,1806.0,1830.64,1237425.783,2260863791.70449
2023-04-24 20:00:00,1830.64,1844.83,1826.59,1841.19,314625.356,577922142.58604
2023-04-25 00:00:00,1841.19,1850.02,1825.87,1829.51,381894.256,701685136.02544
2023-04-25 04:00:00,1829.51,1835.97,1811.18,1814.43,519787.433,947684964.84526
2023-04-25 08:00:00,1814.44,1829.73,1804.44,1825.22,747050.587,1357808959.88891
2023-04-25 12:00:00,1825.23,1833.94,1797.98,1814.13,868075.673,1577504886.9851
2023-04-25 16:00:00,1814.13,1847.0,1811.51,1836.82,802761.466,1470472403.56889
2023-04-25 20:00:00,1836.82,1877.6,1836.08,1865.4,846869.871,1577166142.23213
2023-04-26 00:00:00,1865.4,1883.79,1860.93,1861.95,479060.855,895494480.61539
2023-04-26 04:00:00,1861.94,1879.7,1857.29,1861.09,344179.434,641920984.03804
2023-04-26 08:00:00,1861.1,1919.49,1860.82,1913.67,1395545.023,2645558564.83405
2023-04-26 12:00:00,1913.68,1964.7,1913.36,1952.98,1552077.338,3018961702.36457
2023-04-26 16:00:00,1952.98,1957.93,1816.1,1827.39,1794903.206,3389427213.32035
2023-04-26 20:00:00,1827.39,1883.98,1782.03,1865.02,1762323.415,3241128068.05305
2023-04-27 00:00:00,1865.03,1939.4,1860.0,1897.62,1545443.516,2947548655.68599
2023-04-27 04:00:00,1897.63,1918.0,1871.77,1884.0,739785.881,1400854317.69725
2023-04-27 08:00:00,1884.0,1895.0,1873.4,1880.14,545760.193,1028142427.06343
2023-04-27 12:00:00,1880.15,1916.98,1858.55,1899.14,1217992.131,2297707046.89371
2023-04-27 16:00:00,1899.14,1937.7,1889.86,1921.67,907932.364,1738273682.19608
2023-04-27 20:00:00,1921.68,1930.0,1889.95,1907.67,529894.534,1013057518.60123
2023-04-28 00:00:00,1907.68,1914.6,1901.17,1904.79,365202.736,696384310.04925
2023-04-28 04:00:00,1904.79,1923.63,1903.49,1918.35,428119.764,819584422.55988
2023-04-28 08:00:00,1918.35,1918.84,1893.26,1901.47,506362.995,966125666.98175
2023-04-28 12:00:00,1901.48,1914.94,1873.0,1886.03,1075237.17,2033392510.44272
2023-04-28 16:00:00,1886.02,1907.67,1882.26,1891.78,537630.178,1016649949.11644
2023-04-28 20:00:00,1891.78,1900.22,1885.63,1890.13,229663.912,434849052.0834
2023-04-29 00:00:00,1890.13,1897.52,1885.1,1895.23,192799.544,364710346.60502
2023-04-29 04:00:00,1895.22,1903.79,1895.22,1901.25,218588.734,415346169.33071
2023-04-29 08:00:00,1901.24,1903.18,1892.23,1897.3,204795.521,388533715.48275
2023-04-29 12:00:00,1897.29,1917.27,1895.52,1904.73,435649.948,831071181.18946
2023-04-29 16:00:00,1904.73,1906.99,1881.1,1902.26,371185.802,703939868.76769
2023-04-29 20:00:00,1902.26,1908.93,1896.3,1907.01,170862.92,325070424.32232
2023-04-30 00:00:00,1907.01,1907.29,1891.67,1895.13,203062.226,385270442.03091
2023-04-30 04:00:00,1895.14,1904.84,1892.05,1901.99,178031.343,338133739.49421
2023-04-30 08:00:00,1902.0,1913.0,1898.22,1899.8,325669.755,620332322.28018
2023-04-30 12:00:00,1899.8,1940.0,1896.41,1918.92,865525.251,1661230988.8804
2023-04-30 16:00:00,1918.92,1934.2,1892.26,1903.61,727581.63,1393792599.11797
2023-04-30 20:00:00,1903.61,1903.61,1863.9,1868.41,678109.962,1279263478.59575
2023-05-01 00:00:00,1868.41,1885.56,1821.17,1845.94,990835.828,1832385117.31224
2023-05-01 04:00:00,1845.94,1853.74,1830.66,1848.53,353542.852,652359643.35696
2023-05-01 08:00:00,1848.52,1852.84,1839.82,1844.51,258547.634,477182408.66101
2023-05-01 12:00:00,1844.5,1851.73,1825.5,1833.09,784634.527,1442460622.48957
2023-05-01 16:00:00,1833.1,1842.0,1806.74,1812.2,902114.854,1646896997.1669
2023-05-01 20:00:00,1812.19,1833.0,1805.28,1829.97,450703.866,820644838.85715
2023-05-02 00:00:00,1829.97,1836.54,1821.25,1829.83,301823.309,551907287.19549
2023-05-02 04:00:00,1829.83,1840.48,1823.24,1834.88,253965.31,464870609.21323
2023-05-02 08:00:00,1834.88,1838.86,1824.8,1832.95,273442.354,500671368.84675
2023-05-02 12:00:00,1832.96,1869.27,1823.0,1857.84,1349672.468,2493603411.09402
2023-05-02 16:00:00,1857.84,1882.6,1852.07,1867.68,623915.688,1163808622.26689
2023-05-02 20:00:00,1867.69,1876.42,1866.51,1869.2,262592.989,491396219.44561
2023-05-03 00:00:00,1869.21,1870.03,1852.81,1861.79,324137.541,603405429.76286
2023-05-03 04:00:00,1861.79,1869.17,1856.34,1864.55,248774.448,463281334.84346
2023-05-03 08:00:00,1864.55,1871.75,1857.62,1858.7,281917.788,525930959.24423
2023-05-03 12:00:00,1858.69,1861.84,1841.71,1852.19,773942.617,1432830104.05711
2023-05-03 16:00:00,1852.2,1898.0,1850.0,1867.18,1594730.031,2993274309.59396
2023-05-03 20:00:00,1867.19,1917.29,1856.33,1904.74,921136.124,1743453946.8589
2023-05-04 00:00:00,1904.74,1907.91,1895.17,1902.94,355352.956,675590803.741
2023-05-04 04:00:00,1902.94,1904.74,1895.29,1898.0,248196.341,471572987.81124
2023-05-04 08:00:00,1898.0,1918.61,1895.64,1903.9,404881.133,771969604.8118
2023-05-04 12:00:00,1903.89,1907.75,1876.85,1884.59,809887.877,1530538116.59409
2023-05-04 16:00:00,1884.6,1890.99,1865.72,1875.71,573774.182,1077235185.11152
2023-05-04 20:00:00,1875.71,1879.21,1868.68,1876.13,247170.263,463152480.61086
2023-05-05 00:00:00,1876.14,1908.9,1874.8,1895.76,663393.193,1256602156.59793
2023-05-05 04:00:00,1895.75,1907.31,1891.72,1894.27,358996.568,681116117.14961
2023-05-05 08:00:00,1894.27,1915.32,1893.36,1910.82,418620.503,796514928.61096
2023-05-05 12:00:00,1910.83,1956.05,1880.75,1952.83,1964971.02,3783877079.40405
2023-05-05 16:00:00,1952.84,2004.99,1952.83,1990.44,1339355.97,2661316410.45296
2023-05-05 20:00:00,1990.44,1997.08,1983.87,1992.56,308513.246,613857701.38805
2023-05-06 00:00:00,1992.55,2023.66,1962.04,1969.88,938733.717,1868387576.3772
2023-05-06 04:00:00,1969.88,1971.97,1954.27,1958.13,423839.435,831950999.31189
2023-05-06 08:00:00,1958.12,1958.13,1920.0,1933.7,856993.735,1657822261.66278
2023-05-06 12:00:00,1933.71,1934.07,1850.0,1876.18,1706921.279,3228984281.35059
2023-05-06 16:00:00,1876.18,1905.4,1875.08,1896.98,625398.464,1181714159.57225
2023-05-06 20:00:00,1896.99,1898.95,1882.46,1895.29,328947.293,622803136.18101
2023-05-07 00:00:00,1895.3,1917.93,1886.32,1892.32,620320.851,1178684320.16826
2023-05-07 04:00:00,1892.32,1908.13,1889.2,1904.48,274286.847,520931000.08845
2023-05-07 08:00:00,1904.48,1912.55,1894.92,1901.31,445398.98,847743491.80586
2023-05-07 12:00:00,1901.31,1933.0,1901.3,1916.17,747859.56,1434321822.60043
2023-05-07 16:00:00,1916.16,1922.82,1902.0,1912.0,455045.223,869988387.03958
2023-05-07 20:00:00,1912.0,1920.82,1865.32,1869.5,655564.206,1244723875.38397
2023-05-08 00:00:00,1869.51,1883.17,1836.77,1865.0,1176346.937,2189268007.77121
2023-05-08 04:00:00,1864.99,1869.82,1833.0,1850.55,601085.545,1116486911.95053
2023-05-08 08:00:00,1850.55,1865.64,1833.5,1861.83,698253.345,1292471182.57247
2023-05-08 12:00:00,1861.83,1876.62,1846.0,1863.93,855488.886,1592826723.10866
2023-05-08 16:00:00,1863.93,1866.0,1810.0,1828.11,1192328.456,2186416405.07855
2023-05-08 20:00:00,1828.1,1850.0,1825.29,1846.54,381863.484,702456485.29213
2023-05-09 00:00:00,1846.54,1856.9,1835.85,1842.75,393159.118,725639427.21858
2023-05-09 04:00:00,1842.76,1849.45,1830.05,1847.58,389697.081,716670465.0119
2023-05-09 08:00:00,1847.57,1848.72,1833.03,1845.7,326882.227,602003813.50688
2023-05-09 12:00:00,1845.7,1853.83,1833.5,1838.9,655664.352,1208472795.51618
2023-05-09 16:00:00,1838.9,1857.9,1835.29,1851.79,471279.356,870078846.45967
2023-05-09 20:00:00,1851.79,1863.0,1840.21,1845.8,273102.473,504860506.06465
2023-05-10 00:00:00,1845.8,1858.69,1840.54,1842.6,326659.689,603934489.05113
2023-05-10 04:00:00,1842.61,1848.49,1832.3,1837.67,281284.79,517699836.51388
2023-05-10 08:00:00,1837.66,1850.67,1833.57,1849.63,313177.144,576484061.46847
2023-05-10 12:00:00,1849.63,1887.0,1845.78,1871.81,1465350.123,2742033214.97552
2023-05-10 16:00:00,1871.79,1879.35,1785.74,1848.67,1853138.43,3390669240.51183
2023-05-10 20:00:00,1848.68,1862.39,1825.0,1839.86,663493.251,1223160996.70027
2023-05-11 00:00:00,1839.86,1841.24,1818.66,1826.53,430222.819,787460037.07935
2023-05-11 04:00:00,1826.53,1834.75,1823.46,1828.62,283591.19,518721157.75146
2023-05-11 08:00:00,1828.62,1828.71,1805.78,1820.18,520053.535,945782577.2401
2023-05-11 12:00:00,1820.18,1841.54,1780.0,1806.85,1391462.196,2517024906.65736
2023-05-11 16:00:00,1806.85,1810.0,1768.42,1783.8,1023520.224,1828860773.19872
2023-05-11 20:00:00,1783.81,1800.73,1781.36,1793.24,357089.763,640174442.77818
2023-05-12 00:00:00,1793.25,1800.0,1757.0,1762.82,665226.489,1181755713.20412
2023-05-12 04:00:00,1762.82,1769.37,1735.37,1758.49,912161.973,1599745072.4076
2023-05-12 08:00:00,1758.49,1771.6,1754.26,1763.95,441838.89,779130603.60812
2023-05-12 12:00:00,1763.95,1782.87,1760.0,1764.76,685422.271,1213469094.5244
2023-05-12 16:00:00,1764.76,1795.0,1741.33,1789.13,859269.888,1519366954.68997
2023-05-12 20:00:00,1789.13,1820.0,1780.01,1806.53,710348.201,1277897904.78736
2023-05-13 00:00:00,1806.53,1816.24,1800.2,1804.69,287868.912,520290115.6501
2023-05-13 04:00:00,1804.7,1806.05,1796.0,1802.01,262760.415,473040045.96316
2023-05-13 08:00:00,1802.01,1810.9,1800.25,1802.96,223331.029,402959341.53112
2023-05-13 12:00:00,1802.97,1809.5,1784.0,1795.0,426541.4,766361191.78324
2023-05-13 16:00:00,1795.0,1805.89,1784.02,1791.73,378494.07,678949435.6926
2023-05-13 20:00:00,1791.73,1804.31,1791.35,1794.44,215112.522,386945677.71865
2023-05-14 00:00:00,1794.44,1804.76,1789.41,1803.18,264616.19,475380882.52856
2023-05-14 04:00:00,1803.17,1809.1,1800.01,1804.24,242726.569,438071546.47646
2023-05-14 08:00:00,1804.25,1805.85,1798.0,1801.34,184431.312,332306903.00693
2023-05-14 12:00:00,1801.39,1825.27,1796.44,1818.15,691986.422,1252420490.57331
2023-05-14 16:00:00,1818.16,1820.91,1791.01,1795.28,447198.591,806698117.33673
2023-05-14 20:00:00,1795.28,1802.11,1790.54,1798.25,234160.542,420665270.25668
2023-05-15 00:00:00,1798.26,1837.35,1783.51,1825.19,861691.833,1561513361.85107
2023-05-15 04:00:00,1825.18,1833.82,1816.32,1827.98,486339.926,888329238.81831
2023-05-15 08:00:00,1827.98,1835.0,1822.58,1823.63,253418.514,463150226.16269
2023-05-15 12:00:00,1823.62,1835.0,1810.7,1826.9,533289.684,972357235.97456
2023-05-15 16:00:00,1826.9,1848.0,1822.65,1827.99,684040.319,1254478264.31616
2023-05-15 20:00:00,1827.99,1828.96,1811.37,1815.56,244164.822,444599684.16315
2023-05-16 00:00:00,1815.56,1822.22,1795.0,1812.92,685393.032,1238933771.67683
2023-05-16 04:00:00,1812.93,1822.79,1805.01,1821.69,294769.402,534722224.50681
2023-05-16 08:00:00,1821.68,1826.92,1810.67,1815.65,360522.282,655416416.36374
2023-05-16 12:00:00,1815.65,1822.72,1808.93,1819.37,500450.961,908954372.99387
2023-05-16 16:00:00,1819.38,1832.93,1813.13,1815.74,498709.027,908835018.62302
2023-05-16 20:00:00,1815.74,1828.77,1813.89,1823.53,220096.96,401099381.85205
2023-05-17 00:00:00,1823.52,1837.85,1816.88,1822.8,361253.82,659654063.51902
2023-05-17 04:00:00,1822.8,1825.48,1801.13,1806.76,381906.463,692892223.00533
2023-05-17 08:00:00,1806.76,1808.0,1787.0,1789.41,599500.853,1078754080.71989
2023-05-17 12:00:00,1789.41,1799.66,1781.0,1796.38,626004.537,1122448998.39768
2023-05-17 16:00:00,1796.37,1833.88,1793.65,1827.3,836779.199,1519535223.22115
2023-05-17 20:00:00,1827.29,1834.79,1818.56,1821.65,352782.335,643571809.31712
2023-05-18 00:00:00,1821.65,1827.72,1817.01,1825.86,237848.454,433320753.0803
2023-05-18 04:00:00,1825.86,1831.46,1813.52,1826.25,351046.494,639584029.33039
2023-05-18 08:00:00,1826.26,1829.01,1822.4,1824.9,247836.845,452483590.30804
2023-05-18 12:00:00,1824.91,1826.29,1803.16,1807.26,734910.324,1334121921.10743
2023-05-18 16:00:00,1807.25,1812.23,1770.0,1794.37,1016032.998,1819414248.04998
2023-05-18 20:00:00,1794.36,1821.51,1792.45,1799.69,458784.188,828906115.83459
2023-05-19 00:00:00,1799.69,1806.65,1795.72,1800.75,264605.401,476428389.50008
2023-05-19 04:00:00,1800.76,1809.87,1798.03,1804.53,231656.161,418095171.42786
2023-05-19 08:00:00,1804.54,1811.55,1804.1,1806.73,229473.997,414749036.36218
2023-05-19 12:00:00,1806.73,1830.0,1798.63,1814.64,978304.229,1774592674.21753
2023-05-19 16:00:00,1814.64,1822.42,1806.0,1810.91,323338.106,586769422.55416
2023-05-19 20:00:00,1810.91,1815.46,1808.32,1811.38,115517.106,209341771.66093
2023-05-20 00:00:00,1811.38,1812.99,1805.96,1812.51,143419.136,259457908.36288
2023-05-20 04:00:00,1812.51,1813.36,1807.3,1810.24,105179.479,190359158.37256
2023-05-20 08:00:00,1810.24,1815.28,1810.23,1812.48,114140.733,206905378.75651
2023-05-20 12:00:00,1812.48,1820.19,1811.62,1816.63,183136.131,332567610.68493
2023-05-20 16:00:00,1816.63,1828.88,1812.55,1820.75,349656.16,636720240.1297
2023-05-20 20:00:00,1820.76,1822.13,1810.84,1818.59,135765.337,246591733.25538
2023-05-21 00:00:00,1818.59,1828.91,1815.32,1817.06,227340.127,413905077.04996
2023-05-21 04:00:00,1817.06,1817.06,1812.23,1816.19,135181.529,245322005.00764
2023-05-21 08:00:00,1816.19,1816.69,1805.04,1808.43,289357.07,524024340.62072
2023-05-21 12:00:00,1808.42,1817.4,1801.24,1806.41,290230.828,525297949.56487
2023-05-21 16:00:00,1806.41,1809.8,1801.22,1809.38,197112.518,356042187.48127
2023-05-21 20:00:00,1809.38,1810.9,1794.45,1803.89,258407.08,465878950.6412
2023-05-22 00:00:00,1803.9,1806.24,1790.76,1800.2,420066.648,755160429.0846
2023-05-22 04:00:00,1800.2,1814.81,1799.8,1810.16,279978.609,506088757.31884
2023-05-22 08:00:00,1810.17,1819.75,1809.6,1813.89,343250.757,622982293.35364
2023-05-22 12:00:00,1813.89,1827.99,1806.71,1815.83,777866.395,1413713200.73199
2023-05-22 16:00:00,1815.82,1822.99,1812.41,1815.77,277548.491,504253134.91513
2023-05-22 20:00:00,1815.78,1825.5,1812.22,1816.67,171942.643,312824623.31619
2023-05-23 00:00:00,1816.68,1874.23,1814.25,1864.95,1092159.894,2014355421.88271
2023-05-23 04:00:00,1864.96,1868.37,1845.0,1853.89,516741.712,959613953.12193
2023-05-23 08:00:00,1853.89,1857.43,1848.85,1854.32,231753.62,429737258.7091
2023-05-23 12:00:00,1854.32,1860.0,1840.54,1856.3,550329.202,1018246084.37996
2023-05-23 16:00:00,1856.3,1856.92,1841.24,1850.82,355449.366,657290622.50204
2023-05-23 20:00:00,1850.82,1856.75,1845.06,1853.36,188766.887,349593211.36186
2023-05-24 00:00:00,1853.37,1853.5,1810.0,1820.85,835578.448,1530341509.83115
2023-05-24 04:00:00,1820.84,1827.54,1812.22,1813.35,480700.32,875478053.24541
2023-05-24 08:00:00,1813.34,1820.74,1808.34,1815.37,353776.827,642131732.88833
2023-05-24 12:00:00,1815.36,1817.79,1775.0,1792.51,1140484.617,2045790534.06147
2023-05-24 16:00:00,1792.5,1797.93,1783.33,1791.91,406135.67,727057326.0766
2023-05-24 20:00:00,1791.91,1808.98,1790.34,1798.84,391077.915,704314100.6287
2023-05-25 00:00:00,1798.84,1807.2,1758.0,1780.19,700492.463,1246403736.62345
2023-05-25 04:00:00,1780.18,1786.93,1772.3,1777.9,334178.879,594946289.09305
2023-05-25 08:00:00,1777.89,1792.51,1777.81,1788.63,278970.613,497971353.62123
2023-05-25 12:00:00,1788.64,1819.93,1785.7,1790.63,812317.856,1461326910.14328
2023-05-25 16:00:00,1790.63,1818.71,1790.31,1808.05,556567.829,1004354684.53158
2023-05-25 20:00:00,1808.04,1813.3,1804.65,1804.65,210512.03,380688249.33799
2023-05-26 00:00:00,1804.65,1808.6,1795.99,1806.43,271262.211,489040124.13446
2023-05-26 04:00:00,1806.44,1816.52,1800.77,1815.66,249304.424,450840211.27252
2023-05-26 08:00:00,1815.66,1818.0,1810.12,1811.46,232503.196,421631622.42671
2023-05-26 12:00:00,1811.45,1837.93,1807.81,1829.85,894610.266,1632455588.03648
2023-05-26 16:00:00,1829.84,1836.51,1821.29,1834.93,362523.901,662887825.80379
2023-05-26 20:00:00,1834.93,1837.54,1825.0,1826.81,165153.923,302452566.46037
2023-05-27 00:00:00,1826.81,1835.7,1823.91,1833.33,185159.845,338742074.77799
2023-05-27 04:00:00,1833.33,1834.81,1827.33,1829.26,148432.747,271804679.04858
2023-05-27 08:00:00,1829.25,1829.48,1821.42,1825.82,203923.69,372416839.77036
2023-05-27 12:00:00,1825.81,1831.58,1810.63,1822.97,312108.246,568740544.56788
2023-05-27 16:00:00,1822.96,1828.38,1815.84,1825.48,208050.667,379149617.3119
2023-05-27 20:00:00,1825.47,1831.56,1823.25,1828.85,137262.309,250866676.78488
2023-05-28 00:00:00,1828.85,1860.0,1822.31,1850.01,692785.744,1279244944.9195
2023-05-28 04:00:00,1850.0,1858.55,1844.06,1846.7,263553.174,487409925.34572
2023-05-28 08:00:00,1846.71,1850.97,1842.08,1842.61,211306.635,389794481.49155
2023-05-28 12:00:00,1842.6,1844.5,1835.66,1843.19,251742.279,463334590.37394
2023-05-28 16:00:00,1843.18,1859.0,1838.3,1847.74,480896.052,888971061.29463
2023-05-28 20:00:00,1847.74,1930.0,1847.53,1908.36,1005488.804,1906636312.75014
2023-05-29 00:00:00,1908.36,1928.2,1900.42,1903.22,577757.183,1106000045.05841
2023-05-29 04:00:00,1903.21,1906.0,1893.23,1899.58,365981.353,695392391.70483
2023-05-29 08:00:00,1899.58,1905.0,1892.11,1902.87,262168.955,498241369.02687
2023-05-29 12:00:00,1902.86,1905.0,1880.95,1889.14,497165.667,941570655.91395
2023-05-29 16:00:00,1889.14,1895.76,1872.0,1890.56,521287.612,983003559.05485
2023-05-29 20:00:00,1890.57,1903.76,1884.73,1891.5,253556.409,479976591.41229
2023-05-30 00:00:00,1891.51,1912.92,1880.02,1899.78,361481.345,685870280.32343
2023-05-30 04:00:00,1899.78,1904.59,1891.87,1897.67,245417.086,466045441.98266
2023-05-30 08:00:00,1897.67,1917.0,1897.66,1914.49,378254.5,721952833.74409
2023-05-30 12:00:00,1914.48,1915.0,1893.0,1899.78,605756.337,1153435906.50039
2023-05-30 16:00:00,1899.78,1912.5,1890.28,1906.25,370547.869,705050608.60844
2023-05-30 20:00:00,1906.25,1914.8,1896.29,1899.81,245732.623,467760912.14729
2023-05-31 00:00:00,1899.81,1906.57,1882.39,1896.82,337193.377,638837671.11413
2023-05-31 04:00:00,1896.82,1897.43,1856.0,1868.67,869743.266,1626888994.33636
2023-05-31 08:00:00,1868.66,1873.0,1861.1,1864.57,292081.44,545455661.34833
2023-05-31 12:00:00,1864.56,1874.78,1845.0,1857.32,616459.459,1146682125.07794
2023-05-31 16:00:00,1857.31,1869.22,1853.5,1862.91,310604.951,578367341.30198
2023-05-31 20:00:00,1862.92,1881.63,1860.17,1872.84,230888.278,431472734.82469
2023-06-01 00:00:00,1872.85,1889.61,1837.94,1854.81,869120.584,1620739437.37579
2023-06-01 04:00:00,1854.81,1859.59,1850.02,1853.6,258068.536,478672545.28735
2023-06-01 08:00:00,1853.6,1865.38,1851.21,1860.8,224687.165,417816400.17652
2023-06-01 12:00:00,1860.81,1866.01,1854.77,1862.79,339593.651,631917706.72736
2023-06-01 16:00:00,1862.8,1883.07,1855.48,1868.62,627525.831,1173475564.49913
2023-06-01 20:00:00,1868.61,1872.72,1851.48,1860.59,286801.392,534521520.40955
2023-06-02 00:00:00,1860.59,1881.0,1846.0,1878.01,525656.82,980641442.39524
2023-06-02 04:00:00,1878.01,1897.12,1874.59,1884.99,482159.697,910352797.52715
2023-06-02 08:00:00,1884.99,1901.81,1884.88,1894.13,259602.195,491023046.31681
2023-06-02 12:00:00,1894.13,1898.6,1874.5,1890.88,746656.497,1408559654.7457
2023-06-02 16:00:00,1890.89,1911.0,1886.01,1907.31,446237.034,847972968.62942
2023-06-02 20:00:00,1907.31,1909.99,1901.61,1905.58,185954.147,354308231.24024
2023-06-03 00:00:00,1905.59,1907.09,1895.67,1898.92,200223.626,380791792.01876
2023-06-03 04:00:00,1898.93,1905.53,1896.35,1901.64,132960.723,252804429.18741
2023-06-03 08:00:00,1901.63,1905.93,1897.44,1902.99,147182.083,279982650.45866
2023-06-03 12:00:00,1902.99,1905.99,1888.0,1902.5,249814.442,474471278.19628
2023-06-03 16:00:00,1902.51,1903.18,1878.5,1884.9,382566.993,723511612.08089
2023-06-03 20:00:00,1884.9,1891.92,1880.64,1890.91,167602.884,316420939.88877
2023-06-04 00:00:00,1890.9,1894.14,1883.19,1893.04,165486.798,312842527.80082
2023-06-04 04:00:00,1893.04,1901.43,1890.0,1898.95,158122.83,299727462.32213
2023-06-04 08:00:00,1898.96,1908.2,1897.5,1902.25,222158.238,422786190.86581
2023-06-04 12:00:00,1902.24,1914.53,1897.98,1900.96,349135.937,664979438.90775
2023-06-04 16:00:00,1900.96,1904.87,1895.0,1903.67,180450.902,342772630.0999
2023-06-04 20:00:00,1903.68,1912.57,1883.62,1888.54,472328.118,896501816.72898
2023-06-05 00:00:00,1888.54,1890.01,1865.11,1869.05,687192.074,1290504507.05442
2023-06-05 04:00:00,1869.04,1872.91,1860.14,1872.39,366264.011,684300664.03083
2023-06-05 08:00:00,1872.38,1872.99,1862.02,1868.64,259532.278,484820268.34625
2023-06-05 12:00:00,1868.65,1870.63,1818.88,1818.95,1196633.215,2216763892.79242
2023-06-05 16:00:00,1819.0,1823.53,1775.0,1805.48,1422846.971,2567226272.30804
2023-06-05 20:00:00,1805.48,1815.41,1791.05,1810.03,324823.482,586275863.4969
2023-06-06 00:00:00,1810.03,1813.19,1801.76,1810.8,254404.608,460139354.86006
2023-06-06 04:00:00,1810.81,1818.2,1810.0,1812.26,242535.836,440022057.68086
2023-06-06 08:00:00,1812.26,1822.45,1807.32,1812.75,295872.539,537181152.42701
2023-06-06 12:00:00,1812.75,1846.66,1796.0,1841.38,1570077.342,2860597286.59348
2023-06-06 16:00:00,1841.38,1898.0,1841.38,1891.13,1450819.956,2712817106.30464
2023-06-06 20:00:00,1891.13,1894.8,1873.02,1883.26,519445.987,977579523.36047
2023-06-07 00:00:00,1883.26,1897.2,1871.0,1876.77,484511.522,911294946.61261
2023-06-07 04:00:00,1876.77,1883.73,1874.0,1874.39,266513.234,500510357.49728
2023-06-07 08:00:00,1874.4,1878.88,1841.29,1869.64,888747.959,1653113738.86095
2023-06-07 12:00:00,1869.64,1870.2,1833.09,1838.29,1072276.404,1983825555.28982
2023-06-07 16:00:00,1838.28,1851.7,1831.17,1849.64,492056.072,906398496.61254
2023-06-07 20:00:00,1849.65,1850.37,1820.0,1831.31,499838.43,915871212.6131
2023-06-08 00:00:00,1831.32,1840.93,1827.42,1834.35,284034.858,521106943.40748
2023-06-08 04:00:00,1834.35,1845.99,1831.39,1841.12,261731.191,481257839.10505
2023-06-08 08:00:00,1841.12,1848.22,1837.04,1842.75,189047.773,348134196.51682
2023-06-08 12:00:00,1842.76,1861.41,1836.68,1854.77,629536.579,1164361144.96333
2023-06-08 16:00:00,1854.76,1855.47,1840.15,1846.98,285037.708,526188693.22379
2023-06-08 20:00:00,1846.99,1853.7,1843.96,1844.94,184015.93,340267739.0552
2023-06-09 00:00:00,1844.93,1848.66,1825.0,1837.16,420790.402,773058629.76208
2023-06-09 04:00:00,1837.15,1841.06,1830.0,1835.23,222581.02,408718928.7253
2023-06-09 08:00:00,1835.23,1847.14,1833.41,1843.11,261320.595,481167973.35621
2023-06-09 12:00:00,1843.11,1854.77,1838.07,1840.6,552737.113,1021189622.41201
2023-06-09 16:00:00,1840.59,1842.98,1828.74,1830.16,298831.739,548965185.75927
2023-06-09 20:00:00,1830.16,1840.6,1827.0,1839.61,174274.882,319721491.15343
2023-06-10 00:00:00,1839.61,1844.8,1821.17,1826.5,448170.051,821281226.61714
2023-06-10 04:00:00,1826.51,1829.24,1723.0,1731.41,2454556.865,4341139394.27729
2023-06-10 08:00:00,1731.4,1749.01,1712.08,1746.87,726815.239,1259705826.40049
2023-06-10 12:00:00,1746.87,1746.97,1732.0,1736.69,365669.479,636570505.07355
2023-06-10 16:00:00,1736.7,1772.54,1715.29,1743.32,1275297.829,2225333965.45453
2023-06-10 20:00:00,1743.32,1756.99,1737.41,1750.64,280661.869,490077132.87057
2023-06-11 00:00:00,1750.65,1751.87,1742.61,1751.02,234071.985,409128711.8581
2023-06-11 04:00:00,1751.02,1759.0,1743.0,1752.22,240265.814,421220416.42656
2023-06-11 08:00:00,1752.22,1754.93,1744.0,1751.49,204388.589,357575275.85457
2023-06-11 12:00:00,1751.48,1751.77,1737.29,1740.14,305691.923,533209353.71916
2023-06-11 16:00:00,1740.13,1767.96,1738.7,1761.49,538195.015,944700513.96838
2023-06-11 20:00:00,1761.5,1778.36,1740.18,1751.8,508200.256,894084861.70298
2023-06-12 00:00:00,1751.8,1754.97,1717.5,1735.15,656432.52,1139482845.62882
2023-06-12 04:00:00,1735.15,1747.63,1731.7,1735.99,285221.722,495974934.29006
2023-06-12 08:00:00,1735.99,1759.32,1733.58,1744.76,489963.419,856590560.66252
2023-06-12 12:00:00,1744.77,1746.27,1727.01,1730.8,433347.974,752836674.30544
2023-06-12 16:00:00,1730.81,1746.89,1719.29,1732.18,552850.783,958047739.58524
2023-06-12 20:00:00,1732.17,1745.84,1729.51,1741.61,197607.373,343726782.29388
2023-06-13 00:00:00,1741.6,1755.99,1727.4,1746.55,544025.831,948626390.52074
2023-06-13 04:00:00,1746.55,1752.58,1740.0,1747.26,219624.615,383873344.21548
2023-06-13 08:00:00,1747.27,1758.8,1745.22,1753.06,397821.341,696514847.99108
2023-06-13 12:00:00,1753.06,1766.53,1722.53,1729.58,1234015.4,2150131183.40056
2023-06-13 16:00:00,1729.58,1750.47,1728.56,1739.72,388402.569,675372978.37042
2023-06-13 20:00:00,1739.73,1743.88,1732.38,1739.24,195027.111,338873130.26352
2023-06-14 00:00:00,1739.24,1748.0,1737.63,1745.55,214971.001,374743152.7738
2023-06-14 04:00:00,1745.55,1746.54,1735.8,1740.4,199843.824,347787628.56934
2023-06-14 08:00:00,1740.4,1749.65,1739.96,1745.48,213046.833,371747011.2055
2023-06-14 12:00:00,1745.48,1748.8,1736.0,1739.96,323469.352,563438632.68258
2023-06-14 16:00:00,1739.96,1747.0,1718.0,1727.58,1043335.046,1808889861.41766
2023-06-14 20:00:00,1727.57,1728.2,1625.5,1650.18,1968179.706,3276561701.7889
2023-06-15 00:00:00,1650.19,1654.97,1642.29,1651.01,299069.221,493513677.07388
2023-06-15 04:00:00,1651.01,1652.46,1630.4,1639.31,523507.954,859512022.50797
2023-06-15 08:00:00,1639.31,1644.72,1625.56,1642.44,601337.336,984385823.06721
2023-06-15 12:00:00,1642.46,1651.98,1635.0,1641.64,559254.167,919281943.65161
2023-06-15 16:00:00,1641.65,1671.61,1632.32,1668.16,745432.156,1233187658.66611
2023-06-15 20:00:00,1668.17,1680.0,1653.42,1665.64,556378.55,927758566.11436
2023-06-16 00:00:00,1665.64,1668.8,1658.54,1665.85,203861.674,339076155.52697
2023-06-16 04:00:00,1665.85,1674.3,1665.46,1670.31,245483.797,409966362.03662
2023-06-16 08:00:00,1670.32,1676.69,1662.25,1663.77,300475.34,501449108.12736
2023-06-16 12:00:00,1663.77,1687.0,1644.65,1681.64,840478.173,1400953891.54489
2023-06-16 16:00:00,1681.64,1730.0,1676.49,1721.51,1218258.133,2073864951.82175
2023-06-16 20:00:00,1721.51,1728.94,1714.78,1717.31,290917.988,500657098.3616
2023-06-17 00:00:00,1717.31,1721.37,1713.38,1717.99,203050.28,348712392.54263
2023-06-17 04:00:00,1717.99,1775.0,1716.68,1743.94,853960.709,1493339629.5695
2023-06-17 08:00:00,1743.95,1746.77,1732.63,1737.69,264124.562,460026855.61426
2023-06-17 12:00:00,1737.68,1741.59,1715.2,1726.99,468424.566,811547690.75521
2023-06-17 16:00:00,1726.99,1731.86,1720.77,1727.51,230902.261,398788817.95952
2023-06-17 20:00:00,1727.51,1731.99,1722.0,1727.2,141268.48,244059210.90897
2023-06-18 00:00:00,1727.19,1729.56,1719.21,1728.03,186097.293,320954937.64139
2023-06-18 04:00:00,1728.02,1738.44,1721.1,1729.5,251461.832,434996574.85134
2023-06-18 08:00:00,1729.5,1734.86,1725.4,1733.77,169990.209,294113244.30824
2023-06-18 12:00:00,1733.77,1741.72,1729.24,1737.17,261651.431,454196118.84907
2023-06-18 16:00:00,1737.17,1747.5,1735.22,1740.6,247215.628,430502836.71943
2023-06-18 20:00:00,1740.6,1742.49,1710.77,1719.99,522180.965,900190821.77056
2023-06-19 00:00:00,1719.99,1727.57,1713.25,1722.85,233224.996,401843093.11663
2023-06-19 04:00:00,1722.85,1727.0,1719.23,1723.71,135945.961,234326228.33473
2023-06-19 08:00:00,1723.71,1726.6,1718.99,1725.01,171126.851,294794707.3435
2023-06-19 12:00:00,1725.01,1733.62,1715.0,1720.81,444164.279,765726118.49851
2023-06-19 16:00:00,1720.8,1753.0,1689.29,1723.48,1291749.947,2224731380.56948
2023-06-19 20:00:00,1723.48,1737.47,1721.61,1736.21,315390.373,545807862.47476
2023-06-20 00:00:00,1736.2,1749.0,1729.3,1729.92,338320.514,588007301.09573
2023-06-20 04:00:00,1729.92,1733.96,1722.69,1729.11,225226.282,389278667.11682
2023-06-20 08:00:00,1729.11,1734.56,1722.77,1733.73,217575.588,375997582.31813
2023-06-20 12:00:00,1733.74,1738.2,1713.57,1731.66,533618.116,920672782.68699
2023-06-20 16:00:00,1731.65,1792.0,1727.34,1781.82,1586306.555,2798160651.71726
2023-06-20 20:00:00,1781.82,1796.84,1773.25,1791.37,565375.918,1008769454.17332
2023-06-21 00:00:00,1791.37,1828.0,1786.56,1810.86,830853.513,1500817142.7293
2023-06-21 04:00:00,1810.87,1822.88,1807.31,1812.05,425312.634,771506637.4602
2023-06-21 08:00:00,1812.05,1834.45,1806.58,1829.01,535312.76,972511761.31252
2023-06-21 12:00:00,1829.01,1858.58,1813.9,1848.79,1442093.096,2647669738.18953
2023-06-21 16:00:00,1848.79,1901.6,1845.71,1881.92,1558284.401,2921193163.70143
2023-06-21 20:00:00,1881.91,1901.58,1871.21,1888.31,538942.427,1016033617.57331
2023-06-22 00:00:00,1888.3,1933.7,1883.03,1917.68,790491.455,1513594989.3842
2023-06-22 04:00:00,1917.69,1918.8,1902.0,1910.2,338514.229,646791472.59403
2023-06-22 08:00:00,1910.19,1911.97,1880.08,1886.2,534816.428,1014582780.14718
2023-06-22 12:00:00,1886.2,1909.0,1862.0,1876.6,835533.299,1574702038.25278
2023-06-22 16:00:00,1876.6,1892.25,1874.59,1889.05,396065.976,745973210.83003
2023-06-22 20:00:00,1889.06,1891.0,1865.0,1871.36,242439.031,455261744.84595
2023-06-23 00:00:00,1871.37,1883.38,1861.77,1881.3,289400.713,542437572.30224
2023-06-23 04:00:00,1881.31,1886.24,1873.86,1879.8,199632.354,375417852.51462
2023-06-23 08:00:00,1879.81,1888.28,1873.56,1878.84,272508.992,512576373.58796
2023-06-23 12:00:00,1878.84,1923.14,1859.96,1916.53,1143932.32,2160548188.01584
2023-06-23 16:00:00,1916.53,1938.48,1885.0,1900.13,1141683.524,2184115473.40272
2023-06-23 20:00:00,1900.13,1908.17,1875.0,1892.2,358804.53,678677698.0609
2023-06-24 00:00:00,1892.2,1896.28,1877.0,1893.36,299337.44,565028146.75706
2023-06-24 04:00:00,1893.36,1897.52,1881.03,1882.04,175096.634,330850868.19978
2023-06-24 08:00:00,1882.05,1892.48,1881.3,1889.5,168942.527,318936319.56837
2023-06-24 12:00:00,1889.5,1905.6,1867.0,1873.25,544384.154,1026795954.38445
2023-06-24 16:00:00,1873.25,1888.92,1865.55,1887.41,323386.686,607723407.7737
2023-06-24 20:00:00,1887.42,1887.42,1863.0,1874.48,252077.453,472602430.18126
2023-06-25 00:00:00,1874.47,1896.5,1867.84,1894.47,328908.827,618477344.8481
2023-06-25 04:00:00,1894.47,1929.96,1894.46,1910.84,753218.354,1440920529.45471
2023-06-25 08:00:00,1910.85,1924.66,1906.24,1917.77,451563.529,864940645.31657
2023-06-25 12:00:00,1917.78,1919.5,1879.02,1885.48,659514.414,1252090145.00931
2023-06-25 16:00:00,1885.48,1895.32,1880.31,1894.27,320806.55,605908637.23769
2023-06-25 20:00:00,1894.26,1907.02,1887.36,1898.27,267146.462,506995560.62659
2023-06-26 00:00:00,1898.26,1904.0,1864.0,1879.5,586552.677,1102522328.81455
2023-06-26 04:00:00,1879.5,1905.0,1869.69,1891.5,439756.725,830092531.85912
2023-06-26 08:00:00,1891.5,1893.65,1871.27,1880.01,364894.377,686738139.18541
2023-06-26 12:00:00,1880.0,1909.32,1869.39,1888.45,741026.455,1399342927.64131
2023-06-26 16:00:00,1888.45,1890.23,1836.0,1853.43,1025238.28,1901102453.30848
2023-06-26 20:00:00,1853.43,1860.0,1846.13,1858.14,243040.621,450618618.15079
2023-06-27 00:00:00,1858.14,1878.95,1854.14,1871.25,363620.219,678508130.52896
2023-06-27 04:00:00,1871.25,1878.88,1860.95,1875.0,300311.077,561557017.14625
2023-06-27 08:00:00,1875.01,1890.0,1870.35,1880.41,493766.899,927936320.95432
2023-06-27 12:00:00,1880.41,1896.0,1859.03,1870.41,679670.76,1277285036.59783
2023-06-27 16:00:00,1870.4,1912.65,1868.62,1893.75,749266.951,1421477457.29056
2023-06-27 20:00:00,1893.76,1897.41,1883.92,1889.05,242644.218,458647195.0588
2023-06-28 00:00:00,1889.05,1889.65,1850.67,1865.91,655353.783,1224936822.6377
2023-06-28 04:00:00,1865.91,1869.32,1847.01,1849.86,481483.065,894782146.5887
2023-06-28 08:00:00,1849.86,1864.77,1849.03,1859.93,238858.105,443703434.71759
2023-06-28 12:00:00,1859.93,1868.68,1843.88,1858.8,647099.786,1201380237.28759
2023-06-28 16:00:00,1858.79,1864.42,1811.89,1831.43,771681.291,1419686568.494
2023-06-28 20:00:00,1831.43,1836.53,1823.96,1827.26,293682.04,537194970.53957
2023-06-29 00:00:00,1827.26,1842.44,1827.02,1837.1,228814.221,419683340.12858
2023-06-29 04:00:00,1837.09,1849.8,1835.54,1846.43,226928.308,417982649.2884
2023-06-29 08:00:00,1846.43,1872.59,1845.82,1869.15,574046.747,1068127939.24634
2023-06-29 12:00:00,1869.15,1879.98,1845.8,1851.28,637428.603,1186947773.8692
2023-06-29 16:00:00,1851.28,1859.79,1840.05,1856.42,361799.214,669747294.73195
2023-06-29 20:00:00,1856.42,1858.8,1841.7,1851.19,215609.398,398778241.44026
2023-06-30 00:00:00,1851.18,1878.69,1840.14,1872.73,531992.187,988856967.70587
2023-06-30 04:00:00,1872.74,1908.53,1868.46,1886.85,906749.871,1711695004.22247
2023-06-30 08:00:00,1886.85,1894.0,1882.52,1890.52,328974.622,621152748.46943
2023-06-30 12:00:00,1890.52,1913.92,1820.0,1851.15,1899830.047,3541675021.58603
2023-06-30 16:00:00,1851.15,1947.31,1847.89,1925.97,1913091.192,3663426782.42654
2023-06-30 20:00:00,1925.96,1943.99,1916.9,1933.41,380868.359,735194622.37469
2023-07-01 00:00:00,1933.42,1944.69,1917.01,1919.72,382232.113,737400754.14999
2023-07-01 04:00:00,1919.72,1921.97,1908.55,1919.8,333509.155,638911501.65746
2023-07-01 08:00:00,1919.8,1926.49,1910.33,1921.98,315631.259,605829060.38219
2023-07-01 12:00:00,1921.99,1929.67,1916.72,1922.15,277933.783,534648913.72619
2023-07-01 16:00:00,1922.15,1923.99,1916.0,1922.24,166413.399,319494334.93872
2023-07-01 20:00:00,1922.24,1927.18,1920.0,1924.08,108287.0,208200234.38306
2023-07-02 00:00:00,1924.08,1926.73,1910.49,1913.67,299631.959,574857866.71374
2023-07-02 04:00:00,1913.66,1916.23,1909.44,1914.15,220346.605,421642203.35884
2023-07-02 08:00:00,1914.15,1922.64,1910.74,1919.99,229453.319,439706135.22593
2023-07-02 12:00:00,1920.0,1927.95,1883.55,1917.87,626263.459,1197221037.14105
2023-07-02 16:00:00,1917.87,1924.03,1900.88,1913.5,354523.211,678042642.05413
2023-07-02 20:00:00,1913.49,1964.0,1905.0,1937.69,872069.212,1688784628.12557
2023-07-03 00:00:00,1937.69,1953.92,1933.04,1948.4,315230.801,612985732.09372
2023-07-03 04:00:00,1948.4,1975.54,1939.15,1968.01,549969.335,1075732132.84713
2023-07-03 08:00:00,1968.0,1978.0,1954.11,1961.38,443443.773,870618940.95407
2023-07-03 12:00:00,1961.38,1977.52,1954.06,1968.16,660362.258,1297997397.00606
2023-07-03 16:00:00,1968.17,1974.75,1952.65,1966.91,524105.918,1029656692.39876
2023-07-03 20:00:00,1966.91,1967.74,1946.01,1955.0,290750.061,568739905.31704
2023-07-04 00:00:00,1955.0,1967.91,1950.0,1962.64,303069.304,592822738.58958
2023-07-04 04:00:00,1962.65,1963.01,1945.37,1948.26,278271.811,543436747.72058
2023-07-04 08:00:00,1948.25,1961.8,1945.98,1960.13,247683.357,484170537.36769
2023-07-04 12:00:00,1960.13,1961.16,1949.43,1953.89,261770.853,511921101.57413
2023-07-04 16:00:00,1953.89,1965.99,1930.37,1933.67,636967.902,1240628875.04529
2023-07-04 20:00:00,1933.67,1942.0,1931.33,1935.72,185788.195,360174567.19406
2023-07-05 00:00:00,1935.72,1942.22,1933.07,1940.92,160396.486,311023165.16065
2023-07-05 04:00:00,1940.91,1941.42,1931.55,1936.13,176035.817,340769083.93045
2023-07-05 08:00:00,1936.14,1936.91,1902.0,1909.95,811479.654,1556649616.14783
2023-07-05 12:00:00,1909.89,1913.54,1892.9,1902.02,686446.686,1306578494.07527
2023-07-05 16:00:00,1902.01,1917.71,1900.45,1906.98,277457.636,529877711.83895
2023-07-05 20:00:00,1906.98,1915.88,1903.02,1909.88,178777.04,341492913.82337
2023-07-06 00:00:00,1909.88,1915.5,1897.44,1912.56,246561.448,470401331.24995
2023-07-06 04:00:00,1912.56,1929.46,1908.87,1924.23,361016.588,693341589.75672
2023-07-06 08:00:00,1924.24,1957.94,1910.0,1916.7,1087884.0,2109529276.45704
2023-07-06 12:00:00,1916.69,1918.0,1864.0,1887.6,1568818.76,2963319408.28758
2023-07-06 16:00:00,1887.6,1893.89,1878.0,1884.52,390217.543,735693297.58768
2023-07-06 20:00:00,1884.52,1887.12,1844.47,1844.82,565119.027,1052962690.95354
2023-07-07 00:00:00,1844.81,1859.14,1823.74,1857.0,581005.69,1070194476.15164
2023-07-07 04:00:00,1857.0,1862.93,1850.58,1855.36,281027.789,521551731.65941
2023-07-07 08:00:00,1855.35,1864.88,1852.78,1859.41,220335.77,409782209.21632
2023-07-07 12:00:00,1859.4,1877.51,1850.0,1871.27,656564.842,1225202340.72301
2023-07-07 16:00:00,1871.27,1874.52,1855.0,1863.37,273508.721,510155638.10542
2023-07-07 20:00:00,1863.36,1871.1,1862.02,1870.0,137933.069,257473187.60885
2023-07-08 00:00:00,1870.0,1873.1,1861.8,1863.37,171901.31,321104463.06184
2023-07-08 04:00:00,1863.36,1863.37,1853.28,1860.66,226714.644,421363919.33714
2023-07-08 08:00:00,1860.66,1866.87,1856.29,1858.34,171395.803,319161412.88484
2023-07-08 12:00:00,1858.33,1861.35,1854.93,1858.35,130202.204,241923794.4561
2023-07-08 16:00:00,1858.35,1865.43,1842.0,1845.91,247728.884,459458816.67365
2023-07-08 20:00:00,1845.91,1865.75,1841.28,1864.45,196710.903,364587564.3186
2023-07-09 00:00:00,1864.45,1873.99,1861.93,1867.0,238122.12,444794130.69204
2023-07-09 04:00:00,1867.0,1870.08,1863.06,1866.48,139007.494,259495398.76723
2023-07-09 08:00:00,1866.47,1868.94,1862.93,1868.08,105879.284,197617314.27257
2023-07-09 12:00:00,1868.08,1878.98,1855.46,1865.52,472822.335,883102087.62699
2023-07-09 16:00:00,1865.52,1868.0,1861.03,1867.8,117911.424,219817690.72348
2023-07-09 20:00:00,1867.8,1870.93,1855.2,1861.81,242070.872,451156621.34013
2023-07-10 00:00:00,1861.81,1867.33,1845.09,1860.99,390385.828,724467189.21406
2023-07-10 04:00:00,1860.99,1862.42,1851.44,1855.42,210465.063,390698577.54508
2023-07-10 08:00:00,1855.43,1864.75,1848.0,1863.29,243683.667,452925043.81884
2023-07-10 12:00:00,1863.29,1873.0,1858.92,1870.0,381184.525,711478450.58434
2023-07-10 16:00:00,1870.01,1900.4,1864.46,1899.45,593546.188,1117349353.48956
2023-07-10 20:00:00,1899.45,1904.96,1865.97,1879.34,638221.49,1203028494.7762
2023-07-11 00:00:00,1879.35,1884.07,1874.27,1878.83,222017.586,417205957.57412
2023-07-11 04:00:00,1878.83,1892.32,1876.12,1882.39,238186.781,448498075.69993
2023-07-11 08:00:00,1882.39,1883.19,1862.43,1866.42,374185.808,699894663.73852
2023-07-11 12:00:00,1866.41,1881.86,1861.1,1871.16,474901.178,888496596.7743
2023-07-11 16:00:00,1871.16,1875.76,1865.0,1873.99,244670.807,457698688.4267
2023-07-11 20:00:00,1874.0,1879.5,1870.65,1877.66,136905.749,256789592.35413
2023-07-12 00:00:00,1877.66,1889.17,1875.73,1879.56,274330.086,516192028.37518
2023-07-12 04:00:00,1879.56,1896.43,1877.59,1889.99,328687.893,620638288.17023
2023-07-12 08:00:00,1890.0,1891.37,1885.5,1889.99,158968.821,300126249.04568
2023-07-12 12:00:00,1889.99,1901.86,1876.45,1882.53,981526.991,1854794673.00817
2023-07-12 16:00:00,1882.53,1890.86,1865.1,1869.31,538075.969,1011249454.70913
2023-07-12 20:00:00,1869.31,1873.26,1863.15,1870.81,233269.514,436014186.59225
2023-07-13 00:00:00,1870.82,1875.85,1864.78,1866.79,190491.869,356258672.1128
2023-07-13 04:00:00,1866.79,1874.08,1861.59,1869.71,239703.161,447816415.50023
2023-07-13 08:00:00,1869.71,1884.77,1869.0,1882.96,313361.901,588830823.74556
2023-07-13 12:00:00,1882.97,1944.74,1875.03,1932.36,1223775.933,2337815473.62177
2023-07-13 16:00:00,1932.58,2014.8,1930.28,1995.46,2544324.875,5025423665.71152
2023-07-13 20:00:00,1995.46,2010.54,1971.0,2004.78,561295.044,1116519053.31701
2023-07-14 00:00:00,2004.77,2031.28,2002.13,2009.21,703576.686,1417201465.17646
2023-07-14 04:00:00,2009.21,2012.34,1987.03,1991.49,356226.168,713270387.66897
2023-07-14 08:00:00,1991.5,2004.0,1984.48,1992.51,361331.297,720690583.90917
2023-07-14 12:00:00,1992.51,2007.69,1984.07,1998.04,496623.272,991058548.18149
2023-07-14 16:00:00,1998.05,2000.8,1896.8,1911.78,1817336.47,3529749994.46945
2023-07-14 20:00:00,1911.77,1937.2,1899.11,1936.74,467660.687,897344826.14096
2023-07-15 00:00:00,1936.74,1936.74,1925.57,1929.55,208328.822,402244562.03531
2023-07-15 04:00:00,1929.56,1942.4,1926.13,1940.77,207761.433,401721295.05684
2023-07-15 08:00:00,1940.77,1945.89,1935.66,1938.8,204056.702,395885181.18896
2023-07-15 12:00:00,1938.8,1940.5,1927.31,1933.75,204519.645,395640323.79576
2023-07-15 16:00:00,1933.76,1938.77,1928.45,1932.8,170335.481,329326200.67436
2023-07-15 20:00:00,1932.8,1933.0,1925.54,1930.4,116946.91,225550171.78696
2023-07-16 00:00:00,1930.4,1937.35,1912.09,1922.33,305614.138,588548703.14546
2023-07-16 04:00:00,1922.33,1931.0,1919.34,1924.51,152237.75,293094882.80267
2023-07-16 08:00:00,1924.5,1935.98,1924.5,1932.04,152751.531,294741339.99705
2023-07-16 12:00:00,1932.04,1942.78,1927.57,1936.0,246648.648,477414585.52212
2023-07-16 16:00:00,1936.0,1938.62,1924.84,1927.07,177392.903,342749225.63402
2023-07-16 20:00:00,1927.08,1936.36,1915.17,1920.97,235571.269,453672897.28913
2023-07-17 00:00:00,1920.97,1931.6,1916.18,1930.3,246699.946,474420896.48555
2023-07-17 04:00:00,1930.31,1935.45,1925.37,1927.99,139958.318,270198775.00196
2023-07-17 08:00:00,1927.99,1930.62,1888.2,1909.01,631814.33,1206676101.13041
2023-07-17 12:00:00,1909.01,1916.81,1899.14,1907.63,411369.343,785172441.2457
2023-07-17 16:00:00,1907.64,1912.55,1872.0,1885.41,764905.43,1446922994.05768
2023-07-17 20:00:00,1885.41,1919.85,1884.82,1910.37,356496.17,679230963.04716
2023-07-18 00:00:00,1910.37,1916.62,1905.0,1908.14,189272.779,361720317.31403
2023-07-18 04:00:00,1908.15,1911.07,1892.42,1897.94,291503.503,554465984.66932
2023-07-18 08:00:00,1897.95,1909.88,1889.0,1893.25,367059.137,697261573.48372
2023-07-18 12:00:00,1893.24,1903.62,1883.0,1896.34,507540.832,960790242.6794
2023-07-18 16:00:00,1896.35,1903.01,1875.0,1891.12,441014.023,833928102.14036
2023-07-18 20:00:00,1891.13,1901.7,1888.62,1896.46,192825.771,365563831.14196
2023-07-19 00:00:00,1896.47,1914.9,1894.52,1911.65,325717.564,621314853.18405
2023-07-19 04:00:00,1911.65,1917.59,1906.36,1907.79,229680.31,439126950.80624
2023-07-19 08:00:00,1907.79,1911.62,1901.37,1908.66,184061.063,350998180.91073
2023-07-19 12:00:00,1908.66,1925.0,1893.31,1905.3,539149.724,1027457704.80964
2023-07-19 16:00:00,1905.29,1917.89,1900.09,1909.36,346868.805,661971982.90942
2023-07-19 20:00:00,1909.35,1909.65,1881.0,1887.55,420673.887,795542082.01557
2023-07-20 00:00:00,1887.55,1899.4,1881.61,1893.57,239309.107,452721994.36656
2023-07-20 04:00:00,1893.57,1913.69,1892.52,1911.69,331381.651,631209164.54655
2023-07-20 08:00:00,1911.69,1928.81,1910.46,1920.79,513591.986,985747720.41218
2023-07-20 12:00:00,1920.79,1922.56,1881.8,1887.34,863720.821,1640388953.65833
2023-07-20 16:00:00,1887.35,1893.0,1875.6,1887.01,516159.189,972986290.44045
2023-07-20 20:00:00,1887.01,1898.29,1881.33,1890.56,217844.886,411780612.94132
2023-07-21 00:00:00,1890.56,1901.43,1885.41,1895.91,246283.437,466526324.93737
2023-07-21 04:00:00,1895.91,1896.67,1886.08,1888.34,177046.637,334877384.8767
2023-07-21 08:00:00,1888.34,1893.5,1883.52,1888.6,194847.289,367857184.13813
2023-07-21 12:00:00,1888.61,1895.97,1885.19,1890.13,321807.29,608539769.6422
2023-07-21 16:00:00,1890.13,1905.97,1883.42,1893.99,390824.638,740745384.10953
2023-07-21 20:00:00,1894.0,1895.2,1889.61,1890.84,92525.392,175117697.72336
2023-07-22 00:00:00,1890.84,1896.85,1890.0,1892.14,129081.782,244346917.91563
2023-07-22 04:00:00,1892.14,1895.31,1889.4,1890.79,124469.598,235484393.06934
2023-07-22 08:00:00,1890.8,1893.63,1882.49,1887.03,204950.66,386736431.0769
2023-07-22 12:00:00,1887.04,1889.46,1883.94,1888.06,121305.776,228838618.70121
2023-07-22 16:00:00,1888.06,1890.0,1881.0,1886.22,138178.161,260466155.08009
2023-07-22 20:00:00,1886.23,1887.98,1835.39,1865.6,428969.017,798996643.07978
2023-07-23 00:00:00,1865.6,1872.5,1856.68,1868.39,285074.968,531994357.04557
2023-07-23 04:00:00,1868.4,1878.6,1868.39,1874.32,195616.329,366556641.28483
2023-07-23 08:00:00,1874.32,1877.67,1872.67,1873.88,103438.106,193947973.25729
2023-07-23 12:00:00,1873.88,1875.3,1871.02,1873.25,105709.458,198009358.85948
2023-07-23 16:00:00,1873.25,1904.57,1873.24,1888.36,595270.478,1125580840.13774
2023-07-23 20:00:00,1888.36,1893.02,1874.02,1887.86,260795.105,491587812.26294
2023-07-24 00:00:00,1887.85,1890.2,1864.85,1867.61,354928.413,665600024.71255
2023-07-24 04:00:00,1867.6,1876.87,1861.43,1874.17,269629.969,504006372.65748
2023-07-24 08:00:00,1874.18,1874.4,1829.0,1852.19,614812.388,1137056935.67914
2023-07-24 12:00:00,1852.19,1853.9,1833.03,1842.42,512275.34,944919721.0277
2023-07-24 16:00:00,1842.42,1850.71,1838.11,1848.66,228975.151,422507005.10303
2023-07-24 20:00:00,1848.67,1851.26,1844.47,1849.04,132666.155,245185756.14234
2023-07-25 00:00:00,1849.04,1855.99,1844.5,1850.3,189546.504,350708258.89765
2023-07-25 04:00:00,1850.3,1853.0,1845.58,1849.89,127035.799,235031642.32205
2023-07-25 08:00:00,1849.89,1863.19,1848.55,1852.84,223953.029,415523259.8202
2023-07-25 12:00:00,1852.85,1868.54,1851.39,1856.88,403014.093,749410120.14297
2023-07-25 16:00:00,1856.87,1865.76,1851.64,1856.37,256430.062,476621586.8789
2023-07-25 20:00:00,1856.37,1864.19,1855.41,1856.91,120743.499,224538214.56618
2023-07-26 00:00:00,1856.91,1867.0,1850.86,1857.8,227809.012,423185864.56412
2023-07-26 04:00:00,1857.81,1860.35,1851.04,1852.39,191439.318,355157339.44841
2023-07-26 08:00:00,1852.38,1855.24,1846.9,1850.37,146508.87,271215735.06528
2023-07-26 12:00:00,1850.37,1860.74,1849.42,1859.88,262836.813,488030080.35743
2023-07-26 16:00:00,1859.89,1884.2,1854.01,1872.65,709181.524,1323579059.37481
2023-07-26 20:00:00,1872.66,1887.79,1865.41,1870.98,408926.219,767237271.68627
2023-07-27 00:00:00,1870.97,1878.3,1866.1,1875.11,152209.14,285030587.75594
2023-07-27 04:00:00,1875.12,1881.39,1865.0,1871.09,216294.494,405727621.40813
2023-07-27 08:00:00,1871.1,1885.57,1868.64,1876.0,319543.457,600215701.63992
2023-07-27 12:00:00,1876.01,1877.85,1862.01,1867.71,354525.613,663153619.33905
2023-07-27 16:00:00,1867.7,1868.54,1854.0,1859.93,381512.85,710289369.80432
2023-07-27 20:00:00,1859.94,1861.46,1854.04,1860.28,169193.835,314461130.31754
2023-07-28 00:00:00,1860.29,1864.34,1859.01,1862.02,152258.891,283448494.68936
2023-07-28 04:00:00,1862.02,1864.07,1855.57,1858.53,160113.702,297833961.27821
2023-07-28 08:00:00,1858.54,1868.36,1858.14,1865.77,195773.888,365063804.53051
2023-07-28 12:00:00,1865.77,1883.76,1865.76,1874.74,523058.634,980714828.82392
2023-07-28 16:00:00,1874.75,1878.99,1865.04,1873.4,267505.26,500912140.06195
2023-07-28 20:00:00,1873.41,1877.02,1871.8,1873.39,79337.855,148756197.35945
2023-07-29 00:00:00,1873.38,1876.58,1871.87,1872.53,86603.42,162291676.02931
2023-07-29 04:00:00,1872.52,1876.37,1870.5,1871.4,101122.107,189423322.1161
2023-07-29 08:00:00,1871.4,1873.0,1868.56,1869.77,117108.617,219061555.88774
2023-07-29 12:00:00,1869.76,1875.8,1869.45,1871.86,125558.562,235147936.27583
2023-07-29 16:00:00,1871.86,1878.86,1870.47,1877.44,124402.438,233269833.98496
2023-07-29 20:00:00,1877.44,1886.19,1877.44,1879.85,194709.899,366467265.52795
2023-07-30 00:00:00,1879.86,1881.06,1876.31,1877.27,80586.384,151360230.50586
2023-07-30 04:00:00,1877.26,1878.68,1872.59,1874.18,93857.81,175991102.63042
2023-07-30 08:00:00,1874.17,1876.29,1871.56,1875.1,129033.113,241763865.99263
2023-07-30 12:00:00,1875.1,1885.0,1870.21,1875.27,267784.548,502923632.1142
2023-07-30 16:00:00,1875.26,1878.25,1855.62,1861.26,297674.585,556286286.54408
2023-07-30 20:00:00,1861.26,1865.42,1845.56,1860.76,517124.793,960075310.5319
2023-07-31 00:00:00,1860.77,1876.73,1860.0,1868.35,287072.475,536720439.24366
2023-07-31 04:00:00,1868.34,1869.31,1861.65,1864.2,169275.814,315647685.77957
2023-07-31 08:00:00,1864.21,1869.44,1863.6,1867.06,136154.473,254194011.02729
2023-07-31 12:00:00,1867.07,1872.66,1855.57,1856.35,362344.81,675229765.16503
2023-07-31 16:00:00,1856.35,1862.32,1853.39,1855.84,268030.702,498027630.317
2023-07-31 20:00:00,1855.84,1859.82,1850.08,1855.39,198521.582,368189666.15382
2023-08-01 00:00:00,1855.4,1863.99,1808.47,1825.62,719829.496,1319349355.73753
2023-08-01 04:00:00,1825.63,1835.5,1820.41,1833.19,290412.71,530926509.75313
2023-08-01 08:00:00,1833.18,1836.5,1829.48,1830.01,195796.921,358929230.15854
2023-08-01 12:00:00,1830.02,1836.05,1810.84,1834.24,520923.421,952539666.05004
2023-08-01 16:00:00,1834.24,1857.38,1828.71,1850.51,623048.6,1148298774.46654
2023-08-01 20:00:00,1850.51,1875.87,1846.22,1873.05,507100.609,943718685.75472
2023-08-02 00:00:00,1873.06,1879.27,1862.21,1862.63,492528.289,921467759.15235
2023-08-02 04:00:00,1862.63,1864.66,1855.5,1856.28,186652.097,347271582.01671
2023-08-02 08:00:00,1856.27,1860.48,1852.85,1859.19,275848.791,512064092.60577
2023-08-02 12:00:00,1859.18,1860.48,1833.53,1841.8,605338.047,1117116065.48098
2023-08-02 16:00:00,1841.8,1847.23,1820.0,1841.37,697694.107,1279163732.42752
2023-08-02 20:00:00,1841.37,1844.9,1836.79,1839.07,174991.268,322224712.218
2023-08-03 00:00:00,1839.07,1845.56,1836.41,1840.0,169371.919,311739572.80489
2023-08-03 04:00:00,1840.0,1840.43,1830.79,1831.51,207585.277,380979778.64427
2023-08-03 08:00:00,1831.5,1838.45,1825.0,1837.13,243933.422,447071514.38811
2023-08-03 12:00:00,1837.13,1849.6,1833.16,1839.64,390331.676,718439441.94574
2023-08-03 16:00:00,1839.63,1858.9,1838.61,1845.06,405911.032,750362290.2596
2023-08-03 20:00:00,1845.06,1853.47,1830.05,1834.69,291650.093,536710051.38398
2023-08-04 00:00:00,1834.69,1838.51,1826.5,1833.49,224998.892,412630160.05176
2023-08-04 04:00:00,1833.49,1837.47,1830.3,1836.73,167874.215,307858608.03314
2023-08-04 08:00:00,1836.73,1840.3,1832.37,1833.77,166503.392,305699648.38231
2023-08-04 12:00:00,1833.76,1851.0,1830.5,1846.6,571607.734,1052766399.76482
2023-08-04 16:00:00,1846.6,1848.04,1825.61,1830.52,384776.55,706238410.64918
2023-08-04 20:00:00,1830.52,1833.34,1808.77,1829.4,398388.922,726947321.52304
2023-08-05 00:00:00,1829.4,1832.81,1826.7,1831.79,126707.948,231849571.55756
2023-08-05 04:00:00,1831.79,1833.56,1827.86,1830.29,77551.468,141983434.89258
2023-08-05 08:00:00,1830.29,1834.72,1829.35,1831.93,100412.225,183959238.3259
2023-08-05 12:00:00,1831.92,1836.72,1829.52,1833.38,154742.211,283626808.69627
2023-08-05 16:00:00,1833.38,1838.62,1830.35,1834.76,122490.881,224717068.3783
2023-08-05 20:00:00,1834.75,1837.87,1833.32,1835.5,67668.926,124191767.9162
2023-08-06 00:00:00,1835.5,1838.6,1832.46,1834.13,95554.834,175360759.53465
2023-08-06 04:00:00,1834.13,1836.05,1831.25,1834.13,63191.099,115883857.70932
2023-08-06 08:00:00,1834.13,1837.37,1827.3,1831.57,176470.434,323192723.01329
2023-08-06 12:00:00,1831.57,1832.2,1825.0,1828.41,143624.066,262640764.6104
2023-08-06 16:00:00,1828.4,1835.67,1827.66,1831.26,141901.176,259992099.06096
2023-08-06 20:00:00,1831.26,1837.48,1826.93,1829.38,183423.817,335965374.92623
2023-08-07 00:00:00,1829.39,1846.86,1825.32,1837.9,343724.99,632040655.15963
2023-08-07 04:00:00,1837.91,1841.79,1831.17,1836.18,198940.338,365313656.49184
2023-08-07 08:00:00,1836.18,1836.88,1831.84,1833.55,121213.71,222382110.30556
2023-08-07 12:00:00,1833.55,1836.95,1812.3,1817.41,561401.147,1024861566.32483
2023-08-07 16:00:00,1817.42,1831.0,1800.0,1824.68,860859.217,1562095205.56466
2023-08-07 20:00:00,1824.69,1830.49,1822.34,1828.18,148897.266,271896701.24778
2023-08-08 00:00:00,1828.18,1835.0,1825.35,1829.35,202731.287,370953074.37709
2023-08-08 04:00:00,1829.35,1838.79,1829.04,1829.8,240615.526,441242273.19835
2023-08-08 08:00:00,1829.79,1838.57,1829.12,1838.19,187973.666,344546444.50354
2023-08-08 12:00:00,1838.18,1848.56,1834.49,1842.48,581741.617,1070760150.89892
2023-08-08 16:00:00,1842.49,1871.17,1842.3,1858.31,737371.208,1369424836.0539
2023-08-08 20:00:00,1858.31,1878.0,1854.13,1855.36,348734.372,649776009.42989
2023-08-09 00:00:00,1855.36,1860.0,1850.68,1854.1,168152.995,311991486.16894
2023-08-09 04:00:00,1854.11,1862.34,1852.6,1860.22,138319.947,256833191.71662
2023-08-09 08:00:00,1860.22,1866.0,1857.26,1862.26,181952.35,338664789.23543
2023-08-09 12:00:00,1862.26,1871.28,1850.23,1852.21,426624.993,793903963.83298
2023-08-09 16:00:00,1852.2,1854.67,1845.18,1847.66,345805.079,639665744.99852
2023-08-09 20:00:00,1847.67,1858.08,1846.46,1854.7,144537.752,267769190.67595
2023-08-10 00:00:00,1854.69,1857.33,1851.53,1852.31,102527.817,190152574.68274
2023-08-10 04:00:00,1852.31,1855.0,1849.01,1850.42,121190.544,224378603.8359
2023-08-10 08:00:00,1850.41,1854.17,1849.09,1850.12,109481.57,202691000.18369
2023-08-10 12:00:00,1850.12,1865.38,1847.07,1853.16,556745.838,1033195506.0589
2023-08-10 16:00:00,1853.16,1853.68,1844.81,1849.0,227824.698,421298918.80744
2023-08-10 20:00:00,1848.99,1852.5,1848.05,1851.42,72589.128,134334771.69428
2023-08-11 00:00:00,1851.43,1854.07,1841.7,1845.99,172590.735,318897820.29022
2023-08-11 04:00:00,1845.99,1850.28,1845.66,1848.22,93250.04,172336084.02604
2023-08-11 08:00:00,1848.22,1851.0,1844.8,1850.68,115755.891,213928542.4975
2023-08-11 12:00:00,1850.69,1857.99,1842.68,1845.03,388258.444,718374971.73971
2023-08-11 16:00:00,1845.03,1848.0,1834.52,1843.97,225378.207,415268350.00904
2023-08-11 20:00:00,1843.98,1851.58,1843.0,1848.04,84346.553,155732594.85987
2023-08-12 00:00:00,1848.04,1853.02,1846.73,1847.24,107254.675,198357801.61045
2023-08-12 04:00:00,1847.24,1850.58,1846.04,1849.76,65102.755,120300019.40301
2023-08-12 08:00:00,1849.76,1850.81,1847.69,1850.27,62933.802,116391255.91214
2023-08-12 12:00:00,1850.26,1852.8,1849.4,1850.13,99682.055,184541263.24545
2023-08-12 16:00:00,1850.13,1852.0,1846.36,1846.9,67316.576,124458055.1771
2023-08-12 20:00:00,1846.89,1849.34,1845.35,1849.14,48371.346,89376561.26994
2023-08-13 00:00:00,1849.14,1850.98,1848.0,1848.94,57930.679,107140996.48819
2023-08-13 04:00:00,1848.93,1848.95,1845.86,1848.95,56719.79,104797641.27259
2023-08-13 08:00:00,1848.95,1850.63,1848.11,1848.91,56488.696,104484228.12393
2023-08-13 12:00:00,1848.92,1851.4,1846.62,1847.35,83131.265,153706064.23709
2023-08-13 16:00:00,1847.36,1861.93,1845.17,1858.18,226781.527,420252873.63962
2023-08-13 20:00:00,1858.18,1859.83,1833.4,1840.09,360272.696,664287343.12839
2023-08-14 00:00:00,1840.09,1847.99,1834.28,1845.98,292208.581,538161363.82097
2023-08-14 04:00:00,1845.98,1851.67,1845.97,1848.9,160772.873,297187211.36372
2023-08-14 08:00:00,1848.9,1851.6,1845.46,1847.48,129137.029,238708312.93318
2023-08-14 12:00:00,1847.49,1855.86,1843.34,1852.69,304417.723,563066129.02808
2023-08-14 16:00:00,1852.68,1854.91,1838.78,1841.99,316601.135,584451965.54728
2023-08-14 20:00:00,1841.99,1845.93,1840.45,1844.81,80445.104,148349296.34352
2023-08-15 00:00:00,1844.8,1846.75,1842.62,1844.06,78201.121,144256147.30802
2023-08-15 04:00:00,1844.07,1844.07,1839.85,1843.01,104879.979,193192013.71881
2023-08-15 08:00:00,1843.0,1844.58,1837.25,1839.59,144514.38,266101575.38158
2023-08-15 12:00:00,1839.6,1845.63,1837.04,1839.53,220737.138,406493042.21696
2023-08-15 16:00:00,1839.54,1841.97,1810.92,1826.86,519124.692,948087189.22841
2023-08-15 20:00:00,1826.86,1831.44,1824.0,1828.28,145408.435,265876432.02451
2023-08-16 00:00:00,1828.27,1830.87,1826.93,1828.01,96002.721,175587562.46032
2023-08-16 04:00:00,1828.01,1828.28,1819.23,1826.4,181970.57,331975865.91997
2023-08-16 08:00:00,1826.39,1827.21,1818.98,1824.59,135615.248,247346661.51071
2023-08-16 12:00:00,1824.59,1827.9,1817.92,1819.92,313638.547,571709317.66696
2023-08-16 16:00:00,1819.91,1828.86,1815.19,1820.2,353998.198,644729461.98802
2023-08-16 20:00:00,1820.2,1822.4,1791.11,1807.19,526280.131,950886938.43717
2023-08-17 00:00:00,1807.19,1809.66,1775.0,1797.73,501882.172,900494808.14786
2023-08-17 04:00:00,1797.74,1802.88,1796.36,1799.3,141080.818,253906161.86658
2023-08-17 08:00:00,1799.29,1799.56,1783.33,1787.35,319540.126,572023121.94353
2023-08-17 12:00:00,1787.35,1792.66,1720.0,1738.32,1211637.069,2133299157.93921
2023-08-17 16:00:00,1738.32,1748.43,1722.0,1737.36,696004.932,1208912908.60248
2023-08-17 20:00:00,1737.37,1738.79,1492.66,1681.0,3027138.705,5000960149.81277
2023-08-18 00:00:00,1681.0,1698.98,1672.02,1676.39,577368.135,973418120.92514
2023-08-18 04:00:00,1676.39,1697.13,1660.2,1689.68,475261.379,798651449.19844
2023-08-18 08:00:00,1689.68,1696.0,1677.0,1685.09,329605.952,555675264.37593
2023-08-18 12:00:00,1685.1,1686.77,1650.0,1660.03,645713.048,1079105108.28257
2023-08-18 16:00:00,1660.03,1678.41,1638.48,1656.89,741744.908,1230574879.21131
2023-08-18 20:00:00,1656.89,1669.28,1655.59,1660.76,192092.11,319297952.95362
2023-08-19 00:00:00,1660.76,1671.43,1655.17,1658.85,205422.907,341389865.74621
2023-08-19 04:00:00,1658.86,1662.78,1653.36,1660.29,172300.562,285579617.92559
2023-08-19 08:00:00,1660.3,1665.15,1658.24,1659.02,144840.053,240615633.70222
2023-08-19 12:00:00,1659.03,1685.53,1657.12,1682.39,289605.493,483406435.42515
2023-08-19 16:00:00,1682.39,1696.14,1673.54,1676.4,393223.635,661503859.60643
2023-08-19 20:00:00,1676.4,1677.37,1662.3,1668.69,169561.662,283015777.70256
2023-08-20 00:00:00,1668.7,1674.43,1664.0,1667.09,156676.522,261341831.46967
2023-08-20 04:00:00,1667.09,1669.49,1660.22,1664.99,127625.746,212439489.87288
2023-08-20 08:00:00,1665.0,1674.98,1662.56,1674.01,164967.818,275424350.24904
2023-08-20 12:00:00,1674.02,1679.33,1663.07,1670.47,308997.621,516478581.5338
2023-08-20 16:00:00,1670.47,1679.24,1664.51,1677.42,155835.765,260683479.9173
2023-08-20 20:00:00,1677.42,1694.36,1677.37,1684.16,251745.108,424250267.3272
2023-08-21 00:00:00,1684.15,1685.12,1674.28,1676.13,173444.046,291412639.38177
2023-08-21 04:00:00,1676.13,1687.78,1668.53,1670.96,227371.581,380963439.74308
2023-08-21 08:00:00,1670.96,1674.88,1658.25,1672.2,325165.839,542442634.52959
2023-08-21 12:00:00,1672.2,1683.53,1647.22,1656.59,582838.998,970588047.32532
2023-08-21 16:00:00,1656.59,1674.88,1656.07,1671.55,269316.264,448152893.16309
2023-08-21 20:00:00,1671.55,1676.46,1665.48,1666.79,138470.953,231354412.92526
2023-08-22 00:00:00,1666.8,1668.57,1660.5,1663.34,121587.96,202396218.42039
2023-08-22 04:00:00,1663.35,1666.19,1659.92,1665.57,118031.381,196260232.3748
2023-08-22 08:00:00,1665.57,1666.89,1658.98,1661.52,141722.019,235729050.79431
2023-08-22 12:00:00,1661.53,1666.66,1642.0,1649.16,419629.43,694985228.20322
2023-08-22 16:00:00,1649.15,1650.4,1616.0,1624.2,956010.82,1562402847.50113
2023-08-22 20:00:00,1624.2,1639.91,1575.0,1634.5,871668.55,1405479542.01759
2023-08-23 00:00:00,1634.49,1642.0,1628.5,1631.06,267097.142,436506177.18086
2023-08-23 04:00:00,1631.06,1658.37,1629.92,1644.53,371236.308,609920760.31731
2023-08-23 08:00:00,1644.53,1648.16,1638.85,1641.6,226776.929,372612519.46624
2023-08-23 12:00:00,1641.6,1659.86,1633.19,1656.53,552905.641,910986937.74184
2023-08-23 16:00:00,1656.54,1703.85,1654.84,1686.37,957686.113,1610138535.96062
2023-08-23 20:00:00,1686.37,1692.44,1657.83,1678.8,434269.044,728312859.01501
2023-08-24 00:00:00,1678.79,1682.88,1671.72,1674.7,173898.881,291520280.92126
2023-08-24 04:00:00,1674.7,1678.44,1671.73,1673.63,115796.387,193954983.1104
2023-08-24 08:00:00,1673.63,1677.16,1665.13,1666.8,234584.385,391869077.65863
2023-08-24 12:00:00,1666.79,1668.96,1641.04,1642.79,544972.852,900895553.1511
2023-08-24 16:00:00,1642.79,1655.7,1631.66,1649.05,451788.953,744205917.45196
2023-08-24 20:00:00,1649.05,1665.38,1642.36,1660.22,218833.781,361748098.50337
2023-08-25 00:00:00,1660.23,1663.63,1643.05,1654.61,217636.118,360297157.48902
2023-08-25 04:00:00,1654.61,1655.14,1646.0,1650.53,170617.669,281594922.50572
2023-08-25 08:00:00,1650.54,1658.34,1650.22,1653.51,127152.342,210275913.08973
2023-08-25 12:00:00,1653.51,1676.73,1635.01,1645.23,853378.453,1411512225.47903
2023-08-25 16:00:00,1645.23,1655.11,1634.43,1646.15,324867.204,534464612.00812
2023-08-25 20:00:00,1646.15,1654.4,1645.01,1653.24,148900.488,245742209.4193
2023-08-26 00:00:00,1653.25,1654.77,1650.68,1653.67,78919.033,130426628.38311
2023-08-26 04:00:00,1653.67,1653.98,1649.88,1652.12,51510.62,85096701.56692
2023-08-26 08:00:00,1652.11,1652.92,1645.47,1649.61,134458.892,221628297.08848
2023-08-26 12:00:00,1649.6,1652.38,1645.85,1650.6,74781.565,123346573.8627
2023-08-26 16:00:00,1650.6,1651.0,1643.01,1645.3,100831.539,165938822.0908
2023-08-26 20:00:00,1645.3,1649.81,1644.13,1646.28,59309.48,97683343.35704
2023-08-27 00:00:00,1646.29,1649.77,1645.38,1646.45,68476.1,112795653.44325
2023-08-27 04:00:00,1646.46,1654.89,1646.45,1647.81,97167.98,160348302.93233
2023-08-27 08:00:00,1647.81,1651.89,1646.35,1648.5,86006.058,141861854.89222
2023-08-27 12:00:00,1648.5,1659.57,1647.93,1654.68,175418.928,290276934.85058
2023-08-27 16:00:00,1654.69,1659.48,1648.93,1655.05,136833.953,226388628.05566
2023-08-27 20:00:00,1655.04,1658.44,1650.25,1657.59,93437.254,154630947.87272
2023-08-28 00:00:00,1657.59,1657.6,1647.06,1649.09,151055.912,249321726.35352
2023-08-28 04:00:00,1649.09,1650.94,1635.0,1640.91,255671.412,419833516.73942
2023-08-28 08:00:00,1640.91,1642.91,1618.0,1639.54,334238.409,545859690.12388
2023-08-28 12:00:00,1639.53,1663.88,1639.01,1647.99,541803.192,894877632.97271
2023-08-28 16:00:00,1647.98,1654.29,1637.0,1645.82,262436.996,432229860.10326
2023-08-28 20:00:00,1645.82,1656.77,1643.26,1652.51,127197.053,209840513.90229
2023-08-29 00:00:00,1652.5,1661.95,1650.02,1651.6,196035.632,324481737.09417
2023-08-29 04:00:00,1651.61,1653.0,1644.19,1646.57,174915.414,288311412.28758
2023-08-29 08:00:00,1646.58,1647.24,1639.01,1641.2,184654.508,303511032.14667
2023-08-29 12:00:00,1641.2,1736.92,1639.35,1715.65,1778037.866,3022297774.6486
2023-08-29 16:00:00,1715.66,1747.15,1708.0,1734.41,879683.57,1523324669.57755
2023-08-29 20:00:00,1734.41,1741.47,1720.6,1728.51,266029.351,460372255.18647
2023-08-30 00:00:00,1728.52,1730.37,1712.14,1717.92,263190.671,452524640.36016
2023-08-30 04:00:00,1717.92,1721.96,1715.26,1716.91,124601.695,214106596.25741
2023-08-30 08:00:00,1716.91,1719.99,1710.0,1715.16,186988.276,320828234.82775
2023-08-30 12:00:00,1715.16,1721.69,1688.0,1702.89,637542.848,1089578996.53868
2023-08-30 16:00:00,1702.88,1704.6,1694.67,1700.77,213062.101,362289086.59811
2023-08-30 20:00:00,1700.77,1708.0,1700.34,1704.39,113848.45,193967255.95802
2023-08-31 00:00:00,1704.39,1704.39,1696.16,1698.53,98004.617,166616137.5377
2023-08-31 04:00:00,1698.52,1706.98,1698.35,1705.64,108061.768,184010667.4865
2023-08-31 08:00:00,1705.64,1730.0,1702.44,1712.87,339928.732,582455511.40624
2023-08-31 12:00:00,1712.86,1713.3,1674.05,1688.1,563343.493,956069959.76015
2023-08-31 16:00:00,1688.11,1688.33,1641.33,1656.25,969034.741,1610457163.60247
2023-08-31 20:00:00,1656.23,1656.66,1628.3,1645.27,410521.188,674820699.44946
2023-09-01 00:00:00,1645.26,1653.89,1644.29,1651.36,153134.759,252669998.04228
2023-09-01 04:00:00,1651.35,1652.28,1642.01,1645.45,122119.284,201101139.22691
2023-09-01 08:00:00,1645.45,1647.84,1640.2,1646.26,151900.221,249749250.29971
2023-09-01 12:00:00,1646.27,1651.97,1621.0,1633.75,671584.366,1098921022.58228
2023-09-01 16:00:00,1633.76,1637.0,1601.22,1618.64,750211.457,1212647686.3225
2023-09-01 20:00:00,1618.66,1637.96,1615.38,1628.19,240604.855,391578507.68287
2023-09-02 00:00:00,1628.2,1633.72,1627.05,1631.5,100954.346,164553218.05678
2023-09-02 04:00:00,1631.5,1636.54,1629.25,1630.67,110763.975,180771547.46649
2023-09-02 08:00:00,1630.68,1636.48,1629.24,1633.88,114906.312,187600915.05561
2023-09-02 12:00:00,1633.88,1644.99,1632.51,1637.97,194875.07,319221736.7269
2023-09-02 16:00:00,1637.97,1640.18,1627.52,1632.81,159696.729,260888472.34214
2023-09-02 20:00:00,1632.82,1639.14,1631.98,1636.24,73429.49,120087948.29019
2023-09-03 00:00:00,1636.24,1636.84,1630.55,1635.45,91742.054,149872470.2744
2023-09-03 04:00:00,1635.44,1638.34,1632.9,1634.95,67361.534,110156109.08913
2023-09-03 08:00:00,1634.95,1635.22,1630.08,1633.49,79460.25,129709288.06794
2023-09-03 12:00:00,1633.49,1640.51,1627.19,1632.18,228104.85,372695835.59622
2023-09-03 16:00:00,1632.19,1642.97,1623.93,1638.08,221275.558,361295134.58937
2023-09-03 20:00:00,1638.09,1648.24,1632.21,1635.02,150999.728,247526664.72867
2023-09-04 00:00:00,1635.03,1644.5,1631.15,1636.86,135923.571,222487576.90725
2023-09-04 04:00:00,1636.86,1639.59,1633.71,1638.06,96752.321,158371269.50732
2023-09-04 08:00:00,1638.07,1639.95,1630.25,1631.46,128286.14,209745366.26661
2023-09-04 12:00:00,1631.46,1634.18,1617.04,1625.33,339044.866,551700396.09853
2023-09-04 16:00:00,1625.33,1635.43,1624.62,1630.41,131931.871,214969106.39555
2023-09-04 20:00:00,1630.42,1634.0,1614.76,1630.09,255885.396,415720457.36876
2023-09-05 00:00:00,1630.08,1630.7,1608.45,1617.25,254663.884,412103862.89826
2023-09-05 04:00:00,1617.24,1627.52,1617.24,1624.33,180714.3,293128164.13377
2023-09-05 08:00:00,1624.32,1638.47,1620.0,1634.64,236327.932,385202590.79118
2023-09-05 12:00:00,1634.64,1648.0,1624.85,1636.03,448773.106,733798778.00886
2023-09-05 16:00:00,1636.02,1642.92,1631.31,1631.55,196698.018,321900147.56904
2023-09-05 20:00:00,1631.54,1633.76,1625.76,1633.63,127204.713,207320657.1516
2023-09-06 00:00:00,1633.63,1639.73,1630.86,1632.63,127773.547,208893830.29961
2023-09-06 04:00:00,1632.62,1633.07,1626.98,1628.41,132311.64,215614496.97498
2023-09-06 08:00:00,1628.41,1635.74,1628.11,1632.02,123061.309,200793178.80907
2023-09-06 12:00:00,1632.02,1634.91,1618.5,1622.49,342414.321,556604436.43396
2023-09-06 16:00:00,1622.5,1680.0,1606.74,1630.68,1017228.288,1664788719.68144
2023-09-06 20:00:00,1630.68,1634.46,1626.78,1632.33,92492.648,150886102.86289
2023-09-07 00:00:00,1632.33,1639.68,1631.01,1639.45,172504.37,282055680.75662
2023-09-07 04:00:00,1639.44,1642.1,1634.66,1635.16,152208.888,249339449.19836
2023-09-07 08:00:00,1635.17,1635.32,1625.0,1626.83,168231.347,274319532.13218
2023-09-07 12:00:00,1626.82,1633.3,1622.61,1629.85,315940.136,514488747.91613
2023-09-07 16:00:00,1629.85,1640.96,1629.21,1636.33,250989.714,410458029.06831
2023-09-07 20:00:00,1636.32,1659.7,1635.01,1647.27,511006.153,842172223.14787
2023-09-08 00:00:00,1647.25,1658.77,1643.19,1645.65,218046.577,359415515.85298
2023-09-08 04:00:00,1645.66,1653.0,1642.21,1646.1,201941.755,332708981.97555
2023-09-08 08:00:00,1646.1,1647.13,1615.0,1625.23,542264.37,882628208.54333
2023-09-08 12:00:00,1625.22,1634.28,1623.47,1627.89,238590.778,388769852.22767
2023-09-08 16:00:00,1627.89,1634.75,1623.83,1633.7,181393.986,295437462.55127
2023-09-08 20:00:00,1633.7,1638.17,1632.34,1635.78,99878.319,163347086.08606
2023-09-09 00:00:00,1635.77,1636.24,1632.59,1633.57,58333.081,95347504.68114
2023-09-09 04:00:00,1633.56,1635.2,1631.13,1633.73,61898.151,101080636.29856
2023-09-09 08:00:00,1633.73,1635.57,1632.5,1634.45,66474.294,108607099.02457
2023-09-09 12:00:00,1634.45,1636.92,1629.0,1634.47,129256.676,211031126.79546
2023-09-09 16:00:00,1634.48,1636.86,1631.42,1633.18,51532.356,84185774.51361
2023-09-09 20:00:00,1633.17,1636.5,1632.86,1634.8,43672.369,71388118.36565
2023-09-10 00:00:00,1634.81,1635.05,1625.7,1630.21,116874.753,190507642.13769
2023-09-10 04:00:00,1630.22,1630.38,1617.16,1624.14,245262.852,398145127.06058
2023-09-10 08:00:00,1624.14,1625.87,1618.1,1623.6,130313.428,211490751.20092
2023-09-10 12:00:00,1623.61,1627.99,1607.66,1618.9,269535.476,436466587.98549
2023-09-10 16:00:00,1618.9,1619.47,1590.0,1616.47,497412.855,800013994.47466
2023-09-10 20:00:00,1616.47,1627.86,1613.52,1616.47,273247.475,442967458.18708
2023-09-11 00:00:00,1616.46,1618.35,1602.06,1611.92,222466.737,358175293.25039
2023-09-11 04:00:00,1611.92,1617.56,1606.52,1611.6,175241.677,282542494.46457
2023-09-11 08:00:00,1611.59,1612.08,1573.78,1585.86,764628.969,1217294890.71552
2023-09-11 12:00:00,1585.87,1597.9,1547.78,1561.68,1228122.236,1927806053.92193
2023-09-11 16:00:00,1561.69,1567.52,1533.0,1538.6,550112.528,853713706.77091
2023-09-11 20:00:00,1538.6,1551.57,1528.61,1551.03,332760.501,513202149.6778
2023-09-12 00:00:00,1551.02,1594.37,1548.7,1584.08,622996.193,979788417.51571
2023-09-12 04:00:00,1584.08,1592.83,1573.34,1579.17,435324.355,688558390.10526
2023-09-12 08:00:00,1579.16,1626.78,1575.0,1608.79,658453.876,1055372548.78886
2023-09-12 12:00:00,1608.79,1613.03,1593.28,1602.95,504192.397,808236130.90006
2023-09-12 16:00:00,1602.95,1622.16,1583.45,1597.73,619876.654,991253781.38687
2023-09-12 20:00:00,1597.72,1603.79,1589.49,1592.29,146298.882,233563365.8055
2023-09-13 00:00:00,1592.29,1600.67,1585.75,1588.9,206740.886,329602682.34745
2023-09-13 04:00:00,1588.9,1602.77,1580.46,1583.69,346458.736,550565406.22067
2023-09-13 08:00:00,1583.69,1606.91,1582.0,1603.83,292082.084,466388302.06817
2023-09-13 12:00:00,1603.84,1620.0,1590.51,1607.31,588517.937,943385167.79601
2023-09-13 16:00:00,1607.31,1615.44,1594.5,1598.62,337342.079,541068655.51336
2023-09-13 20:00:00,1598.62,1609.24,1598.34,1606.68,98735.794,158437361.64646
2023-09-14 00:00:00,1606.69,1639.0,1606.02,1619.37,626482.32,1017787686.30387
2023-09-14 04:00:00,1619.36,1625.21,1611.36,1620.67,178326.375,288376461.2259
2023-09-14 08:00:00,1620.67,1626.69,1616.39,1623.9,177396.585,287562169.81793
2023-09-14 12:00:00,1623.89,1644.45,1615.85,1634.02,681465.642,1109581313.22864
2023-09-14 16:00:00,1634.02,1644.16,1625.4,1635.14,305100.062,498259620.29722
2023-09-14 20:00:00,1635.15,1637.42,1622.64,1625.65,149496.287,243469747.27262
2023-09-15 00:00:00,1625.65,1635.05,1621.14,1633.72,208759.791,340139293.26688
2023-09-15 04:00:00,1633.72,1635.19,1625.99,1627.18,117608.822,191702084.9516
2023-09-15 08:00:00,1627.19,1631.13,1616.66,1620.09,194025.403,315353908.76599
2023-09-15 12:00:00,1620.08,1625.05,1610.0,1618.62,297272.01,481035237.65024
2023-09-15 16:00:00,1618.61,1623.0,1616.6,1620.6,139740.654,226396591.00766
2023-09-15 20:00:00,1620.6,1653.91,1618.37,1640.67,469559.522,769475813.28788
2023-09-16 00:00:00,1640.66,1652.97,1637.55,1640.99,212896.226,349994727.54036
2023-09-16 04:00:00,1640.99,1641.6,1633.66,1636.21,151100.136,247459922.43122
2023-09-16 08:00:00,1636.21,1638.05,1630.37,1634.93,146138.139,238859336.78758
2023-09-16 12:00:00,1634.93,1638.61,1630.5,1633.71,103686.577,169498141.44157
2023-09-16 16:00:00,1633.71,1638.94,1630.67,1632.74,105867.153,173091442.92026
2023-09-16 20:00:00,1632.74,1637.27,1631.9,1633.68,59111.808,96622855.15303
2023-09-17 00:00:00,1633.68,1633.84,1618.0,1628.33,264209.789,429449748.16224
2023-09-17 04:00:00,1628.33,1630.95,1626.43,1626.85,80946.743,131840649.17356
2023-09-17 08:00:00,1626.85,1634.43,1626.33,1628.62,116029.008,189264956.40679
2023-09-17 12:00:00,1628.63,1631.41,1626.63,1628.61,86127.284,140322672.72629
2023-09-17 16:00:00,1628.61,1628.77,1616.68,1624.93,171680.652,278698291.56986
2023-09-17 20:00:00,1624.94,1626.16,1610.81,1621.62,227082.128,367395113.13164
2023-09-18 00:00:00,1621.63,1636.05,1598.58,1629.35,425319.859,689244580.85006
2023-09-18 04:00:00,1629.36,1638.0,1625.9,1633.22,237580.367,387665090.41699
2023-09-18 08:00:00,1633.21,1658.88,1629.98,1655.16,499928.954,822012535.36917
2023-09-18 12:00:00,1655.17,1668.64,1649.65,1654.7,538835.996,894007187.32221
2023-09-18 16:00:00,1654.69,1659.94,1632.0,1640.06,533676.226,876572650.5107
2023-09-18 20:00:00,1640.06,1641.52,1634.28,1635.63,134588.31,220427705.0753
2023-09-19 00:00:00,1635.63,1639.4,1625.02,1633.93,232471.852,379480652.92365
2023-09-19 04:00:00,1633.94,1637.88,1631.51,1635.42,106974.047,174957744.09343
2023-09-19 08:00:00,1635.41,1660.69,1635.12,1647.06,456373.82,751633772.79655
2023-09-19 12:00:00,1647.06,1658.96,1633.27,1656.32,527545.411,868143516.46439
2023-09-19 16:00:00,1656.31,1658.91,1639.21,1643.39,291435.931,480308184.57316
2023-09-19 20:00:00,1643.38,1643.98,1636.01,1642.49,161816.615,265447167.94138
2023-09-20 00:00:00,1642.48,1648.68,1635.0,1636.78,196632.094,322741255.24792
2023-09-20 04:00:00,1636.78,1638.62,1629.59,1633.84,209573.737,342487625.97471
2023-09-20 08:00:00,1633.84,1637.51,1616.33,1629.03,389816.926,634281713.49609
2023-09-20 12:00:00,1629.04,1633.7,1619.69,1628.41,305414.606,497046220.92924
2023-09-20 16:00:00,1628.4,1640.0,1602.0,1615.37,565773.854,918056893.80455
2023-09-20 20:00:00,1615.38,1629.36,1614.07,1621.6,205607.583,333539808.9476
2023-09-21 00:00:00,1621.6,1624.81,1612.5,1622.71,199369.571,322599047.93452
2023-09-21 04:00:00,1622.72,1624.05,1616.11,1617.48,126661.553,205270206.6012
2023-09-21 08:00:00,1617.47,1622.18,1585.81,1594.09,701473.426,1124761947.88287
2023-09-21 12:00:00,1594.08,1596.36,1565.5,1583.0,696870.051,1102001249.7865
2023-09-21 16:00:00,1583.0,1592.7,1581.26,1588.91,213601.411,339122887.64493
2023-09-21 20:00:00,1588.92,1589.62,1582.03,1583.0,111756.615,177165997.84402
2023-09-22 00:00:00,1583.0,1595.77,1575.46,1593.91,250544.405,397863424.90967
2023-09-22 04:00:00,1593.92,1597.0,1586.01,1595.0,166322.124,264838427.69709
2023-09-22 08:00:00,1595.0,1602.28,1592.13,1596.37,189526.66,302575248.8623
2023-09-22 12:00:00,1596.37,1600.0,1592.03,1592.65,209118.527,333726381.32769
2023-09-22 16:00:00,1592.65,1598.55,1585.8,1591.6,219868.851,349917238.24093
2023-09-22 20:00:00,1591.59,1594.54,1588.35,1592.28,86050.475,136995144.75269
2023-09-23 00:00:00,1592.28,1597.6,1589.5,1590.2,122691.197,195551328.50541
2023-09-23 04:00:00,1590.2,1594.86,1588.96,1593.73,78211.538,124542190.38203
2023-09-23 08:00:00,1593.73,1594.3,1590.24,1592.62,61433.749,97810190.07983
2023-09-23 12:00:00,1592.62,1594.5,1586.53,1589.75,99671.873,158511051.87732
2023-09-23 16:00:00,1589.75,1594.87,1588.08,1593.93,98350.339,156550665.91034
2023-09-23 20:00:00,1593.92,1594.85,1589.26,1592.97,52319.539,83282878.72411
2023-09-24 00:00:00,1592.97,1594.36,1589.95,1591.51,51742.304,82402123.66203
2023-09-24 04:00:00,1591.5,1592.36,1590.42,1591.0,40604.057,64610264.69057
2023-09-24 08:00:00,1590.99,1595.65,1590.99,1593.31,69824.561,111260871.17488
2023-09-24 12:00:00,1593.32,1595.98,1587.04,1589.87,114617.465,182528002.28763
2023-09-24 16:00:00,1589.87,1600.95,1576.48,1585.23,393457.299,625131480.65052
2023-09-24 20:00:00,1585.23,1590.75,1568.28,1579.99,214159.026,338604319.47718
2023-09-25 00:00:00,1579.99,1587.69,1562.0,1577.0,386165.249,608568433.26738
2023-09-25 04:00:00,1577.0,1581.33,1571.56,1580.51,182373.565,287556673.69302
2023-09-25 08:00:00,1580.52,1582.61,1565.0,1567.96,212934.819,334862798.67046
2023-09-25 12:00:00,1567.96,1589.47,1563.0,1583.88,377295.912,595033382.93142
2023-09-25 16:00:00,1583.88,1597.13,1583.88,1590.9,335216.867,533388569.40418
2023-09-25 20:00:00,1590.9,1595.99,1583.47,1587.69,130111.367,206750683.58693
2023-09-26 00:00:00,1587.68,1593.97,1585.32,1591.03,132671.672,210908107.93712
2023-09-26 04:00:00,1591.03,1594.56,1586.0,1588.21,125957.611,200226971.8419
2023-09-26 08:00:00,1588.2,1599.4,1584.89,1590.85,256722.741,408310422.46799
2023-09-26 12:00:00,1590.84,1593.2,1578.61,1582.17,307080.588,486823695.12763
2023-09-26 16:00:00,1582.18,1592.45,1581.04,1588.71,206746.629,328109815.48463
2023-09-26 20:00:00,1588.71,1595.0,1583.23,1593.3,157509.851,250344602.77025
2023-09-27 00:00:00,1593.3,1597.71,1588.54,1594.92,161406.693,257099938.73001
2023-09-27 04:00:00,1594.92,1596.95,1590.0,1591.71,134849.973,214735845.95588
2023-09-27 08:00:00,1591.7,1633.98,1589.35,1628.91,738095.431,1191124476.89538
2023-09-27 12:00:00,1628.91,1630.8,1591.1,1600.99,792379.074,1276317479.34187
2023-09-27 16:00:00,1600.98,1602.45,1582.64,1597.0,367147.947,585128309.9435
2023-09-27 20:00:00,1597.0,1599.04,1592.32,1597.89,111956.792,178657136.46065
2023-09-28 00:00:00,1597.89,1614.99,1597.17,1605.36,319739.911,513187497.81699
2023-09-28 04:00:00,1605.37,1621.2,1603.78,1618.44,268984.571,434068927.56183
2023-09-28 08:00:00,1618.44,1638.06,1613.59,1622.94,481270.041,782520429.60657
2023-09-28 12:00:00,1622.95,1654.51,1620.78,1652.02,830184.599,1358977383.47571
2023-09-28 16:00:00,1652.01,1668.0,1644.0,1657.59,735517.841,1219036575.00441
2023-09-28 20:00:00,1657.6,1660.71,1642.03,1652.13,197223.133,325733066.14207
2023-09-29 00:00:00,1652.13,1658.24,1647.5,1650.82,213840.986,353362634.49501
2023-09-29 04:00:00,1650.82,1687.65,1648.0,1685.59,483664.775,808061256.87825
2023-09-29 08:00:00,1685.6,1686.0,1666.0,1668.28,344565.83,576891454.30956
2023-09-29 12:00:00,1668.29,1683.99,1654.62,1671.38,598950.395,1000116429.92705
2023-09-29 16:00:00,1671.37,1672.6,1656.0,1664.61,254752.975,423890328.90836
2023-09-29 20:00:00,1664.6,1670.77,1663.18,1666.61,100329.544,167200964.13016
2023-09-30 00:00:00,1666.61,1671.99,1665.27,1669.63,97809.6,163214482.30843
2023-09-30 04:00:00,1669.63,1674.99,1668.94,1671.07,102472.72,171282034.17019
2023-09-30 08:00:00,1671.07,1678.86,1670.52,1675.06,130313.424,218243547.2503
2023-09-30 12:00:00,1675.06,1694.11,1672.02,1682.53,388099.452,652775467.7566
2023-09-30 16:00:00,1682.53,1685.61,1671.0,1678.27,203311.734,341268348.14902
2023-09-30 20:00:00,1678.28,1682.82,1666.0,1670.18,141580.383,236876479.14643
2023-10-01 00:00:00,1670.17,1677.9,1669.49,1673.69,94754.908,158550411.42269
2023-10-01 04:00:00,1673.69,1679.89,1672.56,1677.52,104335.311,174995657.84972
2023-10-01 08:00:00,1677.51,1692.0,1675.55,1687.88,294985.218,497107179.53471
2023-10-01 12:00:00,1687.89,1690.44,1676.68,1683.13,201983.821,340133130.19144
2023-10-01 16:00:00,1683.13,1683.94,1670.01,1675.51,189478.139,317590868.53826
2023-10-01 20:00:00,1675.52,1780.0,1666.69,1733.39,877202.031,1508796889.76433
2023-10-02 00:00:00,1733.4,1734.8,1717.66,1728.43,295626.655,510259161.85539
2023-10-02 04:00:00,1728.43,1733.94,1710.0,1729.48,337351.091,581501639.53811
2023-10-02 08:00:00,1729.48,1743.99,1723.85,1724.37,370461.249,641656315.37084
2023-10-02 12:00:00,1724.36,1733.8,1686.82,1690.96,813029.739,1392150066.67485
2023-10-02 16:00:00,1690.96,1693.08,1619.99,1673.59,889932.647,1485724256.82963
2023-10-02 20:00:00,1673.58,1673.59,1632.51,1661.49,433657.741,718546080.33931
2023-10-03 00:00:00,1661.49,1667.97,1659.19,1665.0,186844.164,310913037.57543
2023-10-03 04:00:00,1665.0,1669.94,1660.87,1661.64,156696.241,260949902.19501
2023-10-03 08:00:00,1661.64,1666.94,1649.05,1655.77,271405.024,449920108.57468
2023-10-03 12:00:00,1655.77,1662.85,1642.03,1647.6,472396.534,780290586.21445
2023-10-03 16:00:00,1647.61,1658.0,1645.43,1649.72,265359.259,438376641.96101
2023-10-03 20:00:00,1649.72,1659.47,1645.0,1656.18,221485.595,366270653.97866
2023-10-04 00:00:00,1656.19,1657.05,1615.0,1641.11,427049.885,699789772.988
2023-10-04 04:00:00,1641.11,1644.26,1635.05,1644.25,158606.937,260014486.59674
2023-10-04 08:00:00,1644.25,1652.32,1642.8,1645.99,189275.766,311730629.31737
2023-10-04 12:00:00,1645.98,1649.59,1626.22,1631.9,406743.036,665696474.44743
2023-10-04 16:00:00,1631.9,1654.2,1631.0,1642.08,398754.437,655102779.17687
2023-10-04 20:00:00,1642.09,1652.11,1639.68,1645.75,180229.297,296650428.35338
2023-10-05 00:00:00,1645.76,1655.13,1641.1,1641.38,181290.086,298549332.68374
2023-10-05 04:00:00,1641.38,1645.51,1631.12,1635.36,184088.352,301485987.41412
2023-10-05 08:00:00,1635.37,1641.52,1634.03,1635.7,155826.685,255194934.67271
2023-10-05 12:00:00,1635.7,1648.85,1601.28,1617.4,882588.319,1438896275.97355
2023-10-05 16:00:00,1617.4,1620.85,1605.13,1616.01,395844.724,639339118.09628
2023-10-05 20:00:00,1616.0,1618.93,1609.07,1611.23,129425.707,208952373.31892
2023-10-06 00:00:00,1611.24,1624.77,1611.18,1623.59,174804.06,283172438.38199
2023-10-06 04:00:00,1623.59,1632.19,1618.0,1630.34,194175.043,315461720.64977
2023-10-06 08:00:00,1630.34,1639.45,1627.61,1634.0,314011.498,512854845.76527
2023-10-06 12:00:00,1633.99,1649.0,1610.59,1642.16,805454.725,1313852226.89287
2023-10-06 16:00:00,1642.16,1656.09,1633.42,1645.5,364558.827,599426526.98793
2023-10-06 20:00:00,1645.52,1664.6,1642.1,1644.33,225436.792,372080936.6978
2023-10-07 00:00:00,1644.32,1647.16,1638.93,1640.63,133752.367,219760497.1907
2023-10-07 04:00:00,1640.64,1642.61,1635.15,1636.0,104659.018,171493590.21023
2023-10-07 08:00:00,1636.0,1642.59,1635.09,1637.89,139626.926,228869656.83308
2023-10-07 12:00:00,1637.88,1642.74,1634.0,1637.83,122317.388,200445966.00186
2023-10-07 16:00:00,1637.83,1638.81,1629.03,1630.05,152625.134,249450962.01029
2023-10-07 20:00:00,1630.06,1635.51,1629.5,1633.18,76990.671,125700733.53598
2023-10-08 00:00:00,1633.17,1640.9,1632.73,1638.47,113024.32,184994076.04363
2023-10-08 04:00:00,1638.46,1639.2,1622.65,1628.14,187092.044,304910208.33504
2023-10-08 08:00:00,1628.13,1628.95,1615.19,1617.25,246887.258,400322788.4389
2023-10-08 12:00:00,1617.25,1637.42,1616.51,1630.63,315376.672,513388830.37371
2023-10-08 16:00:00,1630.64,1638.76,1628.49,1634.86,163052.035,266235518.09903
2023-10-08 20:00:00,1634.86,1637.72,1626.61,1632.02,127908.383,208733401.21476
2023-10-09 00:00:00,1632.03,1635.81,1622.63,1632.98,191777.461,312409190.62192
2023-10-09 04:00:00,1632.97,1634.19,1616.16,1620.0,190143.387,308849903.04126
2023-10-09 08:00:00,1620.0,1621.23,1580.09,1589.76,825601.566,1321082661.32138
2023-10-09 12:00:00,1589.76,1596.96,1582.36,1585.64,412331.203,655336092.47297
2023-10-09 16:00:00,1585.63,1586.55,1544.3,1580.79,1185750.23,1861425691.83965
2023-10-09 20:00:00,1580.79,1583.36,1572.81,1579.4,144520.202,228059760.94557
2023-10-10 00:00:00,1579.39,1592.34,1575.27,1584.1,226016.675,357724438.55484
2023-10-10 04:00:00,1584.11,1593.71,1581.89,1589.52,203758.033,323557972.14662
2023-10-10 08:00:00,1589.52,1594.4,1577.25,1578.7,283620.702,449884670.25189
2023-10-10 12:00:00,1578.7,1587.98,1562.71,1567.25,670948.182,1056510277.7487
2023-10-10 16:00:00,1567.26,1572.23,1556.56,1565.25,450559.102,704466378.66335
2023-10-10 20:00:00,1565.26,1569.68,1545.6,1566.89,241972.313,377625650.26149
2023-10-11 00:00:00,1566.89,1575.38,1541.78,1555.76,451897.652,705125292.81923
2023-10-11 04:00:00,1555.75,1561.0,1547.2,1556.16,276379.058,429934648.15003
2023-10-11 08:00:00,1556.15,1577.89,1555.55,1572.04,446811.709,701637080.79147
2023-10-11 12:00:00,1572.05,1575.98,1553.05,1558.77,550276.382,861459606.11193
2023-10-11 16:00:00,1558.78,1566.32,1547.99,1562.43,496772.635,772884507.14285
2023-10-11 20:00:00,1562.43,1568.88,1560.17,1566.07,159683.547,249750446.42978
2023-10-12 00:00:00,1566.08,1568.06,1555.37,1560.99,215436.416,336282529.46536
2023-10-12 04:00:00,1560.99,1566.27,1557.12,1558.64,177288.551,276876404.95407
2023-10-12 08:00:00,1558.64,1560.35,1533.21,1551.49,584323.924,904062530.50883
2023-10-12 12:00:00,1551.49,1553.42,1537.28,1540.96,468601.054,724344940.62714
2023-10-12 16:00:00,1540.96,1544.6,1514.5,1530.74,702776.099,1075167852.9298
2023-10-12 20:00:00,1530.74,1539.77,1529.65,1538.81,150764.079,231528312.52319
2023-10-13 00:00:00,1538.82,1546.96,1537.27,1538.25,201039.824,309989061.50682
2023-10-13 04:00:00,1538.25,1554.25,1538.06,1548.67,232456.72,359168462.63357
2023-10-13 08:00:00,1548.66,1551.79,1541.83,1546.01,203435.653,314669280.49471
2023-10-13 12:00:00,1546.01,1553.19,1536.65,1538.76,334945.091,517610700.20788
2023-10-13 16:00:00,1538.77,1548.53,1538.44,1545.26,200369.33,309393293.67111
2023-10-13 20:00:00,1545.26,1575.53,1542.74,1551.55,623234.81,971140156.90152
2023-10-14 00:00:00,1551.55,1555.95,1548.64,1552.96,158178.357,245631222.42176
2023-10-14 04:00:00,1552.96,1553.84,1544.22,1547.34,144184.778,223283664.54419
2023-10-14 08:00:00,1547.35,1549.04,1543.83,1546.58,87560.958,135447844.88679
2023-10-14 12:00:00,1546.59,1557.76,1545.42,1555.66,153666.839,238349438.23363
2023-10-14 16:00:00,1555.65,1558.4,1551.81,1554.55,138381.335,215168496.86726
2023-10-14 20:00:00,1554.55,1561.7,1552.6,1554.15,109755.035,170785255.26486
2023-10-15 00:00:00,1554.15,1557.0,1548.74,1553.79,111621.864,173434022.93506
2023-10-15 04:00:00,1553.79,1554.51,1551.59,1554.29,49263.759,76507733.63079
2023-10-15 08:00:00,1554.29,1559.71,1553.2,1554.75,101309.142,157664535.66732
2023-10-15 12:00:00,1554.75,1559.97,1546.14,1553.13,228037.037,354264319.38289
2023-10-15 16:00:00,1553.12,1564.99,1549.51,1559.76,200287.315,312177152.23917
2023-10-15 20:00:00,1559.77,1567.0,1552.0,1557.25,309994.153,483361861.57325
2023-10-16 00:00:00,1557.25,1566.5,1554.1,1562.25,160951.377,251224368.23484
2023-10-16 04:00:00,1562.25,1588.51,1559.72,1578.02,668085.234,1055038007.27755
2023-10-16 08:00:00,1578.02,1586.56,1574.14,1582.0,243832.534,385474295.47565
2023-10-16 12:00:00,1582.0,1642.0,1565.0,1577.04,1709516.661,2733040761.2346
2023-10-16 16:00:00,1577.05,1601.93,1572.34,1589.17,433978.77,688321935.21868
2023-10-16 20:00:00,1589.16,1604.3,1576.78,1598.61,297542.753,473881973.59577
2023-10-17 00:00:00,1598.61,1599.83,1587.5,1588.51,190582.859,303715719.69328
2023-10-17 04:00:00,1588.51,1591.67,1581.73,1589.66,232663.709,369052938.10625
2023-10-17 08:00:00,1589.66,1593.75,1581.53,1583.59,240671.152,381931502.81165
2023-10-17 12:00:00,1583.58,1585.24,1562.0,1574.67,574140.825,903739207.9939
2023-10-17 16:00:00,1574.66,1579.7,1541.0,1563.48,421605.404,658871466.03802
2023-10-17 20:00:00,1563.48,1565.39,1556.62,1563.99,161498.532,252264000.58267
2023-10-18 00:00:00,1564.0,1571.46,1561.3,1567.41,190236.668,297893194.8007
2023-10-18 04:00:00,1567.41,1581.97,1565.44,1571.6,393866.754,619419343.68559
2023-10-18 08:00:00,1571.6,1584.9,1568.0,1578.03,363084.187,572709251.04271
2023-10-18 12:00:00,1578.02,1581.15,1567.81,1569.48,323464.18,509099864.26178
2023-10-18 16:00:00,1569.48,1574.31,1561.98,1562.25,220837.723,346386508.98365
2023-10-18 20:00:00,1562.25,1565.33,1554.7,1562.65,231228.34,360921634.29178
2023-10-19 00:00:00,1562.66,1566.66,1539.0,1548.53,426544.639,661610530.73637
2023-10-19 04:00:00,1548.53,1552.83,1544.9,1551.08,172882.892,267947449.2821
2023-10-19 08:00:00,1551.07,1554.87,1540.53,1553.12,299924.034,464609688.36087
2023-10-19 12:00:00,1553.13,1565.0,1550.02,1560.34,388501.783,604876064.17059
2023-10-19 16:00:00,1560.34,1574.34,1559.0,1567.26,438585.724,686384422.84211
2023-10-19 20:00:00,1567.26,1572.95,1562.24,1565.89,187755.739,294085331.75278
2023-10-20 00:00:00,1565.9,1594.59,1560.37,1586.11,506280.576,799977458.29921
2023-10-20 04:00:00,1586.12,1589.0,1578.11,1582.76,294109.098,465523208.73573
2023-10-20 08:00:00,1582.77,1630.01,1582.15,1612.52,980131.757,1579708712.74059
2023-10-20 12:00:00,1612.52,1615.81,1596.62,1604.81,478610.681,768613756.75706
2023-10-20 16:00:00,1604.81,1609.43,1596.31,1606.25,198838.804,319098296.69845
2023-10-20 20:00:00,1606.24,1609.47,1601.36,1603.14,133342.719,214152207.86765
2023-10-21 00:00:00,1603.15,1605.78,1591.25,1596.75,202411.901,323300825.51398
2023-10-21 04:00:00,1596.75,1606.5,1596.38,1605.67,154266.856,247011358.40601
2023-10-21 08:00:00,1605.67,1609.33,1601.91,1608.08,163950.895,263211607.35488
2023-10-21 12:00:00,1608.07,1628.98,1601.87,1627.63,403003.736,651423127.15604
2023-10-21 16:00:00,1627.64,1643.84,1619.15,1634.16,554273.766,904286643.96741
2023-10-21 20:00:00,1634.16,1635.29,1625.15,1628.29,152711.655,248762700.66115
2023-10-22 00:00:00,1628.29,1640.96,1622.27,1628.72,256639.843,418334432.52129
2023-10-22 04:00:00,1628.72,1650.41,1622.32,1629.43,468795.34,767501667.60383
2023-10-22 08:00:00,1629.43,1635.24,1623.53,1627.76,236444.208,385328006.44997
2023-10-22 12:00:00,1627.75,1636.87,1620.0,1625.05,286206.289,466019695.58264
2023-10-22 16:00:00,1625.04,1640.7,1623.41,1634.34,218992.224,357650735.34666
2023-10-22 20:00:00,1634.33,1667.5,1633.18,1662.83,455480.072,752979116.1694
2023-10-23 00:00:00,1662.82,1702.11,1656.25,1693.62,791863.34,1329505444.60823
2023-10-23 04:00:00,1693.62,1705.25,1670.34,1675.52,614746.748,1039116210.84304
2023-10-23 08:00:00,1675.52,1683.72,1661.2,1675.99,430465.593,720354101.68398
2023-10-23 12:00:00,1675.99,1684.8,1662.5,1675.63,478265.353,801162484.08026
2023-10-23 16:00:00,1675.62,1712.0,1670.0,1707.85,923667.574,1562052549.67231
2023-10-23 20:00:00,1707.85,1803.0,1702.5,1766.35,1801476.038,3149948527.37015
2023-10-24 00:00:00,1766.35,1850.0,1757.73,1808.74,1414124.126,2550927714.34034
2023-10-24 04:00:00,1808.73,1837.0,1800.02,1809.82,609467.835,1106229867.74423
2023-10-24 08:00:00,1809.82,1846.08,1806.77,1845.79,616035.821,1126200689.02039
2023-10-24 12:00:00,1845.78,1854.87,1761.29,1777.67,1395068.523,2523766336.53735
2023-10-24 16:00:00,1777.66,1800.18,1755.28,1776.6,661614.353,1176827697.22933
2023-10-24 20:00:00,1776.6,1796.07,1762.72,1784.31,452001.837,805172837.51136
2023-10-25 00:00:00,1784.3,1806.38,1776.58,1788.46,429227.657,769196526.34775
2023-10-25 04:00:00,1788.47,1795.27,1760.12,1768.85,381358.177,679023436.36669
2023-10-25 08:00:00,1768.85,1794.0,1759.16,1785.76,438120.847,779165021.75134
2023-10-25 12:00:00,1785.76,1818.55,1778.22,1806.36,697685.236,1254505246.48294
2023-10-25 16:00:00,1806.35,1815.4,1778.74,1789.46,468302.259,839785175.32076
2023-10-25 20:00:00,1789.48,1796.27,1774.94,1786.71,291491.779,520946296.94684
2023-10-26 00:00:00,1786.7,1817.32,1778.67,1816.01,378673.579,680140526.82935
2023-10-26 04:00:00,1816.01,1859.0,1790.2,1850.56,776192.317,1417657873.62293
2023-10-26 08:00:00,1850.57,1872.64,1802.91,1812.89,1025849.405,1884107580.99725
2023-10-26 12:00:00,1812.9,1825.59,1763.5,1778.04,1062369.209,1904810688.48959
2023-10-26 16:00:00,1778.05,1794.42,1757.25,1792.51,528813.248,940025909.45157
2023-10-26 20:00:00,1792.5,1811.85,1790.26,1803.3,274506.672,494468456.24439
2023-10-27 00:00:00,1803.31,1803.92,1772.0,1791.26,414316.763,741264307.57539
2023-10-27 04:00:00,1791.25,1796.94,1776.0,1776.8,304133.844,544199207.53334
2023-10-27 08:00:00,1776.79,1791.62,1774.88,1781.44,293819.315,524068618.62399
2023-10-27 12:00:00,1781.43,1797.75,1770.3,1783.32,605533.371,1080179867.57535
2023-10-27 16:00:00,1783.33,1785.3,1735.5,1774.6,636568.053,1122318958.79618
2023-10-27 20:00:00,1774.61,1785.06,1773.99,1780.02,185736.635,330541443.49471
2023-10-28 00:00:00,1780.03,1795.0,1779.09,1790.69,191112.094,341365293.70845
2023-10-28 04:00:00,1790.7,1796.6,1785.8,1788.23,135124.36,241844920.6894
2023-10-28 08:00:00,1788.24,1806.23,1785.9,1788.39,239976.202,430396713.52062
2023-10-28 12:00:00,1788.39,1792.63,1775.39,1791.37,257328.693,459404502.12876
2023-10-28 16:00:00,1791.36,1791.76,1777.06,1777.7,117355.12,209410603.73979
2023-10-28 20:00:00,1777.71,1784.15,1767.37,1776.76,133647.255,237542093.77742
2023-10-29 00:00:00,1776.76,1782.5,1762.49,1775.41,189883.625,336820856.68218
2023-10-29 04:00:00,1775.41,1784.68,1773.15,1783.47,114903.654,204442845.25332
2023-10-29 08:00:00,1783.48,1794.0,1783.32,1789.5,206191.273,368814316.14701
2023-10-29 12:00:00,1789.5,1802.0,1788.36,1792.62,287532.374,516127544.66792
2023-10-29 16:00:00,1792.62,1809.39,1786.48,1793.67,291517.525,523954169.44945
2023-10-29 20:00:00,1793.66,1813.1,1791.57,1795.49,225087.997,405398214.24123
2023-10-30 00:00:00,1795.48,1798.96,1778.45,1783.19,280040.17,500985699.29663
2023-10-30 04:00:00,1783.19,1792.85,1778.03,1787.32,235330.559,420199552.60194
2023-10-30 08:00:00,1787.32,1829.12,1784.47,1816.29,680834.742,1235648838.23033
2023-10-30 12:00:00,1816.29,1832.65,1805.68,1820.84,465167.475,845836036.16094
2023-10-30 16:00:00,1820.83,1820.84,1776.94,1802.64,455783.838,819415904.99975
2023-10-30 20:00:00,1802.65,1817.86,1797.37,1809.81,217660.72,393424258.27771
2023-10-31 00:00:00,1809.82,1820.91,1793.88,1795.81,320997.836,580063091.82586
2023-10-31 04:00:00,1795.8,1805.44,1786.24,1791.26,294137.58,528458298.63956
2023-10-31 08:00:00,1791.2,1815.0,1782.75,1810.16,353932.97,637389201.9922
2023-10-31 12:00:00,1810.23,1813.63,1781.0,1792.26,618873.505,1111467598.8878
2023-10-31 16:00:00,1792.26,1816.09,1788.34,1812.43,335603.376,605445631.24842
2023-10-31 20:00:00,1812.43,1818.95,1802.68,1815.67,232319.849,420935241.63123
2023-11-01 00:00:00,1815.66,1831.28,1808.61,1810.9,351662.639,639489560.4601
2023-11-01 04:00:00,1810.9,1811.38,1798.01,1805.44,246551.954,445038132.63903
2023-11-01 08:00:00,1805.44,1809.14,1792.81,1800.71,270791.843,487555311.97383
2023-11-01 12:00:00,1800.71,1829.0,1782.73,1792.94,1027875.186,1853836372.90367
2023-11-01 16:00:00,1792.95,1853.32,1792.55,1836.87,938996.225,1711008015.39236
2023-11-01 20:00:00,1836.86,1861.63,1836.67,1848.2,760792.298,1406379296.82028
2023-11-02 00:00:00,1848.2,1876.26,1841.2,1859.71,619816.965,1153138636.09484
2023-11-02 04:00:00,1859.72,1861.38,1828.55,1836.13,516741.933,952123451.57238
2023-11-02 08:00:00,1836.13,1841.78,1821.1,1837.14,339677.431,622426542.36431
2023-11-02 12:00:00,1837.14,1844.29,1800.27,1803.51,733560.486,1335403443.84082
2023-11-02 16:00:00,1803.51,1812.74,1784.0,1812.49,479663.124,863337967.86516
2023-11-02 20:00:00,1812.49,1813.72,1791.84,1800.68,213307.127,384287321.84766
2023-11-03 00:00:00,1800.68,1803.1,1775.36,1798.29,418584.738,749221334.40832
2023-11-03 04:00:00,1798.28,1802.01,1787.37,1798.74,245848.268,441471596.94912
2023-11-03 08:00:00,1798.74,1804.82,1780.51,1789.95,368799.658,660603544.15961
2023-11-03 12:00:00,1789.95,1814.37,1784.79,1812.79,467407.058,842584814.49862
2023-11-03 16:00:00,1812.79,1824.37,1798.14,1816.89,509072.354,922947307.77875
2023-11-03 20:00:00,1816.9,1834.32,1814.68,1832.49,274934.853,502628893.49614
2023-11-04 00:00:00,1832.49,1840.0,1823.32,1834.72,235618.582,431614630.16441
2023-11-04 04:00:00,1834.71,1840.0,1825.56,1833.77,229271.499,420275278.35233
2023-11-04 08:00:00,1833.77,1847.99,1830.46,1837.38,288994.594,532045518.64304
2023-11-04 12:00:00,1837.37,1840.99,1827.92,1832.01,174032.403,319262670.66184
2023-11-04 16:00:00,1832.01,1840.97,1831.21,1835.72,113608.693,208656604.12826
2023-11-04 20:00:00,1835.73,1870.68,1834.26,1856.08,327208.877,606894405.12542
2023-11-05 00:00:00,1856.08,1896.5,1846.21,1889.85,466949.436,871314088.02748
2023-11-05 04:00:00,1889.84,1895.37,1876.7,1885.81,419964.908,791755167.79212
2023-11-05 08:00:00,1885.82,1898.96,1878.4,1888.8,367536.877,693746631.03209
2023-11-05 12:00:00,1888.87,1902.72,1865.0,1874.91,650285.055,1224744638.42324
2023-11-05 16:00:00,1874.91,1914.96,1873.51,1889.17,553524.404,1050166967.70478
2023-11-05 20:00:00,1889.18,1912.97,1852.91,1892.49,590739.965,1112974994.71763
2023-11-06 00:00:00,1892.49,1901.4,1880.99,1887.98,288320.674,544973536.5333
2023-11-06 04:00:00,1888.0,1890.54,1869.13,1879.0,289098.448,542831259.52915
2023-11-06 08:00:00,1879.0,1899.87,1873.43,1899.39,334308.081,631861132.71967
2023-11-06 12:00:00,1899.39,1916.8,1888.77,1901.88,728950.76,1388277296.89185
2023-11-06 16:00:00,1901.89,1904.98,1886.08,1902.62,438171.782,830547941.65997
2023-11-06 20:00:00,1902.62,1907.87,1881.3,1901.71,281268.828,533255029.94535
2023-11-07 00:00:00,1901.72,1904.69,1877.94,1891.0,373267.364,705636888.19826
2023-11-07 04:00:00,1890.99,1897.54,1886.33,1892.59,177849.84,336508639.45827
2023-11-07 08:00:00,1892.59,1895.72,1866.83,1873.98,477169.815,896035940.84037
2023-11-07 12:00:00,1873.99,1880.78,1857.04,1863.85,452829.725,847147376.65903
2023-11-07 16:00:00,1863.85,1901.76,1850.1,1895.18,835708.661,1570441501.51372
2023-11-07 20:00:00,1895.19,1908.47,1872.31,1885.79,430829.069,814635568.76251
2023-11-08 00:00:00,1885.79,1893.61,1880.53,1883.09,182590.974,344532572.09031
2023-11-08 04:00:00,1883.09,1887.59,1873.13,1875.46,180523.413,339345343.65406
2023-11-08 08:00:00,1875.46,1889.82,1874.04,1881.1,198227.724,373282401.08889
2023-11-08 12:00:00,1881.11,1893.51,1880.1,1889.62,270656.319,510526048.22697
2023-11-08 16:00:00,1889.62,1906.2,1887.09,1900.04,382568.059,725916160.19657
2023-11-08 20:00:00,1900.04,1906.01,1883.02,1888.42,457153.988,865346113.43583
2023-11-09 00:00:00,1888.42,1930.0,1881.79,1919.66,793914.083,1516179283.33694
2023-11-09 04:00:00,1919.65,1930.7,1910.01,1912.5,467067.497,897344134.49168
2023-11-09 08:00:00,1912.49,1920.64,1904.49,1913.91,441923.817,845370063.79777
2023-11-09 12:00:00,1913.91,2065.0,1908.45,2039.56,2914946.118,5825380885.11345
2023-11-09 16:00:00,2039.55,2053.36,1973.0,2019.79,1861948.334,3749188885.39655
2023-11-09 20:00:00,2019.78,2134.3,2012.05,2122.92,1622328.636,3372544367.00511
2023-11-10 00:00:00,2122.92,2130.99,2096.06,2123.0,735290.833,1554774713.14516
2023-11-10 04:00:00,2122.99,2139.6,2102.4,2104.64,643767.867,1365340082.24879
2023-11-10 08:00:00,2104.64,2111.02,2084.31,2098.14,647710.691,1359071352.56577
2023-11-10 12:00:00,2098.14,2100.7,2066.0,2085.32,687986.329,1432621114.62163
2023-11-10 16:00:00,2091.11,2105.07,2086.5,2089.42,430091.142,902074711.17938
2023-11-10 20:00:00,2089.42,2101.3,2070.31,2079.1,365354.816,762222937.97128
2023-11-11 00:00:00,2079.1,2086.29,2021.0,2047.79,685502.348,1407765516.95454
2023-11-11 04:00:00,2047.79,2062.48,2035.52,2056.58,283103.224,580947485.91423
2023-11-11 08:00:00,2056.6,2068.48,2047.25,2059.53,252346.825,519719884.524
2023-11-11 12:00:00,2059.52,2091.4,2054.02,2069.32,469529.979,972613784.30679
2023-11-11 16:00:00,2069.34,2091.97,2067.91,2077.46,351480.193,730347887.98837
2023-11-11 20:00:00,2077.47,2077.76,2032.0,2054.52,442086.381,906475116.57967
2023-11-12 00:00:00,2054.53,2056.6,2011.5,2052.89,477904.376,973636006.8924
2023-11-12 04:00:00,2052.88,2061.88,2045.08,2058.9,202198.667,415232595.63419
2023-11-12 08:00:00,2058.9,2060.38,2047.4,2049.37,177338.887,364163280.90913
2023-11-12 12:00:00,2049.37,2068.96,2036.6,2058.35,336260.808,689878702.66185
2023-11-12 16:00:00,2058.36,2061.39,2046.05,2050.68,190486.284,391127371.50747
2023-11-12 20:00:00,2050.69,2068.5,2030.0,2046.08,335106.974,687152491.55585
2023-11-13 00:00:00,2046.07,2076.0,2037.05,2041.16,579130.371,1191680676.21888
2023-11-13 04:00:00,2041.16,2057.98,2030.0,2049.36,393475.893,803866468.99321
2023-11-13 08:00:00,2049.37,2062.72,2040.0,2048.38,336015.377,689968157.45367
2023-11-13 12:00:00,2048.38,2109.89,2040.0,2106.67,1176063.349,2441193392.17062
2023-11-13 16:00:00,2106.67,2120.0,2066.0,2101.3,802430.549,1680547179.09665
2023-11-13 20:00:00,2101.3,2104.2,2044.6,2055.18,720492.118,1490394530.07175
2023-11-14 00:00:00,2055.18,2060.0,2032.34,2056.99,464898.863,951318186.00783
2023-11-14 04:00:00,2056.98,2065.71,2048.72,2061.5,192221.595,395807391.97825
2023-11-14 08:00:00,2061.5,2066.39,2026.38,2033.21,442556.163,905353570.39559
2023-11-14 12:00:00,2033.21,2055.96,2018.9,2039.61,877571.413,1790265932.40727
2023-11-14 16:00:00,2039.6,2055.75,1920.0,1979.76,1436662.14,2865826080.33266
2023-11-14 20:00:00,1979.75,1995.83,1969.03,1980.11,390026.838,773150828.7762
2023-11-15 00:00:00,1980.11,1992.63,1967.85,1968.77,302893.302,599452330.19282
2023-11-15 04:00:00,1968.77,1988.58,1968.18,1984.15,225803.939,447409383.58993
2023-11-15 08:00:00,1984.15,2015.96,1982.01,2013.96,469032.367,936608532.40175
2023-11-15 12:00:00,2013.97,2024.68,2005.97,2022.05,483838.999,974810892.35466
2023-11-15 16:00:00,2022.06,2055.18,2001.28,2052.78,1037456.072,2104171824.44776
2023-11-15 20:00:00,2052.78,2064.08,2036.61,2059.29,525692.685,1078278260.72301
2023-11-16 00:00:00,2059.3,2082.8,2052.0,2054.52,464359.282,958684220.54378
2023-11-16 04:00:00,2054.52,2066.52,2049.14,2054.71,242607.301,498976144.48195
2023-11-16 08:00:00,2054.71,2093.0,2037.03,2070.03,766103.942,1579012321.09687
2023-11-16 12:00:00,2070.03,2070.8,1980.1,1996.43,1333428.229,2703585195.08206
2023-11-16 16:00:00,1996.43,2015.96,1938.4,1966.07,1092242.338,2160621352.51559
2023-11-16 20:00:00,1966.07,1971.15,1945.65,1962.13,449593.537,881194937.83709
2023-11-17 00:00:00,1962.14,1992.26,1959.91,1984.59,351064.735,695106933.62442
2023-11-17 04:00:00,1984.59,1987.82,1968.14,1971.11,285677.755,565582580.16775
2023-11-17 08:00:00,1971.12,1982.99,1955.0,1966.73,437882.075,861951067.98443
2023-11-17 12:00:00,1966.73,1972.0,1913.01,1919.44,959716.57,1863239353.44393
2023-11-17 16:00:00,1919.45,1949.96,1903.81,1939.79,833428.689,1609118042.42643
2023-11-17 20:00:00,1939.78,1970.11,1938.05,1961.21,360615.694,704861724.5583
2023-11-18 00:00:00,1961.21,1962.2,1940.52,1942.1,221271.65,431912680.43381
2023-11-18 04:00:00,1942.09,1946.92,1916.0,1936.61,337511.431,652304198.54301
2023-11-18 08:00:00,1936.61,1946.0,1931.42,1935.99,213735.878,414847994.47588
2023-11-18 12:00:00,1935.99,1955.62,1931.35,1953.42,294354.208,572138271.33369
2023-11-18 16:00:00,1953.41,1972.06,1952.87,1964.61,406469.031,798042502.97277
2023-11-18 20:00:00,1964.61,1966.96,1950.5,1963.19,169811.961,332865134.04057
2023-11-19 00:00:00,1963.19,1963.85,1943.44,1956.17,252544.464,492844142.1387
2023-11-19 04:00:00,1956.18,1967.74,1953.13,1962.52,158089.846,309948131.70302
2023-11-19 08:00:00,1962.52,1967.26,1945.72,1952.25,234293.735,458467917.06409
2023-11-19 12:00:00,1952.24,1969.8,1945.05,1967.22,250948.116,491090490.66774
2023-11-19 16:00:00,1967.22,1985.71,1966.0,1984.03,347036.233,685380492.70842
2023-11-19 20:00:00,1984.03,2016.45,1976.17,2012.46,483357.178,963976038.00044
2023-11-20 00:00:00,2012.45,2013.96,1995.81,2000.69,297954.723,597135194.74994
2023-11-20 04:00:00,2000.68,2028.2,1993.85,2020.2,285271.13,572518122.17383
2023-11-20 08:00:00,2020.23,2044.33,2009.46,2025.14,566795.266,1149239698.82042
2023-11-20 12:00:00,2025.14,2051.56,1981.96,2043.11,816428.871,1653485997.67068
2023-11-20 16:00:00,2043.11,2068.8,2010.78,2037.36,1004199.079,2049203290.34435
2023-11-20 20:00:00,2037.36,2040.55,2015.0,2022.41,310196.726,628829749.69715
2023-11-21 00:00:00,2022.41,2036.06,2007.63,2019.78,348918.219,705550392.99759
2023-11-21 04:00:00,2019.77,2020.54,2003.72,2004.89,221436.916,445750147.0084
2023-11-21 08:00:00,2004.89,2018.75,2001.98,2004.81,268026.857,538823348.46986
2023-11-21 12:00:00,2004.8,2016.4,1952.0,1988.84,1323882.273,2625228723.83036
2023-11-21 16:00:00,1988.82,2025.0,1960.43,1986.54,1169636.002,2325763313.19721
2023-11-21 20:00:00,1986.56,2007.64,1929.85,1933.44,773206.765,1520340951.61145
2023-11-22 00:00:00,1933.44,1980.8,1928.74,1978.76,394736.916,773690949.54179
2023-11-22 04:00:00,1978.76,2002.62,1977.48,1993.97,355225.69,706985552.63214
2023-11-22 08:00:00,1993.97,2030.0,1992.13,2015.45,517357.44,1041349334.36927
2023-11-22 12:00:00,2015.45,2046.61,2011.22,2033.87,678034.979,1373822617.09312
2023-11-22 16:00:00,2033.87,2084.4,2028.02,2077.35,963075.933,1978268005.68446
2023-11-22 20:00:00,2077.34,2093.78,2058.04,2063.91,617253.134,1281214533.06208
2023-11-23 00:00:00,2063.92,2072.21,2053.64,2060.12,289788.846,597588980.473
2023-11-23 04:00:00,2060.11,2070.64,2058.2,2066.45,182098.075,375919231.60862
2023-11-23 08:00:00,2066.45,2089.75,2033.5,2063.25,628385.739,1299084203.77091
2023-11-23 12:00:00,2063.26,2071.46,2040.21,2042.49,521821.877,1072614657.67494
2023-11-23 16:00:00,2042.5,2067.72,2040.45,2062.55,261730.768,538174935.14947
2023-11-23 20:00:00,2062.55,2078.41,2059.81,2062.68,217457.022,449719739.6472
2023-11-24 00:00:00,2062.67,2078.0,2059.63,2064.06,207603.782,429573110.54773
2023-11-24 04:00:00,2064.05,2085.0,2062.54,2080.5,242857.988,503116604.17418
2023-11-24 08:00:00,2080.5,2129.96,2075.14,2097.92,942621.699,1983029351.40214
2023-11-24 12:00:00,2097.95,2135.0,2096.44,2117.46,692058.732,1463092273.3775
2023-11-24 16:00:00,2117.45,2126.5,2079.03,2088.01,720346.09,1512776112.76406
2023-11-24 20:00:00,2088.01,2096.45,2057.77,2081.16,426481.525,886683571.045
2023-11-25 00:00:00,2081.16,2089.8,2072.96,2086.95,220871.324,459953334.20005
2023-11-25 04:00:00,2086.95,2090.49,2080.34,2088.47,126282.941,263344198.1767
2023-11-25 08:00:00,2088.47,2090.79,2065.59,2070.92,231095.82,480073894.66828
2023-11-25 12:00:00,2070.93,2079.7,2067.32,2078.0,188754.699,391599337.75394
2023-11-25 16:00:00,2078.0,2084.63,2074.0,2082.5,152065.667,316290856.14844
2023-11-25 20:00:00,2082.49,2086.94,2080.04,2082.87,108388.242,225816212.59848
2023-11-26 00:00:00,2082.87,2084.24,2067.04,2076.36,180592.329,374838371.98186
2023-11-26 04:00:00,2076.36,2093.46,2070.77,2089.19,255391.494,532380164.89852
2023-11-26 08:00:00,2089.19,2094.96,2081.16,2085.06,189812.892,396419854.0444
2023-11-26 12:00:00,2085.06,2090.77,2060.0,2064.5,612356.309,1270030822.66203
2023-11-26 16:00:00,2064.5,2069.42,2035.0,2056.63,609762.358,1249093227.95884
2023-11-26 20:00:00,2056.63,2082.79,2055.17,2061.97,417636.668,864839351.61958
2023-11-27 00:00:00,2061.97,2071.0,2037.68,2048.06,315901.412,649118142.28378
2023-11-27 04:00:00,2048.06,2054.66,2027.7,2045.1,345865.078,706813233.10406
2023-11-27 08:00:00,2045.1,2052.87,2016.4,2024.91,592363.824,1202846814.97669
2023-11-27 12:00:00,2024.92,2029.54,1998.0,2003.15,645575.475,1302807545.24706
2023-11-27 16:00:00,2003.15,2024.7,1985.0,1994.64,637379.303,1279629141.73679
2023-11-27 20:00:00,1994.64,2029.96,1987.0,2027.57,358316.382,720389420.73478
2023-11-28 00:00:00,2027.57,2041.36,2020.01,2027.25,281689.51,571628630.18813
2023-11-28 04:00:00,2027.25,2029.72,1994.85,2014.17,481377.541,967045550.31519
2023-11-28 08:00:00,2014.18,2029.0,2005.42,2027.98,290678.793,586298042.33934
2023-11-28 12:00:00,2027.99,2042.51,2019.18,2036.3,422885.095,859027337.96903
2023-11-28 16:00:00,2036.31,2075.87,2034.93,2059.13,842731.644,1735260647.03413
2023-11-28 20:00:00,2059.12,2065.4,2042.4,2048.2,282216.864,579914537.88024
2023-11-29 00:00:00,2048.21,2057.87,2039.0,2053.45,261715.726,536310110.34133
2023-11-29 04:00:00,2053.45,2063.8,2047.18,2057.55,206181.208,423882541.26439
2023-11-29 08:00:00,2057.55,2077.0,2044.41,2052.58,453012.17,933119783.02282
2023-11-29 12:00:00,2052.58,2062.08,2020.0,2031.53,592840.8,1209698504.66699
2023-11-29 16:00:00,2031.52,2042.21,2018.56,2038.47,362655.319,736052763.77136
2023-11-29 20:00:00,2038.48,2039.87,2018.97,2028.41,213894.032,433757630.34468
2023-11-30 00:00:00,2028.41,2040.75,2022.0,2040.08,220258.416,447296932.5499
2023-11-30 04:00:00,2040.09,2043.7,2031.03,2035.51,258658.752,526794646.74093
2023-11-30 08:00:00,2035.52,2046.97,2020.4,2045.23,286015.669,581022508.43383
2023-11-30 12:00:00,2045.23,2052.78,2024.24,2033.29,543955.518,1108249539.1984
2023-11-30 16:00:00,2033.29,2044.0,2028.29,2041.24,203466.981,414552058.44844
2023-11-30 20:00:00,2041.25,2054.97,2039.23,2051.76,190546.076,389872370.9152
2023-12-01 00:00:00,2051.77,2093.77,2044.35,2092.1,609016.778,1264713205.2084
2023-12-01 04:00:00,2092.11,2108.83,2086.73,2092.29,467770.866,980379095.50695
2023-12-01 08:00:00,2092.3,2111.5,2086.08,2092.21,503870.139,1056871652.73312
2023-12-01 12:00:00,2092.21,2094.31,2070.3,2079.43,451366.064,939597584.35411
2023-12-01 16:00:00,2079.44,2110.0,2077.45,2089.64,717819.984,1503643707.31405
2023-12-01 20:00:00,2089.65,2096.68,2081.86,2086.99,158892.721,331991815.54425
2023-12-02 00:00:00,2086.99,2097.0,2085.63,2092.47,149105.269,311869466.45259
2023-12-02 04:00:00,2092.46,2106.47,2089.52,2095.65,193430.506,405789926.97324
2023-12-02 08:00:00,2095.66,2107.52,2095.65,2098.52,192052.435,403553407.74241
2023-12-02 12:00:00,2098.53,2108.99,2091.81,2103.59,306671.594,644540863.2138
2023-12-02 16:00:00,2103.59,2199.99,2097.0,2159.1,1453676.249,3121464867.27207
2023-12-02 20:00:00,2159.09,2177.91,2152.86,2165.28,408936.664,884058771.18729
2023-12-03 00:00:00,2165.26,2177.94,2155.9,2162.38,285178.927,617645275.44013
2023-12-03 04:00:00,2162.39,2165.8,2152.81,2165.07,197469.573,426457023.41176
2023-12-03 08:00:00,2165.07,2168.85,2156.59,2159.28,181298.833,392272240.15298
2023-12-03 12:00:00,2159.27,2165.91,2148.17,2160.35,428689.929,924739397.80701
2023-12-03 16:00:00,2160.36,2169.24,2149.14,2167.59,269799.669,582519201.47457
2023-12-03 20:00:00,2167.6,2219.17,2165.09,2193.24,775939.098,1704095634.53693
2023-12-04 00:00:00,2193.25,2230.0,2191.52,2210.77,576404.774,1275449887.3812
2023-12-04 04:00:00,2210.78,2267.0,2210.38,2247.57,773423.271,1735602686.02287
2023-12-04 08:00:00,2247.58,2276.84,2213.6,2238.45,954995.577,2145520370.08542
2023-12-04 12:00:00,2238.46,2256.7,2200.9,2212.52,719905.399,1604856551.86554
2023-12-04 16:00:00,2212.52,2236.17,2210.17,2234.82,384288.485,854158968.86177
2023-12-04 20:00:00,2234.81,2254.8,2220.2,2243.66,374361.371,836867089.12677
2023-12-05 00:00:00,2243.67,2253.6,2223.0,2231.36,337431.554,754748722.15074
2023-12-05 04:00:00,2231.36,2238.33,2186.0,2200.19,527088.409,1167351088.00761
2023-12-05 08:00:00,2200.19,2210.62,2190.03,2204.67,421792.902,928922868.41467
2023-12-05 12:00:00,2204.67,2234.81,2199.19,2228.43,562206.983,1245411797.35529
2023-12-05 16:00:00,2228.44,2311.51,2219.53,2273.75,1698959.103,3860405451.34758
2023-12-05 20:00:00,2273.76,2299.91,2252.18,2293.97,574240.609,1307157294.30294
2023-12-06 00:00:00,2293.97,2314.98,2275.0,2282.93,582540.88,1336581362.48545
2023-12-06 04:00:00,2282.94,2285.67,2258.83,2266.41,367888.006,835504082.84585
2023-12-06 08:00:00,2266.41,2288.88,2232.82,2253.48,643729.108,1457974662.96933
2023-12-06 12:00:00,2253.47,2269.66,2247.05,2252.84,492994.374,1113702808.31369
2023-12-06 16:00:00,2252.85,2285.82,2250.63,2263.72,397902.216,903226992.54811
2023-12-06 20:00:00,2263.72,2266.0,2218.49,2233.29,450122.357,1009016454.37773
2023-12-07 00:00:00,2233.32,2250.73,2230.79,2249.78,204892.151,459619066.96556
2023-12-07 04:00:00,2249.77,2270.0,2248.37,2261.96,245048.103,554576997.73944
2023-12-07 08:00:00,2261.96,2269.79,2222.08,2236.98,625541.757,1401815942.51239
2023-12-07 12:00:00,2236.97,2332.89,2232.68,2322.81,937989.435,2144842418.8023
2023-12-07 16:00:00,2322.82,2359.05,2317.5,2337.55,983448.148,2300950855.83623
2023-12-07 20:00:00,2337.56,2387.2,2336.87,2357.04,595148.552,1405371489.3489
2023-12-08 00:00:00,2357.05,2389.95,2353.21,2376.35,389349.374,922966101.82607
2023-12-08 04:00:00,2376.35,2397.44,2354.21,2354.99,451042.63,1070659047.31833
2023-12-08 08:00:00,2355.0,2374.97,2345.71,2367.11,434054.61,1023802625.50751
2023-12-08 12:00:00,2367.08,2380.0,2333.36,2347.44,734574.211,1731508013.97074
2023-12-08 16:00:00,2347.43,2363.3,2340.54,2354.44,348181.711,819205125.89453
2023-12-08 20:00:00,2354.43,2379.56,2353.4,2360.82,334778.687,792132859.30744
2023-12-09 00:00:00,2360.82,2368.43,2350.08,2361.79,193163.889,455690312.74606
2023-12-09 04:00:00,2361.79,2390.2,2361.01,2385.4,339423.349,806284193.65889
2023-12-09 08:00:00,2385.27,2407.63,2350.0,2358.68,809273.194,1920689600.46399
2023-12-09 12:00:00,2358.67,2371.85,2336.9,2364.54,509660.27,1200653230.13493
2023-12-09 16:00:00,2364.55,2367.35,2343.52,2359.46,272059.592,640681473.0663
2023-12-09 20:00:00,2359.46,2364.3,2328.0,2342.4,298675.076,700965506.34962
2023-12-10 00:00:00,2342.41,2357.0,2341.48,2353.03,188367.925,442522231.40482
2023-12-10 04:00:00,2353.03,2360.69,2346.0,2355.38,145715.904,342911857.21253
2023-12-10 08:00:00,2355.31,2357.96,2323.0,2339.44,369614.608,864311368.40099
2023-12-10 12:00:00,2339.44,2357.77,2338.79,2353.52,260494.32,611882334.74185
2023-12-10 16:00:00,2353.53,2364.56,2342.11,2357.12,228159.845,537115181.25914
2023-12-10 20:00:00,2357.12,2379.98,2344.31,2353.97,317436.102,750410824.85055
2023-12-11 00:00:00,2353.99,2356.73,2114.63,2251.31,1538054.207,3467514280.99177
2023-12-11 04:00:00,2251.32,2254.89,2225.66,2237.15,554825.985,1243294728.88844
2023-12-11 08:00:00,2237.16,2253.8,2230.4,2249.97,337372.377,757141721.37293
2023-12-11 12:00:00,2249.96,2252.54,2199.5,2220.05,624065.86,1390684363.59317
2023-12-11 16:00:00,2220.05,2223.45,2156.0,2188.61,1242424.752,2723260034.83721
2023-12-11 20:00:00,2188.6,2227.99,2181.98,2225.56,418443.199,923343547.41289
2023-12-12 00:00:00,2225.55,2245.37,2222.1,2232.23,375176.065,838700598.95048
2023-12-12 04:00:00,2232.24,2239.96,2213.12,2233.92,363018.884,808477218.43648
2023-12-12 08:00:00,2233.92,2239.17,2208.01,2209.51,303088.406,674584235.73325
2023-12-12 12:00:00,2209.52,2234.8,2186.42,2194.71,719106.242,1591088367.6543
2023-12-12 16:00:00,2194.7,2200.31,2168.38,2180.44,655406.42,1432128127.22416
2023-12-12 20:00:00,2180.44,2207.91,2164.82,2204.7,446111.875,975226151.44561
2023-12-13 00:00:00,2204.71,2208.47,2146.0,2167.28,649575.324,1414333902.87795
2023-12-13 04:00:00,2167.29,2181.86,2145.33,2174.44,522111.695,1130629692.5364
2023-12-13 08:00:00,2174.45,2187.89,2168.9,2173.04,351478.385,765610160.95113
2023-12-13 12:00:00,2173.05,2227.0,2170.53,2218.78,604239.767,1329826365.20425
2023-12-13 16:00:00,2218.78,2257.13,2202.27,2253.77,682902.217,1520367523.54176
2023-12-13 20:00:00,2253.78,2285.91,2246.04,2261.44,590511.344,1336213148.12711
2023-12-14 00:00:00,2261.45,2263.57,2246.13,2252.34,256341.771,578000210.80153
2023-12-14 04:00:00,2252.35,2284.27,2246.89,2283.2,402436.972,912731055.68646
2023-12-14 08:00:00,2283.2,2309.0,2271.79,2308.57,665420.375,1520830350.26466
2023-12-14 12:00:00,2308.57,2319.0,2212.04,2275.95,1162576.991,2647745275.46678
2023-12-14 16:00:00,2275.94,2315.0,2275.05,2293.19,495573.557,1137528209.72848
2023-12-14 20:00:00,2293.19,2333.29,2283.27,2316.54,296692.626,685490100.60222
2023-12-15 00:00:00,2316.53,2319.32,2273.0,2281.72,374281.19,859304427.7921
2023-12-15 04:00:00,2281.73,2284.44,2256.75,2272.5,456745.655,1036988082.91675
2023-12-15 08:00:00,2272.49,2288.17,2266.18,2274.31,366099.905,833596839.99929
2023-12-15 12:00:00,2274.31,2275.0,2225.57,2233.19,692447.533,1556745490.8124
2023-12-15 16:00:00,2233.18,2250.38,2228.94,2243.24,340607.728,763120671.22712
2023-12-15 20:00:00,2243.24,2253.77,2195.28,2221.71,389403.022,868142361.95764
2023-12-16 00:00:00,2221.71,2261.0,2211.16,2255.57,429075.15,960704997.42046
2023-12-16 04:00:00,2255.57,2256.62,2238.6,2242.54,183624.911,412764200.04254
2023-12-16 08:00:00,2242.54,2254.92,2240.48,2254.91,176271.271,396277675.83263
2023-12-16 12:00:00,2254.9,2260.73,2240.03,2257.82,292117.136,657338155.00508
2023-12-16 16:00:00,2257.83,2264.95,2230.65,2236.02,304888.383,685349993.19772
2023-12-16 20:00:00,2236.04,2242.6,2220.0,2229.64,229420.603,511996690.89449
2023-12-17 00:00:00,2229.63,2234.98,2212.5,2217.74,239378.712,532478700.86301
2023-12-17 04:00:00,2217.72,2225.39,2201.28,2209.79,280614.916,621089781.70875
2023-12-17 08:00:00,2209.79,2221.99,2206.08,2217.29,219244.903,485785257.1417
2023-12-17 12:00:00,2217.29,2227.99,2200.0,2223.55,331498.63,733819157.3596
2023-12-17 16:00:00,2223.56,2244.16,2211.85,2236.24,395652.531,882618954.69594
2023-12-17 20:00:00,2236.24,2251.24,2190.0,2197.93,422386.558,937538496.37739
2023-12-18 00:00:00,2197.93,2206.89,2161.57,2175.75,594198.16,1297235136.67114
2023-12-18 04:00:00,2175.75,2185.8,2165.53,2170.05,276694.828,601951488.36236
2023-12-18 08:00:00,2170.05,2179.31,2116.56,2143.05,883549.562,1896112356.42648
2023-12-18 12:00:00,2143.05,2175.03,2128.39,2156.17,505795.963,1089931796.09308
2023-12-18 16:00:00,2156.17,2177.1,2150.31,2175.42,309469.641,669876925.84973
2023-12-18 20:00:00,2175.42,2226.52,2167.87,2220.48,534081.824,1178240345.29126
2023-12-19 00:00:00,2220.49,2255.48,2212.69,2237.72,523121.136,1168396280.17538
2023-12-19 04:00:00,2237.72,2254.67,2232.42,2248.57,218562.364,490344403.4244
2023-12-19 08:00:00,2248.57,2256.64,2235.26,2237.41,302606.429,679604426.13479
2023-12-19 12:00:00,2237.41,2242.37,2180.02,2192.85,723793.88,1597996192.77431
2023-12-19 16:00:00,2192.85,2207.96,2135.03,2177.82,880617.903,1909668419.23579
2023-12-19 20:00:00,2177.83,2187.62,2166.01,2179.02,274085.813,596703976.8375
2023-12-20 00:00:00,2179.01,2192.31,2171.3,2187.48,256004.805,558817759.45581
2023-12-20 04:00:00,2187.49,2224.69,2184.57,2217.69,427369.257,943995330.02164
2023-12-20 08:00:00,2217.7,2226.0,2205.3,2212.7,348124.955,771073451.64548
2023-12-20 12:00:00,2212.7,2269.56,2204.19,2249.11,922909.712,2069617505.20301
2023-12-20 16:00:00,2249.12,2251.6,2193.26,2206.27,655285.802,1458558472.31897
2023-12-20 20:00:00,2206.28,2209.22,2156.0,2203.95,654909.783,1430669057.75698
2023-12-21 00:00:00,2203.95,2205.15,2184.9,2202.21,287667.409,631850691.88068
2023-12-21 04:00:00,2202.2,2221.89,2193.81,2216.81,284065.118,627183476.595
2023-12-21 08:00:00,2216.81,2260.17,2205.0,2255.72,563095.698,1257324094.2829
2023-12-21 12:00:00,2255.72,2282.41,2200.0,2234.5,1054820.251,2368143683.17553
2023-12-21 16:00:00,2234.5,2248.63,2220.0,2227.51,554606.967,1238539497.58416
2023-12-21 20:00:00,2227.5,2266.0,2220.0,2241.35,421605.538,945184124.98377
2023-12-22 00:00:00,2241.47,2263.81,2232.56,2250.98,379070.98,851869147.80119
2023-12-22 04:00:00,2250.99,2302.31,2246.92,2275.27,1045739.756,2380171776.99994
2023-12-22 08:00:00,2275.27,2334.77,2270.11,2315.06,1104227.576,2549777973.05014
2023-12-22 12:00:00,2315.06,2345.95,2292.43,2321.74,797408.426,1848318737.32318
2023-12-22 16:00:00,2321.73,2343.0,2307.13,2311.4,504724.396,1173809680.54511
2023-12-22 20:00:00,2311.41,2329.6,2303.98,2326.53,267886.511,620740944.47998
2023-12-23 00:00:00,2326.54,2332.75,2265.0,2274.28,589268.709,1352308537.85184
2023-12-23 04:00:00,2274.29,2296.97,2266.46,2285.36,319892.836,730662765.85487
2023-12-23 08:00:00,2285.35,2295.53,2282.36,2288.93,196059.862,448768172.46332
2023-12-23 12:00:00,2288.93,2299.99,2286.01,2287.09,239298.602,548866029.29622
2023-12-23 16:00:00,2287.09,2314.6,2284.3,2293.54,298515.01,686181128.17168
2023-12-23 20:00:00,2293.54,2317.95,2285.77,2309.86,222875.449,512768031.45716
2023-12-24 00:00:00,2309.86,2328.79,2295.6,2318.57,345184.864,798837945.64223
2023-12-24 04:00:00,2318.58,2323.83,2275.7,2296.11,438944.491,1007172459.99102
2023-12-24 08:00:00,2296.12,2300.25,2275.0,2290.56,272334.017,623467176.93346
2023-12-24 12:00:00,2290.56,2309.13,2285.76,2294.6,259685.19,596293427.48593
2023-12-24 16:00:00,2294.61,2299.47,2283.09,2290.23,217465.083,498280596.63306
2023-12-24 20:00:00,2290.24,2290.85,2241.2,2265.43,528536.337,1197345982.79998
2023-12-25 00:00:00,2265.42,2278.79,2254.38,2277.82,268695.726,609612029.71816
2023-12-25 04:00:00,2277.82,2291.98,2276.74,2282.15,203406.22,464463479.20002
2023-12-25 08:00:00,2282.16,2289.0,2264.96,2280.47,244761.669,557661296.94169
2023-12-25 12:00:00,2280.47,2308.0,2275.18,2288.73,531214.023,1217520358.7742
2023-12-25 16:00:00,2288.5,2291.11,2270.97,2275.83,310867.67,708669656.49806
2023-12-25 20:00:00,2275.83,2289.14,2258.04,2273.07,335390.481,762049827.86148
2023-12-26 00:00:00,2273.08,2277.51,2265.47,2270.99,181997.121,413567081.13639
2023-12-26 04:00:00,2270.99,2274.06,2219.03,2242.5,687970.293,1541713855.75565
2023-12-26 08:00:00,2242.5,2246.23,2216.86,2244.82,450193.23,1005448141.28814
2023-12-26 12:00:00,2244.82,2253.0,2225.55,2230.64,386071.629,865723198.51844
2023-12-26 16:00:00,2230.64,2234.57,2178.84,2213.7,816653.749,1803291945.07156
2023-12-26 20:00:00,2213.71,2234.4,2211.0,2232.44,194520.54,432694939.81744
2023-12-27 00:00:00,2232.45,2236.43,2213.68,2219.68,226801.269,504853413.2735
2023-12-27 04:00:00,2219.68,2233.47,2218.92,2230.45,172675.473,384415712.09401
2023-12-27 08:00:00,2230.45,2294.0,2228.72,2287.72,681083.134,1543942997.92238
2023-12-27 12:00:00,2287.72,2358.8,2277.44,2345.01,1221748.684,2832141575.02959
2023-12-27 16:00:00,2345.01,2379.0,2335.64,2348.61,778138.916,1834179933.33667
2023-12-27 20:00:00,2348.61,2395.0,2346.21,2380.31,490275.57,1161312333.89389
2023-12-28 00:00:00,2380.32,2455.52,2377.59,2415.86,865230.459,2094643741.81817
2023-12-28 04:00:00,2415.86,2427.38,2365.0,2383.06,646792.886,1546409085.06309
2023-12-28 08:00:00,2383.06,2414.73,2375.0,2403.92,470645.486,1126505620.36676
2023-12-28 12:00:00,2403.92,2416.75,2345.0,2360.81,1286077.054,3062295770.87126
2023-12-28 16:00:00,2360.82,2385.91,2350.3,2364.65,576520.221,1364503580.36345
2023-12-28 20:00:00,2364.65,2365.84,2336.02,2345.96,415196.952,976210983.4002
2023-12-29 00:00:00,2345.98,2366.61,2311.07,2354.15,842768.35,1971717713.06372
2023-12-29 04:00:00,2354.15,2363.05,2333.45,2335.43,361975.176,851215608.97397
2023-12-29 08:00:00,2335.43,2381.05,2334.1,2374.65,416447.994,983027437.69222
2023-12-29 12:00:00,2374.66,2388.74,2318.0,2328.84,751827.212,1771716971.56102
2023-12-29 16:00:00,2328.84,2335.56,2286.34,2318.84,919233.527,2122926384.21531
2023-12-29 20:00:00,2318.84,2319.61,2254.72,2300.6,574499.72,1314224871.07043
2023-12-30 00:00:00,2300.61,2311.62,2289.11,2300.16,239228.94,550472999.52913
2023-12-30 04:00:00,2300.17,2311.0,2295.61,2297.92,160941.27,370823033.4785
2023-12-30 08:00:00,2297.91,2298.98,2269.15,2289.89,438284.239,1000970250.2119
2023-12-30 12:00:00,2289.89,2318.94,2284.19,2314.41,367229.33,844300668.39108
2023-12-30 16:00:00,2314.39,2325.0,2297.4,2301.98,362316.211,837112593.22475
2023-12-30 20:00:00,2301.97,2307.58,2273.86,2293.26,241956.541,555557770.38378
2023-12-31 00:00:00,2293.26,2306.51,2278.84,2285.71,205219.422,470380287.52454
2023-12-31 04:00:00,2285.71,2306.83,2280.91,2296.94,196927.492,451341017.59042
2023-12-31 08:00:00,2296.95,2318.0,2291.43,2310.66,324174.135,748143629.70442
2023-12-31 12:00:00,2310.66,2324.78,2291.86,2300.6,358689.484,827175859.2982
2023-12-31 16:00:00,2300.59,2311.74,2292.56,2296.86,226419.616,521137440.76115
2023-12-31 20:00:00,2296.85,2296.91,2258.0,2283.85,360287.848,822364204.79091
2024-01-01 00:00:00,2283.84,2308.74,2272.04,2275.59,267355.434,613027773.83249
2024-01-01 04:00:00,2275.59,2289.82,2266.67,2286.46,213716.91,487206868.07536
2024-01-01 08:00:00,2286.46,2307.45,2281.82,2306.72,213613.116,490854855.26397
2024-01-01 12:00:00,2306.71,2321.0,2296.51,2316.97,252804.721,583472146.35656
2024-01-01 16:00:00,2316.97,2343.43,2308.36,2339.71,372935.888,866775332.33102
2024-01-01 20:00:00,2339.71,2354.95,2325.56,2354.62,338137.349,792270667.81963
2024-01-02 00:00:00,2354.63,2402.64,2349.57,2388.45,681513.539,1622325605.68453
2024-01-02 04:00:00,2388.46,2394.99,2375.66,2387.83,281134.425,670444231.73277
2024-01-02 08:00:00,2387.84,2434.49,2382.01,2394.28,703837.633,1696770110.75873
2024-01-02 12:00:00,2394.28,2407.81,2353.47,2359.6,816155.372,1943252346.4055
2024-01-02 16:00:00,2359.61,2374.99,2352.32,2371.24,455049.226,1075449487.70553
2024-01-02 20:00:00,2371.22,2382.65,2335.0,2356.93,438483.535,1035834980.04118
2024-01-03 00:00:00,2356.92,2387.28,2348.46,2370.36,291981.576,691987627.83677
2024-01-03 04:00:00,2370.36,2382.99,2357.99,2362.82,269634.774,639979132.80582
2024-01-03 08:00:00,2362.82,2387.48,2298.01,2309.86,837245.939,1964010478.79616
2024-01-03 12:00:00,2309.46,2310.39,2067.16,2241.02,2478511.836,5465782918.45867
2024-01-03 16:00:00,2241.23,2246.62,2188.88,2206.79,834705.935,1855083710.1538
2024-01-03 20:00:00,2206.79,2228.69,2196.15,2210.39,284839.618,630502255.64396
2024-01-04 00:00:00,2210.39,2241.19,2202.1,2231.78,311199.686,690547981.65929
2024-01-04 04:00:00,2231.79,2245.94,2222.04,2222.99,293875.17,656840675.5458
2024-01-04 08:00:00,2223.0,2232.0,2205.42,2229.13,353624.841,785244507.14074
2024-01-04 12:00:00,2229.13,2286.99,2223.58,2277.86,695169.509,1568749342.37486
2024-01-04 16:00:00,2277.86,2295.36,2260.0,2274.89,491010.572,1117996815.18288
2024-01-04 20:00:00,2274.89,2295.55,2261.7,2267.85,367920.478,838536630.65154
2024-01-05 00:00:00,2267.85,2275.6,2207.03,2242.89,523904.108,1175165710.20964
2024-01-05 04:00:00,2242.89,2265.95,2234.34,2252.39,261566.9,588477624.64025
2024-01-05 08:00:00,2252.4,2270.09,2233.23,2242.15,373469.369,841444501.268
2024-01-05 12:00:00,2242.15,2253.94,2216.2,2225.23,596894.707,1335376863.56899
2024-01-05 16:00:00,2225.22,2241.0,2206.0,2234.3,402773.708,896076720.10849
2024-01-05 20:00:00,2234.3,2278.16,2233.6,2268.93,482133.175,1087078667.53496
2024-01-06 00:00:00,2268.92,2270.34,2250.26,2253.67,179651.993,405726831.21834
2024-01-06 04:00:00,2253.67,2255.99,2215.56,2233.09,352007.914,785890501.5706
2024-01-06 08:00:00,2233.09,2239.67,2228.58,2238.84,156209.265,349104215.88139
2024-01-06 12:00:00,2238.85,2248.59,2228.18,2246.27,198819.079,445274357.35773
2024-01-06 16:00:00,2246.28,2254.64,2237.1,2244.28,158916.953,356920575.47065
2024-01-06 20:00:00,2244.29,2247.63,2230.03,2240.36,155705.54,348456737.97648
2024-01-07 00:00:00,2240.36,2254.0,2235.08,2241.99,176010.711,395158034.62624
2024-01-07 04:00:00,2241.99,2251.7,2240.46,2248.89,146176.705,328403079.94849
2024-01-07 08:00:00,2248.89,2253.15,2230.0,2236.64,253159.263,566966874.96156
2024-01-07 12:00:00,2236.64,2257.98,2221.21,2229.9,396513.704,888590290.81763
2024-01-07 16:00:00,2229.9,2250.1,2220.09,2248.25,272663.034,609473109.419
2024-01-07 20:00:00,2248.26,2251.23,2201.06,2220.87,365273.28,811897612.59493
2024-01-08 00:00:00,2220.87,2224.29,2165.43,2190.23,652208.531,1430300826.51621
2024-01-08 04:00:00,2190.23,2230.16,2187.15,2223.51,446093.252,985815799.56003
2024-01-08 08:00:00,2223.5,2242.66,2204.16,2240.23,354442.824,788493040.6984
2024-01-08 12:00:00,2240.23,2285.27,2239.0,2269.94,742091.863,1678861943.57212
2024-01-08 16:00:00,2269.94,2359.63,2259.17,2355.24,942398.861,2180704064.88233
2024-01-08 20:00:00,2355.24,2358.37,2324.34,2331.11,341704.185,799531178.93781
2024-01-09 00:00:00,2331.12,2337.0,2288.01,2309.45,447994.898,1034726601.61452
2024-01-09 04:00:00,2309.44,2319.0,2296.8,2306.1,217304.737,501382937.9536
2024-01-09 08:00:00,2306.09,2311.68,2285.09,2298.75,319719.264,733997797.60299
2024-01-09 12:00:00,2298.75,2304.95,2222.44,2256.91,984152.31,2231250551.27475
2024-01-09 16:00:00,2256.91,2278.0,2243.27,2270.87,393754.092,891009363.59396
2024-01-09 20:00:00,2270.87,2377.36,2243.26,2344.44,2007585.632,4647297667.12563
2024-01-10 00:00:00,2344.33,2402.6,2340.0,2361.65,777385.971,1843903821.80231
2024-01-10 04:00:00,2361.65,2394.16,2357.21,2369.42,448580.175,1066573677.86372
2024-01-10 08:00:00,2369.42,2431.8,2362.5,2402.97,866672.147,2081805772.90668
2024-01-10 12:00:00,2402.97,2463.37,2336.28,2450.01,1702081.243,4085266834.99867
2024-01-10 16:00:00,2450.01,2483.0,2401.21,2478.06,1284675.818,3135923003.08076
2024-01-10 20:00:00,2478.06,2645.65,2408.95,2585.82,2661500.242,6708553456.93233
2024-01-11 00:00:00,2585.81,2617.0,2565.69,2613.07,726666.556,1879729323.9732
2024-01-11 04:00:00,2613.1,2630.6,2573.48,2590.0,623696.044,1620068329.28075
2024-01-11 08:00:00,2590.01,2666.66,2586.76,2658.18,701014.855,1843800870.07679
2024-01-11 12:00:00,2658.18,2691.9,2595.35,2614.66,1725954.564,4570327322.61286
2024-01-11 16:00:00,2614.65,2626.95,2571.28,2623.37,951193.498,2471690098.21357
2024-01-11 20:00:00,2623.36,2633.72,2588.4,2618.59,432901.502,1130119827.68578
2024-01-12 00:00:00,2618.6,2625.1,2581.09,2590.28,348147.349,905468665.54927
2024-01-12 04:00:00,2590.29,2627.9,2586.25,2597.22,417244.567,1087520967.16238
2024-01-12 08:00:00,2597.23,2669.69,2585.01,2648.23,784214.904,2058722156.78464
2024-01-12 12:00:00,2648.23,2719.89,2634.44,2648.4,1744103.923,4665991618.35191
2024-01-12 16:00:00,2648.4,2691.23,2560.0,2585.8,1708572.85,4472950529.88432
2024-01-12 20:00:00,2585.8,2600.2,2458.38,2523.3,1482713.373,3740532273.32012
2024-01-13 00:00:00,2523.3,2557.86,2497.79,2548.98,571510.116,1446590029.41135
2024-01-13 04:00:00,2548.98,2562.0,2539.31,2550.91,287268.266,732321995.65062
2024-01-13 08:00:00,2550.91,2561.04,2521.24,2543.12,390818.991,993249996.99165
2024-01-13 12:00:00,2543.12,2567.0,2531.84,2564.29,456280.581,1162342492.37391
2024-01-13 16:00:00,2564.3,2581.35,2548.87,2572.41,574077.074,1471591992.22908
2024-01-13 20:00:00,2572.44,2591.29,2563.0,2578.5,229242.559,590655812.02469
2024-01-14 00:00:00,2578.51,2579.13,2550.54,2551.84,281883.438,722648460.71068
2024-01-14 04:00:00,2551.84,2557.14,2543.01,2551.63,236423.058,603066593.22483
2024-01-14 08:00:00,2551.63,2555.0,2535.29,2538.22,223347.426,568615337.18612
2024-01-14 12:00:00,2538.22,2547.56,2524.82,2538.16,305294.926,774739582.474
2024-01-14 16:00:00,2538.17,2544.86,2500.04,2502.03,411835.902,1039780159.35938
2024-01-14 20:00:00,2502.02,2534.3,2470.0,2474.36,667514.138,1668276925.67915
2024-01-15 00:00:00,2474.3,2515.05,2472.04,2504.74,456383.199,1141012113.24865
2024-01-15 04:00:00,2504.74,2522.42,2504.22,2514.32,173970.61,437246318.30136
2024-01-15 08:00:00,2514.32,2543.6,2507.93,2539.9,226844.402,573721727.70718
2024-01-15 12:00:00,2539.9,2549.79,2505.39,2515.02,417464.298,1055307772.446
2024-01-15 16:00:00,2515.01,2555.0,2514.57,2535.22,321383.107,815117946.07145
2024-01-15 20:00:00,2535.22,2539.99,2500.0,2512.21,222513.223,560565998.80807
2024-01-16 00:00:00,2512.2,2539.23,2505.01,2538.0,266286.416,670714402.06643
2024-01-16 04:00:00,2537.99,2543.0,2522.47,2528.57,194352.136,492164869.27921
2024-01-16 08:00:00,2528.57,2549.88,2520.6,2530.83,281565.584,714176844.58616
2024-01-16 12:00:00,2530.83,2572.0,2500.0,2559.43,844215.672,2142309937.6367
2024-01-16 16:00:00,2559.43,2579.88,2547.21,2574.57,426484.907,1093983611.80104
2024-01-16 20:00:00,2574.57,2613.8,2571.46,2587.4,443725.354,1151264501.58321
2024-01-17 00:00:00,2587.4,2593.01,2570.99,2571.6,276757.292,714665860.19639
2024-01-17 04:00:00,2571.6,2575.63,2551.25,2552.14,259880.485,666226908.5118
2024-01-17 08:00:00,2552.13,2554.12,2535.19,2543.08,321233.439,817692002.68656
2024-01-17 12:00:00,2543.08,2575.26,2532.0,2539.31,740260.674,1888000566.64137
2024-01-17 16:00:00,2539.32,2545.53,2515.0,2533.46,408030.231,1033172332.88277
2024-01-17 20:00:00,2533.47,2545.56,2505.76,2530.62,293367.166,741941182.66061
2024-01-18 00:00:00,2530.61,2534.28,2509.25,2530.23,240844.981,608275962.34178
2024-01-18 04:00:00,2530.24,2540.0,2525.02,2538.88,237979.92,602863100.67588
2024-01-18 08:00:00,2538.87,2549.99,2515.0,2522.72,372957.115,944677041.82066
2024-01-18 12:00:00,2522.73,2535.89,2503.0,2526.12,449084.596,1131603319.99568
2024-01-18 16:00:00,2526.12,2526.73,2429.5,2439.37,1207148.699,2990150373.29092
2024-01-18 20:00:00,2439.36,2472.9,2428.22,2471.29,420734.339,1032009351.3105
2024-01-19 00:00:00,2471.29,2474.96,2442.98,2460.77,302167.817,743175984.6051
2024-01-19 04:00:00,2460.76,2474.94,2456.86,2465.48,211664.668,522204938.20096
2024-01-19 08:00:00,2465.48,2495.74,2460.4,2488.83,313574.666,778142572.49779
2024-01-19 12:00:00,2488.83,2500.95,2460.37,2463.66,498228.078,1234997436.92957
2024-01-19 16:00:00,2463.67,2505.16,2415.55,2493.58,1021609.432,2509910449.38486
2024-01-19 20:00:00,2493.58,2504.91,2480.53,2492.46,247230.114,615826975.33735
2024-01-20 00:00:00,2492.46,2492.46,2475.4,2481.82,181043.843,449621536.11245
2024-01-20 04:00:00,2481.82,2487.11,2475.43,2479.0,108541.965,269329009.80387
2024-01-20 08:00:00,2478.99,2480.52,2463.33,2471.1,192329.964,475362015.85128
2024-01-20 12:00:00,2471.1,2477.16,2457.6,2464.34,192808.113,475920398.13955
2024-01-20 16:00:00,2464.34,2468.34,2453.79,2461.94,150131.252,369378289.97365
2024-01-20 20:00:00,2461.95,2474.73,2460.45,2472.27,114041.025,281657757.48321
2024-01-21 00:00:00,2472.26,2481.92,2465.16,2475.35,118832.028,293862305.03386
2024-01-21 04:00:00,2475.35,2476.11,2466.07,2475.84,75209.322,185936845.9982
2024-01-21 08:00:00,2475.85,2482.7,2471.68,2473.77,111586.382,276402076.39263
2024-01-21 12:00:00,2473.77,2481.43,2463.66,2468.0,145322.134,359561473.60842
2024-01-21 16:00:00,2468.01,2478.66,2464.0,2474.41,113500.175,280613952.26142
2024-01-21 20:00:00,2474.41,2475.69,2451.0,2457.02,143841.328,354224053.37074
2024-01-22 00:00:00,2457.02,2466.46,2424.0,2437.91,417284.261,1019447020.53288
2024-01-22 04:00:00,2437.9,2439.05,2401.2,2420.98,426637.323,1033237618.57552
2024-01-22 08:00:00,2420.98,2420.99,2360.51,2381.0,757334.642,1810281640.94923
2024-01-22 12:00:00,2380.99,2405.22,2352.64,2380.0,706601.955,1678665809.70459
2024-01-22 16:00:00,2379.99,2386.3,2303.5,2321.89,850459.381,1998828058.27532
2024-01-22 20:00:00,2321.89,2351.58,2302.21,2314.33,486795.399,1133266343.15147
2024-01-23 00:00:00,2314.33,2343.1,2312.44,2339.01,287432.248,669774892.58337
2024-01-23 04:00:00,2339.01,2351.76,2315.92,2323.57,279166.472,653080825.57569
2024-01-23 08:00:00,2323.56,2327.19,2202.95,2218.28,1455094.669,3275481188.90572
2024-01-23 12:00:00,2218.28,2232.96,2167.5,2219.07,1241118.075,2732343930.80302
2024-01-23 16:00:00,2219.06,2231.51,2180.41,2185.0,736192.403,1624147553.06818
2024-01-23 20:00:00,2185.01,2247.31,2182.21,2241.67,380157.327,842068708.63366
2024-01-24 00:00:00,2241.67,2255.0,2211.31,2213.04,424503.2,947119617.95986
2024-01-24 04:00:00,2213.04,2245.0,2212.51,2233.83,269004.837,599327802.80929
2024-01-24 08:00:00,2233.83,2264.44,2228.18,2243.22,364868.648,819141597.68185
2024-01-24 12:00:00,2243.22,2247.57,2217.18,2233.95,475170.902,1060716848.07513
2024-01-24 16:00:00,2233.95,2244.32,2202.02,2212.47,405929.001,902398286.55232
2024-01-24 20:00:00,2212.46,2239.29,2195.0,2234.62,316596.412,701278687.9087
2024-01-25 00:00:00,2234.62,2239.4,2205.07,2216.14,250803.681,557089318.57125
2024-01-25 04:00:00,2216.14,2227.47,2202.41,2226.94,200579.33,444332595.46963
2024-01-25 08:00:00,2226.94,2242.55,2216.17,2231.1,305642.172,681522496.59843
2024-01-25 12:00:00,2231.09,2233.91,2181.03,2187.61,553263.217,1219266275.58297
2024-01-25 16:00:00,2187.61,2225.0,2169.04,2217.96,541829.539,1191804320.52291
2024-01-25 20:00:00,2217.96,2231.1,2211.4,2218.02,230708.765,512149122.22778
2024-01-26 00:00:00,2218.01,2237.98,2210.25,2222.95,214986.538,478152887.37722
2024-01-26 04:00:00,2222.95,2228.88,2195.15,2196.99,261576.86,578712585.55481
2024-01-26 08:00:00,2196.98,2260.36,2195.29,2253.11,612712.867,1366873954.52679
2024-01-26 12:00:00,2253.11,2264.92,2232.72,2256.62,475273.923,1069468799.8089
2024-01-26 16:00:00,2256.62,2281.96,2249.58,2257.29,502404.021,1139419389.26717
2024-01-26 20:00:00,2257.28,2270.89,2251.34,2266.72,194655.738,439972367.95405
2024-01-27 00:00:00,2266.73,2283.35,2263.75,2273.36,186547.578,424052184.44319
2024-01-27 04:00:00,2273.36,2275.75,2252.31,2257.8,171416.957,388013392.08191
2024-01-27 08:00:00,2257.8,2271.46,2250.33,2264.87,194580.501,440004534.10533
2024-01-27 12:00:00,2264.86,2274.45,2261.01,2269.29,119268.982,270488907.39093
2024-01-27 16:00:00,2269.29,2276.95,2260.11,2272.0,148185.169,336120767.23912
2024-01-27 20:00:00,2271.99,2275.04,2260.04,2266.99,124834.374,283091777.26359
2024-01-28 00:00:00,2267.0,2288.71,2261.94,2285.99,227732.782,518707547.39296
2024-01-28 04:00:00,2285.98,2308.0,2280.41,2281.84,327366.623,750419945.61215
2024-01-28 08:00:00,2281.83,2301.81,2275.7,2280.19,254058.15,581139331.82858
2024-01-28 12:00:00,2280.2,2285.59,2260.57,2269.16,299935.421,681797303.51495
2024-01-28 16:00:00,2269.16,2275.31,2245.04,2253.09,258073.261,583487476.61894
2024-01-28 20:00:00,2253.08,2265.71,2236.56,2256.0,229502.885,517094226.64618
2024-01-29 00:00:00,2256.0,2277.49,2249.58,2270.98,228033.77,516607836.3279
2024-01-29 04:00:00,2270.97,2273.55,2256.94,2258.5,136514.59,309257006.11148
2024-01-29 08:00:00,2258.5,2276.8,2253.19,2263.88,237705.188,538714027.22649
2024-01-29 12:00:00,2263.89,2275.5,2232.0,2274.99,466786.787,1051112361.07994
2024-01-29 16:00:00,2274.99,2314.75,2264.57,2292.4,662999.399,1520933783.99068
2024-01-29 20:00:00,2292.41,2322.53,2291.2,2316.52,227221.656,524567275.29074
2024-01-30 00:00:00,2316.53,2327.68,2302.7,2310.35,278792.806,645454818.9618
2024-01-30 04:00:00,2310.35,2313.65,2299.57,2308.27,186782.714,430974857.88316
2024-01-30 08:00:00,2308.26,2316.84,2301.25,2313.1,169456.706,391289504.03896
2024-01-30 12:00:00,2313.1,2347.67,2295.1,2340.43,714846.962,1656642936.54754
2024-01-30 16:00:00,2340.43,2381.47,2334.51,2373.75,646660.942,1528145349.36352
2024-01-30 20:00:00,2373.75,2392.84,2336.05,2341.95,387395.741,916186174.24871
2024-01-31 00:00:00,2341.96,2351.23,2326.11,2342.32,328989.609,769100335.76134
2024-01-31 04:00:00,2342.31,2344.0,2328.8,2339.73,167489.124,391453821.17233
2024-01-31 08:00:00,2339.72,2342.58,2279.24,2299.12,549884.319,1267710721.75784
2024-01-31 12:00:00,2299.11,2333.02,2290.37,2328.49,560006.907,1293821975.88687
2024-01-31 16:00:00,2328.49,2349.95,2308.2,2322.34,512309.112,1194234346.53939
2024-01-31 20:00:00,2322.35,2323.74,2261.88,2282.0,489230.297,1119415768.70126
2024-02-01 00:00:00,2281.99,2289.25,2237.0,2256.12,431115.094,974099142.0709
2024-02-01 04:00:00,2256.12,2276.88,2250.65,2270.92,206951.518,469132471.56951
2024-02-01 08:00:00,2270.92,2277.57,2263.97,2265.62,179365.423,407047563.80908
2024-02-01 12:00:00,2265.62,2307.92,2261.76,2288.28,485286.228,1109556856.12638
2024-02-01 16:00:00,2288.29,2311.51,2267.08,2303.96,419169.698,961692366.68727
2024-02-01 20:00:00,2303.97,2309.72,2285.11,2303.33,172349.462,396305542.71945
2024-02-02 00:00:00,2303.32,2320.0,2297.05,2300.36,214771.237,495718496.24272
2024-02-02 04:00:00,2300.36,2318.9,2295.45,2312.51,190490.742,439449633.28059
2024-02-02 08:00:00,2312.51,2318.59,2304.07,2317.48,154813.168,357727614.13675
2024-02-02 12:00:00,2317.48,2324.9,2280.05,2313.01,530869.979,1221446981.01246
2024-02-02 16:00:00,2313.0,2323.52,2285.29,2300.66,307301.269,707313530.14509
2024-02-02 20:00:00,2300.65,2309.82,2293.88,2307.99,115969.456,267016801.07111
2024-02-03 00:00:00,2308.0,2330.45,2305.73,2320.41,223636.633,519001268.44554
2024-02-03 04:00:00,2320.42,2324.49,2312.21,2313.44,110039.172,255176538.02805
2024-02-03 08:00:00,2313.45,2315.61,2298.58,2302.72,182812.943,422020659.5414
2024-02-03 12:00:00,2302.72,2309.12,2291.0,2302.83,184544.395,424756056.04974
2024-02-03 16:00:00,2302.83,2312.77,2295.41,2302.49,151317.533,348755227.79475
2024-02-03 20:00:00,2302.49,2304.91,2292.12,2295.42,85931.597,197491463.48514
2024-02-04 00:00:00,2295.41,2305.78,2290.0,2302.07,106967.812,245858886.69558
2024-02-04 04:00:00,2302.07,2303.49,2285.0,2289.66,152391.29,349587548.77264
2024-02-04 08:00:00,2289.67,2309.58,2285.35,2304.62,161890.555,372197318.60408
2024-02-04 12:00:00,2304.61,2308.7,2296.14,2300.89,120995.059,278604264.5165
2024-02-04 16:00:00,2300.88,2307.89,2261.51,2278.82,311738.026,712666139.85432
2024-02-04 20:00:00,2278.81,2311.0,2272.74,2288.66,339818.913,779439160.61784
2024-02-05 00:00:00,2288.66,2298.01,2267.62,2295.51,199872.714,456139324.88642
2024-02-05 04:00:00,2295.5,2311.96,2288.36,2309.74,202828.745,466480790.78121
2024-02-05 08:00:00,2309.74,2332.62,2309.73,2328.56,346925.833,805269630.37481
2024-02-05 12:00:00,2328.57,2338.0,2292.75,2297.21,421057.816,975640414.28334
2024-02-05 16:00:00,2297.21,2312.31,2288.85,2303.68,290684.22,668001254.58891
2024-02-05 20:00:00,2303.67,2305.03,2282.0,2300.83,227864.036,522145555.08571
2024-02-06 00:00:00,2300.83,2329.3,2297.74,2315.79,263003.63,608838584.49581
2024-02-06 04:00:00,2315.79,2326.98,2307.0,2326.05,206489.972,478125466.53034
2024-02-06 08:00:00,2326.05,2344.45,2316.17,2324.58,443629.101,1033508592.34332
2024-02-06 12:00:00,2324.59,2350.0,2308.16,2342.85,576082.248,1344541526.9799
2024-02-06 16:00:00,2342.84,2378.99,2340.0,2377.85,418908.059,987660844.62833
2024-02-06 20:00:00,2377.86,2392.0,2370.59,2371.74,289394.84,689107499.2676
2024-02-07 00:00:00,2371.74,2389.96,2362.0,2363.79,222060.421,527765098.33467
2024-02-07 04:00:00,2363.79,2368.17,2355.89,2362.07,184762.801,436487999.86317
2024-02-07 08:00:00,2362.07,2377.11,2352.06,2360.72,265579.609,627532249.26842
2024-02-07 12:00:00,2360.71,2385.0,2359.91,2368.69,367551.552,871248327.20066
2024-02-07 16:00:00,2368.69,2424.92,2367.29,2418.66,728985.777,1754670567.9744
2024-02-07 20:00:00,2418.66,2445.0,2418.66,2424.22,385562.793,937207028.88498
2024-02-08 00:00:00,2424.21,2443.43,2422.69,2432.45,276366.729,672508555.04444
2024-02-08 04:00:00,2432.45,2434.32,2410.16,2420.2,213459.9,516931015.43686
2024-02-08 08:00:00,2420.2,2429.88,2415.0,2424.19,190476.695,461466871.60347
2024-02-08 12:00:00,2424.19,2463.28,2415.5,2452.52,590845.102,1440949918.99944
2024-02-08 16:00:00,2452.47,2454.56,2412.0,2420.66,453011.538,1100199006.07568
2024-02-08 20:00:00,2420.66,2433.48,2417.01,2418.76,185918.868,450832050.58601
2024-02-09 00:00:00,2418.77,2466.0,2418.26,2447.52,414269.374,1012219590.70816
2024-02-09 04:00:00,2447.52,2462.94,2438.44,2452.86,285823.019,700311235.92705
2024-02-09 08:00:00,2452.86,2507.0,2452.46,2501.82,531773.332,1317221534.39057
2024-02-09 12:00:00,2501.83,2528.66,2475.3,2494.24,889319.123,2225880746.19215
2024-02-09 16:00:00,2494.24,2522.56,2477.13,2484.65,562571.125,1405235481.53898
2024-02-09 20:00:00,2484.66,2505.8,2482.57,2485.24,224769.007,560268511.22469
2024-02-10 00:00:00,2485.24,2513.83,2481.65,2511.14,212078.045,529689385.55791
2024-02-10 04:00:00,2511.13,2515.2,2493.14,2494.06,154992.828,388075416.44543
2024-02-10 08:00:00,2494.06,2498.28,2470.04,2482.38,280137.983,695654861.57101
2024-02-10 12:00:00,2482.37,2496.0,2479.59,2489.42,192624.622,479288111.19307
2024-02-10 16:00:00,2489.43,2496.97,2482.24,2496.73,162773.909,405200181.24158
2024-02-10 20:00:00,2496.74,2516.12,2491.05,2499.2,317454.801,794658733.2265
2024-02-11 00:00:00,2499.2,2528.98,2492.47,2528.28,307350.638,771625768.39068
2024-02-11 04:00:00,2528.28,2538.46,2513.5,2526.93,296459.37,748908299.16487
2024-02-11 08:00:00,2526.93,2539.2,2510.03,2530.13,243530.369,614707159.82593
2024-02-11 12:00:00,2530.13,2531.36,2503.37,2507.64,277562.945,697948271.50921
2024-02-11 16:00:00,2507.65,2519.47,2495.08,2506.67,244910.567,614105290.25352
2024-02-11 20:00:00,2506.67,2513.63,2492.16,2506.1,152149.786,380581857.22312
2024-02-12 00:00:00,2506.11,2525.0,2492.02,2498.97,307935.799,772338375.38879
2024-02-12 04:00:00,2498.98,2504.0,2479.36,2500.89,221481.552,552225460.14139
2024-02-12 08:00:00,2500.89,2504.83,2470.05,2487.17,306279.329,760804166.01247
2024-02-12 12:00:00,2487.17,2563.37,2480.09,2557.33,740296.427,1869118665.42482
2024-02-12 16:00:00,2557.33,2639.98,2535.56,2610.91,1106241.276,2870436661.88798
2024-02-12 20:00:00,2610.91,2667.74,2610.9,2660.91,490165.854,1295797639.74001
2024-02-13 00:00:00,2660.91,2688.8,2637.46,2642.41,462739.242,1233529343.5123
2024-02-13 04:00:00,2642.4,2655.85,2640.0,2650.26,207564.434,549847242.71455
2024-02-13 08:00:00,2650.26,2688.14,2648.22,2683.15,441983.507,1180286342.81903
2024-02-13 12:00:00,2683.15,2687.98,2585.7,2632.72,1348262.718,3555740613.57643
2024-02-13 16:00:00,2632.72,2641.99,2593.0,2612.16,561308.474,1469812053.04152
2024-02-13 20:00:00,2612.16,2651.24,2611.41,2640.83,298113.199,784735099.24029
2024-02-14 00:00:00,2640.88,2645.21,2619.12,2638.08,203684.464,536117655.6342
2024-02-14 04:00:00,2638.08,2656.13,2621.12,2653.63,238951.662,631140654.17589
2024-02-14 08:00:00,2653.62,2763.6,2648.36,2758.06,1030418.618,2808704600.09381
2024-02-14 12:00:00,2758.14,2775.0,2731.0,2751.37,681074.672,1875282673.65828
2024-02-14 16:00:00,2751.36,2767.87,2728.09,2762.91,380743.588,1045370217.11905
2024-02-14 20:00:00,2762.9,2788.88,2756.25,2776.14,310746.639,861307512.35657
2024-02-15 00:00:00,2776.14,2829.41,2772.63,2803.24,661323.806,1850976718.27066
2024-02-15 04:00:00,2803.24,2805.62,2758.57,2773.93,386470.988,1074935225.69978
2024-02-15 08:00:00,2773.92,2804.0,2770.02,2794.72,306607.122,855775939.18726
2024-02-15 12:00:00,2794.71,2870.98,2776.19,2828.35,1152420.604,3258483209.04404
2024-02-15 16:00:00,2828.34,2843.31,2803.88,2836.11,511441.39,1444808405.90219
2024-02-15 20:00:00,2836.11,2848.54,2787.03,2824.54,426152.941,1201308365.50913
2024-02-16 00:00:00,2824.53,2859.83,2821.34,2848.03,322105.317,916145312.47817
2024-02-16 04:00:00,2848.03,2854.69,2813.5,2817.09,317646.783,900670219.57588
2024-02-16 08:00:00,2817.08,2837.66,2795.5,2825.21,451252.883,1271950726.21887
2024-02-16 12:00:00,2825.2,2849.44,2732.7,2777.45,930177.706,2607103540.8748
2024-02-16 16:00:00,2777.44,2809.78,2756.75,2764.05,476148.952,1325191276.92571
2024-02-16 20:00:00,2764.05,2812.14,2759.03,2803.69,239491.129,667875471.53894
2024-02-17 00:00:00,2803.7,2806.09,2778.39,2794.9,198467.391,554311992.15589
2024-02-17 04:00:00,2794.9,2800.73,2780.31,2797.2,166025.497,463389351.41822
2024-02-17 08:00:00,2797.2,2797.21,2766.04,2782.83,316656.316,880003008.48583
2024-02-17 12:00:00,2782.83,2789.98,2718.35,2756.35,662004.304,1819843769.43118
2024-02-17 16:00:00,2756.35,2778.97,2744.35,2776.11,220168.747,608468263.54313
2024-02-17 20:00:00,2776.12,2804.33,2773.17,2787.43,213590.495,595387435.63493
2024-02-18 00:00:00,2787.44,2799.95,2764.8,2783.89,223875.4,622756986.05526
2024-02-18 04:00:00,2783.9,2808.99,2780.21,2802.29,314874.279,880800404.77658
2024-02-18 08:00:00,2802.28,2825.0,2798.22,2804.97,289368.852,813676178.21028
2024-02-18 12:00:00,2804.97,2814.88,2786.41,2808.6,318256.217,891336635.84113
2024-02-18 16:00:00,2808.6,2846.97,2794.97,2829.03,393587.929,1110498705.21537
2024-02-18 20:00:00,2829.03,2899.0,2817.34,2883.58,571705.842,1640246022.10713
2024-02-19 00:00:00,2883.56,2895.95,2856.4,2888.82,325183.126,936091794.02246
2024-02-19 04:00:00,2888.82,2934.0,2882.27,2927.89,527930.036,1536734678.67046
2024-02-19 08:00:00,2927.89,2929.66,2891.09,2914.46,396398.829,1154622064.52926
2024-02-19 12:00:00,2914.45,2922.8,2888.2,2910.38,381915.435,1109879017.84669
2024-02-19 16:00:00,2910.37,2957.0,2888.57,2935.49,779381.729,2281418482.69461
2024-02-19 20:00:00,2935.49,2988.22,2928.64,2946.55,482435.783,1427704520.64768
2024-02-20 00:00:00,2946.55,2958.3,2905.14,2908.89,497151.822,1456053673.51351
2024-02-20 04:00:00,2908.89,2938.12,2905.0,2923.32,253164.184,740601405.23455
2024-02-20 08:00:00,2923.32,2944.23,2873.6,2937.2,655918.733,1910156139.19133
2024-02-20 12:00:00,2937.19,3009.68,2901.06,2926.95,1765561.549,5221506901.24469
2024-02-20 16:00:00,2926.94,2989.49,2885.0,2988.23,813734.43,2383080014.4829
2024-02-20 20:00:00,2988.23,3036.83,2967.83,3017.21,612586.697,1837221953.0766
2024-02-21 00:00:00,3017.22,3020.0,2990.5,3007.88,342698.643,1030078708.20894
2024-02-21 04:00:00,3007.88,3012.45,2922.6,2941.89,626768.678,1860040330.31687
2024-02-21 08:00:00,2941.88,2958.56,2888.01,2900.32,926280.864,2702361342.919
2024-02-21 12:00:00,2900.32,2929.8,2867.87,2915.62,1032709.758,2997102774.8527
2024-02-21 16:00:00,2915.61,2938.99,2886.0,2913.65,593944.014,1729459020.61601
2024-02-21 20:00:00,2913.65,2982.24,2900.55,2969.65,547336.807,1607788590.74342
2024-02-22 00:00:00,2969.65,2970.35,2907.16,2936.45,468289.78,1374627429.54901
2024-02-22 04:00:00,2936.45,2999.96,2921.19,2995.94,554186.505,1639859518.6121
2024-02-22 08:00:00,2995.95,3036.0,2972.22,2992.83,915439.835,2753000315.71552
2024-02-22 12:00:00,2992.83,3007.62,2932.42,2988.33,946390.433,2808968411.17651
2024-02-22 16:00:00,2988.33,3006.0,2962.02,2989.89,452548.66,1350360427.74949
2024-02-22 20:00:00,2989.88,3044.0,2969.12,2972.8,715949.042,2148230379.60357
2024-02-23 00:00:00,2972.8,2996.0,2934.67,2956.97,449613.439,1333030542.433
2024-02-23 04:00:00,2956.97,2969.82,2923.17,2935.0,415644.423,1225690269.94104
2024-02-23 08:00:00,2935.0,2950.05,2913.28,2945.3,406531.635,1192905848.87247
2024-02-23 12:00:00,2945.3,2964.1,2913.28,2916.8,608181.985,1786595313.55998
2024-02-23 16:00:00,2916.81,2953.62,2906.62,2947.0,389554.454,1141549069.14304
2024-02-23 20:00:00,2947.0,2955.41,2907.0,2923.35,231758.546,679449896.36854
2024-02-24 00:00:00,2923.36,2938.55,2907.16,2932.37,237255.068,693525299.77546
2024-02-24 04:00:00,2932.37,2968.0,2930.89,2965.18,273498.2,806990753.31779
2024-02-24 08:00:00,2965.18,2968.36,2949.1,2962.75,192631.927,570075584.8577
2024-02-24 12:00:00,2962.76,2970.65,2954.41,2956.51,159914.116,473513166.75769
2024-02-24 16:00:00,2956.51,3009.29,2956.36,2989.27,440462.534,1316291322.55133
2024-02-24 20:00:00,2989.27,2997.97,2980.71,2994.39,146592.373,438189105.7903
2024-02-25 00:00:00,2994.39,3055.19,2985.23,3027.29,537515.171,1624912856.35058
2024-02-25 04:00:00,3027.3,3051.16,3014.52,3032.5,318491.087,966145651.37986
2024-02-25 08:00:00,3032.49,3043.84,3012.0,3042.93,313441.298,949024366.3894
2024-02-25 12:00:00,3042.94,3078.0,3027.39,3045.54,660573.727,2017192134.86884
2024-02-25 16:00:00,3045.54,3093.23,3028.57,3084.57,550030.075,1683742045.59785
2024-02-25 20:00:00,3084.57,3131.0,3084.36,3115.24,575645.209,1789273999.37149
2024-02-26 00:00:00,3115.24,3141.83,3087.02,3109.81,433048.287,1347333556.71976
2024-02-26 04:00:00,3109.8,3119.44,3087.99,3089.35,309196.472,959628611.01499
2024-02-26 08:00:00,3089.34,3105.17,3037.25,3059.43,721088.642,2209435718.94016
2024-02-26 12:00:00,3059.42,3151.0,3039.42,3149.1,845049.071,2617361660.52216
2024-02-26 16:00:00,3149.1,3188.0,3129.04,3181.2,1051161.983,3318750235.38383
2024-02-26 20:00:00,3181.2,3200.0,3167.5,3178.6,468840.061,1492570404.00719
2024-02-27 00:00:00,3178.6,3295.57,3168.29,3222.13,933627.696,3018708167.39747
2024-02-27 04:00:00,3222.12,3241.38,3205.26,3219.57,401860.915,1296068895.35286
2024-02-27 08:00:00,3219.57,3272.79,3218.78,3258.88,394646.935,1282683474.16231
2024-02-27 12:00:00,3258.87,3292.46,3220.8,3231.74,852298.255,2779244660.56794
2024-02-27 16:00:00,3231.73,3264.0,3205.0,3253.64,563893.318,1825084925.69497
2024-02-27 20:00:00,3253.65,3273.0,3235.69,3244.98,260265.891,846279570.58771
2024-02-28 00:00:00,3244.99,3261.53,3233.05,3251.7,198684.667,644895718.58354
2024-02-28 04:00:00,3251.69,3309.99,3246.43,3306.43,432020.966,1415573897.65544
2024-02-28 08:00:00,3306.44,3375.61,3280.0,3299.52,1338828.471,4455206806.97104
2024-02-28 12:00:00,3299.52,3381.11,3287.5,3350.3,1183347.801,3954140040.02949
2024-02-28 16:00:00,3350.31,3502.07,3152.94,3302.23,2856789.527,9590635149.14383
2024-02-28 20:00:00,3302.24,3388.4,3255.12,3387.07,585966.652,1945706557.84772
2024-02-29 00:00:00,3387.07,3475.68,3379.8,3411.47,745191.998,2552613295.94741
2024-02-29 04:00:00,3411.48,3499.0,3401.48,3471.58,598729.253,2072611548.5746
2024-02-29 08:00:00,3471.59,3531.0,3445.8,3520.55,755221.325,2633893120.05008
2024-02-29 12:00:00,3520.55,3524.76,3447.02,3470.42,803887.142,2794789262.20885
2024-02-29 16:00:00,3470.42,3473.93,3352.0,3408.27,1142824.401,3894286350.58345
2024-02-29 20:00:00,3408.39,3419.67,3300.39,3343.15,695412.788,2331482374.78189
2024-03-01 00:00:00,3343.16,3393.22,3342.18,3371.36,320876.078,1082020826.55312
2024-03-01 04:00:00,3371.36,3402.36,3366.14,3367.73,277371.894,938299513.78735
2024-03-01 08:00:00,3367.73,3441.99,3355.24,3414.27,487627.822,1665304527.96261
2024-03-01 12:00:00,3414.27,3454.19,3380.0,3393.63,608035.219,2080233495.67272
2024-03-01 16:00:00,3393.63,3439.49,3383.52,3431.14,347205.533,1185423824.83488
2024-03-01 20:00:00,3431.15,3456.0,3424.3,3435.82,255958.453,880104534.81682
2024-03-02 00:00:00,3435.83,3464.96,3428.12,3445.79,273485.134,942037428.71263
2024-03-02 04:00:00,3445.8,3475.0,3390.0,3433.71,336917.439,1156234553.65064
2024-03-02 08:00:00,3433.71,3439.65,3397.12,3407.88,233734.342,798176759.01268
2024-03-02 12:00:00,3407.87,3432.0,3397.07,3421.37,243538.946,832034073.85947
2024-03-02 16:00:00,3421.37,3435.75,3413.42,3429.71,140710.899,482168623.58186
2024-03-02 20:00:00,3429.71,3435.0,3405.1,3424.43,157853.855,538981124.61631
2024-03-03 00:00:00,3424.43,3437.64,3412.0,3434.84,178219.429,610736470.73632
2024-03-03 04:00:00,3434.83,3450.0,3355.88,3394.76,481275.947,1638745404.4265
2024-03-03 08:00:00,3394.76,3417.79,3377.55,3416.31,232141.849,789762915.48887
2024-03-03 12:00:00,3416.31,3452.74,3406.08,3424.31,388467.002,1332749679.80112
2024-03-03 16:00:00,3424.31,3489.63,3421.21,3468.03,379985.948,1317496702.25691
2024-03-03 20:00:00,3468.04,3496.78,3462.0,3491.77,229146.361,797252071.87092
2024-03-04 00:00:00,3491.78,3538.19,3420.22,3475.49,672105.493,2346693788.41925
2024-03-04 04:00:00,3475.5,3490.95,3457.64,3480.36,280992.385,976029002.65105
2024-03-04 08:00:00,3480.37,3549.0,3479.99,3510.35,661112.661,2324257156.41956
2024-03-04 12:00:00,3510.36,3577.0,3460.0,3562.65,832231.307,2933304810.26755
2024-03-04 16:00:00,3562.64,3616.78,3531.21,3596.91,882568.251,3150570256.93969
2024-03-04 20:00:00,3596.91,3644.77,3561.0,3629.72,579118.255,2087159081.76594
2024-03-05 00:00:00,3629.72,3705.6,3610.12,3695.86,637890.641,2324317089.97949
2024-03-05 04:00:00,3695.86,3751.11,3645.91,3678.0,1110965.925,4120179637.50535
2024-03-05 08:00:00,3678.0,3750.0,3656.0,3737.96,528324.769,1958550866.91185
2024-03-05 12:00:00,3737.95,3827.93,3737.06,3786.85,1273552.054,4820379730.10049
2024-03-05 16:00:00,3786.85,3800.3,3205.0,3377.73,3035589.731,10877107615.94545
2024-03-05 20:00:00,3377.53,3583.26,3326.04,3555.43,1844483.822,6367771819.90497
2024-03-06 00:00:00,3555.43,3593.82,3501.0,3540.44,570315.793,2022716100.3771
2024-03-06 04:00:00,3540.44,3793.56,3538.79,3789.84,1045903.699,3881418962.63139
2024-03-06 08:00:00,3789.85,3902.72,3781.7,3883.07,965149.565,3709458531.8486
2024-03-06 12:00:00,3883.06,3906.42,3725.0,3793.55,1384452.306,5280550029.54174
2024-03-06 16:00:00,3793.57,3884.58,3766.67,3855.68,606009.384,2321081842.96506
2024-03-06 20:00:00,3855.68,3896.96,3796.48,3822.36,398819.507,1535387390.34138
2024-03-07 00:00:00,3822.35,3857.6,3767.5,3779.03,442527.558,1685118844.53128
2024-03-07 04:00:00,3778.88,3806.95,3736.44,3792.06,452361.655,1708873266.85394
2024-03-07 08:00:00,3792.07,3819.31,3773.6,3791.67,368237.375,1397555666.13317
2024-03-07 12:00:00,3791.66,3858.0,3767.98,3840.37,690496.698,2634243674.0232
2024-03-07 16:00:00,3840.37,3888.0,3816.36,3874.31,398880.394,1538043513.36755
2024-03-07 20:00:00,3874.31,3939.0,3841.28,3871.69,500039.521,1947502988.54602
2024-03-08 00:00:00,3871.69,3947.36,3866.61,3905.18,385360.053,1507477555.08261
2024-03-08 04:00:00,3905.19,3954.43,3883.11,3913.52,357182.224,1398684406.50486
2024-03-08 08:00:00,3913.52,3959.98,3913.27,3954.66,365315.951,1440617259.27515
2024-03-08 12:00:00,3954.66,4003.33,3889.29,3904.01,1036610.002,4100528204.46657
2024-03-08 16:00:00,3904.02,3983.43,3826.08,3932.0,1068155.021,4164545053.56207
2024-03-08 20:00:00,3932.01,3955.73,3872.79,3886.04,393244.283,1540155946.33617
2024-03-09 00:00:00,3886.04,3932.8,3880.35,3926.3,171062.577,668791277.13843
2024-03-09 04:00:00,3926.3,3945.88,3915.0,3928.92,145653.908,572564284.69672
2024-03-09 08:00:00,3928.91,3939.85,3890.01,3915.99,208743.168,817382259.72516
2024-03-09 12:00:00,3915.98,3931.07,3904.0,3920.24,154627.565,605903525.13912
2024-03-09 16:00:00,3920.23,3924.35,3871.46,3884.64,267039.782,1039210821.21229
2024-03-09 20:00:00,3884.64,3916.24,3884.64,3908.15,109869.982,428966772.5633
2024-03-10 00:00:00,3908.16,3945.62,3902.29,3938.31,256112.259,1006162253.65624
2024-03-10 04:00:00,3938.32,3956.48,3932.61,3948.47,173643.895,685183128.00276
2024-03-10 08:00:00,3948.48,3970.84,3923.35,3936.92,298656.968,1178646531.22774
2024-03-10 12:00:00,3936.93,3951.63,3860.0,3886.0,465536.918,1817064103.46329
2024-03-10 16:00:00,3886.0,3929.93,3884.44,3901.17,205461.127,803378105.15445
2024-03-10 20:00:00,3901.17,3907.6,3791.19,3881.22,418566.637,1611969600.92242
2024-03-11 00:00:00,3881.32,3891.99,3719.0,3870.31,704888.925,2695204222.34063
2024-03-11 04:00:00,3870.32,4027.2,3836.12,4013.37,964749.577,3811553514.35702
2024-03-11 08:00:00,4013.37,4061.91,3992.24,4038.51,745104.71,3000911654.12565
2024-03-11 12:00:00,4038.52,4072.21,4017.41,4020.68,625968.588,2531094895.61579
2024-03-11 16:00:00,4020.69,4095.16,4001.49,4036.12,531525.091,2150924580.95896
2024-03-11 20:00:00,4036.12,4089.08,4032.18,4070.52,225030.839,913616892.38741
2024-03-12 00:00:00,4070.52,4098.64,4024.3,4033.31,378708.736,1538232424.7204
2024-03-12 04:00:00,4033.31,4056.52,4002.1,4030.09,302708.725,1219932938.89774
2024-03-12 08:00:00,4030.07,4072.0,3968.0,4024.82,539978.382,2165915301.73579
2024-03-12 12:00:00,4024.81,4061.83,3950.0,3992.53,898580.203,3601204703.79385
2024-03-12 16:00:00,3992.53,3996.28,3831.95,3984.96,1225077.987,4809565667.00134
2024-03-12 20:00:00,3984.96,3985.36,3929.6,3984.18,296696.721,1173781278.71566
2024-03-13 00:00:00,3984.18,4050.0,3976.94,4047.93,295059.069,1185414820.90408
2024-03-13 04:00:00,4047.92,4085.9,4033.13,4043.28,300471.295,1217990756.51232
2024-03-13 08:00:00,4043.29,4091.65,4043.29,4053.74,326396.55,1326396323.70237
2024-03-13 12:00:00,4053.74,4058.0,3935.0,3965.66,929714.395,3707787947.88073
2024-03-13 16:00:00,3965.67,4015.66,3955.5,4004.13,352382.129,1405022241.55131
2024-03-13 20:00:00,4004.12,4025.84,3977.49,4008.76,241778.061,967018087.39539
2024-03-14 00:00:00,4008.76,4015.45,3955.62,3997.37,289180.444,1152841942.63226
2024-03-14 04:00:00,3997.38,4011.97,3942.01,3966.68,372367.152,1480111992.91106
2024-03-14 08:00:00,3966.68,4002.89,3946.66,3959.21,304526.172,1210127863.50201
2024-03-14 12:00:00,3959.22,3971.94,3820.0,3848.4,1148129.96,4468657760.7294
2024-03-14 16:00:00,3848.41,3900.51,3725.03,3789.88,1241835.955,4738171322.06051
2024-03-14 20:00:00,3789.87,3894.0,3784.4,3884.99,466679.323,1798842607.64247
2024-03-15 00:00:00,3884.99,3938.16,3623.0,3724.84,1356202.376,5106707473.72403
2024-03-15 04:00:00,3724.84,3784.0,3656.38,3756.08,806102.435,2992398972.431
2024-03-15 08:00:00,3756.09,3765.0,3566.0,3692.96,1295205.345,4743536371.28128
2024-03-15 12:00:00,3692.97,3746.8,3674.33,3691.94,587698.656,2178016819.25168
2024-03-15 16:00:00,3691.94,3811.1,3661.83,3690.0,782421.828,2916022784.70877
2024-03-15 20:00:00,3690.0,3751.57,3606.0,3745.0,565844.08,2078239528.82492
2024-03-16 00:00:00,3745.01,3784.87,3725.19,3738.41,314443.847,1180814438.08102
2024-03-16 04:00:00,3738.41,3746.68,3692.9,3743.39,217801.755,810779797.98756
2024-03-16 08:00:00,3743.4,3744.54,3666.0,3695.24,289614.412,1073018788.58548
2024-03-16 12:00:00,3695.24,3715.2,3640.39,3681.49,383157.034,1406663420.8244
2024-03-16 16:00:00,3681.49,3683.53,3571.21,3603.01,664551.404,2407157883.92251
2024-03-16 20:00:00,3603.02,3637.42,3468.84,3525.58,867640.901,3079508064.66679
2024-03-17 00:00:00,3525.57,3585.4,3507.1,3574.37,411288.042,1460661397.78597
2024-03-17 04:00:00,3574.38,3575.23,3414.72,3474.33,655549.363,2281350238.06
2024-03-17 08:00:00,3474.32,3610.25,3462.35,3582.47,644373.183,2291491300.01068
2024-03-17 12:00:00,3582.47,3650.0,3531.77,3629.96,559185.576,2007666009.93988
2024-03-17 16:00:00,3629.95,3658.98,3604.3,3653.38,277869.22,1008990932.12524
2024-03-17 20:00:00,3653.39,3682.95,3627.26,3646.99,209288.5,764193578.72342
2024-03-18 00:00:00,3646.99,3648.78,3560.0,3603.58,401928.482,1448055166.41478
2024-03-18 04:00:00,3603.58,3645.87,3580.0,3628.97,257002.346,930986622.17175
2024-03-18 08:00:00,3628.96,3629.47,3552.07,3600.76,463533.858,1662657312.86119
2024-03-18 12:00:00,3600.77,3616.21,3489.0,3528.17,756968.872,2681477700.76332
2024-03-18 16:00:00,3528.17,3568.0,3454.72,3482.09,644795.749,2258382088.22252
2024-03-18 20:00:00,3482.09,3550.0,3482.09,3523.43,278389.741,980490370.77977
2024-03-19 00:00:00,3523.44,3551.99,3363.51,3421.68,1083876.271,3715850764.73338
2024-03-19 04:00:00,3421.68,3430.69,3306.45,3361.6,838583.864,2823968593.35686
2024-03-19 08:00:00,3361.6,3361.66,3205.03,3278.91,1501516.445,4892301824.55248
2024-03-19 12:00:00,3278.91,3327.39,3225.0,3304.63,940414.205,3082231085.10167
2024-03-19 16:00:00,3304.63,3363.27,3282.0,3335.56,695769.542,2312542705.20086
2024-03-19 20:00:00,3335.55,3341.25,3153.0,3161.0,834165.126,2694586741.05243
2024-03-20 00:00:00,3160.99,3266.31,3154.14,3162.24,900044.125,2883203524.91345
2024-03-20 04:00:00,3162.28,3228.03,3055.0,3219.73,1325402.808,4157065043.44183
2024-03-20 08:00:00,3219.73,3298.92,3207.02,3294.54,635863.145,2062468543.81994
2024-03-20 12:00:00,3294.55,3399.58,3277.0,3295.09,1393414.016,4656723483.27239
2024-03-20 16:00:00,3295.08,3409.7,3142.0,3380.82,2044079.057,6708123244.92625
2024-03-20 20:00:00,3380.82,3539.16,3372.33,3517.8,846373.114,2947795526.80064
2024-03-21 00:00:00,3517.8,3564.61,3495.7,3513.01,565303.422,1993807156.97482
2024-03-21 04:00:00,3513.18,3541.11,3450.0,3518.79,544121.847,1905034357.76411
2024-03-21 08:00:00,3518.8,3590.53,3518.79,3533.33,508284.603,1804721212.18961
2024-03-21 12:00:00,3533.38,3577.0,3480.05,3500.83,706439.687,2493090120.13855
2024-03-21 16:00:00,3500.82,3549.46,3414.06,3443.6,696349.452,2415626495.62534
2024-03-21 20:00:00,3443.58,3524.99,3414.32,3495.16,428850.446,1493143949.39789
2024-03-22 00:00:00,3495.16,3531.68,3455.17,3524.94,428083.863,1495385409.0305
2024-03-22 04:00:00,3524.94,3545.36,3502.8,3514.52,302160.252,1064598764.95022
2024-03-22 08:00:00,3514.53,3527.19,3400.0,3407.74,570646.861,1972479778.50971
2024-03-22 12:00:00,3407.74,3429.0,3282.77,3351.21,1335648.538,4478685565.96077
2024-03-22 16:00:00,3351.21,3364.56,3290.53,3343.61,630352.431,2099545140.92204
2024-03-22 20:00:00,3343.62,3348.16,3250.1,3339.0,583687.235,1924683292.39481
2024-03-23 00:00:00,3338.99,3364.44,3271.38,3305.32,377668.706,1255289076.93143
2024-03-23 04:00:00,3305.33,3386.81,3300.28,3367.61,329913.526,1103578018.94379
2024-03-23 08:00:00,3367.61,3385.0,3330.08,3367.32,346643.232,1163106973.49442
2024-03-23 12:00:00,3367.32,3425.93,3346.1,3407.57,475661.505,1611953832.34974
2024-03-23 16:00:00,3407.58,3438.0,3386.09,3388.67,265874.486,906503463.54946
2024-03-23 20:00:00,3388.66,3403.79,3328.0,3330.96,269582.44,909488300.77904
2024-03-24 00:00:00,3330.96,3370.91,3307.68,3310.68,253160.708,845134809.30691
2024-03-24 04:00:00,3310.69,3345.57,3301.46,3344.3,215394.966,715841790.47747
2024-03-24 08:00:00,3344.3,3395.66,3337.78,3389.88,291253.425,981975672.41541
2024-03-24 12:00:00,3389.87,3417.64,3379.13,3399.94,289283.048,983085752.56759
2024-03-24 16:00:00,3399.94,3411.94,3334.31,3385.09,464328.586,1565120775.1206
2024-03-24 20:00:00,3385.09,3474.16,3377.68,3457.16,351146.979,1205904259.70076
2024-03-25 00:00:00,3457.16,3463.68,3422.18,3457.06,234904.798,807971234.89309
2024-03-25 04:00:00,3457.05,3508.8,3443.16,3446.71,315427.498,1096202394.79541
2024-03-25 08:00:00,3446.72,3474.98,3433.81,3438.4,240645.307,830723856.66141
2024-03-25 12:00:00,3438.39,3591.31,3430.41,3584.48,801470.971,2824579575.27827
2024-03-25 16:00:00,3584.48,3665.1,3569.17,3642.53,602880.109,2183716756.06032
2024-03-25 20:00:00,3642.53,3651.44,3568.07,3592.94,335562.429,1211078955.52269
2024-03-26 00:00:00,3592.94,3645.13,3584.0,3626.56,325464.782,1176876779.25962
2024-03-26 04:00:00,3626.55,3684.45,3622.08,3637.91,348759.066,1272435837.45401
2024-03-26 08:00:00,3637.91,3674.0,3630.44,3634.47,330573.018,1207364756.38394
2024-03-26 12:00:00,3634.44,3657.08,3545.63,3596.0,801604.546,2885631033.43168
2024-03-26 16:00:00,3595.99,3607.64,3545.8,3563.68,415686.55,1485665600.30164
2024-03-26 20:00:00,3563.67,3617.3,3561.21,3589.64,211322.144,758330751.13685
2024-03-27 00:00:00,3589.65,3631.0,3578.78,3605.42,224270.015,809838260.06501
2024-03-27 04:00:00,3605.43,3619.46,3561.16,3567.55,248290.735,891812295.69967
2024-03-27 08:00:00,3567.55,3594.75,3535.0,3588.9,347782.044,1241217707.70558
2024-03-27 12:00:00,3588.89,3671.94,3500.45,3517.3,1372928.908,4903218032.46877
2024-03-27 16:00:00,3517.3,3535.0,3461.18,3494.54,508165.129,1778651320.47229
2024-03-27 20:00:00,3494.54,3525.19,3491.94,3504.99,207160.339,727343192.29514
2024-03-28 00:00:00,3504.99,3536.31,3466.97,3499.57,337290.216,1181403520.77239
2024-03-28 04:00:00,3499.57,3583.0,3498.5,3577.28,340865.013,1209002550.30448
2024-03-28 08:00:00,3577.32,3597.61,3566.52,3583.25,299104.49,1072037402.2298
2024-03-28 12:00:00,3583.24,3615.83,3554.95,3581.6,558347.137,2002576591.83731
2024-03-28 16:00:00,3581.6,3584.06,3535.22,3566.14,274607.414,978761395.06462
2024-03-28 20:00:00,3566.13,3583.54,3545.4,3563.99,160970.08,573827477.52432
2024-03-29 00:00:00,3564.0,3588.93,3552.5,3564.98,182078.213,649390410.68521
2024-03-29 04:00:00,3564.98,3584.1,3515.0,3522.38,335644.928,1192450343.62664
2024-03-29 08:00:00,3522.38,3567.64,3519.39,3553.47,330529.689,1170728993.12427
2024-03-29 12:00:00,3553.47,3561.73,3481.01,3490.25,444838.472,1569060464.39025
2024-03-29 16:00:00,3490.25,3504.94,3475.0,3502.58,242030.124,844957680.628
2024-03-29 20:00:00,3502.57,3527.85,3477.77,3512.46,195518.722,685624001.58434
2024-03-30 00:00:00,3512.47,3524.15,3488.26,3492.18,168846.662,592278252.21621
2024-03-30 04:00:00,3492.18,3536.91,3489.27,3495.2,237856.185,835147791.71549
2024-03-30 08:00:00,3495.2,3568.71,3493.98,3563.47,276146.121,974870764.92919
2024-03-30 12:00:00,3563.48,3569.97,3533.19,3539.97,200206.932,710349870.17455
2024-03-30 16:00:00,3539.98,3551.74,3486.51,3511.43,237852.197,837203903.88078
2024-03-30 20:00:00,3511.44,3522.81,3496.96,3508.66,137871.361,483689019.88417
2024-03-31 00:00:00,3508.66,3547.99,3507.39,3540.0,172241.898,607999431.20048
2024-03-31 04:00:00,3539.99,3638.85,3534.68,3630.17,454870.998,1637010802.10064
2024-03-31 08:00:00,3630.18,3638.0,3603.16,3613.39,208122.875,752858985.19189
2024-03-31 12:00:00,3613.38,3645.5,3610.05,3621.04,265269.555,961690843.96212
2024-03-31 16:00:00,3621.04,3661.08,3616.42,3643.35,254561.066,926029171.50734
2024-03-31 20:00:00,3643.36,3654.91,3621.19,3648.79,180335.678,656376203.91057
2024-04-01 00:00:00,3648.8,3649.67,3604.0,3614.45,229422.519,830789238.22865
2024-04-01 04:00:00,3614.46,3617.66,3500.0,3548.69,715938.691,2539506482.83411
2024-04-01 08:00:00,3548.69,3563.25,3521.52,3540.6,273290.439,967987418.38356
2024-04-01 12:00:00,3540.6,3574.3,3438.88,3446.04,827610.506,2899475643.34658
2024-04-01 16:00:00,3446.03,3491.78,3413.0,3488.78,499248.181,1722110119.53338
2024-04-01 20:00:00,3488.79,3518.75,3472.86,3506.52,208990.173,731008522.22501
2024-04-02 00:00:00,3506.52,3508.44,3315.45,3367.81,910685.829,3096426340.09531
2024-04-02 04:00:00,3367.8,3390.97,3338.64,3364.82,382484.066,1288711755.05973
2024-04-02 08:00:00,3364.81,3374.22,3278.45,3311.1,777925.063,2586753280.42373
2024-04-02 12:00:00,3311.11,3326.71,3232.67,3241.97,931600.107,3057833462.16682
2024-04-02 16:00:00,3241.97,3286.52,3212.0,3279.26,620453.59,2019350818.31533
2024-04-02 20:00:00,3279.19,3307.74,3241.6,3280.76,348564.409,1142611869.86267
2024-04-03 00:00:00,3280.67,3327.75,3203.12,3317.32,609390.087,1993383107.65731
2024-04-03 04:00:00,3317.32,3326.7,3280.88,3307.19,265803.026,879275898.07609
2024-04-03 08:00:00,3307.2,3359.36,3291.04,3320.03,550195.476,1830400273.46837
2024-04-03 12:00:00,3320.04,3366.38,3294.18,3330.77,514282.16,1714496006.73149
2024-04-03 16:00:00,3330.78,3370.0,3282.07,3315.8,507322.545,1688038124.69276
2024-04-03 20:00:00,3315.8,3327.64,3290.04,3313.29,213191.378,705785800.00808
2024-04-04 00:00:00,3313.28,3335.64,3264.01,3276.35,349305.618,1150891917.44567
2024-04-04 04:00:00,3276.35,3336.88,3252.59,3324.8,343090.151,1130710521.67942
2024-04-04 08:00:00,3324.8,3358.0,3320.91,3342.38,214631.796,716927183.00436
2024-04-04 12:00:00,3342.37,3398.0,3340.6,3366.11,430743.251,1451968853.33023
2024-04-04 16:00:00,3366.11,3446.48,3361.67,3367.84,517686.391,1758441206.16176
2024-04-04 20:00:00,3367.83,3372.0,3277.55,3329.65,591097.825,1960719493.75013
2024-04-05 00:00:00,3329.65,3337.8,3252.59,3310.0,432659.826,1424727091.07197
2024-04-05 04:00:00,3310.0,3321.94,3241.71,3289.18,408897.427,1341730391.91153
2024-04-05 08:00:00,3289.18,3315.15,3237.21,3245.5,428213.637,1401898245.28102
2024-04-05 12:00:00,3245.49,3332.25,3208.0,3328.52,864196.4,2827568154.95872
2024-04-05 16:00:00,3328.53,3352.07,3307.73,3322.46,337904.008,1124089746.26019
2024-04-05 20:00:00,3322.46,3348.27,3312.5,3319.66,145520.81,484493671.96083
2024-04-06 00:00:00,3319.66,3349.05,3308.0,3333.26,184732.496,614651491.02348
2024-04-06 04:00:00,3333.26,3355.44,3322.78,3331.72,162370.538,542092857.44367
2024-04-06 08:00:00,3331.73,3354.14,3325.29,3332.05,150469.432,502282027.11368
2024-04-06 12:00:00,3332.04,3363.59,3315.01,3336.7,221652.353,739593468.39856
2024-04-06 16:00:00,3336.69,3359.43,3332.56,3350.79,166739.354,557701173.43185
2024-04-06 20:00:00,3350.78,3402.72,3345.33,3353.15,245755.35,828310171.74065
2024-04-07 00:00:00,3353.16,3417.11,3345.51,3389.65,281025.302,950803654.66857
2024-04-07 04:00:00,3389.66,3409.0,3375.38,3386.99,150704.74,511070934.02125
2024-04-07 08:00:00,3386.98,3397.23,3377.76,3391.29,116402.918,394482639.89765
2024-04-07 12:00:00,3391.29,3422.77,3385.83,3391.37,298398.374,1015704596.31216
2024-04-07 16:00:00,3391.38,3414.9,3368.14,3383.31,272683.119,924506590.00533
2024-04-07 20:00:00,3383.31,3462.19,3379.73,3455.99,324880.085,1112157095.2309
2024-04-08 00:00:00,3456.0,3459.5,3407.33,3424.77,241505.897,828624098.27716
2024-04-08 04:00:00,3424.76,3482.8,3414.5,3476.16,271806.748,937449253.85105
2024-04-08 08:00:00,3476.17,3648.0,3472.09,3636.17,954739.651,3426332067.08669
2024-04-08 12:00:00,3636.18,3675.42,3598.0,3631.65,668815.417,2435931315.95644
2024-04-08 16:00:00,3631.64,3714.98,3629.93,3705.66,443820.983,1631362457.86431
2024-04-08 20:00:00,3705.73,3735.31,3684.0,3697.6,265245.933,982803497.66327
2024-04-09 00:00:00,3697.59,3730.0,3667.3,3694.99,398271.599,1472935828.49387
2024-04-09 04:00:00,3695.0,3704.66,3632.4,3644.11,547007.985,2004913751.93086
2024-04-09 08:00:00,3644.1,3650.0,3580.0,3635.68,622113.842,2251464676.14288
2024-04-09 12:00:00,3635.68,3646.4,3480.88,3532.12,1101753.135,3918454339.99015
2024-04-09 16:00:00,3532.12,3535.34,3452.3,3519.64,564363.473,1974844431.67551
2024-04-09 20:00:00,3519.63,3530.0,3490.0,3508.45,214572.803,753066690.45281
2024-04-10 00:00:00,3508.46,3541.0,3467.56,3515.1,478594.126,1675207331.16221
2024-04-10 04:00:00,3515.09,3556.97,3508.32,3538.91,260203.954,919888916.96411
2024-04-10 08:00:00,3538.92,3543.94,3494.0,3523.81,350811.165,1233866356.58312
2024-04-10 12:00:00,3523.82,3531.25,3413.2,3481.08,972201.421,3366616601.13891
2024-04-10 16:00:00,3481.08,3550.6,3471.0,3524.0,499629.159,1754032932.63916
2024-04-10 20:00:00,3523.99,3567.18,3496.62,3547.64,270917.552,957726051.24399
2024-04-11 00:00:00,3547.64,3580.0,3525.97,3578.53,246252.597,874700877.69977
2024-04-11 04:00:00,3578.55,3609.0,3555.2,3585.41,266847.013,954959256.31334
2024-04-11 08:00:00,3585.42,3621.74,3516.16,3524.85,420313.936,1502045666.579
2024-04-11 12:00:00,3524.85,3578.46,3488.0,3509.94,783212.512,2761166964.44529
2024-04-11 16:00:00,3509.94,3524.97,3475.03,3519.89,353039.708,1237760880.31082
2024-04-11 20:00:00,3519.88,3534.48,3491.6,3504.43,165318.475,580683863.46644
2024-04-12 00:00:00,3504.42,3539.87,3503.14,3536.0,176349.201,621239783.00206
2024-04-12 04:00:00,3536.01,3555.0,3509.46,3518.79,212029.09,749266617.76671
2024-04-12 08:00:00,3518.79,3545.0,3510.64,3534.16,254545.132,897760554.95998
2024-04-12 12:00:00,3534.16,3534.77,3440.44,3442.42,648673.388,2254216532.16436
2024-04-12 16:00:00,3442.42,3456.13,3062.04,3206.98,2144196.135,7026683496.68557
2024-04-12 20:00:00,3206.93,3257.36,3201.58,3238.3,461072.885,1488045280.22401
2024-04-13 00:00:00,3238.31,3238.31,3143.3,3232.06,570348.417,1823452647.27821
2024-04-13 04:00:00,3232.06,3273.84,3223.87,3258.55,347649.096,1131107215.833
2024-04-13 08:00:00,3258.56,3305.42,3248.46,3269.39,329155.842,1077550310.87444
2024-04-13 12:00:00,3269.39,3298.77,3251.34,3273.12,350335.169,1147186710.44351
2024-04-13 16:00:00,3273.12,3281.0,2971.1,3083.37,1245588.279,3951340917.03738
2024-04-13 20:00:00,3083.37,3092.48,2791.61,3005.46,2465440.014,7273152857.40297
2024-04-14 00:00:00,3005.47,3019.09,2903.0,2969.27,897106.534,2659133694.98768
2024-04-14 04:00:00,2969.26,3102.84,2963.94,3083.33,588117.41,1796850835.49381
2024-04-14 08:00:00,3083.33,3098.95,3006.85,3026.33,482752.913,1471862363.797
2024-04-14 12:00:00,3026.32,3074.14,3005.06,3055.19,570786.388,1735000750.7324
2024-04-14 16:00:00,3055.18,3099.9,2976.6,3072.38,866542.873,2646228461.02701
2024-04-14 20:00:00,3072.38,3173.32,3045.81,3153.16,544898.639,1702385302.80842
2024-04-15 00:00:00,3153.16,3155.44,3097.95,3145.02,414705.872,1296752356.70289
2024-04-15 04:00:00,3145.03,3254.29,3120.88,3240.96,607992.486,1947466994.06454
2024-04-15 08:00:00,3240.97,3277.74,3225.25,3228.47,429391.221,1395196496.80665
2024-04-15 12:00:00,3228.47,3242.99,3101.09,3162.26,904230.569,2869255099.51929
2024-04-15 16:00:00,3162.26,3179.0,3022.08,3098.88,1132955.575,3514120531.5584
2024-04-15 20:00:00,3098.88,3127.19,3055.0,3100.75,365761.208,1132466825.47618
2024-04-16 00:00:00,3100.76,3119.52,3048.41,3071.74,468983.659,1445279020.20308
2024-04-16 04:00:00,3071.73,3127.41,2976.43,3105.87,686162.143,2094641555.0493
2024-04-16 08:00:00,3105.87,3110.38,2999.03,3091.79,701146.68,2142783407.26074
2024-04-16 12:00:00,3091.79,3094.28,3007.0,3007.61,737850.246,2254568266.61218
2024-04-16 16:00:00,3007.62,3084.0,2991.14,3056.04,588948.682,1793167227.65748
2024-04-16 20:00:00,3056.04,3119.3,3049.34,3082.85,268868.087,829603600.01845
2024-04-17 00:00:00,3082.84,3106.0,3065.74,3093.68,261576.394,806963585.37235
2024-04-17 04:00:00,3093.69,3123.12,3061.0,3074.66,329905.34,1020424398.38337
2024-04-17 08:00:00,3074.66,3086.61,3035.03,3038.97,318702.273,976489926.138
2024-04-17 12:00:00,3039.0,3063.24,2924.0,2945.77,1256223.224,3750473065.58133
2024-04-17 16:00:00,2945.6,3042.82,2912.45,3000.44,867409.521,2589395382.89201
2024-04-17 20:00:00,3000.44,3014.14,2962.29,2983.25,277912.955,831426059.60948
2024-04-18 00:00:00,2983.26,3034.35,2949.54,3023.94,382511.738,1145687863.64743
2024-04-18 04:00:00,3023.94,3033.34,2954.77,2973.66,404508.102,1208961728.77161
2024-04-18 08:00:00,2973.66,3064.56,2952.0,3045.0,506860.13,1527060157.58545
2024-04-18 12:00:00,3045.0,3093.59,2982.93,3066.99,819207.532,2496397568.35883
2024-04-18 16:00:00,3066.99,3081.95,3016.41,3063.07,397607.728,1212901082.56638
2024-04-18 20:00:00,3062.95,3080.58,3054.05,3062.85,164850.39,505352141.25046
2024-04-19 00:00:00,3062.85,3069.0,2861.76,2978.3,1294060.765,3817731264.58256
2024-04-19 04:00:00,2978.3,3128.52,2977.63,3082.6,895061.802,2730269695.41992
2024-04-19 08:00:00,3082.57,3123.41,3075.24,3100.94,520400.989,1613457302.1484
2024-04-19 12:00:00,3100.94,3120.0,3053.0,3079.32,514164.869,1588096066.91821
2024-04-19 16:00:00,3079.31,3107.29,3042.42,3103.36,405937.384,1246658327.05829
2024-04-19 20:00:00,3103.41,3104.89,3018.14,3054.91,378176.977,1158791240.27526
2024-04-20 00:00:00,3054.91,3070.45,3016.4,3054.48,309015.414,940895472.73575
2024-04-20 04:00:00,3054.49,3069.81,3047.77,3059.77,144864.579,443371972.31715
2024-04-20 08:00:00,3059.79,3060.25,3027.88,3045.84,218610.341,665042960.06622
2024-04-20 12:00:00,3045.83,3113.88,3038.34,3108.48,265004.358,814694177.01826
2024-04-20 16:00:00,3108.48,3165.0,3086.14,3147.0,486033.557,1520809244.71172
2024-04-20 20:00:00,3147.01,3173.83,3139.01,3154.31,201540.454,635447765.25024
2024-04-21 00:00:00,3154.3,3196.41,3124.78,3165.01,328995.23,1040956259.42187
2024-04-21 04:00:00,3165.01,3189.99,3150.02,3177.92,258929.89,821565319.96642
2024-04-21 08:00:00,3177.92,3185.81,3152.04,3167.02,217631.578,689566319.08333
2024-04-21 12:00:00,3167.01,3175.73,3134.79,3158.23,264033.314,832555412.51755
2024-04-21 16:00:00,3158.22,3160.69,3114.15,3135.73,314690.181,987277804.33553
2024-04-21 20:00:00,3135.72,3168.49,3127.75,3145.73,190885.646,601278685.01068
2024-04-22 00:00:00,3145.74,3210.9,3127.14,3189.23,489670.009,1548585486.90507
2024-04-22 04:00:00,3189.15,3235.0,3182.61,3202.57,361532.776,1160865898.82469
2024-04-22 08:00:00,3202.56,3222.96,3186.01,3193.04,283133.022,907733886.92392
2024-04-22 12:00:00,3193.04,3210.48,3164.16,3182.04,384412.817,1225435198.17962
2024-04-22 16:00:00,3182.04,3216.78,3167.17,3186.56,309177.337,987147172.16141
2024-04-22 20:00:00,3186.56,3223.0,3182.06,3198.66,219514.901,703176598.83782
2024-04-23 00:00:00,3198.66,3221.85,3179.32,3182.19,200051.812,640515187.05029
2024-04-23 04:00:00,3182.18,3192.32,3150.31,3158.93,258093.198,818968300.84021
2024-04-23 08:00:00,3158.93,3184.38,3151.02,3178.63,197215.139,624950689.40592
2024-04-23 12:00:00,3178.63,3266.91,3171.49,3224.48,604715.946,1948693508.93342
2024-04-23 16:00:00,3224.48,3245.86,3211.5,3217.27,210317.904,679151031.32829
2024-04-23 20:00:00,3217.27,3222.12,3184.4,3218.04,192712.379,617803928.65988
2024-04-24 00:00:00,3218.03,3247.5,3208.55,3236.6,216687.186,700044960.20532
2024-04-24 04:00:00,3236.6,3274.0,3235.25,3248.4,268500.237,874270726.31082
2024-04-24 08:00:00,3248.4,3286.0,3240.06,3280.15,295761.94,964775599.73253
2024-04-24 12:00:00,3280.15,3293.38,3165.0,3174.6,818163.903,2635671100.85511
2024-04-24 16:00:00,3174.59,3192.27,3102.5,3133.25,601815.74,1897632842.8687
2024-04-24 20:00:00,3133.25,3151.34,3110.11,3138.84,281898.273,882920447.10876
2024-04-25 00:00:00,3138.84,3169.98,3125.0,3145.68,281290.791,886364008.25905
2024-04-25 04:00:00,3145.69,3166.48,3124.26,3134.99,256937.603,808393801.75959
2024-04-25 08:00:00,3134.99,3151.95,3070.16,3110.35,547821.522,1701855212.70786
2024-04-25 12:00:00,3110.35,3168.0,3080.06,3158.83,753653.836,2353870021.95909
2024-04-25 16:00:00,3158.84,3174.81,3144.11,3164.83,391626.628,1236641550.90605
2024-04-25 20:00:00,3164.83,3189.97,3150.92,3154.44,216745.538,686769173.67648
2024-04-26 00:00:00,3154.44,3163.3,3122.68,3140.41,265219.131,833852192.68061
2024-04-26 04:00:00,3140.42,3152.62,3127.04,3133.48,224812.531,705560985.50901
2024-04-26 08:00:00,3133.48,3156.68,3120.01,3127.57,249190.8,781499885.3574
2024-04-26 12:00:00,3127.54,3167.2,3100.38,3116.44,634145.074,1985397143.43072
2024-04-26 16:00:00,3116.45,3154.45,3103.52,3132.67,258819.926,811168067.84536
2024-04-26 20:00:00,3132.67,3152.8,3118.17,3129.98,132128.654,414260772.77338
2024-04-27 00:00:00,3129.98,3137.64,3062.8,3120.72,509645.395,1580473163.83392
2024-04-27 04:00:00,3120.72,3132.0,3104.7,3119.12,166719.481,520174968.01884
2024-04-27 08:00:00,3119.15,3127.0,3106.12,3123.35,164525.3,512705074.7818
2024-04-27 12:00:00,3123.36,3165.44,3120.16,3143.3,351881.359,1106481015.88576
2024-04-27 16:00:00,3143.29,3283.54,3141.01,3235.83,799319.906,2578459729.77676
2024-04-27 20:00:00,3235.83,3262.3,3220.46,3253.97,207722.046,673570427.23428
2024-04-28 00:00:00,3253.97,3329.0,3248.8,3307.65,415020.728,1366096399.09021
2024-04-28 04:00:00,3307.65,3340.86,3298.17,3316.27,268685.492,890434799.43803
2024-04-28 08:00:00,3316.26,3323.76,3272.56,3285.03,342423.193,1128989482.19585
2024-04-28 12:00:00,3285.03,3327.78,3282.27,3319.24,330067.611,1091657433.02749
2024-04-28 16:00:00,3319.23,3365.69,3306.15,3315.37,306127.355,1018443606.88346
2024-04-28 20:00:00,3315.36,3319.93,3251.0,3262.28,337556.885,1108342789.61753
2024-04-29 00:00:00,3262.29,3286.29,3166.75,3176.94,658172.203,2126688957.84256
2024-04-29 04:00:00,3176.95,3208.99,3150.0,3186.93,535850.023,1706245001.13692
2024-04-29 08:00:00,3186.93,3194.56,3144.8,3158.24,382203.455,1211658397.83783
2024-04-29 12:00:00,3158.23,3185.12,3113.02,3181.07,754828.042,2379655082.12573
2024-04-29 16:00:00,3181.06,3188.71,3153.32,3184.68,293632.392,930804690.4894
2024-04-29 20:00:00,3184.69,3234.52,3162.22,3215.27,335449.234,1074422341.87533
2024-04-30 00:00:00,3215.28,3250.0,3148.0,3179.62,575220.348,1839082434.58778
2024-04-30 04:00:00,3179.62,3184.56,3150.6,3155.66,225450.424,714000400.67053
2024-04-30 08:00:00,3155.66,3160.69,3002.17,3005.93,1111346.13,3405670736.39767
2024-04-30 12:00:00,3005.94,3037.17,2963.33,2992.67,998305.999,2995884744.25209
2024-04-30 16:00:00,2992.66,2997.45,2918.33,2927.6,880790.789,2610488142.41053
2024-04-30 20:00:00,2927.61,3027.91,2926.44,3012.58,487374.746,1455771159.43489
2024-05-01 00:00:00,3012.57,3021.94,2958.0,3002.93,392606.123,1174921980.23399
2024-05-01 04:00:00,3002.93,3012.89,2851.0,2868.49,889746.134,2599513347.26517
2024-05-01 08:00:00,2868.48,2904.83,2814.44,2904.19,861732.875,2467436830.98948
2024-05-01 12:00:00,2904.19,2932.7,2864.16,2884.31,637099.994,1846099805.78597
2024-05-01 16:00:00,2884.32,3014.94,2866.78,2924.8,1136833.287,3349072588.37428
2024-05-01 20:00:00,2924.79,2983.98,2912.34,2970.61,359368.894,1061863127.44731
2024-05-02 00:00:00,2970.61,2980.67,2890.0,2928.0,412116.661,1206472112.23401
2024-05-02 04:00:00,2928.0,2937.36,2896.28,2919.88,255425.615,745695764.5729
2024-05-02 08:00:00,2919.89,3007.64,2915.09,2994.44,508371.841,1509072754.24871
2024-05-02 12:00:00,2994.44,3012.0,2951.08,2988.65,571301.544,1704220242.57966
2024-05-02 16:00:00,2988.66,3006.0,2970.0,2998.45,297277.992,887912264.56704
2024-05-02 20:00:00,2998.44,3016.38,2967.54,2984.8,248519.124,743950413.22041
2024-05-03 00:00:00,2984.8,3035.0,2976.0,3008.32,294218.824,885373413.59917
2024-05-03 04:00:00,3008.31,3015.96,2957.2,2967.83,260623.35,778212899.30482
2024-05-03 08:00:00,2967.83,2989.63,2956.86,2978.4,274563.505,816176465.22027
2024-05-03 12:00:00,2978.39,3085.57,2967.77,3074.12,905376.008,2752937545.57958
2024-05-03 16:00:00,3074.12,3086.97,3060.89,3070.69,245421.37,754221393.9784
2024-05-03 20:00:00,3070.69,3126.44,3066.91,3100.83,375358.775,1164769456.29939
2024-05-04 00:00:00,3100.83,3129.0,3090.75,3110.96,219044.181,681141205.07903
2024-05-04 04:00:00,3110.96,3122.26,3093.37,3094.79,161959.214,503525538.9939
2024-05-04 08:00:00,3094.8,3167.45,3094.37,3129.4,388807.652,1218855730.7751
2024-05-04 12:00:00,3129.4,3158.02,3113.22,3125.23,267154.602,836566689.22998
2024-05-04 16:00:00,3125.24,3139.46,3112.0,3136.02,156716.249,489582780.51
2024-05-04 20:00:00,3136.03,3146.13,3102.66,3115.46,177972.072,555547412.41015
2024-05-05 00:00:00,3115.46,3125.68,3071.1,3085.6,333030.474,1029918036.14057
2024-05-05 04:00:00,3085.6,3113.79,3078.83,3103.98,159673.229,494223871.41982
2024-05-05 08:00:00,3103.97,3171.15,3101.99,3136.56,385969.311,1212355782.00998
2024-05-05 12:00:00,3136.56,3166.98,3125.0,3159.07,341780.466,1074608357.22537
2024-05-05 16:00:00,3159.08,3164.85,3128.06,3141.23,213183.107,671171599.91302
2024-05-05 20:00:00,3141.23,3144.99,3120.2,3135.24,136641.93,428207118.28471
2024-05-06 00:00:00,3135.24,3165.0,3123.0,3133.74,198610.998,624463551.25119
2024-05-06 04:00:00,3133.73,3191.55,3126.67,3179.1,361101.332,1144176236.34365
2024-05-06 08:00:00,3179.1,3221.95,3128.53,3147.89,666513.74,2117285232.02282
2024-05-06 12:00:00,3147.89,3153.5,3054.67,3088.29,861610.502,2668738564.21107
2024-05-06 16:00:00,3088.29,3096.26,3043.92,3069.32,396892.735,1219005463.67645
2024-05-06 20:00:00,3069.31,3087.87,3059.42,3061.5,153977.717,473513106.96554
2024-05-07 00:00:00,3061.5,3096.13,3018.0,3048.0,414472.641,1268747426.30356
2024-05-07 04:00:00,3047.99,3081.69,3042.45,3076.19,240113.334,736086313.32331
2024-05-07 08:00:00,3076.2,3128.59,3057.0,3061.91,515131.677,1597142267.32081
2024-05-07 12:00:00,3061.92,3105.67,3044.03,3070.2,425428.981,1307104102.49506
2024-05-07 16:00:00,3070.21,3078.43,3025.22,3048.66,252828.17,771344903.43554
2024-05-07 20:00:00,3048.75,3060.98,2996.53,3004.55,353561.903,1071430964.5543
2024-05-08 00:00:00,3004.55,3037.52,2993.0,3030.73,234879.234,709276482.13077
2024-05-08 04:00:00,3030.72,3034.99,2987.24,2994.23,336086.474,1011118104.21324
2024-05-08 08:00:00,2994.22,3011.62,2976.14,2989.63,388937.456,1164458951.98546
2024-05-08 12:00:00,2989.63,3031.98,2983.73,3006.0,514728.656,1547819761.40341
2024-05-08 16:00:00,3005.99,3024.32,2984.8,2998.36,213706.706,642196898.31876
2024-05-08 20:00:00,2998.36,3002.82,2930.64,2972.93,507271.073,1502265336.77386
2024-05-09 00:00:00,2972.94,3004.39,2971.03,2996.9,178045.34,532627070.38218
2024-05-09 04:00:00,2996.9,3014.94,2974.01,2982.37,220454.291,660659323.46434
2024-05-09 08:00:00,2982.37,2990.98,2949.0,2976.22,319766.591,950096774.74109
2024-05-09 12:00:00,2976.22,3019.88,2954.52,3004.82,435456.827,1300827486.74788
2024-05-09 16:00:00,3004.83,3025.0,2988.0,3020.23,300601.478,904593853.51452
2024-05-09 20:00:00,3020.23,3058.23,3013.87,3034.75,255191.447,774256400.78458
2024-05-10 00:00:00,3034.75,3041.86,3015.56,3027.6,157795.357,477798461.95257
2024-05-10 04:00:00,3027.6,3053.52,3020.06,3040.39,186874.878,567726530.89208
2024-05-10 08:00:00,3040.4,3044.0,3020.73,3036.44,153788.224,466146995.08473
2024-05-10 12:00:00,3036.44,3043.06,2905.0,2917.03,973610.383,2884461805.63223
2024-05-10 16:00:00,2917.02,2933.7,2877.0,2900.47,615667.383,1787725039.26844
2024-05-10 20:00:00,2900.47,2914.56,2885.95,2908.85,176431.21,511697352.76946
2024-05-11 00:00:00,2908.85,2935.0,2903.03,2910.12,185437.159,541085302.46046
2024-05-11 04:00:00,2910.12,2926.56,2904.71,2920.9,107357.338,313150281.57149
2024-05-11 08:00:00,2920.89,2924.0,2884.6,2902.7,214371.314,622497174.15869
2024-05-11 12:00:00,2902.7,2946.6,2894.3,2924.5,310326.461,905407215.90817
2024-05-11 16:00:00,2924.5,2940.0,2915.7,2929.59,173346.09,507237652.41664
2024-05-11 20:00:00,2929.59,2930.02,2905.16,2911.27,124393.543,362781567.34483
2024-05-12 00:00:00,2911.27,2924.3,2907.57,2919.42,103896.388,303098264.15887
2024-05-12 04:00:00,2919.42,2931.94,2898.97,2906.54,157040.586,457778296.08731
2024-05-12 08:00:00,2906.53,2943.38,2901.0,2927.1,247279.362,722824660.78835
2024-05-12 12:00:00,2927.09,2943.0,2923.81,2936.82,163381.13,478979422.11649
2024-05-12 16:00:00,2936.82,2954.94,2919.84,2928.66,226856.729,666131801.32424
2024-05-12 20:00:00,2928.66,2935.36,2911.13,2927.73,104987.186,307127318.12013
2024-05-13 00:00:00,2927.73,2942.0,2863.8,2889.31,595245.497,1722518423.36791
2024-05-13 04:00:00,2889.31,2958.21,2867.7,2953.09,504188.455,1467243457.38063
2024-05-13 08:00:00,2953.08,2996.44,2946.66,2964.59,584721.787,1737370422.90054
2024-05-13 12:00:00,2964.6,2985.76,2948.08,2960.2,356790.716,1057934572.97692
2024-05-13 16:00:00,2960.21,2977.09,2925.06,2955.69,343547.092,1014055117.94069
2024-05-13 20:00:00,2955.69,2959.0,2937.14,2949.71,105011.181,309627347.69707
2024-05-14 00:00:00,2949.72,2959.79,2935.28,2939.33,245286.111,722791891.92896
2024-05-14 04:00:00,2939.34,2948.43,2880.0,2918.75,438107.878,1276435336.22245
2024-05-14 08:00:00,2918.75,2920.24,2896.21,2906.82,186062.439,541189124.87291
2024-05-14 12:00:00,2906.82,2925.0,2868.14,2897.53,776376.609,2249553107.81892
2024-05-14 16:00:00,2897.53,2899.48,2858.14,2893.11,310507.57,894919000.2512
2024-05-14 20:00:00,2893.11,2902.24,2877.16,2880.87,130666.736,377699331.37608
2024-05-15 00:00:00,2880.87,2901.94,2861.71,2901.44,233803.855,673939968.07387
2024-05-15 04:00:00,2901.44,2920.0,2896.39,2914.55,217659.338,632543265.77167
2024-05-15 08:00:00,2914.56,2932.99,2885.25,2897.74,377475.224,1097752617.8809
2024-05-15 12:00:00,2897.74,2992.0,2891.13,2975.54,1025166.46,3029466280.93764
2024-05-15 16:00:00,2975.54,3025.43,2968.4,3023.44,438473.977,1312633967.61758
2024-05-15 20:00:00,3023.43,3039.52,3008.32,3030.66,246362.52,744225199.70056
2024-05-16 00:00:00,3030.67,3039.95,2989.32,3012.25,365776.634,1103389783.65724
2024-05-16 04:00:00,3012.25,3020.38,3002.94,3015.06,165185.38,497528949.26982
2024-05-16 08:00:00,3015.07,3026.94,2984.5,3005.21,279982.143,840581134.23506
2024-05-16 12:00:00,3005.2,3009.28,2929.14,2955.53,699591.227,2075496567.78374
2024-05-16 16:00:00,2955.53,2959.68,2923.0,2943.37,354868.626,1044972416.29894
2024-05-16 20:00:00,2943.37,2944.8,2920.93,2943.22,166150.926,487581824.59831
2024-05-17 00:00:00,2943.22,2955.18,2931.36,2948.84,170690.716,502863960.90391
2024-05-17 04:00:00,2948.84,3032.71,2938.56,3023.58,514260.014,1539707873.23481
2024-05-17 08:00:00,3023.59,3060.0,3016.15,3029.21,511777.104,1552638570.19258
2024-05-17 12:00:00,3029.21,3116.9,3018.31,3109.85,888119.1,2732189148.38241
2024-05-17 16:00:00,3109.85,3119.0,3066.0,3083.52,368488.1,1138619636.95983
2024-05-17 20:00:00,3083.53,3094.83,3079.18,3090.48,120537.204,372243462.75856
2024-05-18 00:00:00,3090.47,3125.7,3081.59,3112.93,282128.405,875090901.98082
2024-05-18 04:00:00,3112.94,3117.64,3088.8,3100.26,176821.595,548120458.29269
2024-05-18 08:00:00,3100.25,3146.36,3099.05,3132.84,324588.891,1015233100.61985
2024-05-18 12:00:00,3132.85,3134.24,3093.62,3109.26,336369.994,1046923966.29293
2024-05-18 16:00:00,3109.26,3119.99,3104.4,3118.41,112567.765,350395437.35209
2024-05-18 20:00:00,3118.4,3125.96,3103.99,3121.59,103032.937,321221072.61153
2024-05-19 00:00:00,3121.6,3135.58,3111.5,3127.69,132198.593,413137149.56155
2024-05-19 04:00:00,3127.7,3129.29,3101.99,3114.17,151692.891,472296611.62147
2024-05-19 08:00:00,3114.16,3124.2,3080.0,3101.62,317993.548,986014553.74281
2024-05-19 12:00:00,3101.62,3102.0,3061.0,3076.14,325874.681,1003019031.91454
2024-05-19 16:00:00,3076.14,3083.36,3056.14,3063.67,261241.101,801376799.03071
2024-05-19 20:00:00,3063.68,3081.13,3051.3,3069.98,159684.902,490243299.80671
2024-05-20 00:00:00,3069.98,3099.59,3045.06,3085.57,318851.852,980282674.05501
2024-05-20 04:00:00,3085.57,3138.14,3061.44,3090.39,521794.171,1618812242.80519
2024-05-20 08:00:00,3090.39,3113.04,3084.39,3092.91,247742.477,768305312.15369
2024-05-20 12:00:00,3092.92,3120.0,3075.0,3116.95,340408.207,1053068413.73589
2024-05-20 16:00:00,3116.96,3459.61,3109.08,3438.29,1849895.619,6085227484.08407
2024-05-20 20:00:00,3438.29,3698.86,3420.2,3664.39,2115680.641,7542325644.83852
2024-05-21 00:00:00,3664.39,3725.69,3639.81,3698.85,878009.612,3234103320.15818
2024-05-21 04:00:00,3698.85,3703.0,3628.0,3663.29,529104.872,1939189567.91332
2024-05-21 08:00:00,3663.29,3830.53,3651.59,3779.64,1058781.883,3962832672.96849
2024-05-21 12:00:00,3779.63,3842.17,3749.62,3779.08,1535889.588,5819511199.60651
2024-05-21 16:00:00,3779.09,3849.26,3677.4,3715.14,1151283.391,4326225432.49841
2024-05-21 20:00:00,3715.14,3824.36,3711.89,3792.32,476072.954,1796625576.75869
2024-05-22 00:00:00,3792.33,3816.84,3776.29,3795.98,320600.434,1216321801.64117
2024-05-22 04:00:00,3795.99,3797.8,3722.58,3749.24,472880.786,1776559840.48973
2024-05-22 08:00:00,3749.24,3782.34,3690.0,3692.71,488219.209,1825671204.66948
2024-05-22 12:00:00,3692.51,3775.93,3655.0,3763.31,1260256.032,4676130743.55848
2024-05-22 16:00:00,3763.32,3799.92,3701.98,3738.35,668635.483,2505788890.99468
2024-05-22 20:00:00,3738.35,3784.69,3725.27,3740.25,416251.427,1562306987.78596
2024-05-23 00:00:00,3740.25,3792.6,3738.2,3784.56,322638.624,1215241289.94348
2024-05-23 04:00:00,3784.57,3838.0,3761.16,3815.79,498673.243,1892717145.35157
2024-05-23 08:00:00,3815.79,3930.0,3792.69,3921.0,899905.42,3464269274.33754
2024-05-23 12:00:00,3921.01,3952.89,3732.0,3815.09,2131833.248,8171299737.50488
2024-05-23 16:00:00,3815.08,3830.61,3693.73,3793.56,1060547.633,3999487711.86084
2024-05-23 20:00:00,3793.58,3908.0,3524.55,3784.8,2721576.143,10273045750.33859
2024-05-24 00:00:00,3784.79,3832.0,3744.03,3805.31,370071.22,1406650759.88174
2024-05-24 04:00:00,3805.3,3817.2,3651.73,3681.26,842319.99,3129395249.36793
2024-05-24 08:00:00,3681.26,3720.0,3627.0,3714.35,576212.699,2119859396.48473
2024-05-24 12:00:00,3714.34,3734.9,3672.63,3695.69,649355.598,2408892484.44053
2024-05-24 16:00:00,3695.7,3761.94,3655.34,3745.28,581506.663,2157003813.11982
2024-05-24 20:00:00,3745.29,3756.5,3724.78,3729.61,196348.059,734193818.5626
2024-05-25 00:00:00,3729.61,3749.97,3710.14,3746.88,189544.804,706802781.10877
2024-05-25 04:00:00,3746.88,3782.82,3745.0,3747.9,247552.152,930560279.03711
2024-05-25 08:00:00,3747.91,3776.91,3737.8,3740.68,227862.564,855821252.87693
2024-05-25 12:00:00,3740.69,3760.0,3721.0,3746.01,264853.539,990628606.09314
2024-05-25 16:00:00,3746.01,3768.4,3738.19,3759.03,126493.964,474857142.03497
2024-05-25 20:00:00,3759.02,3762.8,3730.0,3751.15,90927.239,340617446.06644
2024-05-26 00:00:00,3751.16,3773.96,3732.06,3773.44,178108.151,668421982.01092
2024-05-26 04:00:00,3773.43,3797.94,3742.24,3787.58,243276.653,917150720.08289
2024-05-26 08:00:00,3787.58,3824.84,3778.63,3815.36,382468.468,1454990832.30332
2024-05-26 12:00:00,3815.36,3878.69,3792.36,3834.53,547989.381,2103624357.58935
2024-05-26 16:00:00,3834.54,3887.26,3833.37,3881.51,328167.019,1265908835.94753
2024-05-26 20:00:00,3881.52,3883.05,3820.0,3827.53,223377.858,858595900.95693
2024-05-27 00:00:00,3827.54,3946.05,3824.7,3922.39,520497.348,2030478074.25093
2024-05-27 04:00:00,3922.39,3937.54,3891.02,3915.43,319588.051,1250224805.36257
2024-05-27 08:00:00,3915.43,3959.62,3886.0,3902.78,444465.625,1741821607.06775
2024-05-27 12:00:00,3902.78,3980.0,3893.36,3966.13,666736.236,2626974820.86873
2024-05-27 16:00:00,3966.12,3977.08,3856.0,3874.91,479309.845,1880507745.67996
2024-05-27 20:00:00,3874.91,3908.21,3860.84,3896.09,334532.178,1301094051.44696
2024-05-28 00:00:00,3896.09,3914.41,3830.0,3852.32,514446.578,1987879461.98523
2024-05-28 04:00:00,3852.31,3867.75,3823.0,3850.52,269051.046,1035219599.72032
2024-05-28 08:00:00,3850.52,3934.42,3841.35,3906.56,410328.898,1597946932.81751
2024-05-28 12:00:00,3906.56,3915.0,3833.33,3863.32,746847.291,2892559503.94341
2024-05-28 16:00:00,3863.33,3872.18,3775.42,3844.02,575839.501,2199202148.57004
2024-05-28 20:00:00,3844.09,3875.0,3825.05,3847.0,226955.691,874203209.12872
2024-05-29 00:00:00,3847.01,3865.0,3837.28,3853.7,271810.894,1046990041.87563
2024-05-29 04:00:00,3853.71,3891.79,3822.6,3824.72,360058.339,1390579280.74487
2024-05-29 08:00:00,3824.71,3832.3,3783.2,3813.81,431147.816,1642609608.22008
2024-05-29 12:00:00,3813.81,3842.29,3753.1,3763.04,653488.042,2478429997.47017
2024-05-29 16:00:00,3763.03,3783.5,3746.41,3752.83,312184.265,1174328926.40651
2024-05-29 20:00:00,3752.82,3796.66,3746.84,3770.0,293374.861,1107263483.26521
2024-05-30 00:00:00,3770.01,3801.38,3753.06,3794.21,262058.929,990227713.1834
2024-05-30 04:00:00,3794.21,3805.0,3713.13,3722.15,448968.512,1685786016.36849
2024-05-30 08:00:00,3722.16,3761.93,3704.7,3739.56,422165.631,1574896871.94997
2024-05-30 12:00:00,3739.58,3800.96,3736.35,3778.4,523718.413,1975825713.59914
2024-05-30 16:00:00,3778.4,3828.74,3752.01,3763.91,428199.118,1625285760.39444
2024-05-30 20:00:00,3763.9,3764.33,3720.72,3750.39,252462.804,945067959.92171
2024-05-31 00:00:00,3750.38,3773.29,3742.17,3762.76,196335.7,737808253.37893
2024-05-31 04:00:00,3762.77,3769.43,3726.93,3731.89,180772.053,677085357.04713
2024-05-31 08:00:00,3731.88,3817.0,3729.5,3805.47,380521.147,1435849860.36481
2024-05-31 12:00:00,3805.47,3859.53,3745.87,3747.25,839079.981,3188405216.17548
2024-05-31 16:00:00,3747.25,3797.0,3725.16,3788.41,402915.029,1515056614.13759
2024-05-31 20:00:00,3788.46,3804.34,3743.29,3764.35,245878.341,928231339.81027
2024-06-01 00:00:00,3764.35,3784.99,3754.36,3781.01,159177.75,600426977.15332
2024-06-01 04:00:00,3781.01,3796.86,3772.04,3775.61,173301.115,656206214.67466
2024-06-01 08:00:00,3775.61,3812.81,3775.1,3790.39,216069.134,819849915.10608
2024-06-01 12:00:00,3790.39,3817.0,3788.85,3801.38,184197.893,701119599.36385
2024-06-01 16:00:00,3801.39,3812.84,3792.13,3806.65,106424.417,404692732.92782
2024-06-01 20:00:00,3806.65,3837.2,3801.73,3817.49,151800.689,579960979.91927
2024-06-02 00:00:00,3817.49,3841.7,3798.59,3809.0,280046.271,1069583535.20447
2024-06-02 04:00:00,3809.0,3826.03,3793.61,3795.13,186157.356,709215830.47654
2024-06-02 08:00:00,3795.13,3812.0,3772.35,3806.26,344857.843,1306902167.56947
2024-06-02 12:00:00,3806.27,3812.29,3778.4,3801.48,199578.713,757978694.70556
2024-06-02 16:00:00,3801.53,3806.16,3753.8,3784.0,238652.826,900749097.82054
2024-06-02 20:00:00,3784.0,3799.8,3769.14,3783.98,150704.595,570633802.72215
2024-06-03 00:00:00,3783.98,3824.82,3763.0,3802.13,283057.393,1075101723.34481
2024-06-03 04:00:00,3802.13,3847.42,3797.33,3819.99,294648.17,1126860058.95535
2024-06-03 08:00:00,3820.0,3842.73,3806.84,3811.61,201453.175,769844021.06508
2024-06-03 12:00:00,3811.61,3854.0,3760.0,3798.22,708133.607,2696265778.22369
2024-06-03 16:00:00,3798.22,3800.0,3760.44,3775.79,265517.4,1002877648.56301
2024-06-03 20:00:00,3775.8,3787.57,3761.25,3769.15,163970.38,618656211.27954
2024-06-04 00:00:00,3769.14,3787.78,3720.0,3775.27,306764.804,1154494047.7366
2024-06-04 04:00:00,3775.27,3781.2,3754.09,3777.0,159331.896,600468942.90523
2024-06-04 08:00:00,3777.0,3785.5,3743.15,3767.02,243088.901,914567220.00186
2024-06-04 12:00:00,3767.02,3821.91,3755.13,3813.1,519010.963,1965400946.25044
2024-06-04 16:00:00,3813.11,3835.11,3777.77,3802.53,399039.305,1521651973.66312
2024-06-04 20:00:00,3802.53,3825.1,3795.1,3813.12,130274.453,496664277.98224
2024-06-05 00:00:00,3813.11,3845.0,3800.01,3813.01,244966.867,935827351.19804
2024-06-05 04:00:00,3813.01,3823.4,3778.91,3811.35,358610.492,1362940260.61138
2024-06-05 08:00:00,3811.36,3816.14,3790.03,3806.87,176254.598,670248833.33779
2024-06-05 12:00:00,3806.86,3827.47,3783.21,3816.63,391004.047,1489124556.50428
2024-06-05 16:00:00,3816.62,3881.77,3798.21,3880.0,546796.45,2103719101.08033
2024-06-05 20:00:00,3880.01,3892.06,3844.43,3868.61,221527.808,856392518.09817
2024-06-06 00:00:00,3868.6,3881.99,3856.12,3864.01,149346.084,577858484.91905
2024-06-06 04:00:00,3864.0,3868.41,3843.0,3854.43,187240.831,721435166.312
2024-06-06 08:00:00,3854.43,3859.93,3845.02,3852.74,118708.049,457272346.59083
2024-06-06 12:00:00,3852.73,3869.86,3817.72,3847.1,392779.172,1509709964.59721
2024-06-06 16:00:00,3847.1,3857.0,3790.0,3793.5,396287.511,1515613574.72429
2024-06-06 20:00:00,3793.5,3817.93,3760.0,3815.76,306399.846,1161333519.76002
2024-06-07 00:00:00,3815.77,3816.45,3793.1,3808.66,138128.809,525713778.69306
2024-06-07 04:00:00,3808.66,3828.32,3807.94,3819.25,132658.486,506660131.33668
2024-06-07 08:00:00,3819.25,3843.89,3803.51,3838.3,192547.942,735597156.23979
2024-06-07 12:00:00,3838.3,3844.32,3774.3,3802.96,668039.495,2544738125.98448
2024-06-07 16:00:00,3802.96,3810.88,3555.02,3689.08,1280269.841,4724543893.07416
2024-06-07 20:00:00,3688.89,3702.41,3670.83,3679.82,205954.212,759189991.72258
2024-06-08 00:00:00,3679.82,3693.76,3675.0,3690.84,98423.195,362876141.68458
2024-06-08 04:00:00,3690.85,3711.28,3678.35,3710.26,138815.901,512660020.09475
2024-06-08 08:00:00,3710.26,3710.67,3680.2,3684.55,144294.002,532764249.21111
2024-06-08 12:00:00,3684.55,3699.2,3659.0,3689.33,217397.085,801021943.45085
2024-06-08 16:00:00,3689.33,3696.3,3672.7,3683.31,103447.358,381368780.87126
2024-06-08 20:00:00,3683.31,3685.95,3671.0,3682.11,91184.414,335345591.33242
2024-06-09 00:00:00,3682.12,3686.08,3666.71,3675.06,95235.96,350117779.51243
2024-06-09 04:00:00,3675.07,3693.01,3670.44,3687.26,112395.646,413995185.31562
2024-06-09 08:00:00,3687.3,3696.3,3684.1,3695.15,71350.077,263337400.50795
2024-06-09 12:00:00,3695.15,3714.93,3682.05,3691.63,213114.486,787837718.35625
2024-06-09 16:00:00,3691.62,3711.85,3690.41,3702.72,105347.256,390050829.86078
2024-06-09 20:00:00,3702.71,3724.73,3695.0,3707.67,117756.761,436876042.58248
2024-06-10 00:00:00,3707.67,3708.08,3681.56,3685.73,112623.528,416055027.12348
2024-06-10 04:00:00,3685.72,3694.38,3642.6,3649.16,209683.418,769847490.98686
2024-06-10 08:00:00,3649.16,3683.19,3648.0,3677.14,191884.145,704382879.99592
2024-06-10 12:00:00,3677.14,3715.49,3663.74,3703.59,276268.223,1017848771.06863
2024-06-10 16:00:00,3703.59,3707.0,3665.46,3670.07,209454.011,772243345.90303
2024-06-10 20:00:00,3670.07,3679.11,3651.35,3669.66,149123.339,546918922.70793
2024-06-11 00:00:00,3669.65,3675.0,3560.0,3596.75,634157.852,2292111451.92206
2024-06-11 04:00:00,3596.75,3596.75,3501.12,3535.24,664066.198,2359052470.90339
2024-06-11 08:00:00,3535.34,3550.37,3503.33,3530.87,503013.122,1774499922.63988
2024-06-11 12:00:00,3530.86,3547.26,3427.09,3448.47,781554.809,2733514060.70936
2024-06-11 16:00:00,3448.47,3504.47,3432.3,3498.5,462461.48,1604749854.5445
2024-06-11 20:00:00,3498.49,3510.0,3485.0,3498.16,116801.728,408556667.90715
2024-06-12 00:00:00,3498.17,3514.99,3462.09,3510.47,274987.434,960195714.92306
2024-06-12 04:00:00,3510.47,3533.95,3507.41,3526.99,200548.825,706020329.02021
2024-06-12 08:00:00,3527.0,3564.54,3516.7,3531.38,295712.364,1047115984.15835
2024-06-12 12:00:00,3531.38,3657.77,3531.18,3617.62,1023218.476,3701285596.47963
2024-06-12 16:00:00,3617.61,3626.16,3512.07,3528.55,851121.476,3044380947.63513
2024-06-12 20:00:00,3528.77,3574.93,3521.38,3560.45,215917.807,767729082.30069
2024-06-13 00:00:00,3560.44,3562.33,3476.26,3503.35,369548.331,1299708183.27529
2024-06-13 04:00:00,3503.35,3517.53,3485.0,3507.48,212202.659,743387540.92294
2024-06-13 08:00:00,3507.48,3511.91,3472.21,3496.5,273216.604,954542949.42572
2024-06-13 12:00:00,3496.5,3540.7,3433.34,3442.08,927306.523,3238668203.17224
2024-06-13 16:00:00,3442.08,3492.48,3426.01,3481.59,338873.771,1173080275.54537
2024-06-13 20:00:00,3481.64,3491.8,3460.86,3469.18,136293.485,473639282.11067
2024-06-14 00:00:00,3469.18,3508.95,3457.29,3490.7,225733.834,786511800.11534
2024-06-14 04:00:00,3490.7,3533.82,3490.56,3515.83,242060.478,851018141.14942
2024-06-14 08:00:00,3515.84,3530.54,3505.2,3515.14,165263.496,581352708.04255
2024-06-14 12:00:00,3515.13,3525.2,3461.01,3461.79,428675.196,1496098525.12597
2024-06-14 16:00:00,3461.79,3467.0,3361.05,3405.21,911244.324,3101223682.65783
2024-06-14 20:00:00,3405.21,3529.0,3403.06,3480.51,550057.056,1908317464.46466
2024-06-15 00:00:00,3480.5,3503.36,3472.34,3503.35,189367.244,660643320.18395
2024-06-15 04:00:00,3503.36,3557.54,3497.07,3528.92,413457.243,1459671405.73643
2024-06-15 08:00:00,3528.91,3541.89,3518.0,3538.17,180192.324,636562716.45116
2024-06-15 12:00:00,3538.16,3594.99,3536.72,3565.31,432034.123,1539397014.85531
2024-06-15 16:00:00,3565.31,3574.98,3551.16,3557.9,210946.844,751333008.10933
2024-06-15 20:00:00,3557.9,3574.88,3534.58,3567.87,150532.301,535207509.61096
2024-06-16 00:00:00,3567.88,3572.95,3546.89,3554.0,125574.926,447112464.99591
2024-06-16 04:00:00,3554.0,3573.68,3540.0,3561.37,133039.31,473578003.76543
2024-06-16 08:00:00,3561.37,3569.39,3545.73,3553.86,173736.72,617845810.88661
2024-06-16 12:00:00,3553.86,3611.1,3551.63,3591.07,399465.139,1432541137.11657
2024-06-16 16:00:00,3591.06,3608.29,3585.84,3598.57,182017.924,654552938.08091
2024-06-16 20:00:00,3598.56,3653.73,3587.38,3622.96,321825.238,1166715769.83443
2024-06-17 00:00:00,3622.96,3637.47,3574.2,3581.0,388293.07,1398851748.66297
2024-06-17 04:00:00,3581.0,3595.29,3536.4,3551.56,437079.717,1558053546.1185
2024-06-17 08:00:00,3551.57,3560.31,3489.31,3525.99,559402.279,1969413461.57909
2024-06-17 12:00:00,3525.99,3546.23,3480.55,3495.81,586999.159,2064415276.29229
2024-06-17 16:00:00,3495.81,3576.54,3464.0,3552.47,688765.531,2429059655.88323
2024-06-17 20:00:00,3552.48,3554.89,3498.39,3509.56,273962.169,964106191.47575
2024-06-18 00:00:00,3509.56,3515.87,3341.85,3439.88,1032245.176,3537823737.51257
2024-06-18 04:00:00,3439.88,3462.9,3426.93,3442.5,282532.787,973527095.44832
2024-06-18 08:00:00,3442.5,3450.63,3390.0,3412.41,357639.188,1223119772.76369
2024-06-18 12:00:00,3412.41,3439.96,3367.73,3422.77,825010.34,2808234996.83119
2024-06-18 16:00:00,3422.76,3434.94,3385.38,3421.85,416649.991,1420430919.40953
2024-06-18 20:00:00,3421.84,3488.8,3410.84,3482.34,398864.786,1380031812.40274
2024-06-19 00:00:00,3482.33,3572.93,3463.91,3564.21,636612.573,2244174982.99185
2024-06-19 04:00:00,3564.22,3585.0,3531.52,3543.07,380702.721,1353860843.97005
2024-06-19 08:00:00,3543.07,3563.4,3516.29,3535.26,420684.674,1487259725.16174
2024-06-19 12:00:00,3535.26,3549.6,3510.03,3527.79,293387.515,1035115192.01974
2024-06-19 16:00:00,3527.79,3587.63,3521.09,3544.84,418359.289,1487594772.15461
2024-06-19 20:00:00,3544.84,3575.0,3530.57,3558.85,194469.656,691627309.89551
2024-06-20 00:00:00,3558.84,3594.6,3531.44,3551.85,339130.527,1205996941.33855
2024-06-20 04:00:00,3551.85,3614.68,3543.2,3606.02,367178.619,1316067880.81189
2024-06-20 08:00:00,3606.02,3625.0,3570.07,3597.49,431081.705,1550566016.39303
2024-06-20 12:00:00,3597.49,3610.0,3489.46,3504.37,854218.094,3023763768.54509
2024-06-20 16:00:00,3504.37,3541.63,3483.63,3534.68,400365.616,1406373905.74127
2024-06-20 20:00:00,3534.68,3537.41,3509.03,3511.26,112196.371,394861242.01576
2024-06-21 00:00:00,3511.27,3534.89,3490.03,3499.13,262880.075,922516295.0109
2024-06-21 04:00:00,3499.14,3520.55,3466.31,3473.55,282188.676,986531232.77284
2024-06-21 08:00:00,3473.54,3531.5,3443.8,3502.11,689799.317,2408811369.57056
2024-06-21 12:00:00,3502.11,3519.0,3453.47,3491.55,704893.952,2459774004.29576
2024-06-21 16:00:00,3491.54,3536.41,3469.35,3533.49,367693.965,1286258036.06284
2024-06-21 20:00:00,3533.49,3546.66,3498.0,3517.18,197406.814,695277167.24733
2024-06-22 00:00:00,3517.18,3520.0,3493.07,3505.48,148137.664,519144975.93118
2024-06-22 04:00:00,3505.49,3508.24,3486.77,3492.53,142974.624,500159339.59915
2024-06-22 08:00:00,3492.53,3497.38,3472.57,3491.64,180592.023,629515520.24161
2024-06-22 12:00:00,3491.64,3509.54,3485.18,3504.6,173837.707,608024150.43482
2024-06-22 16:00:00,3504.59,3507.43,3483.0,3490.22,117567.084,410927711.81266
2024-06-22 20:00:00,3490.22,3506.88,3483.97,3494.26,80973.7,283211145.33688
2024-06-23 00:00:00,3494.25,3517.48,3493.33,3517.23,118947.007,417237847.07052
2024-06-23 04:00:00,3517.24,3519.7,3505.39,3510.79,90610.412,318215893.9191
2024-06-23 08:00:00,3510.8,3511.71,3486.06,3496.89,149127.755,521703238.37043
2024-06-23 12:00:00,3496.88,3503.09,3470.07,3473.0,428390.828,1494278542.1254
2024-06-23 16:00:00,3472.99,3481.2,3460.0,3478.87,164436.319,570842754.22655
2024-06-23 20:00:00,3478.87,3479.11,3397.87,3419.38,456636.395,1565413892.79065
2024-06-24 00:00:00,3419.38,3434.75,3383.0,3401.59,400700.735,1368034537.12493
2024-06-24 04:00:00,3401.6,3412.89,3352.47,3367.68,536205.979,1810365722.8547
2024-06-24 08:00:00,3367.68,3393.38,3213.0,3319.4,1106864.23,3669834684.36199
2024-06-24 12:00:00,3319.39,3335.69,3260.18,3278.8,618140.957,2042902955.3484
2024-06-24 16:00:00,3278.8,3314.09,3241.0,3292.51,839624.129,2752955364.75019
2024-06-24 20:00:00,3292.51,3363.11,3250.0,3352.0,679797.545,2257657194.75362
2024-06-25 00:00:00,3351.99,3385.0,3335.58,3370.38,369009.327,1239456490.21928
2024-06-25 04:00:00,3370.38,3393.98,3356.0,3360.49,278922.211,941421812.21407
2024-06-25 08:00:00,3360.49,3395.24,3345.0,3375.03,268799.752,905918429.89905
2024-06-25 12:00:00,3375.02,3423.5,3357.0,3417.63,482078.565,1635968489.80825
2024-06-25 16:00:00,3417.63,3431.27,3380.2,3414.29,426711.08,1452604920.69405
2024-06-25 20:00:00,3414.3,3417.84,3387.2,3393.06,147938.858,503438334.6176
2024-06-26 00:00:00,3393.07,3425.0,3384.0,3393.93,242728.18,825993138.62943
2024-06-26 04:00:00,3393.94,3405.42,3375.0,3400.37,203353.706,689199924.4393
2024-06-26 08:00:00,3400.37,3401.94,3365.1,3380.3,221589.549,748716446.57518
2024-06-26 12:00:00,3380.31,3395.0,3345.26,3360.75,364814.787,1229533778.39203
2024-06-26 16:00:00,3360.76,3409.78,3325.54,3407.34,511990.824,1721857206.244
2024-06-26 20:00:00,3407.32,3416.95,3366.0,3370.76,250335.924,847985543.03376
2024-06-27 00:00:00,3370.78,3392.0,3360.22,3382.89,205954.546,695458918.46932
2024-06-27 04:00:00,3382.89,3387.99,3364.53,3374.47,198338.223,669271135.74816
2024-06-27 08:00:00,3374.47,3412.0,3367.68,3402.59,271818.995,922936198.24968
2024-06-27 12:00:00,3402.59,3476.6,3402.22,3451.77,745851.464,2569116641.25117
2024-06-27 16:00:00,3451.77,3467.46,3438.46,3448.9,197326.959,681377718.26972
2024-06-27 20:00:00,3448.89,3454.87,3439.73,3450.34,105384.501,363298888.7793
2024-06-28 00:00:00,3450.34,3487.98,3435.64,3459.99,401018.893,1388699954.54381
2024-06-28 04:00:00,3460.0,3460.6,3424.82,3431.27,191141.261,658288887.3094
2024-06-28 08:00:00,3431.27,3460.34,3417.39,3451.61,236597.755,813408243.71321
2024-06-28 12:00:00,3451.6,3475.0,3400.07,3411.79,649099.725,2229863941.75699
2024-06-28 16:00:00,3411.8,3415.65,3362.0,3379.54,447167.644,1515029801.38594
2024-06-28 20:00:00,3379.54,3393.63,3367.56,3379.51,157726.179,533189646.32496
2024-06-29 00:00:00,3379.5,3399.42,3378.87,3385.07,178833.263,605927782.13218
2024-06-29 04:00:00,3385.07,3407.0,3380.09,3398.18,137415.067,465969746.81295
2024-06-29 08:00:00,3398.18,3405.0,3385.16,3398.69,121122.427,411233550.74369
2024-06-29 12:00:00,3398.69,3401.99,3381.21,3393.46,131734.802,446576473.48282
2024-06-29 16:00:00,3393.46,3395.57,3375.0,3386.2,80895.488,273840248.08019
2024-06-29 20:00:00,3386.2,3388.71,3369.07,3377.62,85882.74,290249661.28997
2024-06-30 00:00:00,3377.63,3388.72,3348.5,3370.31,225728.241,760278153.18272
2024-06-30 04:00:00,3370.31,3399.39,3357.04,3393.06,193820.051,655321322.80843
2024-06-30 08:00:00,3393.07,3398.53,3384.51,3387.95,129818.913,440355024.80996
2024-06-30 12:00:00,3387.95,3404.24,3377.9,3398.87,177952.327,603743984.51478
2024-06-30 16:00:00,3398.87,3432.95,3390.55,3427.22,192638.124,657676265.08285
2024-06-30 20:00:00,3427.22,3459.77,3406.89,3436.73,254786.711,875609664.69346
2024-07-01 00:00:00,3436.72,3524.16,3430.93,3497.27,523593.068,1827335920.64725
2024-07-01 04:00:00,3497.27,3498.46,3483.01,3489.25,167290.464,583616788.43544
2024-07-01 08:00:00,3489.25,3494.18,3456.71,3459.06,236751.457,822689910.07735
2024-07-01 12:00:00,3459.07,3481.0,3451.34,3473.86,316839.261,1098277740.57859
2024-07-01 16:00:00,3473.87,3498.91,3460.79,3470.09,257342.728,895054702.06606
2024-07-01 20:00:00,3470.09,3475.0,3420.0,3440.46,223079.342,768557552.59059
2024-07-02 00:00:00,3440.47,3463.84,3432.66,3455.68,132332.441,456231161.07708
2024-07-02 04:00:00,3455.68,3463.65,3433.08,3438.35,174446.007,601763502.49734
2024-07-02 08:00:00,3438.35,3454.32,3431.68,3452.13,167987.995,578707520.73252
2024-07-02 12:00:00,3452.13,3463.07,3399.22,3414.68,481508.738,1649007517.96948
2024-07-02 16:00:00,3414.68,3433.32,3407.4,3414.95,171960.986,588305217.76512
2024-07-02 20:00:00,3414.94,3428.0,3412.39,3420.43,86157.147,294772717.10609
2024-07-03 00:00:00,3420.43,3431.36,3328.01,3359.36,541135.235,1827903802.61067
2024-07-03 04:00:00,3359.36,3372.09,3351.05,3351.11,198967.338,668661300.44023
2024-07-03 08:00:00,3351.1,3356.09,3281.0,3306.07,592338.88,1965120544.33548
2024-07-03 12:00:00,3306.07,3325.54,3272.92,3302.59,519932.722,1716492618.06659
2024-07-03 16:00:00,3302.59,3321.31,3251.01,3265.24,428352.496,1409144286.64527
2024-07-03 20:00:00,3265.24,3305.48,3250.1,3294.75,239626.064,785821206.26247
2024-07-04 00:00:00,3294.75,3312.59,3152.54,3241.92,925458.463,2990531946.70999
2024-07-04 04:00:00,3241.91,3245.25,3168.46,3181.17,408230.697,1309241911.65428
2024-07-04 08:00:00,3181.17,3195.38,3123.0,3158.9,794262.399,2508163093.58209
2024-07-04 12:00:00,3158.91,3159.9,3088.05,3137.87,929254.941,2899803975.04373
2024-07-04 16:00:00,3137.86,3151.4,3111.35,3132.59,298648.817,935770416.7902
2024-07-04 20:00:00,3132.59,3168.98,3049.39,3059.31,506189.605,1572666356.85445
2024-07-05 00:00:00,3059.3,3108.28,2862.0,2919.91,1920006.266,5749468449.57499
2024-07-05 04:00:00,2919.91,2927.94,2800.0,2880.99,1379346.346,3964061808.34305
2024-07-05 08:00:00,2880.98,2955.0,2821.84,2946.04,875347.981,2533207700.78769
2024-07-05 12:00:00,2946.04,3007.86,2921.01,2989.98,946159.945,2800614531.92754
2024-07-05 16:00:00,2989.97,3000.5,2956.52,2986.52,443461.264,1321852734.77211
2024-07-05 20:00:00,2986.51,2992.52,2962.22,2980.43,188748.392,562131619.32813
2024-07-06 00:00:00,2980.37,3026.4,2953.45,2978.95,369681.547,1102781745.17371
2024-07-06 04:00:00,2978.94,3014.82,2960.67,3002.82,251465.721,751555884.90508
2024-07-06 08:00:00,3002.81,3013.67,2983.73,3004.44,230332.72,691095316.27297
2024-07-06 12:00:00,3004.45,3029.4,2988.0,3018.44,264947.185,797189547.56151
2024-07-06 16:00:00,3018.44,3064.83,3015.0,3056.87,291319.604,887347390.27783
2024-07-06 20:00:00,3056.87,3080.0,3054.89,3065.5,188072.047,576689855.48669
2024-07-07 00:00:00,3065.49,3072.0,3037.81,3049.52,246578.263,752726468.05344
2024-07-07 04:00:00,3049.54,3049.76,2991.52,3002.98,303825.067,917638115.97501
2024-07-07 08:00:00,3002.98,3031.83,3002.32,3013.97,185778.24,559646000.89475
2024-07-07 12:00:00,3013.96,3022.91,2954.08,2969.61,441264.415,1313732031.81509
2024-07-07 16:00:00,2969.6,3008.84,2962.51,2984.31,223431.813,667552469.2357
2024-07-07 20:00:00,2984.31,2999.6,2922.0,2930.24,399592.81,1179026570.81301
2024-07-08 00:00:00,2930.23,2951.07,2821.26,2877.9,1051063.322,3019063097.37798
2024-07-08 04:00:00,2877.9,2931.44,2873.76,2925.86,396753.544,1154672924.18711
2024-07-08 08:00:00,2925.85,3098.0,2921.22,3052.85,1115000.692,3378679183.4826
2024-07-08 12:00:00,3052.85,3062.79,2886.62,2968.22,1334705.833,3984538804.96495
2024-07-08 16:00:00,2968.22,3008.99,2943.45,3003.18,419064.233,1247327185.86723
2024-07-08 20:00:00,3003.18,3044.77,2982.6,3017.51,277232.52,835638214.87808
2024-07-09 00:00:00,3017.51,3075.95,3002.56,3062.99,470203.769,1429588001.5378
2024-07-09 04:00:00,3063.0,3088.96,3052.4,3061.01,315956.582,969831527.15034
2024-07-09 08:00:00,3061.0,3115.8,3053.3,3081.84,370517.707,1142685448.7464
2024-07-09 12:00:00,3081.84,3108.17,3034.58,3065.75,595913.537,1827219743.6304
2024-07-09 16:00:00,3065.75,3087.9,3045.11,3067.3,304324.171,932851313.19617
2024-07-09 20:00:00,3067.31,3077.98,3045.3,3065.06,163343.279,500076877.91036
2024-07-10 00:00:00,3065.05,3081.75,3022.57,3078.31,303806.58,927548651.78654
2024-07-10 04:00:00,3078.3,3129.0,3078.3,3095.63,473212.693,1468973792.14065
2024-07-10 08:00:00,3095.63,3108.28,3077.07,3101.28,245980.619,760434729.28315
2024-07-10 12:00:00,3101.28,3128.75,3075.84,3120.76,571962.918,1775693304.46824
2024-07-10 16:00:00,3120.75,3150.0,3089.18,3105.82,392916.49,1225740158.53005
2024-07-10 20:00:00,3105.82,3110.97,3078.0,3099.12,169493.974,524833991.50324
2024-07-11 00:00:00,3099.12,3129.15,3052.75,3075.7,341380.984,1054997403.21207
2024-07-11 04:00:00,3075.71,3123.34,3072.61,3117.0,232243.109,719752988.10951
2024-07-11 08:00:00,3117.0,3156.0,3113.06,3145.55,362796.168,1137648763.04175
2024-07-11 12:00:00,3145.55,3216.6,3103.0,3116.66,1105895.358,3499088990.18318
2024-07-11 16:00:00,3116.66,3146.7,3095.51,3105.97,321801.062,1005261377.72359
2024-07-11 20:00:00,3105.97,3120.48,3084.06,3098.25,237222.714,735652482.15377
2024-07-12 00:00:00,3098.24,3116.92,3053.84,3084.08,371884.156,1148199993.82038
2024-07-12 04:00:00,3084.07,3097.5,3056.37,3070.64,237484.261,730862923.28756
2024-07-12 08:00:00,3070.65,3084.52,3044.51,3069.22,314993.499,965330843.17796
2024-07-12 12:00:00,3069.22,3139.18,3055.09,3130.18,486229.706,1508430077.48032
2024-07-12 16:00:00,3130.03,3156.6,3111.68,3114.95,322552.817,1011176659.65203
2024-07-12 20:00:00,3114.95,3134.75,3088.19,3133.24,199527.869,620892854.01704
2024-07-13 00:00:00,3133.24,3138.91,3119.01,3119.83,96165.44,300825405.05638
2024-07-13 04:00:00,3119.84,3141.87,3112.12,3139.08,158959.065,497361847.64349
2024-07-13 08:00:00,3139.08,3170.99,3127.5,3155.59,241596.395,761699418.1403
2024-07-13 12:00:00,3155.59,3163.94,3140.4,3153.92,160911.35,507192713.1512
2024-07-13 16:00:00,3153.92,3164.35,3145.0,3162.63,99679.292,314406191.64047
2024-07-13 20:00:00,3162.64,3200.72,3142.81,3174.01,292173.895,928113113.4921
2024-07-14 00:00:00,3174.0,3192.94,3162.06,3171.15,186314.338,591916278.95204
2024-07-14 04:00:00,3171.16,3206.09,3169.82,3194.34,248644.863,793791253.31863
2024-07-14 08:00:00,3194.33,3224.0,3193.95,3201.59,228833.978,734072487.98758
2024-07-14 12:00:00,3201.6,3202.8,3171.47,3188.56,243807.956,777173667.33421
2024-07-14 16:00:00,3188.56,3196.77,3181.61,3189.56,87349.391,278545688.09951
2024-07-14 20:00:00,3189.56,3268.66,3188.72,3243.56,371764.291,1204141771.37344
2024-07-15 00:00:00,3243.52,3341.95,3231.03,3328.17,613594.946,2022676262.09892
2024-07-15 04:00:00,3328.16,3368.64,3319.0,3354.39,362631.903,1212222081.56169
2024-07-15 08:00:00,3354.39,3371.98,3325.69,3338.85,295098.21,987923461.13342
2024-07-15 12:00:00,3338.84,3392.96,3332.0,3365.72,365760.589,1229175864.00143
2024-07-15 16:00:00,3365.71,3434.0,3356.29,3404.4,595785.909,2022428204.59762
2024-07-15 20:00:00,3404.39,3493.94,3401.79,3481.62,490741.413,1694228720.87353
2024-07-16 00:00:00,3481.62,3497.74,3452.22,3467.53,296152.995,1028020595.38797
2024-07-16 04:00:00,3467.53,3476.8,3371.0,3375.67,652166.409,2227250759.6156
2024-07-16 08:00:00,3375.67,3423.6,3345.0,3417.78,503950.845,1707400389.65726
2024-07-16 12:00:00,3417.78,3484.23,3374.41,3474.54,664935.046,2274690367.28625
2024-07-16 16:00:00,3474.53,3493.0,3440.0,3472.87,451555.713,1563758288.97062
2024-07-16 20:00:00,3472.87,3473.74,3412.85,3442.83,277002.908,952489225.34699
2024-07-17 00:00:00,3442.84,3517.14,3440.36,3478.87,443423.258,1544561350.6052
2024-07-17 04:00:00,3478.88,3514.94,3470.28,3484.53,354787.28,1239396962.32413
2024-07-17 08:00:00,3484.52,3499.82,3440.24,3448.13,392083.986,1361307037.2913
2024-07-17 12:00:00,3448.12,3474.33,3431.0,3436.17,397982.526,1374395118.5497
2024-07-17 16:00:00,3436.17,3437.9,3374.53,3415.68,481696.102,1640348366.8408
2024-07-17 20:00:00,3415.72,3427.8,3383.54,3386.0,201201.864,684652584.37119
2024-07-18 00:00:00,3386.01,3440.0,3381.83,3429.99,269858.152,921624792.94458
2024-07-18 04:00:00,3430.0,3452.5,3407.56,3431.9,306392.698,1051134316.3159
2024-07-18 08:00:00,3431.9,3459.76,3429.64,3457.34,191625.896,660339391.13471
2024-07-18 12:00:00,3457.34,3487.99,3382.9,3387.26,629202.546,2161717722.24873
2024-07-18 16:00:00,3387.25,3422.67,3364.62,3404.34,382877.984,1301358602.53301
2024-07-18 20:00:00,3404.34,3435.9,3395.61,3424.99,133203.955,455799193.31041
2024-07-19 00:00:00,3424.99,3431.74,3381.61,3428.51,309305.724,1054979680.91292
2024-07-19 04:00:00,3428.5,3449.47,3385.0,3390.59,328377.412,1122669635.87927
2024-07-19 08:00:00,3390.59,3409.92,3375.25,3402.84,321709.558,1091451383.25381
2024-07-19 12:00:00,3402.84,3473.98,3395.08,3463.59,631888.514,2174392419.85333
2024-07-19 16:00:00,3463.44,3539.38,3463.0,3520.9,561410.638,1965320660.39542
2024-07-19 20:00:00,3520.9,3525.66,3489.0,3502.18,236611.587,829795905.29662
2024-07-20 00:00:00,3502.18,3507.0,3478.01,3493.78,165843.252,578920215.07513
2024-07-20 04:00:00,3493.77,3506.94,3485.7,3485.99,118544.182,414682836.25141
2024-07-20 08:00:00,3485.99,3493.4,3478.84,3483.39,146155.297,509307137.03216
2024-07-20 12:00:00,3483.39,3507.07,3479.03,3501.82,167214.638,584076224.94039
2024-07-20 16:00:00,3501.83,3538.38,3489.01,3513.21,332593.116,1169230000.22594
2024-07-20 20:00:00,3513.21,3525.26,3497.35,3516.03,117808.507,413923438.01228
2024-07-21 00:00:00,3516.03,3527.9,3502.13,3508.86,96479.764,339050210.11411
2024-07-21 04:00:00,3508.86,3512.03,3472.54,3482.87,201289.697,702615739.52822
2024-07-21 08:00:00,3482.87,3506.89,3481.72,3497.37,128561.608,449228910.78341
2024-07-21 12:00:00,3497.37,3515.75,3481.0,3498.64,215182.805,753296521.23005
2024-07-21 16:00:00,3498.63,3524.0,3408.13,3489.0,750382.026,2601604245.11857
2024-07-21 20:00:00,3489.01,3547.84,3480.92,3534.29,366214.034,1288588177.87467
2024-07-22 00:00:00,3534.3,3562.33,3513.57,3515.48,270315.259,955437145.60467
2024-07-22 04:00:00,3515.48,3522.54,3457.26,3477.02,325900.162,1136423702.14002
2024-07-22 08:00:00,3477.01,3502.61,3467.05,3498.6,190207.597,662777015.65441
2024-07-22 12:00:00,3498.61,3505.88,3433.33,3455.7,481000.102,1667806595.26734
2024-07-22 16:00:00,3455.7,3497.65,3442.65,3497.36,238788.453,828537179.17009
2024-07-22 20:00:00,3497.37,3498.37,3421.0,3438.08,439828.813,1518847877.44158
2024-07-23 00:00:00,3438.09,3489.86,3434.0,3473.57,335092.706,1163300644.46717
2024-07-23 04:00:00,3473.57,3482.53,3423.36,3453.3,394410.132,1359649221.06438
2024-07-23 08:00:00,3453.3,3540.94,3450.78,3514.54,754394.806,2648078298.16842
2024-07-23 12:00:00,3514.54,3517.28,3427.75,3452.96,1219702.782,4231488210.84643
2024-07-23 16:00:00,3452.96,3495.81,3384.61,3455.74,843951.294,2902527279.6179
2024-07-23 20:00:00,3455.74,3500.0,3453.16,3481.01,438210.147,1523935007.96072
2024-07-24 00:00:00,3481.01,3486.73,3425.76,3447.02,295328.73,1019422167.39184
2024-07-24 04:00:00,3447.01,3450.68,3428.01,3445.74,172463.058,593217603.14671
2024-07-24 08:00:00,3445.74,3471.32,3441.35,3458.4,210703.734,728925650.43585
2024-07-24 12:00:00,3458.39,3470.68,3407.03,3413.5,523152.664,1799700329.33276
2024-07-24 16:00:00,3413.5,3431.66,3355.05,3362.22,513911.127,1744817852.79188
2024-07-24 20:00:00,3362.22,3375.39,3285.69,3334.24,580741.028,1935850315.51301
2024-07-25 00:00:00,3334.23,3342.02,3148.78,3166.4,1359729.202,4374311711.09654
2024-07-25 04:00:00,3166.41,3192.85,3125.37,3170.22,482674.828,1530309593.25612
2024-07-25 08:00:00,3170.22,3186.58,3151.16,3170.88,357295.109,1132123563.45258
2024-07-25 12:00:00,3170.89,3182.56,3103.5,3140.81,923701.405,2907661829.08111
2024-07-25 16:00:00,3140.81,3171.0,3096.54,3122.04,548225.216,1719301473.45295
2024-07-25 20:00:00,3122.04,3198.0,3085.57,3173.67,532657.093,1677806652.37472
2024-07-26 00:00:00,3173.67,3258.35,3169.14,3235.15,571093.062,1836174793.4304
2024-07-26 04:00:00,3235.16,3274.95,3231.03,3249.62,383617.462,1249599015.85481
2024-07-26 08:00:00,3249.62,3262.72,3232.26,3245.36,272858.589,886184872.57573
2024-07-26 12:00:00,3245.36,3269.98,3218.0,3253.84,590842.526,1916842217.50369
2024-07-26 16:00:00,3253.83,3284.45,3241.16,3272.89,265977.185,866919909.96775
2024-07-26 20:00:00,3272.89,3284.93,3249.19,3272.82,173004.963,565171383.74782
2024-07-27 00:00:00,3272.81,3273.46,3241.52,3243.8,200065.377,651056084.15298
2024-07-27 04:00:00,3243.74,3276.41,3243.0,3270.41,136819.777,446336813.88638
2024-07-27 08:00:00,3270.41,3281.91,3261.0,3277.0,165703.197,542195621.30076
2024-07-27 12:00:00,3277.0,3326.9,3267.91,3279.79,519004.211,1712087540.90276
2024-07-27 16:00:00,3279.79,3290.58,3226.03,3259.99,447633.269,1458992220.41208
2024-07-27 20:00:00,3259.99,3293.95,3188.89,3248.17,712284.829,2311786343.35881
2024-07-28 00:00:00,3248.16,3255.41,3224.06,3236.8,185400.523,601164841.11478
2024-07-28 04:00:00,3236.79,3242.89,3195.84,3226.29,249534.847,803308814.63844
2024-07-28 08:00:00,3226.64,3264.0,3214.36,3255.0,196929.228,638843090.25684
2024-07-28 12:00:00,3255.0,3278.52,3252.6,3267.56,230731.24,753671490.36864
2024-07-28 16:00:00,3267.56,3284.57,3261.0,3270.36,124848.553,408520056.9717
2024-07-28 20:00:00,3270.36,3272.34,3250.0,3268.03,126998.078,414121656.5346
2024-07-29 00:00:00,3268.03,3356.64,3265.18,3348.01,508447.609,1683407356.03677
2024-07-29 04:00:00,3348.01,3388.0,3338.63,3366.01,398132.172,1339582975.68012
2024-07-29 08:00:00,3366.0,3396.07,3360.39,3374.03,265318.006,897194925.79426
2024-07-29 12:00:00,3374.03,3385.82,3288.4,3306.88,772027.074,2573674273.73136
2024-07-29 16:00:00,3306.88,3323.47,3256.56,3310.13,664589.431,2187868189.72344
2024-07-29 20:00:00,3310.13,3351.71,3307.97,3316.87,288759.033,961137584.36127
2024-07-30 00:00:00,3316.86,3336.95,3280.17,3319.43,397220.59,1314219909.74003
2024-07-30 04:00:00,3319.42,3354.05,3296.07,3339.51,249889.485,830165391.54075
2024-07-30 08:00:00,3339.5,3354.81,3325.7,3333.35,208059.374,694435988.13195
2024-07-30 12:00:00,3333.34,3365.0,3290.01,3319.26,496094.833,1650142406.84663
2024-07-30 16:00:00,3319.25,3326.67,3258.63,3271.36,383715.063,1262164062.60159
2024-07-30 20:00:00,3271.39,3284.0,3230.1,3278.17,265851.13,867440398.88935
2024-07-31 00:00:00,3278.17,3303.64,3260.22,3292.92,186752.295,613213767.89542
2024-07-31 04:00:00,3292.92,3331.42,3261.21,3316.25,358288.439,1182251547.88411
2024-07-31 08:00:00,3316.25,3326.0,3304.97,3321.85,183016.02,606879849.50059
2024-07-31 12:00:00,3321.85,3348.74,3294.5,3301.2,441804.89,1467572212.70048
2024-07-31 16:00:00,3301.2,3329.37,3243.26,3265.02,589805.814,1941622966.50207
2024-07-31 20:00:00,3265.01,3270.5,3212.32,3231.48,413917.625,1338599523.16283
2024-08-01 00:00:00,3231.49,3241.83,3169.15,3177.01,458292.503,1467831032.55657
2024-08-01 04:00:00,3177.0,3189.53,3134.03,3165.35,468973.645,1484304009.95923
2024-08-01 08:00:00,3165.35,3192.85,3163.93,3187.13,189268.585,602368853.84671
2024-08-01 12:00:00,3187.14,3206.35,3100.84,3115.67,689499.334,2170870928.55197
2024-08-01 16:00:00,3115.68,3134.71,3078.4,3130.3,621522.981,1928929925.32885
2024-08-01 20:00:00,3130.29,3219.2,3120.0,3201.67,412529.8,1310866145.88347
2024-08-02 00:00:00,3201.66,3217.06,3134.93,3166.72,373574.209,1184842777.85292
2024-08-02 04:00:00,3166.73,3174.43,3125.0,3146.02,304703.47,959467532.17263
2024-08-02 08:00:00,3146.03,3165.61,3132.82,3152.1,193766.287,610801392.89822
2024-08-02 12:00:00,3152.1,3181.99,2983.57,3037.51,1454047.316,4477130193.9366
2024-08-02 16:00:00,3037.5,3047.25,2990.64,3010.53,501041.059,1514896598.41196
2024-08-02 20:00:00,3010.53,3041.74,2965.27,2988.11,582165.043,1744108965.94757
2024-08-03 00:00:00,2988.1,3002.49,2912.5,2980.78,545475.512,1611457232.29371
2024-08-03 04:00:00,2980.77,2995.88,2958.87,2982.42,189860.543,565333815.88343
2024-08-03 08:00:00,2982.42,3004.46,2973.02,2995.44,163709.703,489029419.54688
2024-08-03 12:00:00,2995.43,3016.61,2937.06,2940.49,385083.132,1149353550.55219
2024-08-03 16:00:00,2940.52,2954.45,2875.22,2892.38,898902.72,2622015774.22784
2024-08-03 20:00:00,2892.37,2921.42,2855.0,2901.94,438860.969,1270931769.16413
2024-08-04 00:00:00,2901.95,2934.66,2875.01,2914.21,252916.495,735206697.5814
2024-08-04 04:00:00,2914.22,2920.69,2886.32,2891.55,165433.212,480563898.72753
2024-08-04 08:00:00,2891.53,2924.8,2874.12,2912.8,219092.513,636455649.62296
2024-08-04 12:00:00,2912.8,2924.59,2818.0,2826.06,667290.185,1912712521.83774
2024-08-04 16:00:00,2826.08,2837.96,2613.3,2755.84,1885496.206,5155805954.58236
2024-08-04 20:00:00,2755.84,2771.34,2680.0,2687.6,519065.184,1416819593.77265
2024-08-05 00:00:00,2687.6,2695.93,2112.0,2311.67,4616994.853,10959455953.00359
2024-08-05 04:00:00,2311.64,2384.97,2150.37,2356.42,2760223.013,6314032439.76997
2024-08-05 08:00:00,2356.42,2361.99,2222.31,2289.89,1646831.896,3765587518.767
2024-08-05 12:00:00,2289.89,2460.0,2181.61,2448.97,2627102.621,6104550389.56155
2024-08-05 16:00:00,2448.96,2518.27,2363.0,2403.94,1335817.422,3262833347.51268
2024-08-05 20:00:00,2403.87,2473.81,2399.79,2418.6,570754.292,1389830430.73785
2024-08-06 00:00:00,2418.6,2545.91,2414.63,2490.4,773192.838,1937011298.25974
2024-08-06 04:00:00,2490.4,2533.94,2476.94,2522.19,549155.664,1377127294.28491
2024-08-06 08:00:00,2522.18,2523.5,2438.41,2457.07,673184.18,1658127628.21312
2024-08-06 12:00:00,2457.08,2558.24,2412.35,2526.09,1158026.702,2879096830.91711
2024-08-06 16:00:00,2526.1,2549.08,2479.48,2491.36,651803.08,1637303579.6129
2024-08-06 20:00:00,2491.4,2512.55,2445.0,2459.87,551324.461,1365169211.80163
2024-08-07 00:00:00,2459.86,2529.6,2423.5,2506.07,806971.796,2000897049.77211
2024-08-07 04:00:00,2506.08,2533.56,2483.53,2509.78,510017.106,1280288125.23134
2024-08-07 08:00:00,2509.78,2549.85,2470.16,2471.82,692917.958,1739203186.4286
2024-08-07 12:00:00,2471.83,2486.95,2363.24,2411.71,1457574.964,3532895515.39511
2024-08-07 16:00:00,2411.71,2414.79,2324.89,2349.68,863756.303,2046373086.04069
2024-08-07 20:00:00,2349.71,2368.92,2307.0,2341.41,575550.918,1348484570.89336
2024-08-08 00:00:00,2341.4,2464.28,2318.64,2429.21,840214.466,2024671752.14781
2024-08-08 04:00:00,2429.21,2444.25,2410.04,2413.04,354507.174,860160543.22365
2024-08-08 08:00:00,2413.07,2459.48,2407.08,2446.11,404197.391,984341402.28899
2024-08-08 12:00:00,2446.11,2526.0,2410.29,2505.83,1430730.843,3540327611.80558
2024-08-08 16:00:00,2505.87,2609.25,2501.99,2572.31,938501.216,2411299736.1153
2024-08-08 20:00:00,2572.5,2723.77,2566.0,2681.59,852819.26,2263004659.92346
2024-08-09 00:00:00,2681.59,2700.0,2644.44,2692.9,514465.929,1374737295.1856
2024-08-09 04:00:00,2692.9,2708.8,2647.35,2668.97,455019.581,1218728769.62808
2024-08-09 08:00:00,2668.98,2681.08,2616.69,2633.46,504319.424,1334150141.02411
2024-08-09 12:00:00,2633.45,2663.27,2555.25,2557.33,1025691.719,2668124787.99692
2024-08-09 16:00:00,2557.33,2608.49,2551.23,2589.17,358718.301,927211727.5627
2024-08-09 20:00:00,2589.18,2612.55,2560.4,2597.9,293466.2,759524878.0577
2024-08-10 00:00:00,2597.89,2644.43,2574.54,2601.31,358644.779,933823353.31054
2024-08-10 04:00:00,2601.31,2637.28,2586.6,2633.06,203888.207,532916017.58953
2024-08-10 08:00:00,2633.06,2642.02,2621.18,2635.52,200206.103,526798490.16324
2024-08-10 12:00:00,2635.53,2636.72,2595.08,2598.45,229165.884,599312903.51933
2024-08-10 16:00:00,2598.48,2622.28,2587.85,2601.6,221622.954,577242204.13126
2024-08-10 20:00:00,2601.61,2616.99,2594.67,2608.76,97951.477,255236059.1313
2024-08-11 00:00:00,2608.77,2674.29,2604.5,2645.46,261141.11,688561801.49239
2024-08-11 04:00:00,2645.46,2682.0,2632.03,2676.16,255575.463,679330909.0404
2024-08-11 08:00:00,2676.2,2720.78,2643.48,2651.6,545395.315,1461522214.42766
2024-08-11 12:00:00,2651.58,2654.87,2592.5,2612.63,547612.966,1438358076.32016
2024-08-11 16:00:00,2612.63,2645.0,2595.0,2597.94,374763.417,982226584.84343
2024-08-11 20:00:00,2597.95,2601.93,2537.76,2554.65,645000.959,1653526762.68959
2024-08-12 00:00:00,2554.66,2577.25,2506.13,2540.19,464609.446,1180470954.12993
2024-08-12 04:00:00,2540.18,2581.93,2514.68,2565.84,389333.624,992338645.89343
2024-08-12 08:00:00,2565.83,2682.55,2556.62,2672.31,783744.651,2054049001.21445
2024-08-12 12:00:00,2672.31,2721.96,2590.8,2687.76,1520110.799,4053101683.54014
2024-08-12 16:00:00,2687.76,2697.44,2626.26,2658.96,450333.402,1198785434.80475
2024-08-12 20:00:00,2659.0,2749.97,2657.0,2721.15,518865.298,1402219297.71656
2024-08-13 00:00:00,2721.15,2737.38,2647.31,2655.04,624340.775,1680554649.94753
2024-08-13 04:00:00,2655.04,2662.9,2633.51,2647.14,304386.032,806821590.93937
2024-08-13 08:00:00,2647.14,2656.77,2610.04,2642.95,385954.277,1016074610.12857
2024-08-13 12:00:00,2642.94,2673.7,2630.0,2650.75,616504.442,1634368182.96327
2024-08-13 16:00:00,2650.75,2729.05,2648.39,2710.17,838299.071,2262069332.48024
2024-08-13 20:00:00,2710.16,2733.32,2691.59,2701.01,246965.005,669430359.71271
2024-08-14 00:00:00,2701.01,2724.6,2684.14,2707.99,272766.878,737733029.1094
2024-08-14 04:00:00,2707.98,2749.0,2706.34,2726.46,341253.171,930695598.27721
2024-08-14 08:00:00,2726.46,2763.32,2712.71,2748.6,467331.101,1279756174.76674
2024-08-14 12:00:00,2748.59,2788.88,2631.0,2672.73,1412380.207,3799196535.78035
2024-08-14 16:00:00,2672.72,2672.8,2640.06,2667.71,388444.094,1032192953.85982
2024-08-14 20:00:00,2667.68,2678.79,2639.69,2659.82,214353.242,570881632.81841
2024-08-15 00:00:00,2659.82,2672.26,2632.23,2651.49,346052.098,917905739.71581
2024-08-15 04:00:00,2651.5,2655.56,2586.5,2613.82,470351.003,1233605612.02511
2024-08-15 08:00:00,2613.83,2643.0,2604.29,2636.54,298537.83,783059583.54932
2024-08-15 12:00:00,2636.53,2674.17,2631.86,2667.05,652125.793,1730892976.20571
2024-08-15 16:00:00,2666.94,2673.69,2520.0,2548.09,1001327.964,2578752630.76106
2024-08-15 20:00:00,2548.02,2588.42,2513.65,2568.73,450873.052,1150726885.46847
2024-08-16 00:00:00,2568.73,2609.04,2551.0,2578.62,356114.616,918602225.35047
2024-08-16 04:00:00,2578.62,2627.65,2576.48,2616.0,293288.303,764359274.86695
2024-08-16 08:00:00,2616.01,2625.49,2604.82,2611.17,258243.129,675654422.89838
2024-08-16 12:00:00,2611.17,2619.0,2549.15,2567.5,928113.985,2398782600.0227
2024-08-16 16:00:00,2567.5,2630.73,2562.54,2619.1,606405.927,1578328283.08309
2024-08-16 20:00:00,2619.12,2625.14,2585.49,2591.52,224329.896,584284371.87505
2024-08-17 00:00:00,2591.53,2606.81,2585.81,2594.48,143645.382,373036300.83096
2024-08-17 04:00:00,2594.48,2602.29,2588.94,2598.88,96026.15,249366273.1226
2024-08-17 08:00:00,2598.89,2606.47,2591.2,2597.9,119991.959,311768418.39019
2024-08-17 12:00:00,2597.88,2618.29,2595.44,2605.56,186906.583,487216967.28494
2024-08-17 16:00:00,2605.55,2628.0,2605.49,2613.79,176955.061,462842896.53178
2024-08-17 20:00:00,2613.79,2617.04,2598.54,2613.18,97083.433,253177256.76299
2024-08-18 00:00:00,2613.18,2638.36,2603.36,2605.09,263026.29,688492339.25745
2024-08-18 04:00:00,2605.09,2609.46,2593.0,2606.75,141987.111,369518078.32849
2024-08-18 08:00:00,2606.74,2666.91,2604.17,2648.01,403254.104,1065089211.69656
2024-08-18 12:00:00,2648.01,2688.25,2641.42,2671.0,349381.267,931723983.71302
2024-08-18 16:00:00,2671.0,2677.33,2641.62,2666.7,199003.843,529025981.57582
2024-08-18 20:00:00,2666.7,2669.52,2608.05,2610.67,259123.274,683284055.4664
2024-08-19 00:00:00,2610.67,2646.55,2601.8,2643.32,349573.28,917586931.21591
2024-08-19 04:00:00,2643.33,2647.29,2609.93,2612.59,257446.693,675852989.72621
2024-08-19 08:00:00,2612.59,2620.85,2565.0,2586.45,475628.786,1230306907.38205
2024-08-19 12:00:00,2586.46,2603.0,2560.9,2583.05,425511.632,1098797202.76806
2024-08-19 16:00:00,2583.05,2629.97,2572.22,2605.32,422776.62,1099808389.29278
2024-08-19 20:00:00,2605.33,2639.98,2602.92,2635.15,191311.274,501515663.4348
2024-08-20 00:00:00,2635.16,2676.19,2617.05,2660.97,412466.009,1094245111.31329
2024-08-20 04:00:00,2660.98,2694.96,2656.21,2673.67,362835.485,970705909.29532
2024-08-20 08:00:00,2673.67,2674.75,2637.12,2641.03,244919.187,650294778.6108
2024-08-20 12:00:00,2641.03,2654.68,2552.5,2573.34,904290.5,2352964320.04785
2024-08-20 16:00:00,2573.35,2605.67,2563.83,2600.67,348882.962,901558731.82161
2024-08-20 20:00:00,2600.67,2608.78,2562.04,2571.51,231115.27,597044082.52086
2024-08-21 00:00:00,2571.51,2596.93,2554.33,2590.09,219863.136,566820276.40249
2024-08-21 04:00:00,2590.09,2605.59,2587.05,2599.22,155485.18,403785897.49189
2024-08-21 08:00:00,2599.22,2606.65,2566.03,2576.4,271022.071,699918202.06692
2024-08-21 12:00:00,2576.4,2616.88,2533.51,2600.44,937315.458,2422136574.36871
2024-08-21 16:00:00,2600.45,2649.33,2591.01,2645.01,518281.955,1361129186.89582
2024-08-21 20:00:00,2645.01,2663.55,2618.0,2629.38,312423.775,824088388.1447
2024-08-22 00:00:00,2629.37,2639.28,2582.27,2615.18,334724.588,874158855.61734
2024-08-22 04:00:00,2615.18,2641.95,2612.32,2635.0,179109.41,469974091.47776
2024-08-22 08:00:00,2634.99,2644.0,2618.36,2640.42,227465.256,598912146.6959
2024-08-22 12:00:00,2640.42,2643.87,2588.39,2598.3,483013.258,1262206688.12379
2024-08-22 16:00:00,2598.29,2618.86,2596.06,2605.44,252410.05,658147153.72928
2024-08-22 20:00:00,2605.45,2631.27,2605.18,2622.0,154913.077,405733873.33628
2024-08-23 00:00:00,2622.0,2652.82,2619.86,2634.64,227541.378,600113784.44936
2024-08-23 04:00:00,2634.65,2688.86,2632.8,2668.07,437034.101,1166045672.05789
2024-08-23 08:00:00,2668.07,2679.97,2650.0,2651.94,272661.015,726468787.1214
2024-08-23 12:00:00,2651.95,2698.69,2631.01,2669.45,992910.044,2645777336.46492
2024-08-23 16:00:00,2669.46,2749.22,2661.62,2744.58,860588.811,2334649175.12583
2024-08-23 20:00:00,2744.58,2798.88,2743.0,2761.58,498138.254,1378694032.9704
2024-08-24 00:00:00,2761.58,2768.44,2741.12,2745.58,214773.382,591272206.24978
2024-08-24 04:00:00,2745.57,2764.2,2736.92,2757.23,172196.611,473932668.78751
2024-08-24 08:00:00,2757.23,2785.78,2753.66,2755.35,314643.99,871067003.70661
2024-08-24 12:00:00,2755.36,2763.07,2750.0,2759.79,247078.684,681146388.8222
2024-08-24 16:00:00,2759.79,2819.35,2758.64,2791.25,747545.742,2089454179.38392
2024-08-24 20:00:00,2791.25,2806.62,2729.15,2766.4,428110.908,1183113825.55159
2024-08-25 00:00:00,2766.4,2782.62,2747.0,2763.42,256524.878,708732081.44359
2024-08-25 04:00:00,2763.43,2769.66,2731.63,2742.05,210190.053,578078605.80656
2024-08-25 08:00:00,2742.05,2759.96,2735.9,2749.68,171894.234,472822177.15594
2024-08-25 12:00:00,2749.69,2772.0,2744.73,2762.79,196302.589,541903364.83954
2024-08-25 16:00:00,2762.78,2773.42,2758.56,2764.77,115228.884,318661738.58159
2024-08-25 20:00:00,2764.77,2791.66,2738.0,2744.47,277915.26,769511191.79722
2024-08-26 00:00:00,2744.48,2760.97,2715.07,2743.01,306420.497,840174274.647
2024-08-26 04:00:00,2743.0,2751.0,2727.08,2731.92,186649.4,511452576.44175
2024-08-26 08:00:00,2731.92,2747.96,2705.37,2735.81,276464.036,755710621.23905
2024-08-26 12:00:00,2735.81,2741.18,2700.62,2720.53,460861.478,1253467391.58253
2024-08-26 16:00:00,2720.52,2731.35,2673.66,2679.96,439624.004,1186141536.37927
2024-08-26 20:00:00,2679.96,2692.28,2665.0,2679.25,237692.658,637104786.91935
2024-08-27 00:00:00,2679.26,2693.1,2665.16,2684.5,246068.313,659501836.83149
2024-08-27 04:00:00,2684.49,2699.11,2671.7,2686.91,265165.914,712457880.85309
2024-08-27 08:00:00,2686.91,2691.0,2618.0,2625.59,522738.133,1385732567.60476
2024-08-27 12:00:00,2625.59,2628.13,2556.0,2577.64,929014.833,2411968183.24083
2024-08-27 16:00:00,2577.63,2590.96,2561.9,2582.85,418599.384,1078757169.69449
2024-08-27 20:00:00,2582.85,2587.48,2388.0,2455.98,1454986.852,3598083750.34892
2024-08-28 00:00:00,2455.98,2478.76,2416.56,2476.76,563536.659,1379378502.64877
2024-08-28 04:00:00,2476.76,2484.59,2431.18,2435.92,416509.072,1026064732.10648
2024-08-28 08:00:00,2435.92,2549.3,2427.65,2521.5,708608.143,1773129018.36026
2024-08-28 12:00:00,2521.49,2538.0,2467.0,2494.7,741724.193,1855690390.79987
2024-08-28 16:00:00,2494.71,2545.2,2455.04,2503.75,820236.569,2052601390.63486
2024-08-28 20:00:00,2503.75,2554.19,2503.33,2527.31,424093.8,1072457753.50078
2024-08-29 00:00:00,2527.32,2536.87,2509.12,2522.13,248879.394,628099800.17152
2024-08-29 04:00:00,2522.16,2559.14,2517.1,2546.05,260758.777,662789363.34653
2024-08-29 08:00:00,2546.05,2573.82,2536.16,2553.72,284677.497,726488956.62422
2024-08-29 12:00:00,2553.71,2594.0,2550.59,2574.51,567522.454,1459210590.71464
2024-08-29 16:00:00,2574.51,2584.68,2508.84,2527.54,576158.54,1466445643.45332
2024-08-29 20:00:00,2527.53,2542.79,2504.11,2526.28,218752.066,552630731.56893
2024-08-30 00:00:00,2526.28,2534.28,2503.0,2515.83,251072.417,632496637.95518
2024-08-30 04:00:00,2515.83,2531.89,2502.84,2515.91,247076.955,622303352.95081
2024-08-30 08:00:00,2515.91,2527.41,2506.14,2511.45,170283.107,428521797.4666
2024-08-30 12:00:00,2511.45,2552.32,2433.75,2448.04,1095222.14,2720801010.06296
2024-08-30 16:00:00,2448.03,2540.0,2431.0,2505.79,801638.475,1995856354.91484
2024-08-30 20:00:00,2505.8,2529.69,2505.01,2524.99,140103.037,352815061.53872
2024-08-31 00:00:00,2524.99,2533.29,2517.79,2522.42,104881.303,264725423.92347
2024-08-31 04:00:00,2522.42,2528.5,2517.0,2519.78,84453.677,213086113.13038
2024-08-31 08:00:00,2519.79,2528.76,2510.16,2524.56,141711.895,356932105.31674
2024-08-31 12:00:00,2524.55,2526.83,2512.85,2518.02,119290.818,300708659.80968
2024-08-31 16:00:00,2518.02,2518.72,2490.62,2498.36,202170.011,506025678.26574
2024-08-31 20:00:00,2498.36,2527.5,2492.42,2511.91,133325.097,334908333.55227
2024-09-01 00:00:00,2511.91,2514.97,2475.01,2487.76,230390.661,573905891.71883
2024-09-01 04:00:00,2487.76,2490.0,2457.5,2485.62,316204.521,782128054.95065
2024-09-01 08:00:00,2485.63,2491.96,2457.6,2476.44,243047.192,601620073.22388
2024-09-01 12:00:00,2476.45,2488.99,2436.54,2479.49,501767.483,1234787926.80344
2024-09-01 16:00:00,2479.49,2513.52,2455.6,2500.14,380062.908,944355235.97464
2024-09-01 20:00:00,2500.14,2514.77,2397.23,2424.55,624327.593,1522638507.01142
2024-09-02 00:00:00,2424.55,2454.66,2421.8,2449.15,361594.994,882228539.82808
2024-09-02 04:00:00,2449.15,2465.96,2432.0,2439.94,304017.15,743663420.68894
2024-09-02 08:00:00,2439.94,2537.57,2437.26,2514.75,697141.28,1741842106.67304
2024-09-02 12:00:00,2514.75,2527.22,2491.28,2512.29,446515.773,1122106445.89729
2024-09-02 16:00:00,2512.29,2530.0,2504.22,2523.39,178235.833,448717153.58866
2024-09-02 20:00:00,2523.39,2564.49,2521.0,2536.74,302494.089,769564313.78066
2024-09-03 00:00:00,2536.76,2552.55,2513.11,2514.79,266136.046,674154025.65437
2024-09-03 04:00:00,2514.79,2524.14,2511.25,2518.89,176322.668,443814586.78838
2024-09-03 08:00:00,2518.89,2519.64,2492.0,2508.19,254917.235,638199376.69502
2024-09-03 12:00:00,2508.19,2518.0,2434.5,2442.93,722146.867,1781363719.14423
2024-09-03 16:00:00,2442.92,2469.86,2434.5,2446.7,349606.512,856105607.13109
2024-09-03 20:00:00,2446.7,2470.4,2405.14,2424.05,282906.405,691575150.83616
2024-09-04 00:00:00,2424.05,2448.0,2304.87,2371.93,1209681.026,2857916695.18825
2024-09-04 04:00:00,2371.92,2414.66,2362.18,2400.1,401937.787,956645079.63825
2024-09-04 08:00:00,2400.11,2409.7,2385.84,2397.68,288863.904,692440364.81559
2024-09-04 12:00:00,2397.67,2457.9,2391.5,2453.88,830362.095,2009423792.38897
2024-09-04 16:00:00,2453.87,2489.34,2437.37,2451.0,499034.389,1228548349.07819
2024-09-04 20:00:00,2451.0,2468.4,2442.0,2449.67,161250.508,395991394.9366
2024-09-05 00:00:00,2449.67,2465.23,2402.8,2404.43,374011.446,909732866.96624
2024-09-05 04:00:00,2404.43,2417.75,2375.36,2411.5,442350.254,1062633653.15393
2024-09-05 08:00:00,2411.49,2415.24,2382.17,2388.44,275605.167,660138532.9287
2024-09-05 12:00:00,2388.44,2413.87,2354.01,2370.16,911654.899,2172865588.25659
2024-09-05 16:00:00,2370.16,2395.0,2346.05,2362.71,378239.583,897733787.65395
2024-09-05 20:00:00,2362.68,2377.44,2348.69,2367.37,229220.477,542446265.47426
2024-09-06 00:00:00,2367.33,2407.75,2356.17,2391.56,337526.609,805631282.38169
2024-09-06 04:00:00,2391.55,2396.42,2319.63,2343.14,548616.98,1290180722.26902
2024-09-06 08:00:00,2343.14,2378.95,2337.28,2372.16,389416.775,918798672.17013
2024-09-06 12:00:00,2372.16,2409.34,2264.4,2289.02,1686809.069,3947928689.16557
2024-09-06 16:00:00,2289.03,2292.0,2206.5,2221.51,1414464.723,3175424243.4166
2024-09-06 20:00:00,2221.5,2229.33,2150.0,2223.7,1099184.282,2409561632.60157
2024-09-07 00:00:00,2223.7,2242.0,2220.76,2237.23,254746.094,568380469.9212
2024-09-07 04:00:00,2237.23,2292.99,2236.26,2287.03,433463.571,982446863.46887
2024-09-07 08:00:00,2287.03,2298.96,2274.03,2282.71,282154.62,644906955.8893
2024-09-07 12:00:00,2282.7,2310.0,2281.04,2299.17,288406.879,661972195.38106
2024-09-07 16:00:00,2299.18,2303.31,2262.01,2289.03,366666.468,836935403.17807
2024-09-07 20:00:00,2289.03,2290.0,2255.0,2272.21,207332.611,470493749.12848
2024-09-08 00:00:00,2272.21,2287.56,2262.0,2284.77,173741.482,395652072.98798
2024-09-08 04:00:00,2284.77,2303.9,2282.22,2293.69,192889.606,442118526.70515
2024-09-08 08:00:00,2293.7,2309.0,2286.33,2295.27,211658.841,486679167.32435
2024-09-08 12:00:00,2295.28,2298.16,2238.88,2244.67,493900.026,1121355756.09614
2024-09-08 16:00:00,2244.68,2282.59,2242.17,2270.63,328959.884,744506407.24439
2024-09-08 20:00:00,2270.64,2333.98,2266.46,2295.89,532674.915,1225408129.41856
2024-09-09 00:00:00,2295.9,2320.0,2286.59,2303.34,307641.889,708519956.08795
2024-09-09 04:00:00,2303.33,2315.95,2281.04,2313.03,302602.442,695133350.29548
2024-09-09 08:00:00,2313.03,2338.74,2308.0,2314.1,426393.758,989724161.60394
2024-09-09 12:00:00,2314.09,2324.47,2271.22,2291.59,684741.51,1572793756.84102
2024-09-09 16:00:00,2291.61,2352.67,2290.0,2349.27,784118.243,1828835935.05694
2024-09-09 20:00:00,2349.32,2382.51,2335.58,2358.19,428077.676,1010909347.32229
2024-09-10 00:00:00,2358.19,2359.19,2333.0,2339.58,281784.089,660343397.73823
2024-09-10 04:00:00,2339.57,2366.0,2325.83,2362.21,243463.668,571388569.92192
2024-09-10 08:00:00,2362.2,2371.34,2337.8,2349.65,260355.838,612428865.66287
2024-09-10 12:00:00,2349.65,2363.0,2319.09,2323.64,558127.091,1304828238.30075
2024-09-10 16:00:00,2323.64,2391.54,2323.0,2379.59,525329.899,1240770095.10294
2024-09-10 20:00:00,2379.6,2399.99,2370.72,2387.63,279040.79,665236175.20252
2024-09-11 00:00:00,2387.63,2388.39,2337.3,2347.13,436909.963,1030039375.58237
2024-09-11 04:00:00,2347.14,2347.14,2317.48,2340.42,371226.436,865407848.63871
2024-09-11 08:00:00,2340.41,2340.73,2305.23,2326.68,352704.71,819028285.03757
2024-09-11 12:00:00,2326.67,2354.7,2275.8,2324.87,1200982.865,2776819367.60987
2024-09-11 16:00:00,2324.86,2368.0,2323.74,2339.44,636190.743,1491939290.84796
2024-09-11 20:00:00,2339.45,2351.08,2331.58,2339.22,138133.396,323444778.60279
2024-09-12 00:00:00,2339.18,2392.0,2338.26,2366.64,394578.513,933365360.01057
2024-09-12 04:00:00,2366.65,2378.5,2351.39,2358.48,248986.393,587955003.85813
2024-09-12 08:00:00,2358.47,2365.5,2341.67,2347.44,246179.786,579017633.24835
2024-09-12 12:00:00,2347.44,2366.21,2313.16,2321.76,657002.938,1536224784.92584
2024-09-12 16:00:00,2321.76,2360.72,2321.0,2359.99,348596.46,817048638.43687
2024-09-12 20:00:00,2360.0,2372.99,2340.5,2360.79,246322.121,580330739.58811
2024-09-13 00:00:00,2360.79,2363.8,2348.61,2355.31,139683.251,329172603.12072
2024-09-13 04:00:00,2355.31,2358.45,2336.2,2347.63,177387.116,416167815.86717
2024-09-13 08:00:00,2347.63,2375.74,2340.05,2353.22,291631.314,687850352.73
2024-09-13 12:00:00,2353.23,2412.19,2340.94,2406.83,825337.405,1959913503.86466
2024-09-13 16:00:00,2406.83,2427.66,2395.0,2419.93,491868.573,1187277999.65036
2024-09-13 20:00:00,2419.94,2463.77,2411.6,2438.15,389071.378,949685383.79392
2024-09-14 00:00:00,2438.16,2439.61,2420.74,2431.67,230015.276,558759706.65085
2024-09-14 04:00:00,2431.67,2432.4,2412.27,2419.23,150696.872,364679484.96087
2024-09-14 08:00:00,2419.23,2420.68,2406.72,2415.88,148659.935,358812828.31973
2024-09-14 12:00:00,2415.87,2422.59,2411.12,2417.37,153026.845,370013464.18414
2024-09-14 16:00:00,2417.37,2420.04,2373.82,2407.57,285668.673,685540408.63956
2024-09-14 20:00:00,2407.56,2421.76,2405.86,2416.65,106969.444,258214696.57303
2024-09-15 00:00:00,2416.65,2429.44,2415.31,2419.28,94060.846,227868617.4134
2024-09-15 04:00:00,2419.28,2423.67,2412.65,2421.6,74978.264,181319069.89247
2024-09-15 08:00:00,2421.61,2422.2,2401.03,2405.9,130910.915,315422894.26951
2024-09-15 12:00:00,2405.89,2418.24,2395.13,2407.6,207938.7,500542927.09597
2024-09-15 16:00:00,2407.59,2407.98,2361.09,2371.14,413433.867,984475588.68087
2024-09-15 20:00:00,2371.14,2371.15,2282.0,2314.85,742996.719,1730730955.2661
2024-09-16 00:00:00,2314.85,2321.36,2251.06,2277.11,705066.871,1607912402.40126
2024-09-16 04:00:00,2277.11,2311.95,2275.1,2309.23,311776.261,714105711.28871
2024-09-16 08:00:00,2309.24,2334.9,2286.31,2306.66,428529.689,989281060.26504
2024-09-16 12:00:00,2306.67,2311.5,2268.0,2286.71,625608.18,1432711552.74382
2024-09-16 16:00:00,2286.71,2310.37,2268.08,2274.0,494516.324,1131399087.02951
2024-09-16 20:00:00,2274.0,2300.98,2266.14,2294.61,256562.1,585282711.87587
2024-09-17 00:00:00,2294.61,2298.07,2262.0,2282.92,263274.191,599925492.61376
2024-09-17 04:00:00,2282.92,2309.88,2281.2,2308.09,196360.161,451192218.70976
2024-09-17 08:00:00,2308.09,2322.91,2301.15,2307.29,318568.186,736206302.86179
2024-09-17 12:00:00,2307.29,2392.62,2300.76,2382.68,1033617.175,2428959036.53464
2024-09-17 16:00:00,2382.68,2388.88,2326.2,2352.03,569856.157,1344424126.45926
2024-09-17 20:00:00,2352.02,2361.27,2327.6,2340.59,234745.668,550359344.37655
2024-09-18 00:00:00,2340.59,2343.9,2308.15,2333.92,283667.191,659927603.10189
2024-09-18 04:00:00,2333.92,2335.15,2311.18,2328.65,223400.84,519407991.1475
2024-09-18 08:00:00,2328.65,2328.66,2275.25,2299.43,462100.581,1063621999.23853
2024-09-18 12:00:00,2299.44,2317.48,2285.81,2295.04,424638.776,976655866.77122
2024-09-18 16:00:00,2295.05,2363.89,2286.72,2313.81,1070959.012,2490008320.2238
2024-09-18 20:00:00,2313.78,2376.0,2288.2,2373.93,397142.283,925558985.09502
2024-09-19 00:00:00,2373.93,2412.25,2371.37,2402.79,719870.317,1721001599.34706
2024-09-19 04:00:00,2402.79,2442.24,2398.5,2436.61,411620.079,995108167.98396
2024-09-19 08:00:00,2436.61,2441.25,2421.45,2434.01,295603.421,718755141.07362
2024-09-19 12:00:00,2434.0,2451.83,2419.5,2439.0,523218.03,1273596926.13329
2024-09-19 16:00:00,2439.0,2494.68,2432.01,2459.79,753487.672,1859326905.31732
2024-09-19 20:00:00,2459.79,2478.24,2452.18,2464.56,244755.484,603287501.22057
2024-09-20 00:00:00,2464.55,2521.7,2436.11,2519.9,525580.264,1298539694.56167
2024-09-20 04:00:00,2519.9,2572.18,2515.56,2559.63,862737.365,2196057048.72788
2024-09-20 08:00:00,2559.63,2563.91,2537.6,2543.97,356806.628,908983735.56502
2024-09-20 12:00:00,2543.97,2569.45,2515.31,2559.18,786062.703,1997389015.9522
2024-09-20 16:00:00,2559.19,2568.48,2523.75,2540.0,371168.112,944625133.60148
2024-09-20 20:00:00,2540.01,2561.38,2537.23,2560.29,159903.047,407493784.03487
2024-09-21 00:00:00,2560.3,2586.91,2532.21,2542.8,413712.537,1058418699.84299
2024-09-21 04:00:00,2542.8,2557.97,2527.69,2554.54,208526.831,530299368.28081
2024-09-21 08:00:00,2554.55,2556.26,2543.49,2555.33,121748.795,310410290.60691
2024-09-21 12:00:00,2555.34,2575.74,2549.1,2558.54,285240.954,730710423.09274
2024-09-21 16:00:00,2558.53,2577.79,2555.0,2570.44,153006.804,392733972.66614
2024-09-21 20:00:00,2570.45,2623.85,2558.51,2611.4,322980.45,837636514.11659
2024-09-22 00:00:00,2611.4,2633.3,2586.48,2593.62,418488.426,1091324405.67196
2024-09-22 04:00:00,2593.61,2603.88,2575.0,2586.74,202435.69,523631803.85933
2024-09-22 08:00:00,2586.73,2595.0,2568.58,2579.58,248455.101,641268192.48716
2024-09-22 12:00:00,2579.59,2586.97,2553.07,2569.57,315362.278,810232887.85281
2024-09-22 16:00:00,2569.57,2591.31,2550.08,2577.0,291767.673,750284447.76101
2024-09-22 20:00:00,2576.99,2593.0,2522.57,2579.94,492936.026,1262765310.78435
2024-09-23 00:00:00,2579.95,2686.5,2538.24,2675.37,1027984.344,2698650339.58092
2024-09-23 04:00:00,2675.37,2680.0,2635.0,2645.28,396303.025,1052888721.07035
2024-09-23 08:00:00,2645.27,2661.92,2632.01,2645.11,304605.136,806082750.53967
2024-09-23 12:00:00,2645.11,2685.0,2630.04,2674.07,605764.058,1608624848.22674
2024-09-23 16:00:00,2674.07,2702.0,2656.41,2671.8,487034.395,1303993410.08076
2024-09-23 20:00:00,2671.8,2681.52,2637.42,2645.84,297144.237,788623550.9621
2024-09-24 00:00:00,2645.84,2650.63,2607.74,2626.5,502438.055,1319623711.6068
2024-09-24 04:00:00,2626.5,2649.16,2617.03,2645.99,230922.359,608337042.45868
2024-09-24 08:00:00,2645.99,2667.21,2633.58,2636.28,368695.953,976867365.93076
2024-09-24 12:00:00,2636.27,2645.4,2590.1,2611.82,779650.585,2040322417.4205
2024-09-24 16:00:00,2611.82,2656.21,2609.94,2649.38,444533.478,1172278982.78695
2024-09-24 20:00:00,2649.39,2669.94,2638.85,2652.0,391845.278,1039932405.07355
2024-09-25 00:00:00,2652.0,2673.06,2631.06,2645.51,364656.468,965806453.99495
2024-09-25 04:00:00,2645.51,2645.88,2609.04,2620.44,334064.79,876211164.48364
2024-09-25 08:00:00,2620.44,2629.9,2612.51,2626.31,241444.968,632982691.88249
2024-09-25 12:00:00,2626.3,2628.64,2593.67,2599.9,400244.388,1046426420.27152
2024-09-25 16:00:00,2599.91,2608.43,2561.17,2569.69,516284.783,1334226871.48079
2024-09-25 20:00:00,2569.68,2583.69,2552.44,2578.9,276639.126,711370960.81589
2024-09-26 00:00:00,2578.9,2606.0,2557.5,2601.65,463855.491,1198079958.55085
2024-09-26 04:00:00,2601.64,2634.01,2590.12,2628.59,274091.899,716092069.00203
2024-09-26 08:00:00,2628.59,2638.77,2611.68,2627.91,366710.312,962849620.81704
2024-09-26 12:00:00,2627.91,2663.05,2606.6,2651.05,810570.49,2134635819.64432
2024-09-26 16:00:00,2651.05,2666.17,2625.51,2647.99,469421.903,1242460260.70623
2024-09-26 20:00:00,2648.05,2654.36,2616.0,2631.11,256415.035,675756060.28226
2024-09-27 00:00:00,2631.16,2644.02,2614.22,2637.74,248051.699,652001452.71125
2024-09-27 04:00:00,2637.74,2667.99,2635.3,2656.06,337383.053,895057947.28348
2024-09-27 08:00:00,2656.05,2676.83,2639.63,2650.28,411778.07,1093520844.85856
2024-09-27 12:00:00,2650.29,2698.8,2640.76,2682.17,605965.876,1620270774.78453
2024-09-27 16:00:00,2682.16,2727.66,2677.0,2700.49,624690.16,1687710111.16841
2024-09-27 20:00:00,2700.49,2707.74,2688.54,2693.53,145956.765,393619600.46547
2024-09-28 00:00:00,2693.52,2703.3,2686.68,2689.28,172706.529,465332292.57961
2024-09-28 04:00:00,2689.27,2699.3,2672.76,2677.0,235938.438,633194095.06617
2024-09-28 08:00:00,2676.99,2677.64,2648.32,2674.24,325140.949,867069584.45667
2024-09-28 12:00:00,2674.24,2675.0,2650.37,2668.78,332664.424,886155802.31161
2024-09-28 16:00:00,2668.78,2683.84,2661.11,2676.83,180219.304,481563277.21298
2024-09-28 20:00:00,2676.82,2681.71,2653.85,2673.9,146278.406,390593544.37351
2024-09-29 00:00:00,2673.91,2683.0,2662.17,2673.47,159103.217,425286864.2165
2024-09-29 04:00:00,2673.51,2673.51,2633.03,2639.6,290616.741,771044272.45779
2024-09-29 08:00:00,2639.6,2654.39,2632.8,2651.77,218546.194,577869738.8589
2024-09-29 12:00:00,2651.77,2668.24,2639.45,2664.96,279097.841,740926279.80821
2024-09-29 16:00:00,2664.96,2671.08,2649.02,2665.65,172479.286,459209802.77326
2024-09-29 20:00:00,2665.65,2672.88,2646.15,2656.3,270693.121,719912983.53191
2024-09-30 00:00:00,2656.3,2662.81,2601.0,2628.64,656029.267,1723421187.58866
2024-09-30 04:00:00,2628.64,2642.99,2621.81,2636.7,258982.869,682136279.61151
2024-09-30 08:00:00,2636.7,2642.48,2590.72,2627.97,683349.428,1788853156.99078
2024-09-30 12:00:00,2627.97,2638.15,2592.05,2595.05,429091.015,1123442447.39316
2024-09-30 16:00:00,2595.05,2609.44,2572.82,2594.49,488562.373,1267736281.75836
2024-09-30 20:00:00,2594.5,2616.86,2575.54,2601.49,343586.791,893654059.04355
2024-10-01 00:00:00,2601.49,2632.92,2590.57,2629.33,340614.697,891263585.52212
2024-10-01 04:00:00,2629.33,2658.63,2626.86,2644.79,374331.576,989580986.79292
2024-10-01 08:00:00,2644.78,2646.35,2627.05,2627.82,212155.527,559485488.45155
2024-10-01 12:00:00,2627.81,2632.43,2480.0,2523.54,1623547.321,4144723436.35027
2024-10-01 16:00:00,2523.54,2530.5,2425.17,2487.68,1306330.305,3253457522.44967
2024-10-01 20:00:00,2487.68,2491.76,2412.4,2446.85,782448.003,1919194788.31329
2024-10-02 00:00:00,2446.85,2498.0,2441.17,2488.51,389815.836,964764575.88726
2024-10-02 04:00:00,2488.51,2492.13,2466.0,2480.75,313088.272,776857731.14674
2024-10-02 08:00:00,2480.76,2486.25,2440.32,2454.2,432109.358,1062499069.53246
2024-10-02 12:00:00,2454.2,2462.98,2416.92,2459.43,893171.983,2180706783.53905
2024-10-02 16:00:00,2459.44,2478.0,2366.17,2370.61,1000731.733,2415205301.82149
2024-10-02 20:00:00,2370.61,2391.69,2350.0,2363.0,541186.162,1282346823.33184
2024-10-03 00:00:00,2363.0,2398.65,2351.6,2398.08,411583.688,979293621.91396
2024-10-03 04:00:00,2398.08,2402.29,2358.0,2363.59,314508.341,749838513.17584
2024-10-03 08:00:00,2363.59,2369.52,2318.0,2351.55,768412.649,1801920378.15228
2024-10-03 12:00:00,2351.56,2365.0,2308.09,2339.54,1026137.417,2396754249.37676
2024-10-03 16:00:00,2339.55,2353.55,2310.65,2352.4,491190.374,1146258616.43143
2024-10-03 20:00:00,2352.39,2356.84,2330.82,2348.74,178234.602,418190665.23807
2024-10-04 00:00:00,2348.74,2379.0,2338.27,2366.07,396020.202,935975987.82519
2024-10-04 04:00:00,2366.07,2386.69,2364.57,2380.55,255172.275,606580001.51886
2024-10-04 08:00:00,2380.56,2392.44,2373.1,2385.21,248622.742,592239335.52965
2024-10-04 12:00:00,2385.21,2417.27,2351.18,2415.99,912518.866,2173580986.97001
2024-10-04 16:00:00,2416.0,2440.0,2408.2,2428.41,563366.727,1366551665.09372
2024-10-04 20:00:00,2428.44,2430.85,2411.09,2413.38,157806.022,382180581.1264
2024-10-05 00:00:00,2413.38,2427.94,2388.66,2398.75,247541.321,596005624.53382
2024-10-05 04:00:00,2398.75,2426.24,2395.75,2414.18,215210.404,519539877.05208
2024-10-05 08:00:00,2414.18,2427.0,2414.09,2416.43,121702.396,294478227.14535
2024-10-05 12:00:00,2416.43,2423.0,2403.88,2413.99,186676.649,450412536.21627
2024-10-05 16:00:00,2413.99,2415.13,2392.0,2395.71,184417.024,443092034.68624
2024-10-05 20:00:00,2395.71,2418.85,2389.01,2413.42,147932.682,355835872.13555
2024-10-06 00:00:00,2413.42,2421.99,2405.76,2412.78,134719.942,325309582.54256
2024-10-06 04:00:00,2412.78,2420.0,2409.26,2416.25,95517.594,230726000.47122
2024-10-06 08:00:00,2416.24,2430.0,2414.36,2425.65,167351.877,405460686.22306
2024-10-06 12:00:00,2425.65,2457.11,2423.64,2445.68,367561.159,896783595.82488
2024-10-06 16:00:00,2445.67,2452.0,2434.0,2440.47,206941.465,505633224.38465
2024-10-06 20:00:00,2440.47,2443.83,2413.8,2438.77,247342.701,601293600.39104
2024-10-07 00:00:00,2438.76,2512.5,2434.5,2494.37,673614.178,1673435648.23077
2024-10-07 04:00:00,2494.38,2497.77,2476.06,2479.55,244306.955,607424638.0252
2024-10-07 08:00:00,2479.55,2489.18,2436.48,2474.64,632921.727,1555981379.53084
2024-10-07 12:00:00,2474.63,2520.25,2461.36,2472.88,795511.004,1980341404.08463
2024-10-07 16:00:00,2472.87,2479.92,2418.02,2444.4,540241.159,1323605612.42352
2024-10-07 20:00:00,2444.42,2456.83,2401.08,2421.75,458913.589,1115081272.66719
2024-10-08 00:00:00,2421.75,2447.56,2421.75,2437.29,243567.705,592776968.63223
2024-10-08 04:00:00,2437.29,2445.0,2409.11,2427.54,376390.095,913291086.1247
2024-10-08 08:00:00,2427.55,2440.75,2416.36,2438.63,204765.289,497502394.52108
2024-10-08 12:00:00,2438.63,2452.0,2400.01,2418.39,710187.847,1724521607.56642
2024-10-08 16:00:00,2418.39,2455.31,2410.12,2439.43,513794.046,1251548062.27402
2024-10-08 20:00:00,2439.42,2466.63,2433.08,2439.84,214031.301,523621294.59478
2024-10-09 00:00:00,2439.84,2472.9,2426.0,2445.52,358832.812,879300848.95176
2024-10-09 04:00:00,2445.51,2451.76,2430.55,2434.8,237250.863,579324924.63564
2024-10-09 08:00:00,2434.8,2441.66,2426.23,2440.8,192662.933,468826388.88217
2024-10-09 12:00:00,2440.8,2471.64,2422.07,2460.34,662493.293,1618023031.71204
2024-10-09 16:00:00,2460.35,2461.65,2406.0,2417.05,574349.646,1394383759.0841
2024-10-09 20:00:00,2417.04,2417.04,2350.0,2369.6,663921.046,1578584942.15132
2024-10-10 00:00:00,2369.6,2400.96,2365.81,2394.36,359361.47,858176835.80276
2024-10-10 04:00:00,2394.35,2410.9,2390.49,2394.56,227899.351,547188741.44895
2024-10-10 08:00:00,2394.56,2407.16,2366.38,2405.43,377521.891,902057886.44135
2024-10-10 12:00:00,2405.43,2408.0,2368.8,2403.94,641590.992,1531479509.80295
2024-10-10 16:00:00,2403.94,2421.5,2329.44,2366.32,979300.113,2321276088.27891
2024-10-10 20:00:00,2366.32,2386.4,2357.21,2385.24,277535.859,658499330.53879
2024-10-11 00:00:00,2385.24,2416.33,2380.81,2410.34,365013.151,875547726.7505
2024-10-11 04:00:00,2410.35,2417.84,2402.08,2406.49,220069.742,530072231.86452
2024-10-11 08:00:00,2406.48,2425.24,2401.45,2416.71,277710.354,670310002.21068
2024-10-11 12:00:00,2416.7,2452.7,2413.2,2442.36,703561.319,1711556580.84175
2024-10-11 16:00:00,2442.36,2470.0,2432.0,2458.18,519278.562,1271538357.50832
2024-10-11 20:00:00,2458.17,2461.2,2433.0,2438.46,253682.499,620617495.27565
2024-10-12 00:00:00,2438.45,2450.4,2433.2,2437.93,183782.594,448538525.6715
2024-10-12 04:00:00,2437.92,2451.58,2437.92,2445.36,122710.613,300028603.37331
2024-10-12 08:00:00,2445.35,2467.53,2441.5,2451.35,176871.774,433893404.19646
2024-10-12 12:00:00,2451.35,2482.91,2447.3,2471.74,319652.331,788801098.75806
2024-10-12 16:00:00,2471.73,2486.36,2465.0,2471.3,207474.607,513346916.55626
2024-10-12 20:00:00,2471.31,2489.95,2467.68,2475.09,107988.851,267712861.55904
2024-10-13 00:00:00,2475.08,2484.0,2449.76,2456.9,228118.599,562329957.92739
2024-10-13 04:00:00,2456.89,2468.18,2456.0,2463.98,97622.529,240427577.63434
2024-10-13 08:00:00,2463.98,2471.29,2455.91,2456.86,136271.765,335739008.76408
2024-10-13 12:00:00,2456.87,2469.11,2435.0,2439.29,316484.761,775386780.93573
2024-10-13 16:00:00,2439.28,2461.53,2436.67,2456.99,296545.373,726264346.85924
2024-10-13 20:00:00,2457.0,2483.89,2451.62,2467.79,219639.547,541858162.4862
2024-10-14 00:00:00,2467.79,2524.89,2442.0,2520.05,577609.377,1435344514.53431
2024-10-14 04:00:00,2520.04,2547.99,2509.28,2534.74,839691.819,2124560205.8447
2024-10-14 08:00:00,2534.74,2546.22,2518.56,2536.7,394993.917,1000872677.79785
2024-10-14 12:00:00,2536.7,2643.03,2533.45,2634.95,1239886.344,3209886082.78393
2024-10-14 16:00:00,2634.95,2639.88,2615.0,2619.86,334746.944,878887609.142
2024-10-14 20:00:00,2619.85,2653.44,2615.2,2628.88,290264.219,764297660.2812
2024-10-15 00:00:00,2628.87,2636.7,2607.2,2611.81,295608.441,775470997.63952
2024-10-15 04:00:00,2611.81,2624.0,2590.0,2615.2,365585.915,952731574.94447
2024-10-15 08:00:00,2615.2,2622.23,2580.0,2585.82,362260.53,942670194.1404
2024-10-15 12:00:00,2585.82,2688.76,2536.64,2572.58,2004681.576,5217063667.50669
2024-10-15 16:00:00,2572.58,2618.85,2570.25,2591.06,598694.404,1551614764.89676
2024-10-15 20:00:00,2591.07,2609.21,2562.41,2606.53,286306.451,739647177.63793
2024-10-16 00:00:00,2606.54,2629.68,2588.01,2616.24,293294.813,766741579.95369
2024-10-16 04:00:00,2616.23,2623.78,2597.6,2606.02,226906.974,592241924.21898
2024-10-16 08:00:00,2606.02,2642.99,2604.0,2629.2,505780.237,1326956354.19658
2024-10-16 12:00:00,2629.21,2647.51,2594.22,2606.7,703346.266,1843473291.64454
2024-10-16 16:00:00,2606.7,2627.67,2590.3,2614.02,258596.247,675547186.31169
2024-10-16 20:00:00,2614.0,2627.23,2608.27,2610.39,141661.349,370843270.24158
2024-10-17 00:00:00,2610.39,2644.9,2609.02,2640.37,298508.35,784655533.49685
2024-10-17 04:00:00,2640.38,2647.9,2618.01,2627.8,269405.582,708663974.15464
2024-10-17 08:00:00,2627.79,2630.0,2595.36,2597.38,314644.532,821577269.06989
2024-10-17 12:00:00,2597.38,2632.5,2581.95,2630.29,598898.944,1560199017.33686
2024-10-17 16:00:00,2630.29,2630.92,2573.73,2594.69,435573.92,1131810436.57677
2024-10-17 20:00:00,2594.7,2614.4,2593.72,2605.01,147633.81,384503092.70425
2024-10-18 00:00:00,2605.01,2651.05,2595.61,2609.1,436838.111,1147094381.09795
2024-10-18 04:00:00,2609.11,2645.0,2607.88,2643.62,281281.802,738697824.87707
2024-10-18 08:00:00,2643.62,2649.82,2620.05,2621.43,233415.286,614363825.20508
2024-10-18 12:00:00,2621.43,2664.0,2611.39,2652.12,688433.932,1814747446.27826
2024-10-18 16:00:00,2652.12,2675.12,2628.46,2650.5,500034.108,1325514564.2103
2024-10-18 20:00:00,2650.52,2651.53,2631.91,2641.11,169318.857,447218708.56727
2024-10-19 00:00:00,2641.11,2662.66,2633.72,2645.35,191587.21,506891382.26698
2024-10-19 04:00:00,2645.36,2649.99,2636.55,2639.98,103470.845,273511520.00056
2024-10-19 08:00:00,2639.98,2647.84,2630.05,2630.34,114944.5,303458568.6813
2024-10-19 12:00:00,2630.35,2653.88,2630.15,2644.87,214261.9,566400777.59564
2024-10-19 16:00:00,2644.88,2645.91,2636.0,2640.58,98776.499,260887259.9205
2024-10-19 20:00:00,2640.59,2654.85,2640.0,2647.45,88378.502,233968485.5436
2024-10-20 00:00:00,2647.46,2652.85,2634.53,2639.66,99595.635,263050391.26208
2024-10-20 04:00:00,2639.65,2652.75,2637.26,2645.49,111858.009,295802732.51329
2024-10-20 08:00:00,2645.5,2650.88,2642.3,2648.89,66665.876,176490460.14452
2024-10-20 12:00:00,2648.9,2720.0,2640.67,2705.71,792621.099,2130568999.19588
2024-10-20 16:00:00,2705.71,2709.0,2685.17,2699.22,219380.842,591656158.49126
2024-10-20 20:00:00,2699.21,2759.62,2696.17,2746.98,596667.883,1629268736.67337
2024-10-21 00:00:00,2746.98,2770.0,2726.36,2734.84,489111.902,1343852809.78728
2024-10-21 04:00:00,2734.83,2746.12,2722.23,2722.68,248071.301,678185830.56782
2024-10-21 08:00:00,2722.69,2730.0,2702.0,2705.2,341170.322,925737103.13402
2024-10-21 12:00:00,2705.19,2711.99,2659.02,2680.21,867426.126,2322883684.4441
2024-10-21 16:00:00,2680.21,2684.6,2655.52,2680.08,349068.978,932557941.18263
2024-10-21 20:00:00,2680.09,2683.57,2664.76,2666.63,146115.654,390798551.70175
2024-10-22 00:00:00,2666.62,2671.59,2613.77,2644.65,559000.222,1475372343.45291
2024-10-22 04:00:00,2644.66,2659.59,2635.21,2646.65,165104.347,437420653.87956
2024-10-22 08:00:00,2646.65,2649.35,2613.0,2632.75,394665.952,1038129176.70265
2024-10-22 12:00:00,2632.75,2646.19,2606.0,2623.75,679353.302,1784141022.97657
2024-10-22 16:00:00,2623.76,2633.51,2606.11,2627.44,249000.73,652413368.07503
2024-10-22 20:00:00,2627.44,2643.56,2617.13,2621.78,184388.068,485472736.83761
2024-10-23 00:00:00,2621.79,2629.51,2600.1,2615.99,241556.237,631604150.34088
2024-10-23 04:00:00,2616.0,2624.44,2602.03,2602.1,217210.514,567598369.02694
2024-10-23 08:00:00,2602.11,2610.45,2562.54,2580.83,603153.407,1558048067.54188
2024-10-23 12:00:00,2580.83,2586.74,2529.0,2539.53,699249.12,1789255174.969
2024-10-23 16:00:00,2539.53,2541.8,2443.01,2511.77,1166213.354,2911394419.15685
2024-10-23 20:00:00,2511.77,2527.99,2500.96,2523.84,261739.849,657723961.36008
2024-10-24 00:00:00,2523.85,2561.04,2507.76,2544.19,366019.758,930204878.00851
2024-10-24 04:00:00,2544.2,2561.83,2539.04,2543.88,261141.946,666346464.95291
2024-10-24 08:00:00,2543.88,2550.98,2507.68,2528.97,362390.343,915138794.10366
2024-10-24 12:00:00,2528.97,2545.24,2512.37,2525.15,470963.376,1191047020.61729
2024-10-24 16:00:00,2525.16,2541.8,2506.27,2539.51,303256.63,765388853.41901
2024-10-24 20:00:00,2539.51,2560.0,2526.08,2535.39,261106.251,663374433.40273
2024-10-25 00:00:00,2535.39,2538.19,2509.0,2521.11,219158.493,552983755.0498
2024-10-25 04:00:00,2521.12,2522.13,2460.98,2483.3,564979.096,1405697163.22251
2024-10-25 08:00:00,2483.29,2546.91,2476.79,2544.71,548155.87,1382376918.14546
2024-10-25 12:00:00,2544.72,2565.94,2507.51,2524.26,736384.858,1871160149.38036
2024-10-25 16:00:00,2524.27,2536.0,2453.52,2475.36,962746.898,2401291420.3507
2024-10-25 20:00:00,2475.35,2496.13,2380.63,2440.1,993027.586,2416303154.32265
2024-10-26 00:00:00,2440.1,2458.09,2429.34,2451.39,379004.666,925737396.59289
2024-10-26 04:00:00,2451.39,2479.12,2450.41,2464.71,257309.912,634607594.74243
2024-10-26 08:00:00,2464.72,2478.37,2462.43,2472.18,172929.174,427091585.67633
2024-10-26 12:00:00,2472.18,2478.0,2441.68,2456.87,329895.65,811265523.66169
2024-10-26 16:00:00,2456.86,2487.71,2454.6,2486.15,222831.39,551436367.10069
2024-10-26 20:00:00,2486.14,2507.1,2481.06,2482.04,208171.055,518875738.70444
2024-10-27 00:00:00,2482.04,2484.43,2468.16,2483.73,135416.036,335360012.73399
2024-10-27 04:00:00,2483.73,2486.16,2477.05,2480.08,86561.214,214770061.43277
2024-10-27 08:00:00,2480.07,2483.53,2462.86,2468.93,157470.359,389029191.66087
2024-10-27 12:00:00,2468.92,2505.0,2468.81,2501.1,321645.936,800790073.40286
2024-10-27 16:00:00,2501.1,2511.0,2485.01,2493.89,215621.684,538382591.92275
2024-10-27 20:00:00,2493.9,2527.25,2490.0,2507.22,204453.983,513655445.82467
2024-10-28 00:00:00,2507.21,2511.67,2470.41,2476.76,250293.489,623475288.358
2024-10-28 04:00:00,2476.76,2526.21,2472.31,2511.11,364147.211,910859748.40794
2024-10-28 08:00:00,2511.11,2545.0,2504.22,2526.53,460581.189,1163714065.6758
2024-10-28 12:00:00,2526.54,2535.88,2497.5,2500.3,683976.748,1723615482.12209
2024-10-28 16:00:00,2500.29,2523.97,2485.0,2503.77,580743.514,1455150555.138
2024-10-28 20:00:00,2518.92,2590.78,2516.54,2566.49,559286.798,1432495055.57424
2024-10-29 00:00:00,2566.48,2631.78,2560.3,2607.57,648007.625,1685648952.11356
2024-10-29 04:00:00,2607.58,2626.33,2607.36,2613.1,287400.92,752289029.11797
2024-10-29 08:00:00,2613.09,2638.67,2612.47,2631.08,297625.164,781800586.17788
2024-10-29 12:00:00,2631.07,2651.1,2610.93,2648.12,579747.559,1524911103.36225
2024-10-29 16:00:00,2648.11,2681.83,2621.25,2624.4,779809.288,2069590146.76957
2024-10-29 20:00:00,2624.43,2648.81,2606.23,2639.28,418834.724,1099277603.17482
2024-10-30 00:00:00,2639.28,2653.0,2599.9,2642.46,444643.595,1168279930.41759
2024-10-30 04:00:00,2642.46,2686.27,2637.04,2669.43,425918.229,1134395241.99506
2024-10-30 08:00:00,2669.43,2698.0,2657.53,2659.91,604740.468,1619484506.72655
2024-10-30 12:00:00,2659.92,2724.65,2653.69,2683.59,1073961.347,2891728354.58377
2024-10-30 16:00:00,2683.59,2696.9,2653.37,2655.31,426990.843,1141722261.81194
2024-10-30 20:00:00,2655.34,2688.12,2634.03,2659.36,526897.311,1402062076.4341
2024-10-31 00:00:00,2659.35,2669.74,2637.0,2657.59,266493.816,708439183.9339
2024-10-31 04:00:00,2657.59,2658.56,2631.81,2647.05,267709.839,708056011.19659
2024-10-31 08:00:00,2647.05,2649.0,2625.35,2638.78,355169.037,936373199.31614
2024-10-31 12:00:00,2638.78,2641.43,2540.87,2562.89,1233431.122,3186368786.3392
2024-10-31 16:00:00,2562.89,2564.04,2506.0,2514.31,730521.615,1852356379.12833
2024-10-31 20:00:00,2514.3,2528.66,2502.5,2518.37,351877.401,886248778.23165
2024-11-01 00:00:00,2518.37,2533.0,2467.3,2503.26,679047.172,1699763239.17524
2024-11-01 04:00:00,2503.26,2516.67,2485.32,2504.14,318919.333,798390587.97872
2024-11-01 08:00:00,2504.13,2526.26,2493.67,2515.84,349226.054,877411362.33111
2024-11-01 12:00:00,2515.85,2587.86,2481.44,2500.03,1238644.807,3148837003.43162
2024-11-01 16:00:00,2500.03,2538.99,2495.1,2514.72,607874.854,1529212500.37181
2024-11-01 20:00:00,2514.71,2528.0,2486.0,2511.57,257310.417,645526805.37554
2024-11-02 00:00:00,2511.57,2523.8,2500.6,2506.58,152923.817,384292839.9916
2024-11-02 04:00:00,2506.58,2513.79,2498.86,2507.2,117939.02,295720857.42194
2024-11-02 08:00:00,2507.2,2510.18,2491.0,2501.81,185147.427,462833915.10977
2024-11-02 12:00:00,2501.81,2504.17,2467.1,2488.18,527425.734,1310571333.51061
2024-11-02 16:00:00,2488.18,2497.25,2478.76,2492.73,151586.117,377171231.35478
2024-11-02 20:00:00,2492.73,2497.49,2484.37,2493.61,78712.22,196122732.90936
2024-11-03 00:00:00,2493.61,2496.21,2420.63,2448.96,669678.742,1641712675.87971
2024-11-03 04:00:00,2448.97,2463.62,2440.48,2449.72,245499.369,602160513.63263
2024-11-03 08:00:00,2449.73,2462.91,2443.67,2454.31,532652.566,1306702361.54158
2024-11-03 12:00:00,2454.31,2460.19,2412.67,2442.2,630526.936,1533946835.94505
2024-11-03 16:00:00,2442.19,2459.85,2410.35,2452.77,545173.771,1329965850.94722
2024-11-03 20:00:00,2452.76,2475.0,2446.71,2457.29,304247.71,748950126.57774
2024-11-04 00:00:00,2457.3,2491.0,2434.13,2473.28,342377.413,844274784.71843
2024-11-04 04:00:00,2473.28,2482.02,2456.48,2458.89,220587.661,544598718.05006
2024-11-04 08:00:00,2458.9,2477.81,2446.35,2469.96,274516.862,676250206.63546
2024-11-04 12:00:00,2469.97,2485.55,2430.7,2441.96,462477.405,1136534049.6185
2024-11-04 16:00:00,2441.96,2445.81,2405.1,2430.06,664031.99,1608960316.98501
2024-11-04 20:00:00,2430.06,2431.69,2356.0,2397.37,719427.66,1721349760.15263
2024-11-05 00:00:00,2397.36,2421.06,2379.48,2419.73,391393.331,940679074.23315
2024-11-05 04:00:00,2419.73,2444.79,2416.22,2442.32,279206.676,678476611.67835
2024-11-05 08:00:00,2442.33,2447.31,2429.18,2439.88,209175.726,510007847.25326
2024-11-05 12:00:00,2439.88,2479.6,2426.0,2440.22,793472.32,1946093127.18342
2024-11-05 16:00:00,2440.22,2474.97,2400.23,2407.3,571046.163,1396739283.69189
2024-11-05 20:00:00,2407.3,2439.36,2400.33,2421.42,313565.015,759810814.72274
2024-11-06 00:00:00,2421.41,2637.32,2419.2,2579.04,1719228.341,4360431041.95469
2024-11-06 04:00:00,2579.04,2644.77,2560.56,2595.4,1390084.744,3613412107.59891
2024-11-06 08:00:00,2595.4,2638.58,2572.4,2629.83,796878.826,2079734563.64402
2024-11-06 12:00:00,2629.83,2668.0,2607.0,2634.28,1049142.62,2763415277.5799
2024-11-06 16:00:00,2634.28,2687.8,2633.65,2687.74,550241.4,1464714013.50323
2024-11-06 20:00:00,2687.74,2746.02,2669.44,2722.49,735366.339,1990400308.22764
2024-11-07 00:00:00,2722.5,2882.56,2700.31,2854.18,1554628.013,4376847068.9533
2024-11-07 04:00:00,2854.18,2856.72,2781.1,2821.63,780454.679,2202707613.90402
2024-11-07 08:00:00,2821.63,2832.84,2789.61,2792.99,465021.392,1309224607.98637
2024-11-07 12:00:00,2793.0,2850.52,2772.38,2848.14,784043.202,2203487767.69022
2024-11-07 16:00:00,2848.14,2895.66,2824.55,2885.99,970406.53,2775845827.32477
2024-11-07 20:00:00,2886.0,2916.56,2864.23,2895.76,653144.49,1888241101.67952
2024-11-08 00:00:00,2895.76,2956.99,2886.47,2902.92,758323.764,2213021604.60215
2024-11-08 04:00:00,2902.91,2924.75,2892.61,2912.94,329719.844,959840130.20595
2024-11-08 08:00:00,2912.93,2933.0,2893.63,2915.27,353474.909,1029301972.24518
2024-11-08 12:00:00,2915.27,2958.0,2903.25,2937.59,933210.749,2735990344.20029
2024-11-08 16:00:00,2937.6,2982.75,2890.04,2950.0,1057140.536,3102991091.13018
2024-11-08 20:00:00,2950.0,2975.88,2915.13,2962.12,438297.206,1291007409.13681
2024-11-09 00:00:00,2962.12,2996.0,2954.63,2965.5,488317.141,1454548307.66334
2024-11-09 04:00:00,2965.51,3059.91,2954.1,3030.6,947886.456,2866257816.86099
2024-11-09 08:00:00,3030.61,3056.59,3021.51,3051.53,404047.268,1228947385.34968
2024-11-09 12:00:00,3051.53,3054.4,3028.01,3041.01,356927.531,1085016514.35108
2024-11-09 16:00:00,3041.0,3099.58,2990.01,3070.7,838701.06,2552470479.43149
2024-11-09 20:00:00,3070.71,3158.66,3066.0,3127.03,637437.788,1986530106.60999
2024-11-10 00:00:00,3127.02,3153.33,3104.08,3135.27,571808.307,1788425210.94775
2024-11-10 04:00:00,3135.26,3220.0,3130.5,3187.08,1168958.966,3723506122.43685
2024-11-10 08:00:00,3187.08,3236.14,3168.0,3223.12,709368.351,2271248198.84663
2024-11-10 12:00:00,3223.12,3241.0,3170.56,3212.17,767656.726,2455881497.06395
2024-11-10 16:00:00,3212.17,3252.28,3150.5,3164.99,1036160.433,3327285217.91057
2024-11-10 20:00:00,3164.99,3228.99,3073.86,3185.19,1361576.101,4295049823.31275
2024-11-11 00:00:00,3185.19,3224.91,3172.87,3197.12,519839.859,1662759428.13393
2024-11-11 04:00:00,3197.11,3199.38,3107.15,3141.58,694289.674,2183779152.13665
2024-11-11 08:00:00,3141.59,3214.69,3133.36,3199.92,602899.32,1916734509.11103
2024-11-11 12:00:00,3199.93,3265.12,3140.58,3240.64,1586358.802,5062440110.22015
2024-11-11 16:00:00,3240.63,3349.58,3236.26,3301.56,1538073.179,5070328583.26149
2024-11-11 20:00:00,3301.55,3392.06,3281.37,3375.02,1306089.166,4366218224.48339
2024-11-12 00:00:00,3375.02,3378.18,3250.01,3340.71,1205136.743,3997981805.75355
2024-11-12 04:00:00,3340.66,3399.32,3320.39,3372.03,825571.281,2770589321.59744
2024-11-12 08:00:00,3372.02,3449.0,3214.0,3285.43,2164439.715,7224375742.37238
2024-11-12 12:00:00,3285.43,3300.02,3211.54,3263.4,1411226.17,4601329414.92193
2024-11-12 16:00:00,3263.4,3306.0,3211.15,3275.36,820322.948,2674111216.26833
2024-11-12 20:00:00,3275.36,3307.23,3237.21,3245.98,472263.636,1545398743.17721
2024-11-13 00:00:00,3245.99,3288.73,3205.34,3210.61,771645.291,2507420156.95688
2024-11-13 04:00:00,3210.61,3233.4,3120.0,3162.99,1009905.626,3195970293.78582
2024-11-13 08:00:00,3163.0,3193.79,3144.17,3169.66,547655.734,1733751876.59576
2024-11-13 12:00:00,3169.66,3331.2,3153.84,3312.05,1559585.182,5070030190.80621
2024-11-13 16:00:00,3312.05,3335.0,3156.0,3160.21,1290160.898,4191759709.98611
2024-11-13 20:00:00,3160.2,3199.77,3120.0,3188.9,766680.156,2423982141.77273
2024-11-14 00:00:00,3188.9,3229.91,3164.87,3219.56,523753.058,1674332094.62148
2024-11-14 04:00:00,3219.56,3242.31,3175.61,3219.66,493497.268,1585612302.2455
2024-11-14 08:00:00,3219.65,3232.97,3156.0,3187.09,577369.465,1843620924.96571
2024-11-14 12:00:00,3187.08,3200.88,3057.14,3079.25,1213915.278,3805752334.76951
2024-11-14 16:00:00,3079.24,3184.1,3072.52,3147.72,705419.059,2210612694.96926
2024-11-14 20:00:00,3147.72,3147.72,3031.6,3061.03,663432.671,2049745892.09408
2024-11-15 00:00:00,3061.04,3095.31,3035.74,3084.85,420595.07,1291649468.10724
2024-11-15 04:00:00,3084.84,3084.84,3016.11,3041.19,518447.528,1580606581.78189
2024-11-15 08:00:00,3041.19,3116.32,3023.21,3105.91,535088.111,1650356422.61616
2024-11-15 12:00:00,3105.91,3133.68,3016.5,3025.07,936647.762,2877645377.44143
2024-11-15 16:00:00,3025.07,3063.0,3016.87,3042.01,547490.977,1663890378.0485
2024-11-15 20:00:00,3042.02,3122.99,3040.6,3091.75,559274.916,1726822301.49531
2024-11-16 00:00:00,3091.75,3159.3,3073.47,3156.49,351461.454,1093072636.05313
2024-11-16 04:00:00,3156.49,3167.2,3103.0,3108.59,326688.118,1022302578.95427
2024-11-16 08:00:00,3108.59,3197.7,3105.05,3197.38,459764.842,1447261860.94592
2024-11-16 12:00:00,3197.38,3222.69,3121.11,3143.18,858459.268,2726091675.97537
2024-11-16 16:00:00,3143.18,3186.81,3130.3,3170.89,300107.468,948969940.01654
2024-11-16 20:00:00,3170.89,3176.92,3123.04,3134.72,220841.586,695465760.99792
2024-11-17 00:00:00,3134.71,3155.88,3035.0,3081.83,623321.687,1921318252.06433
2024-11-17 04:00:00,3081.82,3149.98,3077.25,3139.22,505068.696,1574406291.10366
2024-11-17 08:00:00,3139.22,3164.8,3100.47,3107.8,525122.334,1647008954.83836
2024-11-17 12:00:00,3107.8,3129.23,3068.07,3088.25,518743.74,1607556636.21979
2024-11-17 16:00:00,3088.26,3117.77,3073.25,3100.31,372411.962,1151578636.78793
2024-11-17 20:00:00,3100.31,3109.67,3043.38,3078.09,458681.89,1409169922.94594
2024-11-18 00:00:00,3078.09,3127.0,3071.37,3114.72,381216.664,1184674640.59081
2024-11-18 04:00:00,3114.73,3153.15,3098.05,3133.35,376978.201,1179616309.13095
2024-11-18 08:00:00,3133.36,3143.55,3051.5,3058.16,627900.859,1946060780.71125
2024-11-18 12:00:00,3058.17,3160.6,3053.35,3146.14,951239.299,2945933205.65637
2024-11-18 16:00:00,3146.13,3205.0,3091.96,3129.3,1097719.163,3470214908.93471
2024-11-18 20:00:00,3129.3,3228.0,3124.47,3210.48,705470.183,2237628947.00812
2024-11-19 00:00:00,3210.48,3224.83,3144.32,3150.89,522517.475,1656609484.81471
2024-11-19 04:00:00,3150.89,3161.92,3110.31,3120.42,373891.708,1170878348.54861
2024-11-19 08:00:00,3120.42,3132.43,3093.01,3128.58,385846.472,1202064678.48527
2024-11-19 12:00:00,3128.57,3152.53,3076.95,3106.73,795152.341,2471913313.3933
2024-11-19 16:00:00,3106.73,3148.0,3101.66,3124.59,477920.871,1494074467.23606
2024-11-19 20:00:00,3124.6,3134.0,3066.4,3109.34,508508.788,1574474678.15472
2024-11-20 00:00:00,3109.33,3134.89,3073.56,3098.66,375846.349,1164275133.36519
2024-11-20 04:00:00,3098.66,3117.73,3089.91,3111.12,219086.104,680703856.30332
2024-11-20 08:00:00,3111.04,3137.58,3085.12,3101.8,389812.318,1213862546.87918
2024-11-20 12:00:00,3101.79,3162.25,3083.24,3131.99,895043.982,2790148951.96514
2024-11-20 16:00:00,3131.98,3137.47,3030.5,3059.75,944651.691,2903660135.78887
2024-11-20 20:00:00,3059.75,3095.07,3046.06,3071.05,318764.502,979710517.00113
2024-11-21 00:00:00,3071.05,3103.38,3033.32,3083.25,544247.692,1671975812.69311
2024-11-21 04:00:00,3083.25,3145.92,3081.79,3139.11,808060.054,2522634472.39589
2024-11-21 08:00:00,3139.12,3157.69,3120.14,3150.01,490089.141,1538922960.84773
2024-11-21 12:00:00,3150.01,3374.92,3148.52,3279.2,2805568.309,9263149299.97142
2024-11-21 16:00:00,3279.21,3389.99,3279.06,3349.99,954330.715,3189416962.21022
2024-11-21 20:00:00,3349.99,3382.26,3336.9,3358.42,391455.349,1315054669.64012
2024-11-22 00:00:00,3358.69,3384.88,3307.03,3368.66,623541.2,2084206035.65564
2024-11-22 04:00:00,3368.67,3429.99,3357.01,3365.66,698924.945,2368299658.00966
2024-11-22 08:00:00,3365.65,3387.06,3313.62,3346.99,562121.61,1882800896.18657
2024-11-22 12:00:00,3347.0,3359.93,3260.42,3316.37,1099244.017,3633054947.21828
2024-11-22 16:00:00,3316.36,3324.21,3266.61,3284.79,531897.715,1753005389.2683
2024-11-22 20:00:00,3284.79,3332.83,3275.07,3330.05,314649.912,1040009687.12319
2024-11-23 00:00:00,3330.04,3368.48,3315.28,3348.88,559736.462,1869865960.69283
2024-11-23 04:00:00,3348.88,3365.0,3329.04,3344.31,359369.853,1202923851.74291
2024-11-23 08:00:00,3344.32,3407.96,3339.01,3357.31,601462.322,2027219994.82563
2024-11-23 12:00:00,3357.3,3498.94,3351.0,3463.13,1310527.66,4510751127.38145
2024-11-23 16:00:00,3463.13,3473.64,3381.0,3410.21,899214.666,3074170461.99259
2024-11-23 20:00:00,3410.21,3430.61,3381.51,3396.33,361341.319,1229739194.65583
2024-11-24 00:00:00,3396.32,3453.0,3391.3,3430.0,352333.527,1207680860.96533
2024-11-24 04:00:00,3430.0,3435.18,3400.0,3424.99,300790.122,1027701567.24238
2024-11-24 08:00:00,3424.99,3431.62,3340.56,3346.71,638700.132,2158041745.16058
2024-11-24 12:00:00,3346.72,3360.22,3282.48,3297.13,1119642.834,3714106802.25876
2024-11-24 16:00:00,3297.12,3336.77,3290.0,3328.55,388750.158,1290017975.21035
2024-11-24 20:00:00,3328.55,3374.0,3323.44,3362.98,319293.445,1070435906.95053
2024-11-25 00:00:00,3362.98,3373.0,3301.96,3364.64,414863.153,1386028404.96358
2024-11-25 04:00:00,3364.63,3422.45,3363.24,3401.65,432026.341,1464027233.37547
2024-11-25 08:00:00,3401.66,3531.93,3398.82,3475.22,1103545.009,3835039242.3011
2024-11-25 12:00:00,3475.22,3541.99,3351.0,3521.26,2107604.56,7285163487.40728
2024-11-25 16:00:00,3521.18,3549.91,3423.56,3467.01,1263688.052,4399061529.88373
2024-11-25 20:00:00,3467.02,3507.98,3366.31,3416.92,921112.23,3170872791.74449
2024-11-26 00:00:00,3416.91,3464.95,3397.8,3436.47,595390.137,2048519291.92452
2024-11-26 04:00:00,3436.47,3445.65,3384.02,3396.98,485467.447,1659421153.18171
2024-11-26 08:00:00,3396.98,3399.82,3282.0,3325.18,1276175.192,4266702660.40167
2024-11-26 12:00:00,3325.17,3365.0,3292.01,3298.07,954248.863,3175433739.29413
2024-11-26 16:00:00,3298.08,3339.86,3254.19,3303.07,864628.799,2852015875.33548
2024-11-26 20:00:00,3303.07,3347.34,3291.12,3327.17,419765.039,1394587211.72932
2024-11-27 00:00:00,3327.17,3374.78,3305.0,3362.6,492762.535,1646701685.7442
2024-11-27 04:00:00,3362.6,3448.43,3361.02,3426.06,772811.419,2639031902.90772
2024-11-27 08:00:00,3426.06,3488.56,3404.16,3463.0,633670.01,2183225737.91897
2024-11-27 12:00:00,3462.99,3575.61,3443.51,3555.07,1199383.688,4208960071.61174
2024-11-27 16:00:00,3555.07,3615.38,3535.45,3592.0,859641.291,3073309787.28355
2024-11-27 20:00:00,3592.0,3688.0,3590.38,3655.88,797146.823,2907128800.40854
2024-11-28 00:00:00,3655.89,3664.31,3563.33,3601.12,672037.376,2433922875.7568
2024-11-28 04:00:00,3601.12,3621.27,3568.68,3594.6,457987.82,1646932615.60594
2024-11-28 08:00:00,3594.6,3641.2,3576.79,3622.84,594402.593,2147169589.33169
2024-11-28 12:00:00,3622.84,3644.3,3537.3,3543.41,960495.966,3439761064.75472
2024-11-28 16:00:00,3543.41,3587.08,3531.0,3577.18,375047.866,1335022119.36895
2024-11-28 20:00:00,3577.18,3602.25,3551.95,3581.58,270730.605,969733195.96843
2024-11-29 00:00:00,3581.58,3605.0,3551.63,3585.86,350285.783,1253565646.69546
2024-11-29 04:00:00,3585.86,3598.48,3535.52,3547.59,422933.712,1508364429.50943
2024-11-29 08:00:00,3547.58,3602.3,3547.58,3596.63,328563.235,1175602726.92973
2024-11-29 12:00:00,3596.64,3649.28,3575.02,3615.21,745589.678,2694460786.43283
2024-11-29 16:00:00,3615.21,3621.97,3561.27,3584.92,496791.003,1783567444.85014
2024-11-29 20:00:00,3584.93,3606.41,3577.22,3594.5,201813.581,725365290.20649
2024-11-30 00:00:00,3594.51,3664.28,3570.2,3660.11,564183.056,2041711743.29773
2024-11-30 04:00:00,3660.11,3730.0,3637.15,3705.64,753802.014,2781245281.80687
2024-11-30 08:00:00,3705.64,3720.98,3629.96,3656.05,532089.682,1954077057.5413
2024-11-30 12:00:00,3656.04,3688.23,3654.0,3676.6,337620.11,1240016767.14345
2024-11-30 16:00:00,3676.6,3700.0,3660.0,3692.0,263000.051,967323364.42109
2024-11-30 20:00:00,3692.0,3742.18,3689.15,3705.73,416075.826,1545926246.98008
2024-12-01 00:00:00,3705.74,3734.12,3661.35,3709.49,646624.159,2391034510.54221
2024-12-01 04:00:00,3709.49,3720.0,3682.43,3705.05,243565.115,901480275.44048
2024-12-01 08:00:00,3705.05,3720.0,3677.38,3694.14,297213.421,1099628539.06067
2024-12-01 12:00:00,3694.13,3750.67,3680.5,3731.0,481894.268,1791392092.29148
2024-12-01 16:00:00,3730.99,3747.21,3695.22,3710.73,369809.799,1376267583.49692
2024-12-01 20:00:00,3710.72,3739.99,3681.11,3711.24,419345.944,1556962141.66011
2024-12-02 00:00:00,3711.22,3766.0,3675.01,3687.84,762454.715,2839547601.96957
2024-12-02 04:00:00,3687.83,3711.83,3650.03,3669.25,761037.464,2799140263.20854
2024-12-02 08:00:00,3669.26,3675.75,3572.35,3592.21,1022016.654,3688189264.96609
2024-12-02 12:00:00,3592.21,3683.0,3585.5,3674.54,832145.809,3026869044.14168
2024-12-02 16:00:00,3674.54,3684.61,3557.61,3614.79,887825.36,3212102477.70523
2024-12-02 20:00:00,3614.79,3647.57,3600.64,3646.26,343788.919,1244851312.71803
2024-12-03 00:00:00,3646.26,3661.93,3611.0,3641.93,409536.168,1490766242.98835
2024-12-03 04:00:00,3641.94,3673.9,3602.32,3619.54,465964.787,1695727531.69989
2024-12-03 08:00:00,3619.54,3638.45,3587.77,3616.19,465635.821,1681233929.31462
2024-12-03 12:00:00,3616.19,3620.88,3502.01,3574.23,1396479.116,4979507416.29559
2024-12-03 16:00:00,3574.19,3597.27,3540.67,3579.27,464228.78,1656379363.24492
2024-12-03 20:00:00,3579.27,3637.09,3576.86,3616.82,425299.045,1537087982.86981
2024-12-04 00:00:00,3616.83,3711.8,3616.82,3664.9,982375.168,3604835159.04353
2024-12-04 04:00:00,3664.9,3724.77,3663.18,3717.79,464029.945,1712353239.52324
2024-12-04 08:00:00,3717.79,3754.05,3699.0,3731.0,645245.8,2403683584.70555
2024-12-04 12:00:00,3731.01,3858.19,3690.46,3824.39,1554082.531,5863809453.86836
2024-12-04 16:00:00,3824.38,3846.69,3736.01,3843.36,1247329.924,4734344697.67732
2024-12-04 20:00:00,3843.36,3891.0,3823.42,3840.75,816266.057,3151425875.16691
2024-12-05 00:00:00,3840.74,3912.0,3769.75,3836.78,1420023.502,5456238606.43002
2024-12-05 04:00:00,3836.78,3884.65,3822.42,3853.65,629590.133,2428434219.7861
2024-12-05 08:00:00,3853.66,3948.0,3853.65,3934.35,913654.757,3578266991.39714
2024-12-05 12:00:00,3934.35,3960.0,3862.37,3890.78,923821.851,3614689652.76823
2024-12-05 16:00:00,3890.78,3930.0,3823.0,3833.94,800497.914,3111258181.80493
2024-12-05 20:00:00,3833.93,3864.6,3615.0,3787.31,1519811.247,5771434427.15203
2024-12-06 00:00:00,3787.3,3917.8,3780.0,3909.82,754463.199,2912191526.88961
2024-12-06 04:00:00,3909.83,3932.96,3875.35,3896.5,417228.43,1628347183.84752
2024-12-06 08:00:00,3896.5,3913.33,3846.42,3869.74,507123.703,1964335981.86121
2024-12-06 12:00:00,3869.74,4046.0,3835.36,3996.28,1615715.684,6391735166.81299
2024-12-06 16:00:00,3996.29,4078.23,3983.38,4071.0,782760.302,3155946878.79458
2024-12-06 20:00:00,4071.0,4092.83,3990.92,4001.75,567835.525,2297713148.07326
2024-12-07 00:00:00,4001.75,4027.82,3972.24,3990.2,374025.767,1495685406.00299
2024-12-07 04:00:00,3990.21,4006.41,3970.0,3989.09,257825.459,1028625961.73015
2024-12-07 08:00:00,3989.09,4012.5,3976.29,4001.26,236615.208,944487599.11097
2024-12-07 12:00:00,4001.27,4012.25,3979.01,4007.66,276002.526,1103386887.05717
2024-12-07 16:00:00,4007.66,4023.83,3989.16,4015.46,241670.811,967862199.98895
2024-12-07 20:00:00,4015.45,4028.69,3995.26,3999.79,163437.223,655459279.55858
2024-12-08 00:00:00,3999.8,4012.38,3986.9,3992.36,136686.918,546782667.31605
2024-12-08 04:00:00,3992.35,3998.9,3960.93,3983.19,291019.411,1158061679.93332
2024-12-08 08:00:00,3983.18,3984.61,3926.0,3974.4,482110.117,1906853680.32823
2024-12-08 12:00:00,3974.39,4006.98,3958.05,3993.92,414731.427,1653321729.56116
2024-12-08 16:00:00,3993.92,4003.0,3966.68,3992.57,230176.135,917194879.23591
2024-12-08 20:00:00,3992.57,4019.57,3978.05,4007.3,232948.119,931595619.69007
2024-12-09 00:00:00,4007.31,4010.67,3906.13,3932.53,552951.022,2186816816.30887
2024-12-09 04:00:00,3932.53,3951.0,3883.0,3920.5,582557.139,2281169461.397
2024-12-09 08:00:00,3920.51,3923.02,3845.0,3853.68,662816.859,2569129517.17566
2024-12-09 12:00:00,3853.68,3947.74,3805.02,3826.42,1136093.805,4395696892.11899
2024-12-09 16:00:00,3826.43,3869.36,3785.0,3797.28,735875.35,2821970410.7708
2024-12-09 20:00:00,3797.28,3806.72,3475.0,3712.55,2871796.874,10580357747.31631
2024-12-10 00:00:00,3712.55,3781.29,3616.0,3682.99,1142978.659,4236461019.88168
2024-12-10 04:00:00,3683.0,3744.0,3637.61,3734.5,493339.353,1826243721.68146
2024-12-10 08:00:00,3734.51,3774.0,3713.52,3750.39,389017.248,1458733353.25269
2024-12-10 12:00:00,3750.39,3754.79,3554.46,3568.08,1634815.264,5976015815.83773
2024-12-10 16:00:00,3568.12,3635.31,3512.71,3629.01,1551344.758,5535834123.46216
2024-12-10 20:00:00,3629.0,3673.26,3612.18,3628.4,463087.91,1687027211.31689
2024-12-11 00:00:00,3628.41,3669.6,3562.65,3665.28,578967.665,2093476741.73656
2024-12-11 04:00:00,3665.29,3681.62,3646.61,3652.17,266943.816,978451092.919
2024-12-11 08:00:00,3652.16,3727.5,3651.0,3716.09,380831.145,1408142480.24521
2024-12-11 12:00:00,3716.1,3820.0,3706.72,3786.75,915066.69,3440827406.98294
2024-12-11 16:00:00,3786.76,3813.1,3752.48,3802.39,532241.528,2016508903.45633
2024-12-11 20:00:00,3802.39,3846.95,3801.42,3830.44,333707.645,1276878694.33588
2024-12-12 00:00:00,3830.44,3947.62,3795.25,3933.77,644713.544,2494066893.7911
2024-12-12 04:00:00,3933.76,3945.0,3893.0,3904.58,530415.085,2079797024.35994
2024-12-12 08:00:00,3904.58,3937.31,3890.25,3912.73,464751.213,1819405709.78604
2024-12-12 12:00:00,3912.74,3986.94,3912.73,3956.9,1048585.891,4143860399.30921
2024-12-12 16:00:00,3956.91,3985.3,3853.19,3870.59,799337.145,3132499667.7417
2024-12-12 20:00:00,3870.58,3901.33,3835.0,3880.52,449431.655,1739694144.84156
2024-12-13 00:00:00,3880.52,3940.0,3851.8,3931.36,441979.861,1722932473.06265
2024-12-13 04:00:00,3931.35,3935.05,3870.0,3884.58,374986.604,1463482867.63769
2024-12-13 08:00:00,3884.57,3923.4,3870.85,3900.4,329660.784,1284318174.00846
2024-12-13 12:00:00,3900.4,3967.96,3877.34,3884.71,696278.409,2733676001.72848
2024-12-13 16:00:00,3884.71,3946.42,3879.0,3916.99,465010.09,1820300840.43599
2024-12-13 20:00:00,3917.0,3934.97,3889.46,3905.6,207101.259,809199434.90461
2024-12-14 00:00:00,3905.59,3944.99,3894.06,3909.55,330718.227,1295904392.85996
2024-12-14 04:00:00,3909.55,3934.94,3904.99,3920.31,148881.404,583728049.53489
2024-12-14 08:00:00,3920.3,3930.74,3885.0,3893.27,213184.409,832195223.68883
2024-12-14 12:00:00,3893.26,3897.6,3845.18,3887.21,499094.188,1932721976.88192
2024-12-14 16:00:00,3887.2,3896.88,3824.02,3857.74,439481.341,1694973045.37735
2024-12-14 20:00:00,3857.74,3877.0,3822.37,3868.6,262470.027,1011648743.79841
2024-12-15 00:00:00,3868.6,3894.03,3854.8,3873.07,185845.678,720666310.73927
2024-12-15 04:00:00,3873.07,3912.87,3829.0,3843.44,346344.287,1342022617.89547
2024-12-15 08:00:00,3843.45,3877.19,3835.1,3876.11,202952.909,783462055.9043
2024-12-15 12:00:00,3876.1,3909.09,3867.12,3893.42,340076.855,1322150178.19837
2024-12-15 16:00:00,3893.42,3918.63,3885.0,3902.12,228462.157,891740871.31981
2024-12-15 20:00:00,3902.12,3973.67,3842.2,3958.5,627075.719,2447463159.05882
2024-12-16 00:00:00,3958.5,4024.86,3927.15,3941.52,787314.461,3135259130.2074
2024-12-16 04:00:00,3941.51,3982.8,3935.05,3973.15,276988.608,1097735403.6608
2024-12-16 08:00:00,3973.15,3975.29,3901.0,3909.09,447854.041,1764457656.58087
2024-12-16 12:00:00,3909.1,3958.84,3882.22,3940.17,772982.721,3029753803.75659
2024-12-16 16:00:00,3940.17,4109.99,3938.05,4056.99,1404414.099,5664487364.28298
2024-12-16 20:00:00,4057.0,4072.77,3978.13,3984.76,501428.597,2019180198.48785
2024-12-17 00:00:00,3984.76,4039.99,3942.0,4033.25,516754.073,2059782366.02785
2024-12-17 04:00:00,4033.25,4033.68,3981.31,3993.05,394211.701,1580373311.17953
2024-12-17 08:00:00,3993.05,4030.93,3988.02,3996.02,328135.695,1316015261.73451
2024-12-17 12:00:00,3996.01,4024.7,3913.75,3937.43,962170.238,3824037485.14776
2024-12-17 16:00:00,3937.42,3983.41,3915.11,3943.28,533413.254,2106046500.90505
2024-12-17 20:00:00,3943.27,3951.92,3844.59,3890.81,635635.475,2473976508.73361
2024-12-18 00:00:00,3890.81,3901.67,3832.02,3848.54,543220.64,2099650502.17063
2024-12-18 04:00:00,3848.55,3861.56,3802.35,3845.4,544117.917,2085892975.45847
2024-12-18 08:00:00,3845.41,3885.83,3840.36,3880.88,305979.813,1182764264.92542
2024-12-18 12:00:00,3880.88,3889.82,3823.01,3866.62,522716.98,2016290637.88402
2024-12-18 16:00:00,3866.63,3908.0,3767.22,3768.82,742164.983,2853850416.28019
2024-12-18 20:00:00,3768.77,3784.8,3615.01,3625.4,1782252.794,6578074056.2725
2024-12-19 00:00:00,3625.41,3671.82,3540.0,3667.16,1184175.871,4278031197.33747
2024-12-19 04:00:00,3667.16,3695.0,3651.43,3691.53,323267.226,1187622127.33737
2024-12-19 08:00:00,3691.52,3718.47,3662.79,3703.73,415867.788,1534559207.20042
2024-12-19 12:00:00,3703.74,3708.36,3571.12,3612.46,1009683.849,3673308046.42605
2024-12-19 16:00:00,3612.46,3635.9,3372.01,3438.97,2757564.637,9600691640.61882
2024-12-19 20:00:00,3438.98,3464.77,3322.2,3416.7,1339821.511,4549462986.30231
2024-12-20 00:00:00,3416.69,3464.98,3369.41,3413.41,718077.647,2452605785.59832
2024-12-20 04:00:00,3413.4,3430.59,3327.03,3389.67,854621.739,2891921173.74847
2024-12-20 08:00:00,3389.67,3390.45,3100.5,3104.32,2829813.58,9130800280.23366
2024-12-20 12:00:00,3103.99,3395.0,3100.0,3373.32,2118046.938,6940311857.57583
2024-12-20 16:00:00,3373.33,3496.54,3365.28,3478.11,917919.6,3142845639.56626
2024-12-20 20:00:00,3478.1,3487.99,3391.22,3470.88,531576.161,1831505848.0258
2024-12-21 00:00:00,3470.88,3489.98,3442.41,3466.82,283161.822,981454279.76138
2024-12-21 04:00:00,3466.81,3553.76,3459.8,3521.65,534662.12,1879647695.46208
2024-12-21 08:00:00,3521.65,3525.78,3422.06,3440.95,637873.601,2213769191.19141
2024-12-21 12:00:00,3440.96,3442.89,3344.19,3389.12,899982.747,3055638440.04093
2024-12-21 16:00:00,3389.12,3401.16,3325.22,3359.41,583301.594,1961230256.51856
2024-12-21 20:00:00,3359.4,3388.37,3291.03,3337.6,465629.351,1552693842.22676
2024-12-22 00:00:00,3337.61,3373.47,3317.49,3354.59,402099.391,1345568794.49547
2024-12-22 04:00:00,3354.58,3360.25,3293.52,3331.31,376654.863,1252789407.45484
2024-12-22 08:00:00,3331.31,3402.08,3330.02,3379.62,354728.435,1197591896.90133
2024-12-22 12:00:00,3379.62,3396.58,3273.0,3300.95,738025.743,2454333730.00974
2024-12-22 16:00:00,3300.95,3337.7,3236.11,3246.09,522406.843,1723731524.27674
2024-12-22 20:00:00,3246.09,3309.56,3219.59,3280.8,572283.781,1868963327.74222
2024-12-23 00:00:00,3280.81,3355.71,3214.81,3349.68,768162.525,2517611314.58431
2024-12-23 04:00:00,3349.68,3362.68,3258.0,3303.34,505023.483,1669451220.70588
2024-12-23 08:00:00,3303.33,3354.0,3291.76,3338.1,384172.024,1279442843.84069
2024-12-23 12:00:00,3338.11,3359.98,3267.04,3276.2,854162.597,2831260537.94312
2024-12-23 16:00:00,3276.01,3383.84,3270.0,3337.27,826718.591,2757825715.88605
2024-12-23 20:00:00,3337.27,3465.75,3328.15,3420.74,624219.153,2134588115.50319
2024-12-24 00:00:00,3420.75,3425.67,3356.01,3395.65,402886.226,1366500740.41415
2024-12-24 04:00:00,3395.66,3433.99,3383.49,3399.92,307276.454,1047127203.15067
2024-12-24 08:00:00,3399.91,3415.41,3384.03,3412.5,251673.381,855909144.53903
2024-12-24 12:00:00,3412.5,3509.5,3393.1,3491.57,726844.336,2509420900.52356
2024-12-24 16:00:00,3491.58,3539.4,3463.24,3463.9,585712.279,2047663074.69002
2024-12-24 20:00:00,3463.9,3504.22,3430.0,3491.97,330874.795,1147249578.51217
2024-12-25 00:00:00,3491.98,3495.0,3456.21,3476.87,254911.709,886747576.11246
2024-12-25 04:00:00,3476.88,3509.08,3468.0,3487.66,185178.031,646215618.4736
2024-12-25 08:00:00,3487.65,3547.01,3462.56,3469.63,462168.864,1621749774.38994
2024-12-25 12:00:00,3469.63,3499.75,3455.08,3471.59,333412.579,1159159999.14423
2024-12-25 16:00:00,3471.58,3487.73,3439.0,3480.19,265585.694,919508690.48945
2024-12-25 20:00:00,3480.18,3498.9,3448.32,3495.72,194013.365,674116280.21307
2024-12-26 00:00:00,3495.73,3514.32,3448.0,3454.03,282142.954,980670680.02235
2024-12-26 04:00:00,3454.03,3454.04,3415.0,3420.84,348782.139,1197936755.88937
2024-12-26 08:00:00,3420.84,3424.37,3345.0,3371.83,649791.286,2193482072.29772
2024-12-26 12:00:00,3371.83,3372.72,3326.0,3342.32,483895.064,1621000203.39515
2024-12-26 16:00:00,3342.32,3363.93,3311.26,3338.54,424673.407,1416322508.45267
2024-12-26 20:00:00,3338.54,3349.39,3302.73,3333.15,332773.998,1106640383.43461
2024-12-27 00:00:00,3333.15,3387.39,3315.37,3377.48,347450.929,1167318188.34489
2024-12-27 04:00:00,3377.48,3397.92,3315.04,3324.04,439930.539,1478095845.51546
2024-12-27 08:00:00,3324.04,3444.0,3324.04,3417.42,722833.578,2459812533.82331
2024-12-27 12:00:00,3417.4,3422.0,3306.0,3325.01,632241.644,2120455042.80132
2024-12-27 16:00:00,3325.0,3365.98,3306.46,3353.88,470258.083,1568023330.1643
2024-12-27 20:00:00,3353.87,3354.74,3308.08,3332.09,238404.076,793595726.63486
2024-12-28 00:00:00,3332.1,3352.45,3320.92,3344.13,189646.91,632852216.76127
2024-12-28 04:00:00,3344.12,3362.0,3331.5,3334.08,142882.003,477898647.26289
2024-12-28 08:00:00,3334.08,3362.75,3331.73,3358.07,154592.699,517533603.23304
2024-12-28 12:00:00,3358.06,3394.99,3349.44,3366.7,315754.327,1064658794.74004
2024-12-28 16:00:00,3366.71,3412.35,3364.32,3399.3,197523.51,669763786.83605
2024-12-28 20:00:00,3399.3,3427.5,3388.1,3402.54,144577.009,492217358.53193
2024-12-29 00:00:00,3402.53,3405.36,3373.99,3381.42,178398.857,603874398.58393
2024-12-29 04:00:00,3381.42,3406.38,3378.34,3405.61,138761.281,470779026.25241
2024-12-29 08:00:00,3405.6,3413.0,3388.54,3397.0,137242.664,466817460.87097
2024-12-29 12:00:00,3396.99,3409.97,3352.84,3372.0,347762.681,1175074745.58426
2024-12-29 16:00:00,3372.01,3375.17,3344.2,3361.65,220959.572,741601185.84429
2024-12-29 20:00:00,3361.64,3367.53,3324.63,3355.46,310396.017,1038360575.28816
2024-12-30 00:00:00,3355.46,3436.86,3346.07,3402.89,460566.034,1567564127.17301
2024-12-30 04:00:00,3402.89,3432.0,3387.39,3426.39,268775.659,917297870.88927
2024-12-30 08:00:00,3426.38,3433.88,3393.58,3423.48,242383.737,827935814.44481
2024-12-30 12:00:00,3423.49,3429.9,3302.2,3323.49,926222.216,3098644350.39024
2024-12-30 16:00:00,3323.49,3408.52,3316.55,3401.7,530949.533,1791466128.37586
2024-12-30 20:00:00,3401.7,3419.34,3307.44,3360.11,524945.048,1760829302.43566
2024-12-31 00:00:00,3360.1,3363.67,3313.96,3339.12,283705.11,946516203.84341
2024-12-31 04:00:00,3339.13,3362.47,3326.96,3352.59,162299.536,543443561.00912
2024-12-31 08:00:00,3352.6,3409.31,3351.53,3394.0,317759.238,1076626448.81953
2024-12-31 12:00:00,3394.0,3452.0,3391.96,3412.58,561368.277,1920376784.10578
2024-12-31 16:00:00,3412.59,3416.91,3328.27,3354.68,553693.306,1865671465.60096
2024-12-31 20:00:00,3354.68,3364.69,3327.07,3336.57,214420.964,716678344.50564
2025-01-01 00:00:00,3336.58,3368.02,3334.76,3354.34,174527.965,585457842.36825
2025-01-01 04:00:00,3354.35,3355.77,3335.46,3345.84,142619.663,477021617.46789
2025-01-01 08:00:00,3345.83,3348.0,3312.62,3340.06,283676.062,944566270.68285
2025-01-01 12:00:00,3340.06,3359.09,3327.0,3352.07,258804.255,865206665.35315
2025-01-01 16:00:00,3352.06,3364.3,3321.11,3356.23,219892.779,735088711.34757
2025-01-01 20:00:00,3356.21,3374.14,3351.0,3359.36,191759.116,644416436.33929
2025-01-02 00:00:00,3359.35,3405.0,3353.5,3388.0,298784.114,1012124577.17076
2025-01-02 04:00:00,3388.01,3427.7,3387.4,3419.69,300874.409,1026516500.93866
2025-01-02 08:00:00,3419.7,3476.17,3414.18,3470.57,402906.955,1390864298.09855
2025-01-02 12:00:00,3470.58,3511.14,3439.57,3462.76,744897.911,2586355853.92822
2025-01-02 16:00:00,3462.75,3488.87,3428.0,3462.32,452605.787,1565422967.18453
2025-01-02 20:00:00,3462.32,3474.9,3420.0,3454.83,210011.105,723931018.58004
2025-01-03 00:00:00,3454.83,3476.48,3442.1,3469.33,237589.606,821967253.43632
2025-01-03 04:00:00,3469.33,3470.1,3431.01,3432.62,224937.145,775532043.03504
2025-01-03 08:00:00,3432.62,3466.54,3421.56,3464.73,235019.049,808960828.19534
2025-01-03 12:00:00,3464.74,3578.19,3460.0,3564.32,826976.603,2909178919.1781
2025-01-03 16:00:00,3564.32,3630.0,3564.31,3621.91,690547.819,2483512265.17573
2025-01-03 20:00:00,3621.9,3623.21,3594.22,3607.89,275757.552,995334333.7886
2025-01-04 00:00:00,3607.9,3619.9,3581.44,3597.19,202783.463,729326020.0103
2025-01-04 04:00:00,3597.19,3609.83,3583.11,3593.04,158721.532,570768290.37244
2025-01-04 08:00:00,3593.05,3609.54,3570.66,3601.16,262095.459,940952907.95153
2025-01-04 12:00:00,3601.17,3664.0,3589.54,3606.44,649965.775,2358514627.24513
2025-01-04 16:00:00,3606.44,3643.73,3600.3,3629.91,219313.517,794873486.67943
2025-01-04 20:00:00,3629.92,3670.0,3629.91,3655.99,236302.857,863958479.38789
2025-01-05 00:00:00,3655.98,3674.71,3627.77,3636.61,178497.371,650761553.56025
2025-01-05 04:00:00,3636.61,3648.09,3626.83,3630.38,109673.226,398848152.97424
2025-01-05 08:00:00,3630.37,3632.1,3602.08,3612.56,259595.339,938458598.18098
2025-01-05 12:00:00,3612.56,3637.79,3592.14,3628.45,343813.853,1243107492.93338
2025-01-05 16:00:00,3628.45,3647.42,3611.25,3636.92,212145.933,770160291.03402
2025-01-05 20:00:00,3636.91,3656.29,3627.33,3634.96,166347.983,605856430.25847
2025-01-06 00:00:00,3634.96,3684.25,3609.0,3663.93,439461.924,1605921859.20013
2025-01-06 04:00:00,3663.93,3698.0,3640.84,3649.39,340687.514,1250001584.25994
2025-01-06 08:00:00,3649.39,3663.08,3631.34,3653.71,246668.531,899126821.0161
2025-01-06 12:00:00,3653.71,3714.0,3620.74,3712.99,809441.74,2968664861.92768
2025-01-06 16:00:00,3712.99,3744.28,3653.88,3686.47,648021.032,2397249239.42831
2025-01-06 20:00:00,3686.46,3702.99,3665.38,3685.72,201781.217,742324556.28129
2025-01-07 00:00:00,3685.72,3700.31,3661.97,3681.49,200582.524,738746195.99827
2025-01-07 04:00:00,3681.49,3685.53,3657.4,3666.61,147741.475,542314506.87967
2025-01-07 08:00:00,3666.61,3678.52,3625.0,3638.55,322768.19,1178427062.57194
2025-01-07 12:00:00,3638.55,3644.9,3409.0,3461.21,1785243.892,6301437144.07785
2025-01-07 16:00:00,3461.21,3490.89,3363.0,3384.36,1071232.073,3681628624.05952
2025-01-07 20:00:00,3384.36,3412.82,3353.59,3379.38,535089.353,1810193526.88537
2025-01-08 00:00:00,3379.37,3413.55,3340.01,3359.32,460814.225,1556976459.70195
2025-01-08 04:00:00,3359.33,3372.62,3306.01,3353.19,663845.618,2216282336.06865
2025-01-08 08:00:00,3353.19,3376.54,3321.6,3348.5,475095.283,1592992513.58684
2025-01-08 12:00:00,3348.5,3384.9,3331.0,3346.0,620307.901,2081926636.91447
2025-01-08 16:00:00,3346.0,3347.07,3206.54,3279.47,1432501.97,4694803306.86578
2025-01-08 20:00:00,3279.46,3333.65,3265.0,3325.38,306693.7,1012246641.34684
2025-01-09 00:00:00,3325.38,3355.85,3305.52,3323.6,410830.923,1368238969.48696
2025-01-09 04:00:00,3323.6,3342.4,3280.64,3288.18,347192.79,1149484226.09988
2025-01-09 08:00:00,3288.17,3326.88,3264.77,3300.35,509098.417,1681190708.20463
2025-01-09 12:00:00,3300.34,3337.64,3208.34,3318.79,960677.736,3135139353.27364
2025-01-09 16:00:00,3318.8,3326.39,3180.8,3193.65,796218.361,2594319579.37553
2025-01-09 20:00:00,3193.66,3238.44,3156.0,3218.24,615844.42,1968118381.39417
2025-01-10 00:00:00,3218.24,3259.24,3212.62,3253.05,268734.137,869305992.45956
2025-01-10 04:00:00,3253.05,3312.55,3241.12,3294.65,376479.57,1233173301.51621
2025-01-10 08:00:00,3294.65,3320.0,3286.36,3309.74,281295.657,928847278.99554
2025-01-10 12:00:00,3309.75,3315.96,3193.43,3243.7,1260730.298,4097013620.942
2025-01-10 16:00:00,3243.69,3323.0,3230.18,3293.8,597122.705,1956141335.23579
2025-01-10 20:00:00,3293.8,3293.8,3255.19,3265.52,176432.213,576705247.45104
2025-01-11 00:00:00,3265.51,3268.98,3230.01,3235.98,180637.121,586856978.85646
2025-01-11 04:00:00,3235.98,3249.5,3223.56,3234.66,152866.022,494802852.4211
2025-01-11 08:00:00,3234.66,3279.68,3217.36,3272.7,317779.465,1032494887.19997
2025-01-11 12:00:00,3272.69,3282.5,3256.97,3270.07,187501.19,613045387.03687
2025-01-11 16:00:00,3270.06,3283.17,3257.54,3277.47,141999.883,464420617.38804
2025-01-11 20:00:00,3277.46,3319.3,3274.61,3281.84,202024.15,665908822.90235
2025-01-12 00:00:00,3281.85,3290.35,3273.0,3285.27,98733.386,324039820.31269
2025-01-12 04:00:00,3285.27,3288.61,3262.0,3265.74,119890.329,392431185.86998
2025-01-12 08:00:00,3265.73,3270.6,3222.4,3251.78,372994.428,1209614299.86852
2025-01-12 12:00:00,3251.78,3294.91,3246.51,3284.39,322335.734,1053407376.18019
2025-01-12 16:00:00,3284.39,3299.0,3267.23,3279.12,189826.451,623268100.10721
2025-01-12 20:00:00,3279.11,3288.57,3232.58,3265.7,245076.152,797767113.78186
2025-01-13 00:00:00,3265.7,3338.32,3234.01,3241.14,753425.342,2474435352.84292
2025-01-13 04:00:00,3241.14,3259.77,3179.49,3200.53,526464.971,1691995744.62329
2025-01-13 08:00:00,3200.54,3205.0,3055.0,3056.82,1253297.471,3917868001.44929
2025-01-13 12:00:00,3056.81,3090.3,2900.0,3047.37,2183311.581,6613143441.55672
2025-01-13 16:00:00,3047.38,3058.8,2985.0,3023.97,803120.658,2424264052.08421
2025-01-13 20:00:00,3023.96,3142.28,3010.27,3136.14,587100.307,1817823162.84511
2025-01-14 00:00:00,3136.13,3174.23,3123.47,3157.58,360723.86,1135716759.2102
2025-01-14 04:00:00,3157.58,3189.0,3156.0,3170.39,309052.916,980283335.88038
2025-01-14 08:00:00,3170.39,3255.84,3168.02,3216.22,611908.825,1970114489.77494
2025-01-14 12:00:00,3216.21,3232.99,3177.23,3197.87,773056.996,2476811743.56577
2025-01-14 16:00:00,3197.87,3235.0,3171.02,3212.8,431259.957,1381590975.82755
2025-01-14 20:00:00,3212.79,3239.46,3193.02,3223.99,228402.81,735160584.54514
2025-01-15 00:00:00,3223.99,3244.15,3203.4,3239.99,295811.449,953821652.42938
2025-01-15 04:00:00,3239.99,3251.69,3213.55,3231.3,282172.228,911853827.16879
2025-01-15 08:00:00,3231.3,3247.64,3185.33,3198.4,371300.983,1192870353.08736
2025-01-15 12:00:00,3198.41,3353.0,3185.09,3332.95,1142496.701,3752757302.33084
2025-01-15 16:00:00,3332.96,3442.08,3322.83,3433.76,715985.66,2415739347.7554
2025-01-15 20:00:00,3433.76,3472.93,3416.75,3449.8,484145.747,1666042402.89066
2025-01-16 00:00:00,3449.81,3458.99,3343.76,3362.1,514376.981,1745256505.58366
2025-01-16 04:00:00,3362.1,3389.89,3360.22,3382.42,227268.453,766910338.9223
2025-01-16 08:00:00,3382.42,3384.0,3297.7,3349.75,693450.315,2307667041.82187
2025-01-16 12:00:00,3349.75,3364.06,3263.06,3332.0,967866.641,3203781001.36073
2025-01-16 16:00:00,3331.99,3365.0,3308.33,3343.36,472465.913,1577257372.81494
2025-01-16 20:00:00,3343.35,3352.77,3266.3,3306.94,383329.444,1267217484.85506
2025-01-17 00:00:00,3306.93,3396.65,3306.41,3360.0,554376.405,1863096719.15142
2025-01-17 04:00:00,3359.99,3389.11,3346.44,3371.36,273122.05,919508941.67168
2025-01-17 08:00:00,3371.37,3438.23,3370.83,3422.11,436415.184,1487627096.03055
2025-01-17 12:00:00,3422.11,3450.0,3390.0,3420.44,661244.494,2260914454.78708
2025-01-17 16:00:00,3420.44,3447.99,3406.0,3431.12,437664.723,1500168635.19603
2025-01-17 20:00:00,3431.12,3524.85,3424.14,3472.38,665873.616,2320897187.34157
2025-01-18 00:00:00,3472.38,3492.95,3366.34,3382.79,489900.418,1681167741.02967
2025-01-18 04:00:00,3382.79,3394.62,3280.0,3286.42,931828.883,3100408775.88391
2025-01-18 08:00:00,3286.42,3323.74,3225.65,3310.54,1041662.209,3408169327.62331
2025-01-18 12:00:00,3310.54,3346.99,3272.72,3305.99,766603.486,2535803451.67161
2025-01-18 16:00:00,3305.99,3316.19,3246.72,3289.09,600054.463,1967113194.70239
2025-01-18 20:00:00,3289.09,3320.97,3256.64,3306.7,260627.044,856254845.88357
2025-01-19 00:00:00,3306.71,3377.7,3297.7,3334.96,499968.097,1671684869.14041
2025-01-19 04:00:00,3334.96,3337.31,3258.17,3275.02,552398.945,1816915217.83487
2025-01-19 08:00:00,3275.02,3277.15,3129.63,3149.69,1233719.333,3937002949.78945
2025-01-19 12:00:00,3149.7,3425.99,3144.07,3383.66,2009905.192,6665539728.67183
2025-01-19 16:00:00,3383.66,3449.77,3377.56,3419.84,656060.0,2241601217.74242
2025-01-19 20:00:00,3419.84,3432.98,3155.0,3214.15,1975076.538,6431181126.11661
2025-01-20 00:00:00,3214.16,3280.0,3141.25,3271.38,1213420.668,3893189367.68684
2025-01-20 04:00:00,3271.38,3455.76,3249.33,3383.33,1230989.383,4143550531.03537
2025-01-20 08:00:00,3383.33,3412.9,3333.99,3375.67,763237.745,2576425546.77265
2025-01-20 12:00:00,3375.68,3379.75,3255.0,3335.93,1212001.007,4031675145.3851
2025-01-20 16:00:00,3335.95,3391.39,3200.0,3342.93,1742868.973,5767739021.707
2025-01-20 20:00:00,3342.95,3344.32,3255.01,3283.2,447017.078,1476507898.1506
2025-01-21 00:00:00,3283.21,3289.47,3203.5,3262.23,632698.994,2054076787.29527
2025-01-21 04:00:00,3262.24,3266.04,3210.09,3254.01,416201.919,1348023237.19122
2025-01-21 08:00:00,3254.01,3313.29,3233.34,3304.39,425362.906,1395247934.68585
2025-01-21 12:00:00,3304.4,3334.98,3263.55,3294.15,681178.837,2247662949.57233
2025-01-21 16:00:00,3294.15,3367.95,3289.18,3331.74,583369.502,1942917070.21059
2025-01-21 20:00:00,3331.74,3346.66,3301.0,3326.72,294744.237,978873760.73022
2025-01-22 00:00:00,3326.71,3365.97,3320.0,3330.48,283691.573,947105743.0452
2025-01-22 04:00:00,3330.48,3339.4,3285.82,3286.9,236504.831,782974308.6807
2025-01-22 08:00:00,3286.91,3329.52,3272.5,3325.53,275117.852,907179897.91565
2025-01-22 12:00:00,3325.52,3331.72,3266.01,3277.48,533789.749,1757813641.85046
2025-01-22 16:00:00,3277.47,3291.39,3237.01,3261.51,393415.014,1285978841.16732
2025-01-22 20:00:00,3261.51,3276.25,3220.82,3242.0,301551.844,979264631.04886
2025-01-23 00:00:00,3241.99,3261.1,3202.62,3225.99,341233.19,1102820491.3402
2025-01-23 04:00:00,3226.06,3232.43,3177.0,3232.07,325135.376,1043075629.23832
2025-01-23 08:00:00,3232.08,3232.43,3187.2,3212.79,275126.134,882284254.6836
2025-01-23 12:00:00,3212.79,3286.0,3188.53,3258.5,893550.014,2898517616.65151
2025-01-23 16:00:00,3258.51,3296.99,3192.63,3203.48,656087.372,2129948865.18543
2025-01-23 20:00:00,3203.48,3347.7,3195.51,3337.88,1044575.104,3415714512.91757
2025-01-24 00:00:00,3337.87,3349.75,3273.94,3301.2,456796.456,1509678987.84846
2025-01-24 04:00:00,3301.2,3420.74,3291.14,3380.58,668059.392,2253342819.53375
2025-01-24 08:00:00,3380.59,3416.0,3374.61,3398.68,334090.503,1135927368.36525
2025-01-24 12:00:00,3398.67,3429.99,3353.54,3382.62,619533.812,2101956398.56387
2025-01-24 16:00:00,3382.61,3408.51,3362.94,3367.25,390516.557,1321902981.65417
2025-01-24 20:00:00,3367.26,3377.56,3302.01,3308.62,444001.208,1479690642.87818
2025-01-25 00:00:00,3308.61,3324.18,3266.53,3318.0,353236.079,1164025454.17823
2025-01-25 04:00:00,3318.01,3318.59,3281.7,3289.78,195084.834,642850091.93238
2025-01-25 08:00:00,3289.79,3310.6,3270.0,3305.5,233267.509,767367432.04557
2025-01-25 12:00:00,3305.51,3343.83,3292.36,3332.87,286347.313,950152164.3098
2025-01-25 16:00:00,3332.88,3348.84,3328.7,3338.72,197427.132,659004473.33964
2025-01-25 20:00:00,3338.71,3349.8,3313.11,3317.91,148362.778,494341083.43512
2025-01-26 00:00:00,3317.91,3349.38,3312.37,3337.47,161804.423,538354667.76262
2025-01-26 04:00:00,3337.46,3363.0,3328.41,3337.52,169148.27,565884156.32245
2025-01-26 08:00:00,3337.52,3342.41,3290.68,3310.45,293992.118,973322372.72197
2025-01-26 12:00:00,3310.45,3319.94,3295.48,3313.61,180972.317,598350291.79243
2025-01-26 16:00:00,3313.61,3344.26,3305.65,3337.51,237997.087,792435755.558
2025-01-26 20:00:00,3337.51,3341.34,3226.57,3230.5,550724.677,1801792053.06619
2025-01-27 00:00:00,3230.5,3253.19,3158.87,3182.11,774992.104,2479313480.79982
2025-01-27 04:00:00,3182.11,3182.11,3020.17,3069.13,1248919.676,3868165033.5209
2025-01-27 08:00:00,3069.12,3089.0,3032.4,3057.48,609488.084,1865193212.43213
2025-01-27 12:00:00,3057.49,3150.81,3051.96,3132.04,958372.141,2981110944.63835
2025-01-27 16:00:00,3132.04,3132.04,3043.53,3074.88,627107.5,1933780093.35724
2025-01-27 20:00:00,3074.87,3238.0,3071.78,3180.99,720115.775,2276369473.03441
2025-01-28 00:00:00,3181.0,3217.0,3150.26,3201.47,380872.154,1213032435.85228
2025-01-28 04:00:00,3201.47,3221.98,3187.51,3194.62,282992.631,907382958.50256
2025-01-28 08:00:00,3194.63,3206.71,3175.0,3185.21,247037.689,788593242.09132
2025-01-28 12:00:00,3185.21,3215.79,3154.28,3180.15,460464.952,1463504160.42524
2025-01-28 16:00:00,3180.15,3181.81,3120.1,3146.55,517181.364,1631258952.77796
2025-01-28 20:00:00,3146.54,3154.34,3038.0,3075.96,703024.749,2168176365.26177
2025-01-29 00:00:00,3075.96,3131.71,3075.18,3129.1,302685.525,941065193.36019
2025-01-29 04:00:00,3129.1,3158.79,3115.0,3155.64,264201.741,828601901.317
2025-01-29 08:00:00,3155.65,3163.39,3117.53,3133.63,251892.396,790381131.88168
2025-01-29 12:00:00,3133.64,3138.95,3078.93,3099.69,506099.966,1571233868.55315
2025-01-29 16:00:00,3099.68,3153.92,3052.88,3125.08,884382.592,2745593267.50723
2025-01-29 20:00:00,3125.08,3180.93,3088.74,3112.55,654204.389,2050697725.48357
2025-01-30 00:00:00,3112.54,3202.68,3089.0,3200.3,432169.163,1359449134.83984
2025-01-30 04:00:00,3200.29,3214.85,3177.0,3189.54,339248.953,1083381307.66758
2025-01-30 08:00:00,3189.55,3228.99,3180.0,3221.16,304385.435,977139563.27855
2025-01-30 12:00:00,3221.16,3279.99,3207.86,3254.39,720323.171,2342862414.41242
2025-01-30 16:00:00,3254.4,3282.6,3246.04,3270.07,340497.132,1111897040.78819
2025-01-30 20:00:00,3270.08,3271.83,3225.25,3245.86,338753.72,1099963884.6875
2025-01-31 00:00:00,3245.86,3279.72,3219.75,3229.54,343126.65,1115180659.98075
2025-01-31 04:00:00,3229.54,3276.65,3212.31,3239.99,356318.684,1155911779.77431
2025-01-31 08:00:00,3240.0,3337.77,3232.05,3334.22,608633.085,2000230417.5484
2025-01-31 12:00:00,3334.22,3427.8,3324.0,3426.21,1036268.528,3489348694.40047
2025-01-31 16:00:00,3426.21,3436.39,3292.16,3337.3,1178257.863,3956716154.2532
2025-01-31 20:00:00,3337.31,3337.31,3277.01,3299.5,607680.104,2007618887.795
2025-02-01 00:00:00,3299.5,3330.82,3281.82,3291.01,310073.857,1025692671.16889
2025-02-01 04:00:00,3291.02,3305.87,3271.0,3278.99,233707.755,768864887.47708
2025-02-01 08:00:00,3279.0,3285.48,3222.31,3250.54,525352.596,1706857524.28612
2025-02-01 12:00:00,3250.54,3272.0,3227.0,3249.4,357170.055,1160718558.54921
2025-02-01 16:00:00,3249.4,3266.0,3177.07,3195.18,491784.016,1585272316.10238
2025-02-01 20:00:00,3195.18,3196.06,3100.67,3116.22,715520.433,2251945425.35944
2025-02-02 00:00:00,3116.23,3161.86,3066.83,3076.48,617731.577,1922921464.30278
2025-02-02 04:00:00,3076.48,3138.2,3072.84,3099.88,487613.548,1514555321.40299
2025-02-02 08:00:00,3099.87,3122.99,3050.0,3063.49,565024.864,1746256112.18175
2025-02-02 12:00:00,3063.5,3100.36,3049.01,3079.48,585822.041,1800428028.43488
2025-02-02 16:00:00,3079.48,3080.38,2889.97,2957.76,2183867.866,6497658144.96503
2025-02-02 20:00:00,2957.76,2987.32,2736.01,2868.05,1948736.206,5573428212.20578
2025-02-03 00:00:00,2868.06,2871.8,2080.19,2525.33,5243093.308,13416778380.65232
2025-02-03 04:00:00,2525.36,2629.91,2445.31,2619.27,1475372.405,3712562057.17837
2025-02-03 08:00:00,2619.27,2619.58,2523.56,2579.43,1468837.515,3788145031.38109
2025-02-03 12:00:00,2579.43,2725.8,2526.68,2698.75,2625991.935,6879972496.17663
2025-02-03 16:00:00,2698.75,2768.87,2665.06,2762.26,1277480.193,3467239674.3771
2025-02-03 20:00:00,2762.39,2919.34,2693.62,2878.69,1512965.282,4257665295.92016
2025-02-04 00:00:00,2878.68,2888.8,2791.03,2809.42,644590.349,1829449491.73446
2025-02-04 04:00:00,2809.42,2835.75,2661.22,2702.36,1415418.108,3849594840.00907
2025-02-04 08:00:00,2702.36,2787.83,2675.28,2756.95,821336.139,2241745462.88862
2025-02-04 12:00:00,2756.95,2844.68,2727.04,2775.6,1382312.445,3864958343.40208
2025-02-04 16:00:00,2775.61,2868.3,2762.17,2768.85,938987.688,2641685913.1596
2025-02-04 20:00:00,2769.01,2792.93,2630.5,2730.03,1391126.31,3759692998.44419
2025-02-05 00:00:00,2730.06,2771.58,2697.95,2718.95,567330.366,1549043581.99607
2025-02-05 04:00:00,2718.93,2787.23,2707.14,2758.17,639824.53,1758823599.68882
2025-02-05 08:00:00,2758.17,2817.98,2745.04,2798.58,613566.253,1704475769.22932
2025-02-05 12:00:00,2798.59,2827.98,2756.07,2772.12,751510.47,2096832295.33248
2025-02-05 16:00:00,2772.11,2787.34,2713.05,2774.5,912187.088,2507202908.65247
2025-02-05 20:00:00,2774.5,2802.64,2736.29,2787.0,580471.841,1608553282.38947
2025-02-06 00:00:00,2787.0,2818.45,2753.65,2805.17,430202.488,1201611818.41235
2025-02-06 04:00:00,2805.18,2854.95,2804.76,2830.41,374849.388,1061383981.72197
2025-02-06 08:00:00,2830.4,2857.43,2790.72,2802.02,554419.09,1566455269.52421
2025-02-06 12:00:00,2802.02,2805.84,2680.32,2704.25,1060374.119,2919171346.97929
2025-02-06 16:00:00,2704.26,2726.09,2668.03,2689.0,788662.933,2130588645.16195
2025-02-06 20:00:00,2688.91,2724.48,2650.0,2685.25,469014.336,1262207481.59604
2025-02-07 00:00:00,2685.26,2738.99,2678.0,2714.46,398087.059,1079024984.08326
2025-02-07 04:00:00,2714.47,2730.56,2666.7,2711.63,422940.897,1143496675.00019
2025-02-07 08:00:00,2711.63,2763.88,2703.69,2761.34,367396.576,1005805598.68981
2025-02-07 12:00:00,2761.34,2796.12,2707.66,2720.33,1224803.892,3372995247.55644
2025-02-07 16:00:00,2720.34,2728.83,2654.17,2657.82,755885.503,2031328376.41053
2025-02-07 20:00:00,2657.81,2660.79,2560.68,2620.66,900566.348,2341914943.25468
2025-02-08 00:00:00,2620.66,2667.15,2614.22,2640.62,441432.361,1165697912.8176
2025-02-08 04:00:00,2640.62,2647.9,2592.72,2628.33,415632.693,1089829559.34307
2025-02-08 08:00:00,2628.33,2631.68,2600.33,2612.09,271229.988,709183571.22621
2025-02-08 12:00:00,2612.1,2635.68,2587.05,2604.06,371087.348,968538158.61918
2025-02-08 16:00:00,2604.06,2648.83,2588.43,2636.16,305316.541,800503693.46015
2025-02-08 20:00:00,2636.16,2644.33,2621.98,2630.99,137861.995,363166884.07697
2025-02-09 00:00:00,2630.99,2698.0,2625.35,2677.16,354609.467,941867931.54541
2025-02-09 04:00:00,2677.12,2677.88,2648.0,2661.3,187350.75,498669095.56427
2025-02-09 08:00:00,2661.3,2672.41,2650.11,2653.88,184436.257,490935252.08335
2025-02-09 12:00:00,2653.88,2660.9,2610.0,2651.91,487954.855,1286770141.57666
2025-02-09 16:00:00,2651.92,2665.78,2615.41,2622.71,268252.294,708867902.93537
2025-02-09 20:00:00,2622.7,2649.8,2518.12,2626.07,999519.554,2589967584.90632
2025-02-10 00:00:00,2626.07,2657.73,2556.91,2624.72,760481.765,1983306363.99799
2025-02-10 04:00:00,2624.72,2659.92,2617.19,2636.0,309901.964,816405937.88398
2025-02-10 08:00:00,2636.0,2661.12,2633.42,2652.25,321598.039,851339409.54722
2025-02-10 12:00:00,2652.24,2685.65,2630.0,2657.31,659874.396,1752093952.09149
2025-02-10 16:00:00,2657.31,2692.99,2648.66,2670.87,465184.993,1242239821.25177
2025-02-10 20:00:00,2670.87,2685.44,2650.1,2659.99,193602.296,515999635.58473
2025-02-11 00:00:00,2659.99,2724.49,2659.36,2677.71,502164.189,1351004966.25631
2025-02-11 04:00:00,2677.71,2723.99,2675.0,2710.68,411348.141,1112642421.76441
2025-02-11 08:00:00,2710.67,2720.54,2690.0,2707.32,353774.378,956958346.11655
2025-02-11 12:00:00,2707.31,2709.05,2624.11,2661.16,793420.929,2111415942.31496
2025-02-11 16:00:00,2661.16,2669.69,2580.83,2588.46,697247.97,1828900293.84518
2025-02-11 20:00:00,2588.45,2630.69,2552.88,2601.03,588378.347,1530330723.75603
2025-02-12 00:00:00,2601.03,2623.4,2566.9,2586.01,371405.566,964850096.30798
2025-02-12 04:00:00,2586.0,2622.69,2575.97,2617.27,299794.613,780118767.76494
2025-02-12 08:00:00,2617.26,2638.86,2609.07,2625.94,436799.675,1146335695.3227
2025-02-12 12:00:00,2625.95,2664.68,2542.21,2605.99,1508857.466,3918314080.42749
2025-02-12 16:00:00,2606.0,2682.87,2582.0,2677.17,787210.757,2084064757.70363
2025-02-12 20:00:00,2677.17,2794.99,2668.28,2737.14,895653.816,2445138017.56542
2025-02-13 00:00:00,2737.14,2756.51,2714.83,2743.54,341314.086,934004969.16644
2025-02-13 04:00:00,2743.54,2745.02,2670.5,2680.13,472519.965,1276844108.47366
2025-02-13 08:00:00,2680.12,2687.6,2649.4,2654.7,476981.002,1273214532.89365
2025-02-13 12:00:00,2654.7,2677.83,2612.08,2646.27,823485.526,2179789346.53798
2025-02-13 16:00:00,2646.28,2661.23,2610.72,2639.75,500471.287,1318471535.55574
2025-02-13 20:00:00,2639.75,2678.92,2639.15,2674.52,249732.351,664958396.98855
2025-02-14 00:00:00,2674.52,2720.7,2662.97,2714.0,334566.337,899676540.99447
2025-02-14 04:00:00,2713.99,2715.31,2688.02,2698.0,218681.226,590375735.42912
2025-02-14 08:00:00,2698.01,2715.76,2681.08,2684.0,331889.308,896798355.03548
2025-02-14 12:00:00,2684.0,2746.6,2676.33,2733.34,666728.627,1804921723.85376
2025-02-14 16:00:00,2733.35,2791.0,2708.25,2736.68,737787.4,2030294539.53185
2025-02-14 20:00:00,2736.69,2750.0,2704.23,2724.74,423033.093,1154508759.67005
2025-02-15 00:00:00,2724.75,2738.0,2702.45,2723.21,210787.647,573801789.52212
2025-02-15 04:00:00,2723.2,2732.73,2692.2,2696.37,219093.998,593934946.65212
2025-02-15 08:00:00,2696.36,2713.82,2694.12,2706.91,187621.713,507184814.13442
2025-02-15 12:00:00,2706.91,2712.99,2655.31,2689.86,340735.238,916976278.74685
2025-02-15 16:00:00,2689.85,2707.49,2677.35,2690.4,197199.114,530871614.0005
2025-02-15 20:00:00,2690.41,2703.4,2677.48,2691.73,131141.803,352868668.70725
2025-02-16 00:00:00,2691.74,2705.0,2686.0,2697.89,130959.091,352856753.99984
2025-02-16 04:00:00,2697.9,2726.27,2689.12,2694.39,244267.196,660978701.97128
2025-02-16 08:00:00,2694.39,2711.87,2688.0,2709.75,211456.532,570993811.15589
2025-02-16 12:00:00,2709.75,2711.45,2674.61,2692.96,310708.628,836524733.51386
2025-02-16 16:00:00,2692.96,2702.7,2658.0,2682.28,297187.35,796206687.38249
2025-02-16 20:00:00,2682.28,2688.53,2643.75,2660.0,300164.793,800645228.29302
2025-02-17 00:00:00,2660.01,2683.2,2655.91,2670.83,202667.845,540920314.25869
2025-02-17 04:00:00,2670.83,2694.76,2632.81,2680.47,431187.175,1150857120.93759
2025-02-17 08:00:00,2680.48,2773.93,2675.39,2753.93,839651.322,2296233487.4722
2025-02-17 12:00:00,2753.94,2848.76,2745.0,2754.74,1310627.917,3661034974.61849
2025-02-17 16:00:00,2754.73,2764.28,2685.48,2716.38,966284.75,2634543934.81984
2025-02-17 20:00:00,2716.37,2777.2,2714.95,2743.0,364073.16,1000072890.91879
2025-02-18 00:00:00,2742.99,2755.85,2706.09,2710.75,360308.454,981658951.69809
2025-02-18 04:00:00,2710.75,2716.86,2650.31,2671.01,638482.338,1709178613.6345
2025-02-18 08:00:00,2671.0,2705.45,2651.42,2678.14,473428.864,1269966875.2451
2025-02-18 12:00:00,2678.13,2731.74,2656.84,2672.38,768086.902,2068426348.43498
2025-02-18 16:00:00,2672.38,2683.82,2604.18,2628.8,953451.105,2511465937.45267
2025-02-18 20:00:00,2628.87,2671.0,2616.88,2670.57,385829.819,1021631303.81892
2025-02-19 00:00:00,2670.56,2699.12,2654.82,2692.94,332333.658,889670385.1444
2025-02-19 04:00:00,2692.95,2716.62,2663.0,2707.0,411993.917,1108691841.72656
2025-02-19 08:00:00,2707.0,2736.12,2703.2,2725.99,434409.489,1182199745.41624
2025-02-19 12:00:00,2726.0,2730.62,2675.79,2695.59,608006.541,1643946145.51036
2025-02-19 16:00:00,2695.59,2723.49,2693.19,2710.81,351325.943,951125447.62147
2025-02-19 20:00:00,2710.81,2735.0,2704.66,2714.06,266494.933,724602100.6173
2025-02-20 00:00:00,2714.06,2750.0,2708.21,2740.22,345072.582,942000123.51589
2025-02-20 04:00:00,2740.36,2758.53,2721.0,2728.88,295516.074,808463755.92255
2025-02-20 08:00:00,2728.87,2746.0,2723.72,2739.35,210223.414,574659196.10267
2025-02-20 12:00:00,2739.36,2770.5,2706.0,2711.25,747277.331,2047298871.63263
2025-02-20 16:00:00,2711.24,2767.57,2705.64,2746.43,538281.0,1471152842.71025
2025-02-20 20:00:00,2746.43,2759.96,2720.71,2736.87,227283.901,622452144.42929
2025-02-21 00:00:00,2736.86,2748.76,2724.15,2743.15,211134.832,578117334.43912
2025-02-21 04:00:00,2743.16,2768.93,2743.15,2754.99,241653.963,665815889.84314
2025-02-21 08:00:00,2754.99,2830.88,2746.55,2787.2,791277.979,2208349335.99692
2025-02-21 12:00:00,2787.2,2845.0,2666.15,2722.25,2090338.609,5788922929.86484
2025-02-21 16:00:00,2722.25,2768.24,2624.24,2638.47,1959737.591,5283941047.20657
2025-02-21 20:00:00,2638.48,2662.13,2614.76,2660.85,708165.039,1870553058.07599
2025-02-22 00:00:00,2660.86,2687.44,2651.24,2673.91,404571.336,1081821913.15387
2025-02-22 04:00:00,2673.91,2696.29,2671.37,2682.8,234189.08,628743653.5049
2025-02-22 08:00:00,2682.81,2753.06,2675.16,2731.91,646805.563,1761179375.5181
2025-02-22 12:00:00,2731.91,2785.0,2720.76,2774.62,501060.788,1375239438.01416
2025-02-22 16:00:00,2774.61,2797.21,2755.55,2769.12,549846.776,1527715070.17096
2025-02-22 20:00:00,2769.13,2777.3,2758.0,2762.01,169198.152,468220739.73755
2025-02-23 00:00:00,2762.0,2774.6,2743.62,2751.68,268591.647,740399184.99144
2025-02-23 04:00:00,2751.68,2828.5,2745.11,2823.64,614485.451,1715794397.90947
2025-02-23 08:00:00,2823.64,2831.0,2781.18,2796.42,557163.56,1563016600.39944
2025-02-23 12:00:00,2796.42,2826.11,2771.85,2781.75,733998.49,2053307655.965
2025-02-23 16:00:00,2781.76,2823.24,2781.04,2806.77,407157.966,1143356236.0547
2025-02-23 20:00:00,2806.76,2860.9,2783.74,2818.54,523608.593,1475366274.29585
2025-02-24 00:00:00,2818.54,2839.0,2710.0,2716.56,876127.626,2427199168.28127
2025-02-24 04:00:00,2716.57,2734.68,2691.07,2720.41,724480.767,1966627977.90095
2025-02-24 08:00:00,2720.42,2721.01,2662.0,2688.69,913050.519,2454950782.98729
2025-02-24 12:00:00,2688.69,2695.75,2633.51,2657.59,1041831.876,2777247053.81844
2025-02-24 16:00:00,2657.59,2681.61,2621.0,2640.21,667869.312,1773553787.33993
2025-02-24 20:00:00,2640.21,2662.71,2466.34,2512.27,1667804.361,4278485827.60087
2025-02-25 00:00:00,2512.26,2529.4,2456.75,2493.83,1265913.627,3161148610.57634
2025-02-25 04:00:00,2493.84,2511.85,2287.13,2366.83,2062087.137,4977780440.93944
2025-02-25 08:00:00,2366.83,2438.25,2355.36,2432.39,1661065.475,3972992354.86825
2025-02-25 12:00:00,2432.38,2448.0,2360.65,2408.99,1513088.709,3635983279.43035
2025-02-25 16:00:00,2409.0,2472.47,2382.39,2470.47,996057.215,2411192072.70231
2025-02-25 20:00:00,2470.46,2532.89,2456.15,2494.45,708371.505,1769606402.53948
2025-02-26 00:00:00,2494.46,2506.45,2470.33,2489.78,440793.245,1096503650.02246
2025-02-26 04:00:00,2489.78,2505.76,2473.99,2482.67,385082.229,958474318.05707
2025-02-26 08:00:00,2482.66,2494.62,2456.66,2463.71,492758.787,1219241980.44243
2025-02-26 12:00:00,2463.71,2465.93,2368.29,2427.7,1600654.67,3874910272.17775
2025-02-26 16:00:00,2427.7,2433.5,2264.0,2295.46,2309818.829,5387630678.82832
2025-02-26 20:00:00,2295.45,2382.77,2252.78,2335.33,1367061.718,3172985417.47895
2025-02-27 00:00:00,2335.34,2370.36,2314.66,2331.01,588327.102,1376861485.06158
2025-02-27 04:00:00,2331.0,2373.16,2302.01,2355.38,653206.286,1527075843.22957
2025-02-27 08:00:00,2355.38,2381.44,2342.2,2352.76,572537.511,1352012127.85589
2025-02-27 12:00:00,2352.77,2361.53,2289.67,2322.32,1062078.129,2476014286.40752
2025-02-27 16:00:00,2322.32,2336.96,2277.0,2291.2,752813.632,1738497635.67881
2025-02-27 20:00:00,2291.2,2310.97,2229.0,2306.66,945125.104,2143117151.3036
2025-02-28 00:00:00,2306.65,2313.24,2122.18,2146.41,2628166.564,5772294107.0291
2025-02-28 04:00:00,2146.42,2155.86,2070.0,2104.89,2150017.597,4547869103.90312
2025-02-28 08:00:00,2104.88,2151.06,2074.61,2124.47,1268381.598,2686589374.16685
2025-02-28 12:00:00,2124.44,2227.77,2103.8,2221.64,1829509.223,3959782058.0979
2025-02-28 16:00:00,2221.64,2255.4,2192.56,2229.34,995160.674,2211470043.3812
2025-02-28 20:00:00,2229.41,2238.66,2197.35,2236.59,440740.088,977766245.402
2025-03-01 00:00:00,2236.59,2274.34,2211.79,2261.69,551747.784,1239809571.68274
2025-03-01 04:00:00,2261.6,2279.75,2223.2,2228.15,503160.301,1132478903.69062
2025-03-01 08:00:00,2228.15,2238.77,2170.2,2183.28,657196.417,1450464285.04395
2025-03-01 12:00:00,2183.28,2186.6,2141.17,2172.34,765659.699,1657260917.80858
2025-03-01 16:00:00,2172.34,2233.69,2168.17,2222.13,571970.677,1258849710.83611
2025-03-01 20:00:00,2222.12,2234.99,2190.0,2216.6,423229.171,937077655.39244
2025-03-02 00:00:00,2216.59,2230.34,2200.11,2219.4,407301.301,902674449.5524
2025-03-02 04:00:00,2219.39,2234.77,2217.1,2220.24,345510.503,769026371.20115
2025-03-02 08:00:00,2220.23,2260.61,2206.65,2237.75,593418.306,1326848959.26458
2025-03-02 12:00:00,2237.76,2290.63,2170.09,2229.02,1794409.963,4000780149.36435
2025-03-02 16:00:00,2229.02,2519.99,2211.68,2485.01,4096799.268,9915642256.67613
2025-03-02 20:00:00,2485.0,2550.0,2478.76,2517.12,947758.141,2383776792.26379
2025-03-03 00:00:00,2517.12,2522.84,2417.6,2440.19,892611.631,2194710276.89143
2025-03-03 04:00:00,2440.19,2457.08,2351.67,2385.85,887675.086,2127596682.35548
2025-03-03 08:00:00,2385.85,2386.99,2321.0,2355.23,839464.496,1973555701.81512
2025-03-03 12:00:00,2355.22,2388.44,2265.84,2286.33,1683642.522,3911922107.23692
2025-03-03 16:00:00,2286.32,2295.88,2094.76,2108.27,2251411.477,4974478310.38447
2025-03-03 20:00:00,2108.28,2172.71,2095.12,2148.22,1211305.911,2581292631.4912
2025-03-04 00:00:00,2148.21,2166.21,2001.09,2073.55,2168558.257,4492174352.94726
2025-03-04 04:00:00,2073.55,2121.32,2067.28,2079.67,848604.318,1774448006.16633
2025-03-04 08:00:00,2079.67,2117.44,2069.43,2100.37,666827.865,1397539536.93138
2025-03-04 12:00:00,2100.37,2158.19,2024.5,2073.79,2297228.441,4788404375.51088
2025-03-04 16:00:00,2073.78,2174.0,1979.99,2171.68,2048958.98,4285503182.09009
2025-03-04 20:00:00,2171.67,2221.77,2125.6,2170.51,1120998.341,2434549957.00384
2025-03-05 00:00:00,2170.51,2192.0,2153.7,2159.7,531658.427,1155398427.18919
2025-03-05 04:00:00,2159.72,2212.29,2156.93,2206.02,447278.913,977212547.91253
2025-03-05 08:00:00,2206.02,2272.94,2203.5,2216.6,1185649.613,2652896898.1462
2025-03-05 12:00:00,2216.6,2232.0,2165.3,2185.61,1168834.985,2566708499.60003
2025-03-05 16:00:00,2185.61,2221.89,2160.47,2217.28,882382.102,1933735114.04528
2025-03-05 20:00:00,2217.27,2252.2,2212.67,2240.45,411150.942,917597359.38941
2025-03-06 00:00:00,2240.44,2295.42,2232.16,2288.79,724542.535,1642700516.20829
2025-03-06 04:00:00,2288.79,2318.99,2274.04,2285.21,562450.777,1292109085.82405
2025-03-06 08:00:00,2285.2,2304.93,2275.37,2296.74,460802.03,1055465310.79141
2025-03-06 12:00:00,2296.73,2297.81,2206.32,2256.41,1267404.932,2851009463.76841
2025-03-06 16:00:00,2256.42,2264.58,2175.5,2197.12,984967.948,2176012138.2348
2025-03-06 20:00:00,2197.12,2229.29,2190.2,2201.34,574262.7,1268049349.78205
2025-03-07 00:00:00,2201.33,2226.45,2100.75,2147.21,1636759.522,3519464114.94577
2025-03-07 04:00:00,2147.2,2192.84,2143.41,2191.52,423307.92,919289153.70306
2025-03-07 08:00:00,2191.51,2209.94,2176.05,2196.69,449966.192,987078835.90927
2025-03-07 12:00:00,2196.7,2259.34,2164.37,2208.94,1570428.712,3464137736.31773
2025-03-07 16:00:00,2208.95,2214.85,2139.83,2177.47,1126569.666,2445372364.1961
2025-03-07 20:00:00,2177.45,2186.21,2113.1,2140.72,918643.527,1968825775.72017
2025-03-08 00:00:00,2140.72,2155.37,2103.07,2137.07,462918.836,986998933.09866
2025-03-08 04:00:00,2137.07,2152.03,2130.42,2136.65,223761.421,479231799.86605
2025-03-08 08:00:00,2136.65,2142.5,2125.4,2140.89,267587.246,570719922.38403
2025-03-08 12:00:00,2140.89,2198.0,2136.84,2180.41,708942.492,1541581055.82493
2025-03-08 16:00:00,2180.41,2234.4,2160.2,2223.73,719441.763,1582925909.89702
2025-03-08 20:00:00,2223.73,2225.15,2192.41,2202.84,284414.377,628266607.31534
2025-03-09 00:00:00,2202.83,2211.27,2175.01,2184.82,290717.702,637177589.64907
2025-03-09 04:00:00,2184.83,2196.28,2170.83,2184.07,245984.608,537066261.87033
2025-03-09 08:00:00,2184.07,2187.0,2127.02,2145.63,559864.638,1205846681.29264
2025-03-09 12:00:00,2145.62,2146.06,2082.0,2095.86,908028.788,1921236122.76119
2025-03-09 16:00:00,2095.85,2108.3,1995.83,2039.34,1900789.828,3879943469.42626
2025-03-09 20:00:00,2039.34,2055.64,1986.8,2019.2,887774.385,1793960474.77465
2025-03-10 00:00:00,2019.34,2069.81,1993.54,2056.82,803400.818,1637115448.83837
2025-03-10 04:00:00,2056.82,2078.55,2053.18,2074.2,361538.902,746988859.12611
2025-03-10 08:00:00,2074.2,2152.99,2046.75,2127.13,1466697.783,3089694939.99856
2025-03-10 12:00:00,2127.13,2134.93,1995.47,2016.99,1987585.288,4075037170.93355
2025-03-10 16:00:00,2016.99,2024.29,1807.75,1868.66,3576857.634,6836341842.5406
2025-03-10 20:00:00,1868.67,1903.0,1842.21,1864.51,1079099.741,2023705767.75251
2025-03-11 00:00:00,1864.52,1889.49,1752.5,1848.96,2458688.579,4494747342.92517
2025-03-11 04:00:00,1848.96,1913.49,1844.89,1903.11,989892.424,1869011465.53105
2025-03-11 08:00:00,1903.07,1928.84,1898.7,1913.41,836386.218,1601822999.80193
2025-03-11 12:00:00,1913.4,1969.77,1839.41,1913.58,2978075.672,5647165755.61773
2025-03-11 16:00:00,1913.58,1962.45,1885.37,1950.66,1397086.418,2693042222.09871
2025-03-11 20:00:00,1950.65,1954.6,1916.22,1922.61,475877.085,922007181.55398
2025-03-12 00:00:00,1922.6,1932.0,1865.67,1867.95,825412.827,1570536861.63132
2025-03-12 04:00:00,1867.94,1915.99,1851.33,1910.47,1265101.841,2378964586.12018
2025-03-12 08:00:00,1910.47,1955.9,1870.0,1915.83,2215768.611,4223832701.81341
2025-03-12 12:00:00,1915.82,1946.0,1828.87,1868.55,2072651.022,3911948429.06719
2025-03-12 16:00:00,1868.51,1893.5,1861.78,1877.19,741187.723,1390185196.13393
2025-03-12 20:00:00,1877.2,1914.72,1872.69,1907.24,383654.807,728215223.2505
2025-03-13 00:00:00,1907.23,1916.54,1880.99,1886.02,543679.65,1032587059.5119
2025-03-13 04:00:00,1886.02,1890.76,1856.93,1871.21,644513.41,1206057897.18722
2025-03-13 08:00:00,1871.2,1904.7,1852.18,1899.63,1046943.081,1972053766.0126
2025-03-13 12:00:00,1899.62,1922.0,1863.0,1874.72,1414705.701,2671089610.37289
2025-03-13 16:00:00,1874.72,1877.34,1820.2,1850.95,1064255.869,1965275200.81969
2025-03-13 20:00:00,1850.94,1882.9,1838.03,1863.76,591786.089,1101006239.61573
2025-03-14 00:00:00,1863.75,1894.08,1860.41,1888.6,398077.307,748695376.19631
2025-03-14 04:00:00,1888.59,1904.94,1886.8,1892.33,344211.224,651836506.73253
2025-03-14 08:00:00,1892.34,1908.2,1888.45,1901.51,412275.854,782281918.77237
2025-03-14 12:00:00,1901.51,1941.81,1873.0,1921.2,1362619.196,2604710685.76331
2025-03-14 16:00:00,1921.2,1945.62,1913.12,1933.29,633844.235,1224007590.71982
2025-03-14 20:00:00,1933.29,1934.01,1907.39,1910.79,343445.113,659712317.08952
2025-03-15 00:00:00,1910.78,1922.49,1902.47,1919.79,303992.931,581470186.70226
2025-03-15 04:00:00,1919.79,1934.77,1913.56,1916.86,325475.069,626344785.66779
2025-03-15 08:00:00,1916.85,1930.86,1911.4,1927.99,253953.466,487981428.79845
2025-03-15 12:00:00,1928.0,1938.88,1921.6,1936.81,286966.475,553780340.35391
2025-03-15 16:00:00,1936.81,1948.0,1927.28,1936.0,408391.955,791223888.34649
2025-03-15 20:00:00,1936.0,1957.68,1935.1,1936.27,298934.454,581401190.7099
2025-03-16 00:00:00,1936.26,1940.0,1915.22,1926.6,348656.47,671604294.98057
2025-03-16 04:00:00,1926.6,1933.22,1920.49,1925.21,204431.591,393932487.93385
2025-03-16 08:00:00,1925.2,1926.18,1865.49,1872.61,831690.715,1574952339.42959
2025-03-16 12:00:00,1872.61,1897.72,1872.21,1894.22,567475.403,1069455239.6649
2025-03-16 16:00:00,1894.21,1923.9,1857.08,1881.77,845640.866,1604839329.54817
2025-03-16 20:00:00,1881.78,1897.64,1869.11,1885.97,369840.351,696960249.80549
2025-03-17 00:00:00,1885.96,1914.88,1885.41,1908.08,408471.728,777106857.074
2025-03-17 04:00:00,1908.08,1912.38,1878.66,1900.13,393308.893,745824945.51275
2025-03-17 08:00:00,1900.13,1918.0,1892.06,1909.71,358142.961,683073609.83177
2025-03-17 12:00:00,1909.72,1947.0,1886.29,1918.49,1007296.584,1921426449.69751
2025-03-17 16:00:00,1918.5,1951.76,1906.44,1941.24,676889.798,1308656522.45807
2025-03-17 20:00:00,1941.24,1949.2,1921.08,1925.37,363663.089,703460488.44099
2025-03-18 00:00:00,1925.36,1929.57,1896.3,1900.27,527389.866,1006914993.87198
2025-03-18 04:00:00,1900.26,1909.88,1892.9,1903.99,413808.556,787050557.89188
2025-03-18 08:00:00,1903.99,1912.3,1884.25,1891.54,465126.512,882902848.48924
2025-03-18 12:00:00,1891.54,1902.59,1871.14,1879.97,865397.803,1632760780.33325
2025-03-18 16:00:00,1879.97,1907.8,1872.35,1903.53,552241.646,1040963723.68324
2025-03-18 20:00:00,1903.53,1935.44,1897.73,1930.64,410522.554,787133185.11228
2025-03-19 00:00:00,1930.63,1948.5,1927.12,1937.73,570009.533,1103975764.20011
2025-03-19 04:00:00,1937.73,1942.46,1929.39,1931.21,314671.141,608922985.43396
2025-03-19 08:00:00,1931.21,2032.73,1930.73,2026.99,1689486.816,3358084909.70481
2025-03-19 12:00:00,2026.98,2056.48,1994.06,2047.87,1588823.025,3211733280.11242
2025-03-19 16:00:00,2047.88,2065.9,1994.16,2029.91,1658908.323,3370174034.39488
2025-03-19 20:00:00,2029.91,2069.69,2027.5,2055.21,562401.162,1150836181.2392
2025-03-20 00:00:00,2055.22,2067.15,2018.82,2021.85,544443.994,1108870768.88088
2025-03-20 04:00:00,2021.85,2024.64,2003.7,2006.45,424949.911,855865047.32145
2025-03-20 08:00:00,2006.46,2020.57,1970.31,1988.4,961234.699,1915717952.71363
2025-03-20 12:00:00,1988.39,2009.74,1964.95,1971.06,1082975.701,2152519993.70691
2025-03-20 16:00:00,1971.03,1979.46,1951.15,1974.1,785249.134,1543459814.28667
2025-03-20 20:00:00,1974.09,1984.2,1970.39,1982.72,234930.098,464587585.74732
2025-03-21 00:00:00,1982.72,1995.8,1971.6,1977.25,370621.437,735970738.1675
2025-03-21 04:00:00,1977.26,1989.02,1965.44,1976.0,360694.846,712110125.16737
2025-03-21 08:00:00,1976.0,1981.87,1955.79,1966.11,454693.405,894596285.47033
2025-03-21 12:00:00,1966.11,1973.0,1932.0,1949.63,889389.96,1733694473.98511
2025-03-21 16:00:00,1949.58,1977.41,1945.0,1972.72,509532.129,1000850684.97941
2025-03-21 20:00:00,1972.71,1982.42,1961.24,1964.81,247348.67,487520402.85031
2025-03-22 00:00:00,1964.81,1986.72,1963.41,1985.0,342194.378,677148132.64232
2025-03-22 04:00:00,1985.0,1992.3,1982.08,1983.16,227786.565,452615630.59145
2025-03-22 08:00:00,1983.15,2006.0,1980.4,1989.36,440844.143,878985300.09226
2025-03-22 12:00:00,1989.35,1996.97,1980.3,1985.27,244659.968,486331371.34641
2025-03-22 16:00:00,1985.27,1999.55,1981.49,1994.99,204859.715,407912038.59632
2025-03-22 20:00:00,1994.98,2003.31,1973.13,1979.56,258571.258,513542128.72478
2025-03-23 00:00:00,1979.55,2008.92,1975.51,2007.53,309761.903,617909173.21043
2025-03-23 04:00:00,2007.53,2020.0,1990.94,2007.2,362109.684,724753136.41757
2025-03-23 08:00:00,2007.2,2019.87,2001.46,2006.97,377182.631,758779371.72392
2025-03-23 12:00:00,2006.97,2019.61,2001.2,2006.21,393245.383,790196856.25676
2025-03-23 16:00:00,2006.22,2007.08,1985.71,1995.39,330836.537,660361414.37397
2025-03-23 20:00:00,1995.4,2006.0,1978.78,2005.0,385312.338,767576902.26575
2025-03-24 00:00:00,2005.0,2020.96,1976.46,2013.49,756911.747,1513324851.18037
2025-03-24 04:00:00,2013.48,2079.23,2013.48,2068.47,1089312.025,2233808328.04624
2025-03-24 08:00:00,2068.48,2104.24,2067.93,2091.67,832640.706,1739325575.88386
2025-03-24 12:00:00,2091.68,2101.9,2072.2,2088.8,933778.402,1946145659.79514
2025-03-24 16:00:00,2088.79,2101.3,2066.38,2087.71,741455.857,1546132414.56604
2025-03-24 20:00:00,2087.71,2094.44,2066.87,2080.41,313845.789,652665854.63558
2025-03-25 00:00:00,2080.4,2097.21,2040.4,2042.26,794386.93,1640557807.51948
2025-03-25 04:00:00,2042.26,2066.16,2036.0,2054.8,502510.264,1030233443.56701
2025-03-25 08:00:00,2054.8,2074.53,2052.33,2067.36,375092.262,774935108.91299
2025-03-25 12:00:00,2067.36,2079.16,2050.7,2066.46,764435.343,1579791164.87293
2025-03-25 16:00:00,2066.45,2083.21,2055.19,2074.65,468622.216,969877374.86019
2025-03-25 20:00:00,2074.65,2082.99,2052.2,2065.22,337106.253,696495555.6659
2025-03-26 00:00:00,2065.22,2077.7,2040.9,2048.08,497914.751,1025419721.08664
2025-03-26 04:00:00,2048.07,2070.88,2046.46,2068.34,384951.288,793018380.9164
2025-03-26 08:00:00,2068.34,2074.85,2056.6,2067.44,378221.549,781754874.25938
2025-03-26 12:00:00,2067.43,2069.51,2005.0,2011.21,1256071.102,2549888201.02535
2025-03-26 16:00:00,2011.2,2021.48,1980.41,1998.9,898704.164,1799099526.8808
2025-03-26 20:00:00,1998.9,2017.69,1990.01,2008.69,464182.087,930697434.03721
2025-03-27 00:00:00,2008.69,2036.88,2006.07,2030.5,498122.393,1007919964.04196
2025-03-27 04:00:00,2030.5,2032.0,2020.21,2025.44,222635.209,450983531.79841
2025-03-27 08:00:00,2025.43,2035.0,2011.0,2015.3,518015.594,1048130331.61796
2025-03-27 12:00:00,2015.29,2025.43,1985.71,2004.57,1258185.495,2527094034.20573
2025-03-27 16:00:00,2004.58,2014.2,1992.48,2003.48,457851.764,918017432.03703
2025-03-27 20:00:00,2003.48,2020.83,1998.27,2002.8,309737.998,622069515.85334
2025-03-28 00:00:00,2002.8,2015.09,1990.72,1999.02,468146.336,937616851.69223
2025-03-28 04:00:00,1999.02,2003.88,1896.7,1909.04,1820054.981,3516078460.90997
2025-03-28 08:00:00,1909.04,1924.0,1854.2,1899.41,1172025.164,2226456031.95911
2025-03-28 12:00:00,1899.41,1907.26,1870.51,1871.45,1204765.18,2273165109.3491
2025-03-28 16:00:00,1871.45,1886.76,1861.07,1873.34,667018.346,1249859415.19428
2025-03-28 20:00:00,1873.34,1901.41,1872.6,1896.02,360194.677,680059727.10597
2025-03-29 00:00:00,1896.03,1912.94,1885.1,1898.95,527912.24,1003692787.67532
2025-03-29 04:00:00,1898.94,1904.28,1874.16,1879.37,379071.315,714781784.42789
2025-03-29 08:00:00,1879.37,1886.58,1832.29,1843.71,1090356.163,2026340208.15722
2025-03-29 12:00:00,1843.72,1862.76,1832.32,1839.22,662106.215,1224331065.19144
2025-03-29 16:00:00,1839.28,1847.0,1796.13,1826.77,1336288.716,2430303576.71123
2025-03-29 20:00:00,1826.76,1829.57,1810.13,1827.32,389113.536,707689926.82611
2025-03-30 00:00:00,1827.31,1843.61,1811.35,1833.32,517641.308,948567112.74276
2025-03-30 04:00:00,1833.31,1846.24,1831.55,1836.7,276141.074,507738502.17645
2025-03-30 08:00:00,1836.69,1848.08,1824.78,1832.49,397027.426,729178485.41387
2025-03-30 12:00:00,1832.49,1839.48,1782.0,1812.81,808086.885,1465725191.40758
2025-03-30 16:00:00,1812.81,1834.57,1784.15,1813.38,967580.801,1750882864.28378
2025-03-30 20:00:00,1813.38,1820.91,1766.04,1806.99,892084.586,1602865540.24456
2025-03-31 00:00:00,1806.99,1823.01,1775.92,1797.72,962829.575,1736852506.44421
2025-03-31 04:00:00,1797.73,1813.0,1788.13,1797.91,574601.289,1035129565.69167
2025-03-31 08:00:00,1797.9,1819.0,1776.56,1812.52,967438.186,1738594894.68827
2025-03-31 12:00:00,1812.51,1853.34,1792.6,1841.37,1556360.743,2842558960.53133
2025-03-31 16:00:00,1841.37,1846.4,1815.76,1826.89,731114.1,1340898215.77141
2025-03-31 20:00:00,1826.9,1834.09,1815.22,1821.59,420186.82,766315172.71964
2025-04-01 00:00:00,1821.59,1842.57,1816.64,1834.25,473423.689,866075737.57876
2025-04-01 04:00:00,1834.25,1866.98,1831.23,1853.34,525037.726,971357506.06413
2025-04-01 08:00:00,1853.34,1891.42,1853.02,1861.48,903063.677,1693784888.04836
2025-04-01 12:00:00,1861.49,1927.79,1841.2,1917.89,1789332.277,3371655122.75368
2025-04-01 16:00:00,1917.89,1923.63,1900.53,1909.12,585488.092,1119356626.61566
2025-04-01 20:00:00,1909.11,1921.98,1895.9,1904.21,395399.142,755303125.28877
2025-04-02 00:00:00,1904.21,1908.01,1871.31,1875.41,577615.724,1089791320.57519
2025-04-02 04:00:00,1875.4,1882.31,1850.69,1864.07,756780.281,1408656202.90818
2025-04-02 08:00:00,1864.06,1887.23,1861.61,1868.05,576873.633,1081430165.11479
2025-04-02 12:00:00,1868.08,1918.0,1853.12,1900.09,1773371.715,3342756242.10175
2025-04-02 16:00:00,1900.1,1915.28,1881.09,1910.56,760001.68,1443825490.66466
2025-04-02 20:00:00,1910.59,1957.97,1780.52,1794.1,2635212.17,4913836250.23314
2025-04-03 00:00:00,1794.11,1834.12,1787.9,1823.75,784321.875,1426066957.24331
2025-04-03 04:00:00,1823.75,1844.97,1805.56,1814.52,569594.176,1039259089.05297
2025-04-03 08:00:00,1814.51,1823.49,1786.14,1794.39,702746.642,1267969850.60965
2025-04-03 12:00:00,1794.39,1799.82,1747.47,1781.42,1901206.21,3367423230.67248
2025-04-03 16:00:00,1781.42,1798.57,1766.29,1786.53,737214.928,1313386733.22928
2025-04-03 20:00:00,1786.5,1821.5,1778.64,1816.48,491284.518,886271918.57801
2025-04-04 00:00:00,1816.48,1822.69,1770.0,1792.13,745536.338,1338956954.3933
2025-04-04 04:00:00,1792.13,1821.4,1783.08,1816.88,531862.172,959418374.73835
2025-04-04 08:00:00,1816.87,1834.7,1757.52,1783.16,1469835.729,2644114045.26626
2025-04-04 12:00:00,1783.15,1820.18,1768.57,1794.47,1965960.639,3520198641.76226
2025-04-04 16:00:00,1794.48,1828.71,1782.15,1809.02,1169114.734,2111251666.05832
2025-04-04 20:00:00,1809.03,1827.99,1806.43,1815.97,338804.89,615407509.69149
2025-04-05 00:00:00,1815.97,1826.63,1808.27,1809.01,307874.561,559552098.71911
2025-04-05 04:00:00,1809.0,1815.0,1803.04,1812.4,223423.979,404346704.73779
2025-04-05 08:00:00,1812.39,1821.26,1805.55,1806.6,293918.17,533057529.83288
2025-04-05 12:00:00,1806.6,1807.61,1776.34,1781.1,708383.18,1268016179.14766
2025-04-05 16:00:00,1781.1,1794.86,1778.66,1781.33,270821.538,483846058.07184
2025-04-05 20:00:00,1781.32,1809.3,1761.18,1805.15,554505.687,992039788.15763
2025-04-06 00:00:00,1805.14,1816.38,1800.87,1809.11,342406.912,619005823.26783
2025-04-06 04:00:00,1809.1,1812.6,1790.08,1796.84,281144.712,506941179.73966
2025-04-06 08:00:00,1796.85,1797.28,1782.01,1788.22,398400.869,712737454.2356
2025-04-06 12:00:00,1788.22,1791.1,1735.01,1758.8,1345342.037,2369898216.86776
2025-04-06 16:00:00,1758.8,1759.21,1601.0,1625.22,3706815.32,6166630760.05845
2025-04-06 20:00:00,1625.21,1630.45,1535.27,1579.98,3313932.915,5236162346.18295
2025-04-07 00:00:00,1579.98,1613.51,1520.0,1542.79,2240648.744,3523106821.90909
2025-04-07 04:00:00,1542.78,1561.0,1410.0,1459.52,4128035.462,6134964319.32663
2025-04-07 08:00:00,1459.51,1520.75,1454.8,1482.34,2926446.072,4366569774.94822
2025-04-07 12:00:00,1482.34,1638.47,1477.17,1555.54,5572723.272,8647457448.04673
2025-04-07 16:00:00,1555.54,1572.11,1525.21,1544.56,1948786.181,3022716707.37488
2025-04-07 20:00:00,1544.56,1584.58,1544.19,1552.44,815431.621,1277512137.5811
2025-04-08 00:00:00,1552.44,1618.0,1540.19,1583.96,1181229.738,1865761919.59984
2025-04-08 04:00:00,1583.95,1602.29,1560.86,1569.98,762719.837,1207065002.05691
2025-04-08 08:00:00,1569.97,1589.48,1553.48,1587.56,798487.224,1253607803.59696
2025-04-08 12:00:00,1587.57,1592.79,1517.12,1530.75,2315902.959,3602090306.70362
2025-04-08 16:00:00,1530.75,1532.24,1453.46,1466.03,3023004.864,4478667559.49537
2025-04-08 20:00:00,1466.07,1485.6,1441.62,1472.67,1116522.208,1638405565.1204
2025-04-09 00:00:00,1472.68,1481.69,1384.0,1417.96,2791527.731,3990973171.66599
2025-04-09 04:00:00,1417.96,1491.68,1414.0,1482.9,1853602.262,2701901576.60496
2025-04-09 08:00:00,1482.89,1496.0,1444.0,1454.64,2120377.739,3112862617.37554
2025-04-09 12:00:00,1454.64,1501.03,1439.03,1484.8,2591270.906,3824691957.65048
2025-04-09 16:00:00,1484.79,1672.8,1481.15,1639.73,5455621.134,8671293587.09256
2025-04-09 20:00:00,1639.73,1688.0,1639.73,1668.69,1304170.851,2172729463.6344
2025-04-10 00:00:00,1668.7,1669.19,1601.0,1616.39,1273973.227,2078401264.70863
2025-04-10 04:00:00,1616.39,1625.48,1582.5,1595.03,1060130.383,1704666058.01478
2025-04-10 08:00:00,1595.03,1606.02,1580.5,1593.92,855212.641,1362550685.21728
2025-04-10 12:00:00,1593.91,1627.61,1482.56,1495.0,3723353.846,5788254148.45876
2025-04-10 16:00:00,1494.99,1531.74,1470.84,1513.67,2460720.447,3697391989.72809
2025-04-10 20:00:00,1513.67,1533.0,1513.05,1521.57,571802.497,871363086.92259
2025-04-11 00:00:00,1521.56,1550.0,1503.63,1543.63,1189406.95,1821622311.58083
2025-04-11 04:00:00,1543.63,1561.95,1540.1,1551.99,728688.675,1129653275.90575
2025-04-11 08:00:00,1551.99,1585.18,1536.47,1557.93,1521498.39,2372982863.53698
2025-04-11 12:00:00,1557.94,1580.78,1540.36,1564.79,1593556.336,2486634468.59748
2025-04-11 16:00:00,1564.8,1590.88,1554.9,1564.84,917672.153,1442759311.76151
2025-04-11 20:00:00,1564.83,1586.31,1556.4,1565.96,517260.182,812331940.98408
2025-04-12 00:00:00,1565.97,1569.16,1545.06,1553.61,539836.974,839772120.29342
2025-04-12 04:00:00,1553.61,1584.53,1549.51,1581.24,654101.941,1026561357.16253
2025-04-12 08:00:00,1581.23,1605.71,1580.01,1593.21,736582.051,1174204276.80547
2025-04-12 12:00:00,1593.22,1669.85,1589.79,1655.1,2130308.934,3484498185.047
2025-04-12 16:00:00,1655.09,1661.57,1627.42,1641.89,1037868.529,1705236846.82079
2025-04-12 20:00:00,1641.9,1659.68,1640.35,1643.6,505815.558,834254295.93804
2025-04-13 00:00:00,1643.6,1649.2,1605.68,1623.6,841518.836,1368939304.65033
2025-04-13 04:00:00,1623.6,1623.91,1596.21,1612.77,744463.53,1199630873.68715
2025-04-13 08:00:00,1612.78,1627.45,1590.71,1603.62,789948.467,1272824116.67309
2025-04-13 12:00:00,1603.61,1608.5,1565.11,1585.92,1257579.894,1993726581.93754
2025-04-13 16:00:00,1585.92,1648.73,1559.4,1589.42,1825478.701,2940396825.69603
2025-04-13 20:00:00,1589.42,1616.29,1571.03,1596.92,1036373.064,1650347528.68406
2025-04-14 00:00:00,1596.93,1659.81,1594.73,1629.01,1227511.284,1998168066.83244
2025-04-14 04:00:00,1629.01,1641.85,1611.51,1634.92,668501.508,1087618901.77473
2025-04-14 08:00:00,1634.92,1691.57,1628.64,1674.63,1463883.102,2433388282.69326
2025-04-14 12:00:00,1674.63,1689.27,1618.29,1626.96,1932797.485,3202723339.45857
2025-04-14 16:00:00,1626.97,1650.8,1613.37,1635.92,1110666.16,1816081113.7334
2025-04-14 20:00:00,1635.95,1637.35,1603.0,1623.02,568816.391,923373705.53694
2025-04-15 00:00:00,1623.02,1643.21,1613.65,1637.15,788829.251,1284656793.24783
2025-04-15 04:00:00,1637.15,1648.0,1631.45,1644.18,482653.824,791439432.6131
2025-04-15 08:00:00,1644.18,1651.79,1621.32,1631.18,754097.451,1234380622.23237
2025-04-15 12:00:00,1631.17,1660.68,1600.01,1620.12,1803551.904,2935973831.13758
2025-04-15 16:00:00,1620.11,1627.19,1594.21,1606.17,783964.399,1264669702.85772
2025-04-15 20:00:00,1606.17,1614.35,1582.14,1588.0,717000.749,1143933110.21274
2025-04-16 00:00:00,1588.0,1603.81,1575.04,1590.02,764456.657,1216607566.53384
2025-04-16 04:00:00,1590.03,1592.76,1550.0,1563.45,1185857.635,1865612890.68025
2025-04-16 08:00:00,1563.44,1585.0,1555.72,1583.25,795586.966,1251893985.32746
2025-04-16 12:00:00,1583.26,1614.95,1565.02,1589.91,1517926.075,2406776480.903
2025-04-16 16:00:00,1589.91,1612.36,1537.56,1588.16,2336959.978,3673712577.26642
2025-04-16 20:00:00,1588.13,1598.01,1569.24,1576.58,621308.471,984448126.68128
2025-04-17 00:00:00,1576.57,1594.9,1574.0,1584.04,533161.53,845115742.62132
2025-04-17 04:00:00,1584.04,1609.9,1580.14,1600.99,576222.253,920992951.50395
2025-04-17 08:00:00,1600.99,1603.5,1587.69,1592.5,482812.693,769933835.6549
2025-04-17 12:00:00,1592.51,1602.76,1562.26,1582.42,1222967.991,1936374458.29577
2025-04-17 16:00:00,1582.43,1616.81,1575.36,1580.4,1722278.691,2752824672.54679
2025-04-17 20:00:00,1580.4,1591.0,1578.0,1582.84,405071.384,641992202.52114
2025-04-18 00:00:00,1582.84,1588.69,1576.21,1583.4,344118.38,544464218.63614
2025-04-18 04:00:00,1583.4,1584.49,1572.65,1583.45,379764.077,599627690.6235
2025-04-18 08:00:00,1583.46,1592.4,1581.34,1589.89,384028.046,609321428.78617
2025-04-18 12:00:00,1589.9,1596.63,1577.56,1582.27,560886.162,890624070.7109
2025-04-18 16:00:00,1582.28,1594.45,1580.95,1592.38,423029.653,672218210.6775
2025-04-18 20:00:00,1592.38,1600.0,1586.27,1587.91,308637.419,491536316.9972
2025-04-19 00:00:00,1587.91,1599.72,1584.01,1597.2,343811.216,547365564.36434
2025-04-19 04:00:00,1597.2,1613.0,1594.32,1600.27,488347.419,782564872.28977
2025-04-19 08:00:00,1600.28,1606.02,1593.23,1596.29,306148.028,489489191.58777
2025-04-19 12:00:00,1596.29,1612.0,1594.38,1606.59,462593.576,741862728.67284
2025-04-19 16:00:00,1606.6,1632.29,1597.76,1613.99,673583.795,1086543656.94244
2025-04-19 20:00:00,1613.99,1622.11,1610.21,1612.44,229487.075,370910514.05382
2025-04-20 00:00:00,1612.45,1618.46,1607.2,1611.14,312363.415,503772775.68733
2025-04-20 04:00:00,1611.15,1617.0,1580.0,1596.62,585042.664,936422943.74786
2025-04-20 08:00:00,1596.63,1596.88,1564.69,1571.78,848913.21,1341134509.98841
2025-04-20 12:00:00,1571.78,1583.39,1570.19,1572.8,516047.816,813250305.25037
2025-04-20 16:00:00,1572.8,1587.13,1570.45,1585.34,285611.444,451085312.54803
2025-04-20 20:00:00,1585.34,1600.0,1573.36,1586.56,552942.438,877214466.06005
2025-04-21 00:00:00,1586.57,1645.34,1585.28,1634.06,1670017.8,2709730271.87819
2025-04-21 04:00:00,1634.06,1658.0,1630.4,1645.1,884262.679,1454443386.20656
2025-04-21 08:00:00,1645.11,1654.64,1617.04,1625.66,858321.394,1403007640.54016
2025-04-21 12:00:00,1625.66,1641.39,1607.63,1622.5,1516623.695,2463922539.01821
2025-04-21 16:00:00,1622.5,1625.41,1560.62,1572.86,2068484.332,3276081594.01188
2025-04-21 20:00:00,1572.86,1579.97,1570.01,1578.64,472368.454,743960355.56152
2025-04-22 00:00:00,1578.63,1593.23,1535.0,1578.21,1503216.179,2359955324.08909
2025-04-22 04:00:00,1578.21,1623.5,1573.07,1618.6,1108463.74,1771343231.87835
2025-04-22 08:00:00,1618.6,1638.0,1612.41,1630.14,1156134.698,1879226450.95906
2025-04-22 12:00:00,1630.14,1725.93,1626.0,1702.41,3399957.543,5686833608.16589
2025-04-22 16:00:00,1702.41,1710.0,1681.42,1697.54,1201729.974,2038060321.92238
2025-04-22 20:00:00,1697.53,1779.02,1691.49,1755.57,1938167.321,3370472608.16434
2025-04-23 00:00:00,1755.58,1807.36,1744.3,1794.51,1748752.815,3107555071.61801
2025-04-23 04:00:00,1794.51,1817.98,1773.1,1791.27,1424392.821,2555860523.33359
2025-04-23 08:00:00,1791.28,1812.04,1778.29,1796.74,1057307.676,1897793783.21567
2025-04-23 12:00:00,1796.74,1838.0,1761.0,1793.7,2699639.526,4850307839.9692
2025-04-23 16:00:00,1793.71,1809.6,1773.43,1785.44,1026256.555,1838802922.16419
2025-04-23 20:00:00,1785.44,1806.28,1784.78,1794.46,353173.727,634137345.9484
2025-04-24 00:00:00,1794.45,1802.27,1765.52,1767.3,773066.615,1379441498.69543
2025-04-24 04:00:00,1767.29,1775.71,1750.8,1755.61,758688.419,1339257953.01566
2025-04-24 08:00:00,1755.6,1759.88,1721.22,1754.05,1321170.566,2298070450.60132
2025-04-24 12:00:00,1754.04,1777.33,1743.12,1763.83,1152418.662,2029188814.95203
2025-04-24 16:00:00,1763.83,1776.85,1745.09,1762.21,881755.193,1552436470.50381
2025-04-24 20:00:00,1762.21,1774.17,1747.81,1768.8,360233.916,634979172.27895
2025-04-25 00:00:00,1768.79,1789.88,1737.4,1760.0,908000.423,1598999512.36377
2025-04-25 04:00:00,1760.0,1781.23,1757.25,1776.38,577613.878,1022640974.85171
2025-04-25 08:00:00,1776.39,1792.72,1763.08,1789.47,923294.946,1642534229.98146
2025-04-25 12:00:00,1789.47,1826.91,1755.81,1805.7,2239999.361,4013321467.64781
2025-04-25 16:00:00,1805.69,1809.81,1781.32,1801.45,909113.932,1632374905.7693
2025-04-25 20:00:00,1801.45,1808.87,1783.0,1783.77,431087.636,773897414.57866
2025-04-26 00:00:00,1783.76,1815.05,1783.76,1796.51,709519.382,1277370417.90106
2025-04-26 04:00:00,1796.5,1809.94,1788.01,1799.54,456016.896,820439016.52524
2025-04-26 08:00:00,1799.54,1841.49,1777.31,1784.73,1377154.319,2488402263.05725
2025-04-26 12:00:00,1784.73,1803.94,1778.88,1799.39,671756.802,1203884325.16173
2025-04-26 16:00:00,1799.38,1814.95,1795.0,1812.21,316852.466,571390588.1564
2025-04-26 20:00:00,1812.22,1830.78,1804.52,1820.0,434287.984,789070489.0263
2025-04-27 00:00:00,1819.99,1857.0,1800.0,1808.74,1269737.641,2319529294.12797
2025-04-27 04:00:00,1808.74,1810.77,1788.88,1802.98,524391.024,943734935.17914
2025-04-27 08:00:00,1802.98,1814.99,1800.58,1805.04,363311.245,656829656.32346
2025-04-27 12:00:00,1805.03,1807.96,1780.25,1792.88,784329.967,1408359328.16482
2025-04-27 16:00:00,1792.88,1807.77,1786.18,1806.95,307003.137,552038077.81067
2025-04-27 20:00:00,1806.95,1807.25,1783.1,1790.21,370782.592,665385544.92471
2025-04-28 00:00:00,1790.22,1793.25,1750.99,1783.25,1164418.072,2063092312.98807
2025-04-28 04:00:00,1783.24,1811.82,1783.24,1803.95,667932.886,1200364307.07257
2025-04-28 08:00:00,1803.95,1826.71,1787.1,1815.0,1060796.867,1919885041.76329
2025-04-28 12:00:00,1815.0,1816.48,1751.42,1762.08,1529659.66,2730522776.55825
2025-04-28 16:00:00,1762.08,1805.0,1742.15,1796.36,1306542.158,2316955275.36107
2025-04-28 20:00:00,1796.35,1806.87,1780.24,1799.22,623379.044,1118619543.5531
2025-04-29 00:00:00,1799.21,1810.92,1786.68,1801.26,627213.054,1128065273.9864
2025-04-29 04:00:00,1801.26,1824.24,1787.37,1820.77,792123.184,1432801746.51525
2025-04-29 08:00:00,1820.77,1842.82,1815.76,1828.9,1042093.467,1906444075.17634
2025-04-29 12:00:00,1828.89,1832.58,1801.0,1814.21,1241440.926,2254865217.6786
2025-04-29 16:00:00,1814.2,1831.49,1806.0,1820.92,717932.308,1307137048.366
2025-04-29 20:00:00,1820.92,1824.87,1779.36,1796.57,894515.506,1606810878.22267
2025-04-30 00:00:00,1796.57,1812.48,1787.72,1808.19,573242.097,1032729437.67443
2025-04-30 04:00:00,1808.18,1812.22,1790.0,1795.55,424863.455,765872377.24154
2025-04-30 08:00:00,1795.54,1816.0,1791.61,1814.79,544629.985,982676870.40302
2025-04-30 12:00:00,1814.79,1815.48,1730.6,1763.72,2614074.383,4614049086.19962
2025-04-30 16:00:00,1763.72,1792.39,1755.02,1785.96,837128.774,1486866308.91612
2025-04-30 20:00:00,1786.08,1809.19,1784.0,1792.71,632604.794,1136889494.63731
2025-05-01 00:00:00,1792.71,1818.18,1791.55,1807.28,587418.818,1061420493.16769
2025-05-01 04:00:00,1807.28,1816.77,1801.24,1809.74,400734.586,724884881.14825
2025-05-01 08:00:00,1809.74,1858.73,1807.74,1844.79,1437470.389,2637949745.21837
2025-05-01 12:00:00,1844.79,1872.71,1823.47,1851.99,1789376.969,3302650829.98891
2025-05-01 16:00:00,1852.0,1869.4,1838.08,1842.12,735528.169,1363642121.84572
2025-05-01 20:00:00,1842.11,1850.45,1831.8,1837.19,410179.107,754934496.32347
2025-05-02 00:00:00,1837.18,1850.49,1834.06,1846.66,472225.233,870719770.20445
2025-05-02 04:00:00,1846.66,1850.86,1815.0,1815.3,775261.172,1418164565.82939
2025-05-02 08:00:00,1815.29,1834.92,1812.0,1832.39,738231.839,1347289533.31368
2025-05-02 12:00:00,1832.39,1853.58,1822.13,1840.21,1066632.348,1960851464.02488
2025-05-02 16:00:00,1840.21,1871.06,1830.79,1838.78,1002260.931,1856901516.21778
2025-05-02 20:00:00,1838.78,1847.23,1832.1,1841.22,275358.821,506354749.25543
2025-05-03 00:00:00,1841.22,1842.44,1825.52,1834.08,325492.804,596656403.96731
2025-05-03 04:00:00,1834.07,1838.55,1823.39,1825.58,317792.13,581425813.94141
2025-05-03 08:00:00,1825.58,1829.99,1816.23,1823.35,571769.933,1042894996.24486
2025-05-03 12:00:00,1823.34,1839.27,1823.1,1833.51,429242.931,786474768.62094
2025-05-03 16:00:00,1833.51,1838.56,1807.75,1837.61,700161.621,1276284858.10543
2025-05-03 20:00:00,1837.62,1848.0,1827.79,1832.55,457184.141,840046192.54076
2025-05-04 00:00:00,1832.55,1848.84,1825.28,1831.24,497884.745,913911498.51557
2025-05-04 04:00:00,1831.24,1849.53,1828.43,1840.24,489368.721,900936044.07341
2025-05-04 08:00:00,1840.24,1840.73,1820.75,1826.69,612670.707,1120562339.66114
2025-05-04 12:00:00,1826.68,1833.07,1817.03,1829.63,405676.694,741204232.36837
2025-05-04 16:00:00,1829.64,1832.28,1821.06,1827.58,339285.093,619870052.73025
2025-05-04 20:00:00,1827.59,1841.76,1801.71,1807.87,710871.396,1293595049.72656
2025-05-05 00:00:00,1807.87,1817.6,1780.02,1793.86,986733.206,1772972155.84134
2025-05-05 04:00:00,1793.85,1829.07,1792.0,1825.74,627690.591,1138293734.83309
2025-05-05 08:00:00,1825.73,1830.72,1797.0,1803.81,868144.459,1573734212.70267
2025-05-05 12:00:00,1803.81,1814.86,1793.29,1800.14,844857.592,1523171476.10385
2025-05-05 16:00:00,1800.14,1828.0,1799.86,1815.65,671849.243,1219311748.25269
2025-05-05 20:00:00,1815.64,1832.98,1797.79,1819.43,642080.274,1166833244.16308
2025-05-06 00:00:00,1819.43,1820.3,1791.57,1805.5,698535.993,1260919674.9634
2025-05-06 04:00:00,1805.49,1808.55,1797.26,1805.0,302865.771,546199428.23536
2025-05-06 08:00:00,1804.99,1805.17,1755.71,1769.1,1150386.634,2049820321.13064
2025-05-06 12:00:00,1769.09,1779.08,1750.0,1769.31,1198817.219,2119000384.84429
2025-05-06 16:00:00,1769.31,1798.41,1761.0,1784.05,827534.324,1470977003.47509
2025-05-06 20:00:00,1784.06,1818.62,1764.39,1816.22,1166051.619,2092235871.28576
2025-05-07 00:00:00,1816.23,1850.0,1813.47,1825.6,1484206.235,2719532047.07024
2025-05-07 04:00:00,1825.6,1837.85,1823.69,1837.26,407889.918,746450053.62157
2025-05-07 08:00:00,1837.27,1846.5,1829.47,1835.48,697828.821,1282423550.05021
2025-05-07 12:00:00,1835.48,1836.2,1813.36,1816.73,864908.101,1578407975.51619
2025-05-07 16:00:00,1816.72,1817.33,1786.0,1795.08,1577954.618,2842847659.81725
2025-05-07 20:00:00,1795.07,1824.73,1788.0,1810.14,736420.27,1331216290.73801
2025-05-08 00:00:00,1810.13,1907.45,1807.72,1900.5,1786283.565,3308805373.00834
2025-05-08 04:00:00,1900.51,1944.0,1891.36,1927.8,1533788.488,2929133281.60029
2025-05-08 08:00:00,1927.81,1968.29,1925.0,1956.65,1369546.365,2661933527.76197
2025-05-08 12:00:00,1956.65,2075.1,1952.57,2050.56,3473067.062,6963493166.65065
2025-05-08 16:00:00,2050.56,2140.21,2035.79,2117.59,2278690.005,4718116139.97838
2025-05-08 20:00:00,2117.59,2227.0,2111.0,2206.54,2848796.238,6193561926.66948
2025-05-09 00:00:00,2206.53,2244.9,2183.59,2204.56,1883887.846,4163522056.02389
2025-05-09 04:00:00,2204.56,2393.67,2201.98,2363.81,2727001.302,6252306503.19609
2025-05-09 08:00:00,2363.71,2490.75,2291.46,2350.76,5113067.854,12156306064.86414
2025-05-09 12:00:00,2350.75,2388.12,2270.0,2300.55,2541569.629,5906989028.43701
2025-05-09 16:00:00,2300.55,2355.0,2273.63,2330.69,1243862.334,2886030117.91881
2025-05-09 20:00:00,2330.69,2351.16,2321.48,2344.3,415028.972,970146803.16665
2025-05-10 00:00:00,2344.31,2379.99,2315.09,2338.81,775367.261,1818417640.35827
2025-05-10 04:00:00,2338.81,2416.5,2325.31,2399.17,1014233.591,2400896305.48282
2025-05-10 08:00:00,2399.2,2435.0,2360.0,2383.75,1972913.729,4733708875.36134
2025-05-10 12:00:00,2383.75,2449.99,2383.75,2432.38,1469863.634,3561527360.71942
2025-05-10 16:00:00,2432.38,2512.0,2427.65,2498.35,2129419.275,5270976516.11438
2025-05-10 20:00:00,2498.35,2600.76,2465.6,2581.91,1975957.257,5038106676.30081
2025-05-11 00:00:00,2581.9,2608.0,2498.79,2536.31,1842655.844,4692644420.1038
2025-05-11 04:00:00,2536.31,2561.68,2452.61,2472.61,1538673.347,3860777245.49861
2025-05-11 08:00:00,2472.61,2534.8,2471.5,2529.36,1023280.318,2561648953.95129
2025-05-11 12:00:00,2529.36,2530.92,2434.89,2461.22,1374239.317,3418299012.37897
2025-05-11 16:00:00,2461.22,2524.38,2439.08,2506.99,1105701.773,2746775938.80659
2025-05-11 20:00:00,2507.0,2527.71,2481.95,2513.48,609193.962,1525280994.41641
2025-05-12 00:00:00,2513.48,2548.0,2490.0,2519.01,941674.729,2373404127.71649
2025-05-12 04:00:00,2519.0,2624.84,2484.02,2553.44,2242797.017,5729405396.09759
2025-05-12 08:00:00,2553.45,2585.05,2520.0,2529.34,1268458.744,3239043988.27025
2025-05-12 12:00:00,2529.32,2575.6,2478.0,2485.94,2294695.345,5799644507.60314
2025-05-12 16:00:00,2485.95,2511.94,2406.55,2459.29,1853110.156,4556715989.72236
2025-05-12 20:00:00,2459.28,2499.34,2450.88,2494.16,596324.874,1479431088.47159
2025-05-13 00:00:00,2494.16,2494.9,2414.36,2424.07,1055040.451,2581969614.68234
2025-05-13 04:00:00,2424.06,2479.45,2418.84,2459.9,776859.755,1905264034.47199
2025-05-13 08:00:00,2459.89,2524.97,2450.57,2512.26,965762.294,2401213819.90678
2025-05-13 12:00:00,2512.25,2573.0,2490.13,2564.89,1893092.86,4804058875.87872
2025-05-13 16:00:00,2564.88,2738.62,2558.61,2690.02,2769262.522,7317706965.14075
2025-05-13 20:00:00,2690.02,2706.98,2653.0,2678.59,1236161.125,3311460817.68447
2025-05-14 00:00:00,2678.58,2724.96,2620.8,2645.78,1641253.983,4379226230.27499
2025-05-14 04:00:00,2645.79,2686.61,2635.06,2639.14,807221.596,2147938345.11897
2025-05-14 08:00:00,2639.15,2644.71,2575.0,2624.16,1507824.985,3935768671.1714
2025-05-14 12:00:00,2624.16,2634.52,2557.0,2596.28,1495860.917,3876040819.05287
2025-05-14 16:00:00,2596.28,2616.82,2545.0,2603.85,1049260.687,2713496518.49695
2025-05-14 20:00:00,2603.86,2612.88,2582.31,2608.74,412855.983,1072471400.82401
2025-05-15 00:00:00,2608.75,2646.1,2565.9,2573.77,939751.872,2445608068.83931
2025-05-15 04:00:00,2573.77,2595.73,2513.8,2529.6,1197722.104,3062576222.26786
2025-05-15 08:00:00,2529.59,2566.39,2515.68,2553.81,1225654.523,3117098895.95203
2025-05-15 12:00:00,2553.81,2578.99,2475.61,2562.9,2328139.242,5887913825.31296
2025-05-15 16:00:00,2562.91,2603.52,2510.59,2529.77,1705724.372,4365908539.89256
2025-05-15 20:00:00,2529.77,2563.61,2510.49,2547.75,718685.509,1822675935.0128
2025-05-16 00:00:00,2547.76,2584.08,2533.15,2580.43,686310.721,1758652584.03578
2025-05-16 04:00:00,2580.43,2619.39,2562.92,2600.5,817685.147,2118909624.88959
2025-05-16 08:00:00,2600.51,2648.68,2556.65,2620.0,1458062.58,3794886530.82031
2025-05-16 12:00:00,2620.0,2622.39,2572.3,2593.94,1187310.629,3083212511.96572
2025-05-16 16:00:00,2593.93,2600.96,2568.27,2591.0,563810.618,1456481775.53592
2025-05-16 20:00:00,2591.0,2591.88,2527.14,2535.72,801645.427,2047205415.09951
2025-05-17 00:00:00,2535.71,2537.63,2450.62,2495.93,1792000.979,4464555273.23136
2025-05-17 04:00:00,2495.92,2512.33,2473.53,2491.49,713657.089,1780124230.83376
2025-05-17 08:00:00,2491.49,2495.06,2463.71,2480.54,625120.761,1550812553.41678
2025-05-17 12:00:00,2480.55,2485.76,2442.65,2473.22,822248.107,2030475935.96186
2025-05-17 16:00:00,2473.22,2488.0,2446.7,2468.9,654559.246,1616080071.25335
2025-05-17 20:00:00,2468.9,2495.55,2451.28,2474.09,481277.838,1189977306.8364
2025-05-18 00:00:00,2474.09,2486.78,2466.74,2476.19,331411.088,821320537.77276
2025-05-18 04:00:00,2476.18,2514.77,2476.18,2508.35,562307.567,1405321726.15481
2025-05-18 08:00:00,2508.35,2527.85,2496.0,2500.49,557580.444,1401089565.34098
2025-05-18 12:00:00,2500.49,2587.52,2486.65,2578.06,1379138.641,3506421283.85729
2025-05-18 16:00:00,2578.07,2582.92,2402.0,2406.78,2642398.498,6590356682.37974
2025-05-18 20:00:00,2406.78,2510.2,2312.62,2496.98,2606228.026,6260980428.70456
2025-05-19 00:00:00,2496.98,2513.38,2378.02,2384.46,1799075.262,4375915674.03785
2025-05-19 04:00:00,2384.46,2412.27,2346.99,2402.54,1602633.825,3816641625.7297
2025-05-19 08:00:00,2402.53,2422.11,2389.0,2416.34,937674.513,2256516893.11315
2025-05-19 12:00:00,2416.33,2473.0,2383.0,2465.59,1658874.566,4028806430.15454
2025-05-19 16:00:00,2465.59,2546.97,2449.82,2517.67,2048794.518,5130003841.64082
2025-05-19 20:00:00,2517.68,2534.09,2491.39,2526.87,825841.907,2076346525.62887
2025-05-20 00:00:00,2526.87,2588.0,2509.52,2552.08,1477473.617,3770973605.72212
2025-05-20 04:00:00,2552.08,2577.54,2520.66,2531.2,913343.332,2327186571.83572
2025-05-20 08:00:00,2531.21,2539.0,2491.0,2513.32,887639.522,2234787614.00197
2025-05-20 12:00:00,2513.32,2514.31,2463.0,2481.52,1339869.174,3325147743.31817
2025-05-20 16:00:00,2481.52,2511.05,2438.39,2500.25,1342709.473,3328050251.55022
2025-05-20 20:00:00,2500.25,2540.47,2483.5,2523.09,984928.514,2471002671.62018
2025-05-21 00:00:00,2523.08,2553.5,2506.31,2543.77,780479.959,1976223041.89037
2025-05-21 04:00:00,2543.76,2615.46,2533.03,2550.72,1630181.452,4196964345.09694
2025-05-21 08:00:00,2550.72,2561.48,2513.21,2535.67,1087132.338,2756009613.00601
2025-05-21 12:00:00,2535.67,2581.96,2520.49,2566.01,1596059.558,4076781850.88728
2025-05-21 16:00:00,2566.01,2614.99,2450.72,2511.11,4283127.922,10737598790.44646
2025-05-21 20:00:00,2511.1,2598.53,2482.45,2550.26,1223065.547,3103677993.84243
2025-05-22 00:00:00,2550.26,2647.25,2543.37,2628.6,1480317.91,3838941705.13996
2025-05-22 04:00:00,2628.59,2646.82,2601.65,2634.41,1239074.054,3248850279.69671
2025-05-22 08:00:00,2634.41,2692.61,2626.41,2649.71,1589788.052,4232276070.31532
2025-05-22 12:00:00,2649.72,2679.3,2618.59,2663.53,1316940.745,3495901209.82383
2025-05-22 16:00:00,2663.54,2675.34,2625.28,2634.02,876865.881,2326325391.07591
2025-05-22 20:00:00,2634.03,2665.0,2627.18,2663.72,482068.043,1274513276.62058
2025-05-23 00:00:00,2663.72,2734.3,2643.76,2720.93,1570361.036,4234078062.59458
2025-05-23 04:00:00,2720.93,2725.39,2650.01,2654.69,1300283.032,3483548853.55586
2025-05-23 08:00:00,2654.69,2687.8,2550.0,2565.32,1833415.438,4811855498.78237
2025-05-23 12:00:00,2565.32,2591.19,2497.0,2567.38,2423745.03,6191508629.25705
2025-05-23 16:00:00,2567.37,2585.94,2545.12,2559.76,959181.098,2460260856.90298
2025-05-23 20:00:00,2559.77,2561.62,2502.1,2525.39,974559.196,2469751567.42041
2025-05-24 00:00:00,2525.38,2555.05,2513.97,2548.98,533556.357,1352129786.54231
2025-05-24 04:00:00,2548.98,2562.33,2534.1,2545.79,469613.397,1197417872.4528
2025-05-24 08:00:00,2545.78,2574.5,2543.81,2562.14,502514.348,1286977705.05168
2025-05-24 12:00:00,2562.15,2564.37,2542.34,2554.32,470406.445,1201261659.09133
2025-05-24 16:00:00,2554.32,2566.4,2542.23,2553.33,309487.14,790469958.85186
2025-05-24 20:00:00,2553.34,2555.47,2511.13,2529.27,466950.261,1181921364.25614
2025-05-25 00:00:00,2529.27,2538.38,2473.36,2511.79,973247.946,2433151294.62614
2025-05-25 04:00:00,2511.78,2517.66,2486.3,2493.38,384054.29,960797901.62512
2025-05-25 08:00:00,2493.38,2501.74,2457.6,2496.58,796703.684,1979723864.4262
2025-05-25 12:00:00,2496.58,2524.99,2478.0,2510.47,838094.896,2099688000.1806
2025-05-25 16:00:00,2510.47,2537.0,2495.0,2525.21,415021.708,1043013901.82476
2025-05-25 20:00:00,2525.2,2553.0,2506.08,2550.03,629624.009,1596013575.82399
2025-05-26 00:00:00,2550.03,2576.0,2535.0,2559.33,697788.792,1784535141.87735
2025-05-26 04:00:00,2559.34,2598.6,2556.16,2579.71,683033.265,1759892055.91329
2025-05-26 08:00:00,2579.7,2581.8,2552.47,2566.75,545725.204,1400264797.00463
2025-05-26 12:00:00,2566.74,2573.62,2537.68,2565.0,697779.257,1783760625.06242
2025-05-26 16:00:00,2565.0,2572.8,2521.29,2539.97,642992.323,1634452721.53925
2025-05-26 20:00:00,2539.97,2584.74,2535.19,2562.43,483515.497,1238072301.98722
2025-05-27 00:00:00,2562.42,2572.5,2508.0,2548.42,836329.354,2122936703.00173
2025-05-27 04:00:00,2548.42,2619.61,2547.83,2606.95,1343275.09,3472256344.58402
2025-05-27 08:00:00,2606.97,2654.1,2606.7,2651.98,1387295.484,3654254761.89398
2025-05-27 12:00:00,2651.97,2683.76,2632.42,2667.46,1566938.64,4164719483.18759
2025-05-27 16:00:00,2667.47,2711.8,2657.2,2686.84,1253647.962,3366004558.98568
2025-05-27 20:00:00,2686.84,2693.63,2651.0,2659.84,553686.383,1476458562.47617
2025-05-28 00:00:00,2659.83,2660.85,2617.0,2644.51,734773.316,1939094713.05615
2025-05-28 04:00:00,2644.51,2651.87,2622.36,2635.35,463076.132,1220796726.94992
2025-05-28 08:00:00,2635.36,2658.94,2606.0,2655.99,750489.82,1976895795.48447
2025-05-28 12:00:00,2655.99,2689.13,2612.0,2626.17,1681717.068,4458547202.35822
2025-05-28 16:00:00,2626.2,2664.0,2615.23,2616.61,785142.616,2073648184.65828
2025-05-28 20:00:00,2616.61,2686.0,2610.01,2680.4,740934.455,1963302246.84097
2025-05-29 00:00:00,2680.4,2788.88,2669.43,2762.05,1934120.835,5284747107.15848
2025-05-29 04:00:00,2762.04,2766.66,2700.01,2730.0,1163696.032,3175076639.00827
2025-05-29 08:00:00,2730.0,2744.0,2705.82,2714.84,866640.236,2360392447.27752
2025-05-29 12:00:00,2714.84,2718.09,2620.26,2642.46,2061443.262,5494768390.34941
2025-05-29 16:00:00,2642.46,2672.85,2627.34,2649.35,990275.507,2623679983.38696
2025-05-29 20:00:00,2649.35,2667.97,2617.11,2630.3,572182.083,1513522434.82611
2025-05-30 00:00:00,2630.3,2644.12,2556.0,2630.39,1473970.879,3839293428.50507
2025-05-30 04:00:00,2630.39,2648.42,2605.83,2617.55,912386.829,2396727445.91431
2025-05-30 08:00:00,2617.55,2627.09,2586.55,2620.69,833611.471,2177244426.2977
2025-05-30 12:00:00,2620.7,2625.28,2571.17,2597.01,1368556.609,3552415827.43478
2025-05-30 16:00:00,2597.01,2603.0,2530.0,2573.3,1392383.191,3562404508.75648
2025-05-30 20:00:00,2573.3,2589.45,2503.37,2529.63,1003938.363,2551304655.21186
2025-05-31 00:00:00,2529.62,2538.39,2474.0,2512.88,1322167.486,3311258370.99013
2025-05-31 04:00:00,2512.88,2526.0,2503.4,2520.0,394921.322,994321445.39823
2025-05-31 08:00:00,2520.0,2537.97,2506.27,2518.6,477940.903,1205032164.90919
2025-05-31 12:00:00,2518.6,2550.0,2515.34,2534.85,645857.187,1637783982.65276
2025-05-31 16:00:00,2534.85,2546.49,2521.05,2536.48,304612.221,772271563.51978
2025-05-31 20:00:00,2536.47,2550.0,2523.32,2527.08,301330.216,764625183.16824
2025-06-01 00:00:00,2527.08,2529.67,2488.52,2512.14,597182.554,1499149184.33131
2025-06-01 04:00:00,2512.13,2526.46,2504.58,2507.62,260989.816,656479569.7847
2025-06-01 08:00:00,2507.62,2509.7,2476.01,2496.32,578632.561,1442890291.28375
2025-06-01 12:00:00,2496.32,2524.47,2465.0,2522.0,730401.961,1824234622.89048
2025-06-01 16:00:00,2522.0,2547.0,2491.56,2525.11,884380.111,2234177609.85736
2025-06-01 20:00:00,2525.1,2546.35,2518.19,2537.89,433284.726,1098234347.00607
2025-06-02 00:00:00,2537.89,2540.89,2484.05,2495.12,661312.367,1661853993.3816
2025-06-02 04:00:00,2495.11,2512.74,2482.0,2505.78,579570.941,1446554128.48184
2025-06-02 08:00:00,2505.79,2515.0,2472.74,2480.03,763797.294,1899629449.04895
2025-06-02 12:00:00,2480.02,2556.34,2477.0,2543.24,1458642.261,3673553959.18502
2025-06-02 16:00:00,2543.25,2565.4,2522.88,2531.21,837300.82,2129529348.46402
2025-06-02 20:00:00,2531.22,2614.2,2530.7,2606.48,974822.701,2514057660.51699
2025-06-03 00:00:00,2606.49,2649.0,2588.05,2602.38,1386420.609,3631634870.39832
2025-06-03 04:00:00,2602.38,2619.44,2588.88,2608.68,569501.463,1483673788.08248
2025-06-03 08:00:00,2608.69,2619.52,2593.47,2600.21,505288.9,1317245159.50683
2025-06-03 12:00:00,2600.21,2654.98,2596.36,2622.56,1348476.143,3541756668.25993
2025-06-03 16:00:00,2622.55,2627.77,2601.76,2624.16,648206.732,1695514763.22023
2025-06-03 20:00:00,2624.17,2624.46,2563.0,2592.16,734013.333,1907335635.75751
2025-06-04 00:00:00,2592.16,2639.84,2582.41,2626.78,649446.742,1698089770.56719
2025-06-04 04:00:00,2626.77,2644.17,2618.33,2626.31,578432.877,1520434984.05933
2025-06-04 08:00:00,2626.32,2649.38,2623.0,2623.71,662755.204,1747968143.2105
2025-06-04 12:00:00,2623.71,2679.64,2593.2,2666.91,1877192.48,4938648663.39774
2025-06-04 16:00:00,2666.92,2668.29,2620.73,2622.36,811795.325,2146222952.40715
2025-06-04 20:00:00,2622.36,2623.79,2596.95,2606.62,704964.905,1838878709.80404
2025-06-05 00:00:00,2606.62,2631.68,2600.11,2624.0,465813.604,1218689771.54626
2025-06-05 04:00:00,2624.01,2633.76,2600.0,2603.21,580779.233,1517929644.62352
2025-06-05 08:00:00,2603.22,2612.68,2579.14,2606.64,660454.477,1716600273.40368
2025-06-05 12:00:00,2606.63,2640.0,2560.01,2588.34,2165012.477,5627922466.19594
2025-06-05 16:00:00,2588.35,2590.7,2506.0,2528.08,1793921.269,4578100953.41684
2025-06-05 20:00:00,2528.08,2534.79,2390.0,2412.9,2826419.66,6897426785.68094
2025-06-06 00:00:00,2412.9,2455.83,2379.62,2454.51,1153684.026,2790444226.81936
2025-06-06 04:00:00,2454.5,2468.43,2445.49,2454.18,745714.121,1831036410.89255
2025-06-06 08:00:00,2454.19,2492.03,2452.71,2474.93,815093.429,2016489582.51501
2025-06-06 12:00:00,2474.93,2529.67,2465.66,2508.29,1649226.869,4122030642.34424
2025-06-06 16:00:00,2508.28,2517.39,2482.21,2483.04,681493.984,1700894707.80931
2025-06-06 20:00:00,2483.04,2506.44,2471.51,2475.38,373807.114,929661838.87505
2025-06-07 00:00:00,2475.38,2492.79,2455.85,2487.99,562304.031,1391603258.28238
2025-06-07 04:00:00,2487.99,2501.15,2478.75,2490.21,436170.86,1085991677.76966
2025-06-07 08:00:00,2490.21,2500.88,2480.25,2494.22,295912.887,736985745.68833
2025-06-07 12:00:00,2494.23,2522.91,2491.28,2518.5,616927.623,1547271205.03331
2025-06-07 16:00:00,2518.5,2524.9,2505.61,2515.78,397391.702,999488649.77936
2025-06-07 20:00:00,2515.78,2545.0,2515.78,2523.4,384207.658,971791535.58625
2025-06-08 00:00:00,2523.41,2525.0,2507.25,2510.66,304361.554,765362692.29356
2025-06-08 04:00:00,2510.66,2519.03,2507.25,2513.45,195997.002,492492829.83456
2025-06-08 08:00:00,2513.46,2520.19,2483.28,2512.29,585488.919,1466011498.28422
2025-06-08 12:00:00,2512.29,2527.26,2498.68,2513.39,475955.891,1195329765.65814
2025-06-08 16:00:00,2513.38,2539.68,2511.48,2531.53,417830.619,1055950095.93795
2025-06-08 20:00:00,2531.54,2548.02,2497.41,2508.32,653318.554,1644856941.63958
2025-06-09 00:00:00,2508.31,2510.64,2480.4,2495.55,592287.74,1478074684.09027
2025-06-09 04:00:00,2495.55,2495.74,2475.83,2490.67,395793.047,983702667.41697
2025-06-09 08:00:00,2490.67,2546.98,2483.03,2540.74,1177500.484,2970000892.00807
2025-06-09 12:00:00,2540.75,2547.97,2507.98,2532.98,970683.284,2456157240.72246
2025-06-09 16:00:00,2532.98,2589.33,2532.66,2579.45,1032215.72,2649671332.23172
2025-06-09 20:00:00,2579.46,2693.2,2574.54,2679.12,1404063.031,3709304137.94945
2025-06-10 00:00:00,2679.13,2726.83,2674.44,2688.26,1363440.805,3678944870.5523
2025-06-10 04:00:00,2688.26,2699.0,2655.0,2676.67,941983.645,2520139600.98541
2025-06-10 08:00:00,2676.67,2798.72,2669.01,2772.99,1670367.354,4571020059.84293
2025-06-10 12:00:00,2772.99,2778.5,2688.53,2731.83,2220486.109,6083567458.24964
2025-06-10 16:00:00,2731.84,2807.0,2727.05,2772.87,1329132.35,3665945983.83702
2025-06-10 20:00:00,2772.87,2827.0,2731.02,2815.74,1304747.252,3635129957.49796
2025-06-11 00:00:00,2815.74,2834.23,2771.14,2790.21,938015.8,2623232294.41112
2025-06-11 04:00:00,2790.21,2803.61,2778.8,2790.86,470951.583,1315056924.17384
2025-06-11 08:00:00,2790.86,2792.84,2753.01,2771.82,737858.849,2043051331.62221
2025-06-11 12:00:00,2771.82,2879.0,2762.88,2864.01,2768039.315,7804734007.63666
2025-06-11 16:00:00,2864.0,2874.98,2800.59,2811.94,1796803.452,5091316337.08741
2025-06-11 20:00:00,2811.93,2830.0,2742.57,2770.34,1202209.57,3344460514.60457
2025-06-12 00:00:00,2770.35,2783.9,2745.01,2763.99,870750.517,2408101587.37489
2025-06-12 04:00:00,2764.0,2775.75,2729.13,2739.45,769350.68,2120270525.98063
2025-06-12 08:00:00,2739.45,2760.94,2718.46,2728.76,908970.378,2492151664.62922
2025-06-12 12:00:00,2728.76,2772.52,2710.78,2718.25,1597660.237,4380399527.76467
2025-06-12 16:00:00,2718.24,2769.97,2690.01,2693.13,1386161.237,3788362563.15181
2025-06-12 20:00:00,2693.12,2702.38,2614.24,2641.38,1873001.218,4968739934.62586
2025-06-13 00:00:00,2641.38,2644.32,2433.8,2513.0,4910049.086,12354724952.68701
2025-06-13 04:00:00,2513.0,2541.11,2490.78,2525.13,1278994.741,3215515412.66144
2025-06-13 08:00:00,2525.14,2544.87,2505.35,2543.93,1188597.489,3000876610.96211
2025-06-13 12:00:00,2543.93,2562.57,2502.65,2550.26,1939511.167,4923878561.89364
2025-06-13 16:00:00,2550.26,2585.0,2508.7,2526.33,1349970.638,3432093950.97608
2025-06-13 20:00:00,2526.33,2582.16,2523.08,2578.09,498759.875,1275509599.01652
2025-06-14 00:00:00,2578.1,2578.18,2545.83,2547.74,488953.082,1251738788.22811
2025-06-14 04:00:00,2547.73,2555.45,2524.08,2535.82,434102.986,1103597539.9006
2025-06-14 08:00:00,2535.82,2538.7,2517.33,2537.0,485412.365,1227767422.17526
2025-06-14 12:00:00,2537.01,2545.4,2503.3,2518.22,639512.902,1614933837.72509
2025-06-14 16:00:00,2518.21,2525.07,2486.68,2506.31,999816.853,2504969954.40017
2025-06-14 20:00:00,2506.36,2539.16,2495.4,2529.66,517526.195,1303626357.54776
2025-06-15 00:00:00,2529.66,2539.9,2523.78,2529.05,289312.42,732511622.83059
2025-06-15 04:00:00,2529.04,2552.23,2521.01,2527.33,636118.28,1614047291.44213
2025-06-15 08:00:00,2527.32,2528.96,2507.38,2515.19,456376.615,1148465423.43838
2025-06-15 12:00:00,2515.19,2555.0,2514.79,2540.79,789067.656,2002470192.11716
2025-06-15 16:00:00,2540.8,2559.76,2528.54,2535.94,490790.656,1248608943.80665
2025-06-15 20:00:00,2535.94,2549.42,2490.38,2546.32,836516.063,2108472898.25303
2025-06-16 00:00:00,2546.32,2578.0,2513.38,2567.6,931639.038,2377504191.57838
2025-06-16 04:00:00,2567.6,2637.7,2565.37,2627.71,1245019.081,3244810786.13969
2025-06-16 08:00:00,2627.72,2633.15,2591.62,2615.81,831117.756,2174094026.50701
2025-06-16 12:00:00,2615.8,2656.51,2603.34,2630.86,1211839.078,3188237802.80778
2025-06-16 16:00:00,2630.86,2668.9,2626.26,2659.2,771364.382,2040762804.88515
2025-06-16 20:00:00,2659.22,2680.0,2533.1,2543.12,2110670.661,5475575506.65872
2025-06-17 00:00:00,2543.11,2617.74,2524.0,2606.39,1643928.047,4225022655.87515
2025-06-17 04:00:00,2606.39,2609.69,2569.0,2581.13,692237.722,1789346117.61771
2025-06-17 08:00:00,2581.13,2584.37,2540.65,2551.25,780338.905,1997450308.14845
2025-06-17 12:00:00,2551.26,2567.39,2480.0,2497.75,1936684.116,4896097619.49113
2025-06-17 16:00:00,2497.76,2542.71,2451.97,2527.09,2072872.872,5161571869.33797
2025-06-17 20:00:00,2527.09,2533.83,2491.0,2508.99,878059.326,2207365291.11277
2025-06-18 00:00:00,2508.99,2535.31,2505.0,2526.87,561438.504,1415795348.24611
2025-06-18 04:00:00,2526.88,2545.1,2516.4,2532.33,525376.414,1329305418.65896
2025-06-18 08:00:00,2532.33,2547.35,2487.45,2512.59,1052630.235,2647794820.57941
2025-06-18 12:00:00,2512.6,2537.99,2465.0,2507.84,2115706.575,5296691896.12969
2025-06-18 16:00:00,2507.84,2520.09,2465.0,2491.24,1679946.788,4187055213.05522
2025-06-18 20:00:00,2491.25,2536.75,2481.5,2523.49,758607.152,1910801817.13651
2025-06-19 00:00:00,2523.5,2546.29,2505.52,2524.36,624508.847,1575600599.21914
2025-06-19 04:00:00,2524.35,2530.17,2513.01,2517.56,345035.785,869965102.44269
2025-06-19 08:00:00,2517.56,2544.0,2517.55,2530.62,538241.729,1363269387.8558
2025-06-19 12:00:00,2530.61,2536.38,2488.76,2491.89,921652.562,2312682043.53968
2025-06-19 16:00:00,2491.88,2523.48,2483.58,2503.76,729587.211,1826675752.23748
2025-06-19 20:00:00,2503.77,2531.85,2501.59,2520.18,507720.547,1278022445.76256
2025-06-20 00:00:00,2520.17,2530.58,2511.18,2516.16,386590.064,974688885.25326
2025-06-20 04:00:00,2516.16,2552.0,2502.44,2548.6,790265.848,1996702054.08359
2025-06-20 08:00:00,2548.6,2568.56,2540.0,2548.68,1012530.739,2585716501.3976
2025-06-20 12:00:00,2548.68,2558.63,2486.0,2492.46,1685818.916,4242290503.60386
2025-06-20 16:00:00,2492.47,2495.1,2363.88,2413.62,2960595.651,7178635572.49047
2025-06-20 20:00:00,2413.62,2437.2,2380.0,2405.42,888370.569,2139396845.41513
2025-06-21 00:00:00,2405.43,2431.44,2394.66,2424.33,529288.672,1279326731.43065
2025-06-21 04:00:00,2424.34,2427.25,2417.59,2425.63,274576.529,665146938.86675
2025-06-21 08:00:00,2425.63,2447.96,2422.08,2441.43,587247.643,1431417741.51473
2025-06-21 12:00:00,2441.43,2444.1,2410.89,2422.37,787741.515,1910092657.41658
2025-06-21 16:00:00,2422.36,2427.39,2381.0,2384.02,855670.816,2054339589.06082
2025-06-21 20:00:00,2384.02,2408.1,2213.07,2294.63,3313256.274,7586140101.16197
2025-06-22 00:00:00,2294.64,2312.96,2243.19,2263.49,2193010.09,4997302393.39913
2025-06-22 04:00:00,2263.5,2297.4,2260.59,2269.74,745492.225,1700462445.70742
2025-06-22 08:00:00,2269.74,2279.08,2233.34,2272.0,1138897.715,2572729627.46215
2025-06-22 12:00:00,2272.0,2286.64,2155.1,2173.91,3824236.271,8418439663.55592
2025-06-22 16:00:00,2173.9,2219.11,2169.42,2182.96,1163775.32,2547235078.55958
2025-06-22 20:00:00,2182.97,2236.0,2111.0,2226.33,1911014.757,4158865510.86997
2025-06-23 00:00:00,2226.33,2259.37,2221.0,2233.89,780063.519,1745683266.66284
2025-06-23 04:00:00,2233.9,2277.77,2226.76,2257.5,914424.114,2055926962.66895
2025-06-23 08:00:00,2257.51,2273.47,2237.34,2252.16,657693.554,1480999674.66352
2025-06-23 12:00:00,2252.17,2317.0,2231.02,2247.17,2217435.913,5044585957.78862
2025-06-23 16:00:00,2247.16,2325.38,2187.01,2311.57,3035881.317,6847070842.01045
2025-06-23 20:00:00,2311.61,2440.0,2302.27,2410.39,2514103.62,5985793822.0757
2025-06-24 00:00:00,2410.4,2416.83,2388.05,2397.66,940167.174,2257568951.18072
2025-06-24 04:00:00,2397.66,2434.1,2390.0,2391.79,971566.814,2341383759.29601
2025-06-24 08:00:00,2391.78,2450.0,2374.9,2408.3,1457561.532,3508247963.88204
2025-06-24 12:00:00,2408.3,2455.98,2401.46,2437.0,1354130.236,3284751960.17306
2025-06-24 16:00:00,2437.0,2481.28,2416.0,2432.91,1553818.886,3810824934.68597
2025-06-24 20:00:00,2432.9,2448.82,2428.94,2447.58,395365.33,964280791.04765
2025-06-25 00:00:00,2447.58,2467.84,2435.29,2442.85,618629.814,1517612024.28194
2025-06-25 04:00:00,2442.85,2449.93,2422.77,2443.45,561567.204,1368099220.16187
2025-06-25 08:00:00,2443.44,2447.61,2405.06,2427.96,963725.948,2337364440.5768
2025-06-25 12:00:00,2427.93,2445.87,2388.23,2404.48,1704481.503,4122546309.42443
2025-06-25 16:00:00,2404.48,2438.75,2400.22,2431.8,664699.186,1607995826.14636
2025-06-25 20:00:00,2431.79,2455.27,2406.69,2417.28,487021.558,1182424932.486
2025-06-26 00:00:00,2417.28,2520.0,2415.68,2487.95,1384813.557,3426450270.57983
2025-06-26 04:00:00,2487.95,2499.85,2465.74,2489.0,648672.753,1610159585.2528
2025-06-26 08:00:00,2489.01,2499.65,2438.0,2449.23,888554.803,2189727163.83377
2025-06-26 12:00:00,2449.23,2458.93,2408.01,2432.0,1525301.187,3711048886.5765
2025-06-26 16:00:00,2432.0,2443.09,2416.63,2434.52,549742.962,1334736739.07912
2025-06-26 20:00:00,2434.51,2456.58,2392.12,2414.54,707909.25,1714765511.64868
2025-06-27 00:00:00,2414.59,2447.89,2377.0,2445.83,785672.789,1899578663.93165
2025-06-27 04:00:00,2445.84,2458.88,2433.33,2441.19,623010.328,1522435573.4786
2025-06-27 08:00:00,2441.2,2463.38,2433.99,2446.26,612862.63,1501224361.16203
2025-06-27 12:00:00,2446.27,2456.33,2412.5,2437.61,1017373.521,2472394431.98674
2025-06-27 16:00:00,2437.61,2448.69,2387.01,2411.72,985773.859,2376728887.2908
2025-06-27 20:00:00,2411.72,2429.0,2410.5,2422.06,350789.367,849201279.93747
2025-06-28 00:00:00,2422.07,2423.06,2404.75,2419.7,281932.459,681139830.76352
2025-06-28 04:00:00,2419.7,2433.0,2416.52,2430.55,249389.724,604513366.64381
2025-06-28 08:00:00,2430.55,2431.25,2418.29,2426.26,224421.488,544057882.74277
2025-06-28 12:00:00,2426.26,2443.99,2418.75,2435.08,250438.725,607982442.29756
2025-06-28 16:00:00,2435.09,2447.42,2430.5,2432.38,359274.969,875672208.80906
2025-06-28 20:00:00,2432.38,2441.37,2425.8,2434.8,168454.394,409952191.76285
2025-06-29 00:00:00,2434.8,2441.68,2423.12,2426.85,199560.091,485180920.14715
2025-06-29 04:00:00,2426.84,2439.6,2425.57,2439.58,173700.524,422676428.07798
2025-06-29 08:00:00,2439.58,2463.96,2437.05,2460.82,587466.365,1439674975.20707
2025-06-29 12:00:00,2460.81,2462.14,2431.7,2435.36,497284.17,1216080649.76909
2025-06-29 16:00:00,2435.36,2441.71,2428.0,2436.81,283148.046,689662395.96499
2025-06-29 20:00:00,2436.8,2524.41,2406.45,2499.25,1325636.004,3284520068.48423
2025-06-30 00:00:00,2499.25,2523.43,2494.18,2498.42,660423.78,1656388641.72012
2025-06-30 04:00:00,2498.43,2504.81,2453.94,2479.63,882527.342,2187911321.70521
2025-06-30 08:00:00,2479.63,2485.84,2445.2,2457.19,783903.016,1929143493.34374
2025-06-30 12:00:00,2457.19,2488.12,2431.87,2473.54,1355948.586,3332908116.88147
2025-06-30 16:00:00,2473.54,2517.49,2460.05,2514.78,980605.854,2439582837.3945
2025-06-30 20:00:00,2514.78,2521.59,2481.15,2484.3,509078.127,1272265045.83693
2025-07-01 00:00:00,2484.3,2499.6,2476.24,2484.36,416594.462,1036217660.39529
2025-07-01 04:00:00,2484.37,2484.7,2443.88,2464.02,834084.799,2052517312.42734
2025-07-01 08:00:00,2464.02,2464.02,2441.14,2448.14,465079.976,1140873586.29339
2025-07-01 12:00:00,2448.13,2455.3,2405.05,2422.49,1442880.685,3505897019.02102
2025-07-01 16:00:00,2422.49,2433.24,2400.0,2401.45,670882.473,1621782464.38551
2025-07-01 20:00:00,2401.45,2417.43,2383.33,2403.65,676653.635,1625221423.70339
2025-07-02 00:00:00,2403.66,2431.51,2367.53,2429.23,755580.925,1816358769.77152
2025-07-02 04:00:00,2429.22,2453.53,2424.13,2445.75,667585.557,1629797292.96895
2025-07-02 08:00:00,2445.76,2460.0,2440.32,2444.53,570139.751,1396358705.61174
2025-07-02 12:00:00,2444.53,2502.97,2430.42,2497.74,1332986.591,3289056074.30488
2025-07-02 16:00:00,2497.73,2607.36,2494.04,2603.65,2430964.502,6214634719.982
2025-07-02 20:00:00,2603.64,2618.2,2568.09,2569.37,851809.443,2208566775.04015
2025-07-03 00:00:00,2569.37,2586.15,2555.25,2560.22,604326.811,1552977321.2873
2025-07-03 04:00:00,2560.21,2604.84,2558.27,2599.24,706792.152,1828310131.76919
2025-07-03 08:00:00,2599.24,2616.0,2580.24,2596.25,836532.847,2172434631.42309
2025-07-03 12:00:00,2596.25,2635.0,2563.77,2569.14,2209363.396,5739093057.71298
2025-07-03 16:00:00,2569.14,2591.31,2563.75,2584.63,600760.674,1548019525.81449
2025-07-03 20:00:00,2584.63,2602.76,2584.1,2590.17,310981.364,806352488.28331
2025-07-04 00:00:00,2590.18,2601.96,2570.07,2576.66,432892.138,1118741377.27685
2025-07-04 04:00:00,2576.67,2584.01,2528.0,2533.85,1036995.167,2649483382.56216
2025-07-04 08:00:00,2533.85,2558.0,2525.77,2548.01,709906.332,1806851085.62602
2025-07-04 12:00:00,2548.01,2554.84,2494.42,2499.61,1434107.509,3612780892.80367
2025-07-04 16:00:00,2499.61,2502.66,2473.07,2481.59,952063.317,2366939986.08301
2025-07-04 20:00:00,2481.59,2519.6,2480.2,2506.86,467707.257,1170596983.06424
2025-07-05 00:00:00,2506.87,2523.94,2496.79,2517.3,337655.931,848619625.68036
2025-07-05 04:00:00,2517.3,2528.86,2511.32,2520.35,300295.253,756861752.49186
2025-07-05 08:00:00,2520.36,2524.73,2507.65,2516.82,309522.531,778958952.10838
2025-07-05 12:00:00,2516.82,2520.96,2503.71,2506.88,319743.532,803564293.69514
2025-07-05 16:00:00,2506.88,2512.29,2486.31,2504.41,504716.31,1261451803.53482
2025-07-05 20:00:00,2504.4,2521.74,2497.0,2515.25,239879.454,602646559.13642
2025-07-06 00:00:00,2515.25,2519.82,2508.06,2513.77,180837.776,454643218.62355
2025-07-06 04:00:00,2513.77,2526.09,2507.45,2516.9,280595.588,706625224.87261
2025-07-06 08:00:00,2516.91,2517.64,2502.25,2514.73,338116.301,848709084.01379
2025-07-06 12:00:00,2514.72,2569.4,2510.56,2557.69,1242565.065,3165333962.49715
2025-07-06 16:00:00,2557.69,2559.97,2522.69,2540.0,580072.484,1474012661.02933
2025-07-06 20:00:00,2540.01,2607.08,2539.0,2569.14,977977.949,2523662346.59736
2025-07-07 00:00:00,2569.14,2589.88,2549.03,2576.34,587935.204,1510544494.9857
2025-07-07 04:00:00,2576.34,2579.78,2558.62,2577.28,397485.013,1021712417.89539
2025-07-07 08:00:00,2577.28,2587.73,2551.23,2561.83,647745.617,1663012047.72155
2025-07-07 12:00:00,2561.83,2568.0,2525.88,2532.56,1344005.975,3421004398.14191
2025-07-07 16:00:00,2532.56,2557.0,2505.37,2542.86,1254256.481,3175345026.1671
2025-07-07 20:00:00,2542.85,2544.59,2522.04,2541.37,336429.483,852828142.15531
2025-07-08 00:00:00,2541.36,2553.82,2522.07,2536.82,492351.796,1248110806.7096
2025-07-08 04:00:00,2536.82,2563.0,2530.72,2552.16,547321.503,1395682686.16883
2025-07-08 08:00:00,2552.16,2584.99,2542.0,2573.88,646689.423,1657966531.57653
2025-07-08 12:00:00,2573.88,2600.0,2556.36,2563.83,1079021.877,2779908292.83597
2025-07-08 16:00:00,2563.83,2627.83,2558.43,2609.23,1368277.075,3562797002.1931
2025-07-08 20:00:00,2609.22,2616.69,2595.31,2613.97,340794.57,888529226.32615
2025-07-09 00:00:00,2613.97,2626.0,2588.49,2590.42,538893.869,1403415874.10216
2025-07-09 04:00:00,2590.42,2649.0,2589.43,2623.74,909680.335,2385350285.25757
2025-07-09 08:00:00,2623.75,2629.26,2602.54,2624.94,687417.658,1798307264.44581
2025-07-09 12:00:00,2624.95,2674.5,2622.63,2655.41,1802367.91,4779582349.63798
2025-07-09 16:00:00,2655.41,2795.73,2650.88,2763.56,2075027.197,5644305081.70647
2025-07-09 20:00:00,2763.56,2783.3,2730.2,2767.7,1255792.826,3461909145.93628
2025-07-10 00:00:00,2767.69,2798.0,2754.08,2774.51,712640.212,1977553063.51604
2025-07-10 04:00:00,2774.51,2822.23,2764.43,2789.54,1097323.676,3067796431.24874
2025-07-10 08:00:00,2789.54,2795.87,2771.08,2777.38,607880.478,1690985460.50278
2025-07-10 12:00:00,2777.38,2794.0,2756.72,2768.49,1221382.384,3387341166.88442
2025-07-10 16:00:00,2768.5,2839.29,2767.49,2814.61,2003963.745,5626766050.28184
2025-07-10 20:00:00,2814.61,3010.44,2811.2,2950.62,2933181.587,8599731242.71773
2025-07-11 00:00:00,2950.61,2974.06,2913.72,2968.51,971211.378,2862387177.20143
2025-07-11 04:00:00,2968.5,3028.48,2945.32,2967.8,1941649.453,5816029058.85529
2025-07-11 08:00:00,2967.79,3040.95,2960.51,2983.22,1598636.988,4796625060.11755
2025-07-11 12:00:00,2983.22,3008.9,2935.05,2950.45,1674438.458,4992916317.18752
2025-07-11 16:00:00,2950.46,3009.55,2936.0,3006.64,1089326.287,3243620124.86586
2025-07-11 20:00:00,3006.64,3008.76,2921.98,2956.93,881056.117,2609896453.55479
2025-07-12 00:00:00,2956.94,2969.96,2929.13,2964.89,386505.314,1142288343.2165
2025-07-12 04:00:00,2964.89,2978.0,2940.0,2961.7,500429.867,1479883158.75006
2025-07-12 08:00:00,2961.69,2979.0,2956.09,2962.54,339753.889,1008722380.42968
2025-07-12 12:00:00,2962.55,2967.08,2902.8,2914.83,1322574.914,3875537599.03246
2025-07-12 16:00:00,2914.83,2944.86,2909.38,2939.72,427432.585,1253413306.68205
2025-07-12 20:00:00,2939.71,2947.0,2913.54,2941.87,302326.081,886337540.36794
2025-07-13 00:00:00,2941.88,2960.0,2934.88,2953.77,363850.858,1072288060.47735
2025-07-13 04:00:00,2953.77,2967.89,2948.11,2961.46,345341.225,1021421174.21323
2025-07-13 08:00:00,2961.47,2965.0,2943.05,2963.32,336609.103,994429791.85856
2025-07-13 12:00:00,2963.32,3019.52,2957.87,2990.98,1180738.216,3529965678.05705
2025-07-13 16:00:00,2990.98,3009.78,2960.58,2987.92,578057.302,1726959968.22639
2025-07-13 20:00:00,2987.93,2997.48,2930.0,2970.37,698519.222,2070860557.80274
2025-07-14 00:00:00,2970.37,3051.91,2961.44,3036.37,1103831.107,3320589610.25967
2025-07-14 04:00:00,3036.37,3066.0,3015.88,3043.65,1320109.285,4012344352.27547
2025-07-14 08:00:00,3043.65,3083.0,3022.22,3051.1,1481138.068,4523235472.33786
2025-07-14 12:00:00,3051.1,3067.61,2990.69,3011.0,1552526.825,4709380991.61791
2025-07-14 16:00:00,3011.0,3029.0,2981.0,2999.12,833211.877,2505105399.9108
2025-07-14 20:00:00,2999.11,3017.75,2980.0,3012.26,365951.477,1099348631.04894
2025-07-15 00:00:00,3012.26,3022.5,2930.99,2950.9,1440427.666,4272651454.26623
2025-07-15 04:00:00,2950.9,2994.34,2933.22,2976.35,912885.254,2712531206.91221
2025-07-15 08:00:00,2976.36,2988.4,2958.0,2980.17,529162.847,1572950620.62967
2025-07-15 12:00:00,2980.16,3066.6,2965.78,3039.0,2861753.192,8627269270.61812
2025-07-15 16:00:00,3038.99,3098.0,3033.03,3040.87,1944393.473,5955966499.64174
2025-07-15 20:00:00,3040.86,3144.48,3029.37,3137.62,1007040.105,3115858230.55311
2025-07-16 00:00:00,3137.62,3153.84,3102.58,3115.08,908028.643,2839738596.60489
2025-07-16 04:00:00,3115.07,3174.0,3099.6,3160.55,1030192.393,3238935857.9014
2025-07-16 08:00:00,3160.55,3172.96,3143.0,3149.9,638200.399,2014800096.01332
2025-07-16 12:00:00,3149.9,3265.88,3146.26,3243.4,2667111.815,8572034332.69523
2025-07-16 16:00:00,3243.41,3384.9,3233.58,3382.52,2513097.064,8331458111.53387
2025-07-16 20:00:00,3382.5,3423.47,3342.24,3370.55,1647655.353,5574854993.18206
2025-07-17 00:00:00,3370.54,3398.56,3311.0,3330.04,1130486.073,3789037488.03209
2025-07-17 04:00:00,3330.03,3472.2,3320.03,3448.37,1608602.777,5483253501.25545
2025-07-17 08:00:00,3448.37,3482.62,3425.57,3434.69,1333952.461,4607133477.78753
2025-07-17 12:00:00,3434.68,3441.21,3362.0,3420.07,1708165.38,5828004870.22634
2025-07-17 16:00:00,3420.06,3454.0,3365.01,3410.77,1314457.856,4484168320.25925
2025-07-17 20:00:00,3410.77,3524.0,3370.66,3476.65,1735851.752,6005492092.07539
2025-07-18 00:00:00,3476.66,3628.99,3458.0,3596.83,1956613.689,6995516007.00642
2025-07-18 04:00:00,3596.82,3674.43,3576.0,3607.1,1765240.453,6415723315.5354
2025-07-18 08:00:00,3607.11,3631.0,3584.0,3612.0,999653.565,3609045220.78245
2025-07-18 12:00:00,3612.01,3673.72,3530.55,3564.7,2558559.704,9207894634.92508
2025-07-18 16:00:00,3564.7,3624.71,3536.23,3551.21,1238581.375,4431283537.18644
2025-07-18 20:00:00,3551.21,3578.0,3476.1,3546.36,1421561.075,5012241643.94917
2025-07-19 00:00:00,3546.36,3598.0,3505.0,3591.74,708758.825,2521348568.68936
2025-07-19 04:00:00,3591.74,3608.0,3566.0,3570.54,485878.925,1741236463.73541
2025-07-19 08:00:00,3570.54,3577.77,3536.78,3551.9,575881.175,2048835683.12567
2025-07-19 12:00:00,3551.89,3572.0,3525.72,3551.36,633517.011,2248760184.15642
2025-07-19 16:00:00,3551.36,3582.6,3531.53,3577.13,549586.865,1953972483.46905
2025-07-19 20:00:00,3577.13,3598.0,3536.08,3591.31,497921.616,1779095028.66205
2025-07-20 00:00:00,3591.32,3695.0,3578.05,3657.11,1025090.465,3726234237.77593
2025-07-20 04:00:00,3657.12,3689.0,3632.05,3667.38,826509.973,3022499050.15325
2025-07-20 08:00:00,3667.37,3770.0,3667.37,3755.7,1401004.139,5205628313.09683
2025-07-20 12:00:00,3755.7,3790.0,3724.0,3785.39,1122468.134,4212372573.82383
2025-07-20 16:00:00,3785.39,3826.0,3729.57,3748.85,1679795.569,6335439854.76885
2025-07-20 20:00:00,3748.85,3771.75,3680.0,3755.67,1180474.072,4406570549.1573
2025-07-21 00:00:00,3755.68,3765.86,3700.19,3756.86,814007.961,3040118931.42215
2025-07-21 04:00:00,3756.86,3812.0,3745.96,3786.97,856066.905,3238128353.2758
2025-07-21 08:00:00,3786.96,3838.0,3755.06,3808.8,1149982.544,4366111680.84041
2025-07-21 12:00:00,3808.88,3857.82,3773.63,3808.9,1578381.142,6027180879.86729
2025-07-21 16:00:00,3808.89,3815.86,3718.0,3734.9,1773107.943,6673024343.81411
2025-07-21 20:00:00,3734.9,3778.81,3716.35,3760.96,501032.816,1880916396.29896
2025-07-22 00:00:00,3760.95,3798.58,3693.22,3730.38,1346316.73,5040412755.11798
2025-07-22 04:00:00,3730.38,3733.28,3651.0,3676.44,1428363.598,5268522899.77265
2025-07-22 08:00:00,3676.44,3719.38,3616.53,3704.39,1583825.799,5798604113.31122
2025-07-22 12:00:00,3704.4,3728.97,3626.0,3717.74,1743770.552,6417128150.07156
2025-07-22 16:00:00,3717.74,3750.0,3654.54,3668.91,1206318.524,4469472600.42469
2025-07-22 20:00:00,3668.9,3751.61,3660.84,3746.01,623191.003,2312154649.78818
2025-07-23 00:00:00,3746.02,3764.08,3712.0,3728.0,896152.493,3351006309.95607
2025-07-23 04:00:00,3728.0,3737.2,3663.0,3672.27,730780.764,2703269232.00594
2025-07-23 08:00:00,3672.27,3698.49,3638.77,3670.91,870532.357,3191469344.74133
2025-07-23 12:00:00,3670.9,3680.03,3580.0,3643.55,2034729.704,7365826247.42206
2025-07-23 16:00:00,3643.55,3643.55,3553.0,3587.06,1276174.247,4578741822.36947
2025-07-23 20:00:00,3587.06,3634.98,3526.5,3627.49,1153814.812,4124175787.21397
2025-07-24 00:00:00,3627.5,3664.87,3610.78,3640.31,627378.065,2284247647.90085
2025-07-24 04:00:00,3640.31,3657.25,3505.0,3589.94,1797935.278,6420435557.18158
2025-07-24 08:00:00,3589.94,3660.0,3579.12,3654.32,1380823.592,5008893151.46272
2025-07-24 12:00:00,3654.33,3772.63,3611.11,3730.46,2058258.449,7602548115.72664
2025-07-24 16:00:00,3730.47,3753.65,3665.8,3730.81,1285702.463,4774626225.05236
2025-07-24 20:00:00,3730.8,3741.95,3693.71,3706.2,635771.768,2363909657.16236
2025-07-25 00:00:00,3706.22,3707.46,3570.13,3594.25,1632653.72,5941647234.31775
2025-07-25 04:00:00,3594.25,3666.81,3576.84,3630.68,1486432.754,5386825529.42463
2025-07-25 08:00:00,3630.68,3746.42,3627.41,3720.0,1461051.957,5396275195.41271
2025-07-25 12:00:00,3720.01,3734.43,3600.0,3631.91,1593107.569,5846663035.56567
2025-07-25 16:00:00,3631.91,3658.5,3615.11,3639.56,578003.791,2103493339.16964
2025-07-25 20:00:00,3639.55,3729.53,3637.42,3724.17,662107.414,2451668709.87648
2025-07-26 00:00:00,3724.18,3766.83,3694.56,3738.01,690149.936,2576216513.82291
2025-07-26 04:00:00,3738.0,3756.4,3729.32,3741.03,280468.172,1049647920.46776
2025-07-26 08:00:00,3741.04,3783.62,3725.0,3738.44,835767.667,3139553670.88355
2025-07-26 12:00:00,3738.43,3753.0,3714.14,3734.51,553003.537,2065718401.21599
2025-07-26 16:00:00,3734.52,3756.38,3705.92,3749.33,449837.559,1679111109.1249
2025-07-26 20:00:00,3749.32,3795.2,3731.11,3740.0,518603.197,1949055929.75592
2025-07-27 00:00:00,3740.0,3787.22,3728.36,3772.92,379033.623,1425955772.52807
2025-07-27 04:00:00,3772.91,3810.28,3761.01,3766.5,595842.82,2254919971.36273
2025-07-27 08:00:00,3766.5,3840.0,3747.32,3814.16,969625.625,3686989855.67667
2025-07-27 12:00:00,3814.17,3836.0,3790.61,3817.66,663321.364,2529898156.89504
2025-07-27 16:00:00,3817.67,3868.97,3807.83,3827.35,875077.825,3358616213.9391
2025-07-27 20:00:00,3827.35,3878.53,3814.49,3871.47,578434.501,2226111697.15384
2025-07-28 00:00:00,3871.48,3907.88,3841.69,3878.47,969320.576,3755669604.95336
2025-07-28 04:00:00,3878.46,3940.81,3867.0,3892.01,1252691.757,4895519435.46395
2025-07-28 08:00:00,3892.0,3903.2,3856.61,3878.59,589540.124,2288443776.7118
2025-07-28 12:00:00,3878.59,3888.8,3770.01,3806.09,1934388.261,7389774294.66996
2025-07-28 16:00:00,3806.09,3821.0,3751.03,3796.02,986275.679,3732781744.41431
2025-07-28 20:00:00,3796.01,3802.92,3763.47,3796.0,558574.529,2113807398.96806
2025-07-29 00:00:00,3795.99,3819.99,3727.21,3790.46,1082309.264,4081623138.66891
2025-07-29 04:00:00,3790.46,3879.57,3773.86,3876.56,948623.913,3632923062.59607
2025-07-29 08:00:00,3876.56,3885.43,3810.15,3824.65,952121.388,3667092516.97281
2025-07-29 12:00:00,3824.64,3874.97,3745.01,3759.52,1685108.273,6415634245.3689
2025-07-29 16:00:00,3759.52,3795.0,3712.24,3763.78,1278988.996,4805277102.09849
2025-07-29 20:00:00,3763.78,3799.78,3740.0,3791.55,599092.325,2257655356.66596
2025-07-30 00:00:00,3791.55,3827.99,3753.69,3815.62,630457.661,2391554915.30777
2025-07-30 04:00:00,3815.62,3832.61,3785.1,3809.13,563397.753,2147321858.3591
2025-07-30 08:00:00,3809.12,3824.26,3742.0,3756.61,866405.174,3277037469.33734
2025-07-30 12:00:00,3756.61,3830.94,3747.47,3795.76,1171205.043,4430395695.77454
2025-07-30 16:00:00,3795.77,3821.36,3670.0,3758.7,1849502.383,6932549720.12327
2025-07-30 20:00:00,3758.69,3811.13,3739.62,3808.67,677820.724,2557813800.75649
2025-07-31 00:00:00,3808.67,3867.0,3799.78,3861.97,762213.047,2926497098.53428
2025-07-31 04:00:00,3861.97,3878.0,3853.18,3862.16,434581.655,1679061362.69215
2025-07-31 08:00:00,3862.15,3872.98,3824.05,3836.87,475804.232,1832150304.97154
2025-07-31 12:00:00,3836.87,3844.01,3760.16,3786.01,1492245.741,5666629800.77993
2025-07-31 16:00:00,3786.01,3816.99,3733.0,3736.19,1141794.881,4307886469.66999
2025-07-31 20:00:00,3736.2,3757.15,3682.23,3696.58,1090695.2,4057329386.20909
2025-08-01 00:00:00,3696.57,3722.9,3613.67,3703.49,1649037.303,6065253167.41496
2025-08-01 04:00:00,3703.49,3703.49,3622.22,3648.67,1060678.646,3884186040.79698
2025-08-01 08:00:00,3648.66,3648.66,3583.44,3641.04,1101742.019,3984946466.52973
2025-08-01 12:00:00,3641.04,3674.84,3562.05,3614.49,2072546.15,7509447633.12381
2025-08-01 16:00:00,3614.5,3632.74,3514.0,3517.57,1728308.014,6162466999.99895
2025-08-01 20:00:00,3517.57,3551.89,3428.86,3486.42,1581260.135,5522014468.59958
2025-08-02 00:00:00,3486.41,3531.27,3476.57,3527.15,577008.703,2022906559.77799
2025-08-02 04:00:00,3527.15,3536.48,3453.14,3517.68,874769.256,3057163754.21021
2025-08-02 08:00:00,3517.67,3523.0,3472.01,3506.93,669038.801,2339588482.09541
2025-08-02 12:00:00,3506.93,3516.48,3449.42,3457.5,818419.056,2851641156.4797
2025-08-02 16:00:00,3457.5,3479.6,3371.13,3381.35,1684732.822,5760084731.11829
2025-08-02 20:00:00,3381.34,3442.49,3366.5,3392.42,800097.852,2723255172.04473
2025-08-03 00:00:00,3392.42,3450.84,3353.51,3441.97,833279.151,2839262368.03777
2025-08-03 04:00:00,3441.98,3458.67,3432.1,3454.23,380442.783,1310537825.25203
2025-08-03 08:00:00,3454.23,3514.0,3451.82,3483.4,693244.511,2413359466.53345
2025-08-03 12:00:00,3483.41,3502.68,3452.79,3474.65,689136.36,2396109437.93683
2025-08-03 16:00:00,3474.66,3513.64,3465.97,3495.32,425377.371,1484782266.37669
2025-08-03 20:00:00,3495.33,3520.97,3481.58,3495.0,406051.051,1420646832.85006
2025-08-04 00:00:00,3495.01,3575.0,3489.28,3555.0,821270.164,2908074032.2659
2025-08-04 04:00:00,3555.0,3564.43,3518.36,3550.66,569671.566,2015804972.27661
2025-08-04 08:00:00,3550.67,3573.63,3539.79,3554.0,498385.286,1771800786.75279
2025-08-04 12:00:00,3554.01,3663.88,3549.16,3646.59,1579128.882,5716143718.55296
2025-08-04 16:00:00,3646.6,3716.93,3646.41,3668.14,1138525.156,4193680098.57738
2025-08-04 20:00:00,3668.14,3735.0,3658.9,3719.42,709531.339,2631399221.03322
2025-08-05 00:00:00,3719.41,3720.1,3646.72,3650.4,645083.762,2373860383.06011
2025-08-05 04:00:00,3650.4,3678.35,3598.74,3611.76,978562.665,3563940711.59724
2025-08-05 08:00:00,3611.76,3692.3,3606.65,3672.58,842260.219,3078184338.60673
2025-08-05 12:00:00,3672.58,3678.89,3555.0,3568.46,2020149.308,7278208442.41865
2025-08-05 16:00:00,3568.46,3611.0,3558.0,3570.18,753786.648,2701224012.14839
2025-08-05 20:00:00,3570.18,3623.98,3542.58,3610.19,575325.544,2062645390.16082
2025-08-06 00:00:00,3610.19,3612.48,3562.34,3582.02,550941.608,1974619967.4396
2025-08-06 04:00:00,3582.03,3661.4,3568.0,3638.4,795083.238,2883578497.777
2025-08-06 08:00:00,3638.39,3644.0,3608.0,3618.16,558189.693,2021394527.89422
2025-08-06 12:00:00,3618.15,3668.0,3571.05,3662.65,1208790.532,4363451552.57383
2025-08-06 16:00:00,3662.66,3697.39,3636.78,3682.13,773389.743,2836765574.99526
2025-08-06 20:00:00,3682.13,3684.92,3648.19,3681.21,312642.372,1147955135.23904
2025-08-07 00:00:00,3681.21,3716.38,3645.78,3655.06,597181.105,2195666128.14428
2025-08-07 04:00:00,3655.06,3710.0,3653.45,3701.0,453497.089,1671750573.88279
2025-08-07 08:00:00,3701.0,3841.45,3700.88,3825.66,1663381.778,6287333546.61244
2025-08-07 12:00:00,3825.67,3864.54,3802.57,3835.15,1353895.586,5191155431.09875
2025-08-07 16:00:00,3835.15,3875.0,3777.14,3865.48,1002993.494,3836259971.31184
2025-08-07 20:00:00,3865.47,3926.38,3849.0,3908.4,866153.174,3365246506.38486
2025-08-08 00:00:00,3908.4,3968.81,3876.7,3938.05,1235680.482,4837001162.08025
2025-08-08 04:00:00,3938.05,3938.4,3892.96,3914.88,544729.004,2131923775.87506
2025-08-08 08:00:00,3914.87,3926.89,3883.11,3916.29,490087.246,1911545192.47714
2025-08-08 12:00:00,3916.28,4011.09,3890.06,3953.0,2029847.252,8041833554.41791
2025-08-08 16:00:00,3953.0,4066.0,3949.41,4059.99,1324961.66,5323839904.21917
2025-08-08 20:00:00,4060.0,4070.0,4005.52,4009.05,520037.213,2098943990.54767
2025-08-09 00:00:00,4009.04,4050.91,4005.02,4049.33,462895.387,1864853002.8228
2025-08-09 04:00:00,4049.34,4220.0,4043.26,4169.7,1918245.883,7953085517.15489
2025-08-09 08:00:00,4169.71,4248.87,4164.38,4189.39,1186053.816,4989883754.04907
2025-08-09 12:00:00,4189.39,4225.5,4152.57,4207.51,1038277.884,4349650853.2536
2025-08-09 16:00:00,4207.52,4271.1,4191.0,4256.64,719998.496,3046126542.07197
2025-08-09 20:00:00,4256.64,4325.24,4238.74,4259.1,1222561.264,5229012609.98649
2025-08-10 00:00:00,4259.11,4331.99,4205.0,4241.14,1287012.134,5490769475.70786
2025-08-10 04:00:00,4241.14,4263.35,4175.51,4184.36,871237.224,3673721239.05263
2025-08-10 08:00:00,4184.36,4232.0,4161.02,4179.11,813548.341,3417119052.94793
2025-08-10 12:00:00,4179.11,4237.87,4160.0,4216.12,770699.165,3234434322.3967
2025-08-10 16:00:00,4216.11,4257.96,4212.75,4247.2,385785.208,1633330257.57267
2025-08-10 20:00:00,4247.2,4252.82,4184.05,4248.77,616842.579,2604091404.95838
2025-08-11 00:00:00,4248.77,4346.0,4236.36,4307.77,1214417.77,5218558870.98049
2025-08-11 04:00:00,4307.78,4349.67,4263.92,4272.93,738160.346,3178880683.61378
2025-08-11 08:00:00,4272.93,4284.3,4168.03,4183.51,1093842.092,4631374244.35152
2025-08-11 12:00:00,4183.51,4331.5,4164.23,4328.88,2138971.772,9101745978.65116
2025-08-11 16:00:00,4328.88,4370.0,4232.0,4257.53,1375427.055,5927429155.53525
2025-08-11 20:00:00,4257.53,4257.53,4185.6,4221.31,719819.31,3039471242.0683
2025-08-12 00:00:00,4221.31,4309.82,4216.61,4284.2,735084.532,3140178432.30447
2025-08-12 04:00:00,4284.2,4320.63,4266.0,4314.23,709116.225,3047153868.07695
2025-08-12 08:00:00,4314.23,4332.74,4255.56,4289.35,765692.65,3286278997.01781
2025-08-12 12:00:00,4289.35,4482.3,4276.1,4470.98,3031824.495,13323708303.27355
2025-08-12 16:00:00,4470.98,4519.0,4438.0,4515.17,1596330.126,7155404037.2563
2025-08-12 20:00:00,4515.18,4640.0,4501.45,4589.31,1640669.135,7527210810.90644
2025-08-13 00:00:00,4589.31,4656.62,4562.59,4645.39,1089244.545,5020240747.6621
2025-08-13 04:00:00,4645.4,4682.0,4605.9,4624.29,976286.879,4534930475.69277
2025-08-13 08:00:00,4624.29,4716.0,4607.0,4689.37,1115915.83,5213870378.54493
2025-08-13 12:00:00,4689.38,4736.76,4613.11,4664.79,2254710.224,10547311874.17147
2025-08-13 16:00:00,4664.79,4752.54,4660.82,4738.72,1420236.562,6698378202.47308
2025-08-13 20:00:00,4738.73,4783.62,4694.55,4748.37,1103638.445,5236571985.63409
2025-08-14 00:00:00,4748.36,4781.6,4706.0,4774.86,929258.273,4406630314.04858
2025-08-14 04:00:00,4774.85,4794.0,4717.0,4748.99,1108244.428,5268438017.50069
2025-08-14 08:00:00,4748.99,4767.0,4669.0,4719.0,1112084.956,5248074757.99731
2025-08-14 12:00:00,4718.99,4736.99,4455.0,4617.61,4641081.618,21350915413.97552
2025-08-14 16:00:00,4617.61,4623.22,4478.8,4536.06,1693634.716,7693181726.3475
2025-08-14 20:00:00,4536.07,4570.79,4451.0,4545.26,958255.679,4323430721.59912
2025-08-15 00:00:00,4545.26,4647.99,4535.27,4632.63,858558.937,3947183596.4279
2025-08-15 04:00:00,4632.63,4661.63,4603.45,4639.46,602739.481,2791775444.27563
2025-08-15 08:00:00,4639.46,4666.0,4610.65,4632.4,549094.173,2545514030.82482
2025-08-15 12:00:00,4632.41,4670.23,4392.53,4428.72,2890571.367,13078996396.39605
2025-08-15 16:00:00,4428.72,4463.09,4371.0,4381.05,1715307.96,7558500583.52344
2025-08-15 20:00:00,4381.05,4489.3,4364.0,4437.16,804061.223,3560762300.08365
2025-08-16 00:00:00,4437.15,4488.33,4422.16,4430.97,669792.581,2986610312.02363
2025-08-16 04:00:00,4430.97,4462.24,4407.0,4449.48,431151.45,1911661249.20387
2025-08-16 08:00:00,4449.48,4457.44,4370.0,4385.89,878657.108,3874882600.67375
2025-08-16 12:00:00,4385.9,4426.74,4373.0,4398.0,640184.123,2816720660.931
2025-08-16 16:00:00,4398.0,4440.0,4388.0,4416.3,334266.974,1474456652.70448
2025-08-16 20:00:00,4416.3,4436.24,4400.0,4420.22,232902.612,1029498313.50587
2025-08-17 00:00:00,4420.22,4456.72,4392.45,4450.43,435325.778,1924765762.38934
2025-08-17 04:00:00,4450.44,4488.82,4441.41,4465.0,577950.305,2582315729.05241
2025-08-17 08:00:00,4464.99,4574.95,4456.63,4549.58,998341.027,4526187233.26121
2025-08-17 12:00:00,4549.59,4563.66,4516.0,4559.58,544157.161,2471044303.2669
2025-08-17 16:00:00,4559.58,4564.59,4417.17,4457.55,1023946.125,4598449878.74717
2025-08-17 20:00:00,4457.55,4532.15,4454.44,4470.66,566408.78,2543465103.68623
2025-08-18 00:00:00,4470.66,4480.0,4277.0,4318.43,2083009.95,9095906376.59764
2025-08-18 04:00:00,4318.43,4346.0,4228.0,4255.03,1552120.94,6645863497.95696
2025-08-18 08:00:00,4255.03,4322.0,4224.1,4272.91,1382313.528,5907999844.52
2025-08-18 12:00:00,4272.9,4368.01,4269.14,4343.22,1663804.296,7184332236.80443
2025-08-18 16:00:00,4343.23,4383.67,4297.59,4353.36,927703.662,4031105961.01289
2025-08-18 20:00:00,4353.37,4386.21,4302.36,4311.73,624033.383,2710569034.75757
2025-08-19 00:00:00,4311.72,4354.22,4210.71,4217.43,1244051.85,5322717848.91984
2025-08-19 04:00:00,4217.43,4248.93,4192.01,4232.61,892311.011,3767312301.12177
2025-08-19 08:00:00,4232.61,4315.71,4216.31,4307.3,801053.225,3425049424.17606
2025-08-19 12:00:00,4307.29,4340.0,4167.0,4190.32,2151654.298,9120717374.47229
2025-08-19 16:00:00,4190.33,4205.29,4112.36,4141.29,1573791.565,6541135741.96492
2025-08-19 20:00:00,4141.28,4164.03,4064.96,4073.94,978250.237,4027858024.89596
2025-08-20 00:00:00,4073.93,4156.29,4060.0,4139.0,1106408.785,4545217877.28093
2025-08-20 04:00:00,4138.99,4209.83,4137.3,4183.66,702800.697,2935867705.08167
2025-08-20 08:00:00,4183.66,4240.0,4146.24,4193.49,1115301.026,4688661125.79131
2025-08-20 12:00:00,4193.48,4306.55,4104.33,4253.47,2502508.918,10524881260.72977
2025-08-20 16:00:00,4253.46,4363.0,4252.72,4344.33,1607244.173,6925913241.33368
2025-08-20 20:00:00,4344.32,4376.13,4318.82,4334.5,635745.911,2762472808.90785
2025-08-21 00:00:00,4334.5,4338.94,4275.64,4293.49,708674.818,3052895409.16566
2025-08-21 04:00:00,4293.48,4319.71,4268.33,4309.16,504232.265,2166083226.6263
2025-08-21 08:00:00,4309.16,4313.53,4254.35,4277.01,729102.739,3122014571.69507
2025-08-21 12:00:00,4277.0,4327.46,4224.5,4240.91,1616510.013,6899104393.30286
2025-08-21 16:00:00,4240.91,4273.17,4206.0,4222.03,856649.089,3628117752.02719
2025-08-21 20:00:00,4222.02,4260.0,4202.0,4223.7,522200.378,2210330013.87395
2025-08-22 00:00:00,4223.69,4313.51,4220.08,4276.98,686192.115,2929420174.27128
2025-08-22 04:00:00,4276.98,4344.0,4270.37,4325.99,761860.091,3279530315.45975
2025-08-22 08:00:00,4326.0,4352.97,4271.1,4272.72,818505.596,3529089508.25643
2025-08-22 12:00:00,4272.71,4666.0,4206.0,4613.93,5114968.127,22942654581.80238
2025-08-22 16:00:00,4613.93,4858.0,4613.93,4832.06,3296103.971,15741726593.09758
2025-08-22 20:00:00,4832.06,4888.49,4795.32,4830.37,1306653.733,6327884020.91252
2025-08-23 00:00:00,4830.36,4830.37,4662.25,4694.47,1369739.122,6491555816.89355
2025-08-23 04:00:00,4694.46,4765.05,4693.62,4712.85,714003.405,3379015572.64002
2025-08-23 08:00:00,4712.86,4744.97,4688.95,4703.6,531872.305,2509553650.08991
2025-08-23 12:00:00,4703.61,4769.0,4691.36,4749.17,750582.436,3549669711.69163
2025-08-23 16:00:00,4749.17,4760.45,4725.31,4756.75,298385.887,1416674642.91049
2025-08-23 20:00:00,4756.76,4797.24,4736.0,4777.26,332696.506,1586801399.92995
2025-08-24 00:00:00,4777.25,4816.55,4752.13,4787.76,525510.539,2513124224.8299
2025-08-24 04:00:00,4787.76,4799.53,4755.4,4757.66,362935.268,1733518267.85408
2025-08-24 08:00:00,4757.66,4785.71,4717.68,4745.95,606341.511,2881443888.92043
2025-08-24 12:00:00,4745.95,4829.66,4736.85,4796.28,768608.561,3679132832.06899
2025-08-24 16:00:00,4796.28,4957.67,4740.72,4811.25,2588947.531,12586560306.80491
2025-08-24 20:00:00,4811.25,4823.0,4702.47,4778.32,1509052.441,7199160554.30705
2025-08-25 00:00:00,4778.33,4796.8,4667.24,4725.46,1072975.043,5075581557.70813
2025-08-25 04:00:00,4725.46,4737.74,4580.82,4589.6,1273479.594,5929332223.46153
2025-08-25 08:00:00,4589.6,4613.64,4518.0,4598.0,1485265.184,6795075687.80245
2025-08-25 12:00:00,4597.99,4683.26,4583.27,4610.31,1699711.678,7874122728.06374
2025-08-25 16:00:00,4610.31,4644.71,4413.03,4418.75,1634992.441,7427096809.74597
2025-08-25 20:00:00,4418.77,4444.2,4331.15,4374.25,1938052.985,8488591124.51291
2025-08-26 00:00:00,4374.25,4449.55,4310.0,4400.5,1354094.883,5932500458.37876
2025-08-26 04:00:00,4400.52,4453.78,4391.61,4427.16,752770.931,3330472083.52779
2025-08-26 08:00:00,4427.15,4465.0,4403.0,4425.57,648548.45,2871454535.41381
2025-08-26 12:00:00,4425.57,4576.31,4403.01,4516.17,2385362.668,10734038583.76303
2025-08-26 16:00:00,4516.16,4595.73,4494.19,4593.84,992246.486,4504261759.29052
2025-08-26 20:00:00,4593.82,4632.92,4559.5,4598.49,700100.297,3216368842.46741
2025-08-27 00:00:00,4598.5,4625.0,4538.0,4601.07,758967.128,3471921740.69343
2025-08-27 04:00:00,4601.08,4643.93,4557.06,4578.59,776015.079,3572679777.75843
2025-08-27 08:00:00,4578.59,4618.76,4553.0,4606.37,651846.516,2991637021.23591
2025-08-27 12:00:00,4606.37,4662.5,4572.9,4655.31,1494647.613,6903508285.73135
2025-08-27 16:00:00,4655.31,4655.92,4530.01,4563.23,910005.376,4184922910.50004
2025-08-27 20:00:00,4563.23,4612.85,4479.01,4504.84,1175137.002,5335087856.76614
2025-08-28 00:00:00,4504.86,4547.11,4465.0,4539.38,595929.097,2686488071.36746
2025-08-28 04:00:00,4539.39,4600.0,4532.28,4594.81,578779.364,2644079516.23234
2025-08-28 08:00:00,4594.81,4633.12,4580.0,4592.72,592179.043,2724425342.24705
2025-08-28 12:00:00,4592.72,4612.93,4482.01,4502.04,1222990.323,5573160477.44291
2025-08-28 16:00:00,4502.04,4528.77,4432.5,4436.18,969948.233,4348181431.51018
2025-08-28 20:00:00,4436.18,4513.71,4425.0,4509.1,466611.859,2089023789.29298
2025-08-29 00:00:00,4509.1,4514.66,4432.09,4487.57,630198.345,2819461015.78068
2025-08-29 04:00:00,4487.56,4495.7,4365.1,4379.03,824561.042,3646605488.69097
2025-08-29 08:00:00,4379.03,4396.55,4316.2,4344.43,1008368.224,4382114600.79393
2025-08-29 12:00:00,4344.43,4456.24,4264.29,4313.87,2409219.53,10457498646.93683
2025-08-29 16:00:00,4313.88,4365.27,4293.6,4338.78,811655.251,3514432389.90773
2025-08-29 20:00:00,4338.79,4378.5,4302.9,4358.65,525651.719,2284658384.06288
2025-08-30 00:00:00,4358.65,4381.97,4254.97,4350.85,1019490.663,4398654308.70763
2025-08-30 04:00:00,4350.86,4414.45,4345.07,4399.8,551427.643,2416938080.93121
2025-08-30 08:00:00,4399.8,4406.03,4376.24,4389.93,303635.188,1333165814.10997
2025-08-30 12:00:00,4389.93,4391.87,4329.45,4373.71,601987.777,2623410609.68493
2025-08-30 16:00:00,4373.71,4373.71,4333.0,4352.33,266145.726,1159176973.49375
2025-08-30 20:00:00,4352.32,4376.6,4332.0,4372.0,200027.995,870976029.94229
2025-08-31 00:00:00,4372.0,4488.36,4370.33,4485.72,758814.852,3369996439.25681
2025-08-31 04:00:00,4485.75,4489.85,4431.08,4448.77,424412.51,1890581887.57879
2025-08-31 08:00:00,4448.77,4482.46,4438.0,4474.53,464540.558,2072701997.77255
2025-08-31 12:00:00,4474.54,4498.0,4448.0,4482.47,560073.905,2505058158.40216
2025-08-31 16:00:00,4482.48,4489.0,4451.42,4453.25,346401.925,1549612822.18042
2025-08-31 20:00:00,4453.24,4475.91,4374.66,4389.58,601783.784,2663569485.04415
2025-09-01 00:00:00,4389.58,4429.91,4356.61,4401.34,861437.054,3781199100.15329
2025-09-01 04:00:00,4401.35,4462.47,4356.79,4461.11,741183.275,3264307675.62371
2025-09-01 08:00:00,4461.1,4490.0,4380.01,4390.87,978001.962,4341860546.73562
2025-09-01 12:00:00,4390.88,4422.17,4342.03,4359.69,773215.734,3390419394.23442
2025-09-01 16:00:00,4359.68,4369.78,4307.25,4366.18,683853.045,2967082225.42456
2025-09-01 20:00:00,4366.17,4366.56,4205.49,4313.0,1409802.813,6028942677.64364
2025-09-02 00:00:00,4313.0,4393.96,4289.12,4365.22,699295.208,3033469151.46941
2025-09-02 04:00:00,4365.23,4414.73,4358.97,4375.44,562670.491,2468936417.25852
2025-09-02 08:00:00,4375.44,4407.06,4339.31,4346.05,511092.356,2238568674.97351
2025-09-02 12:00:00,4346.05,4395.2,4268.87,4293.12,1964096.223,8502466592.49272
2025-09-02 16:00:00,4293.12,4329.96,4254.33,4272.47,929161.863,3988405380.26002
2025-09-02 20:00:00,4272.47,4336.08,4264.03,4324.59,456291.353,1967531080.28996
2025-09-03 00:00:00,4324.58,4354.0,4281.0,4332.55,546933.921,2363252976.19865
2025-09-03 04:00:00,4332.55,4340.9,4285.0,4307.83,464559.321,2002382959.43235
2025-09-03 08:00:00,4307.84,4383.93,4300.31,4369.58,611975.505,2661138667.86094
2025-09-03 12:00:00,4369.58,4484.26,4339.56,4477.0,1417869.852,6271445920.51043
2025-09-03 16:00:00,4476.99,4488.36,4452.08,4472.82,559318.293,2498707008.02142
2025-09-03 20:00:00,4472.83,4480.0,4437.1,4448.22,279734.269,1247445124.66904
2025-09-04 00:00:00,4448.22,4480.99,4386.72,4396.12,734298.085,3253296009.69851
2025-09-04 04:00:00,4396.12,4413.22,4353.36,4368.8,685948.506,3002683590.08709
2025-09-04 08:00:00,4368.8,4432.0,4362.13,4404.4,629798.247,2771505841.95059
2025-09-04 12:00:00,4404.4,4426.86,4291.0,4302.61,1553749.131,6765367403.51733
2025-09-04 16:00:00,4302.62,4320.99,4263.0,4273.83,802520.735,3445064899.78628
2025-09-04 20:00:00,4273.83,4351.23,4270.41,4295.68,487801.982,2104764758.15538
2025-09-05 00:00:00,4295.68,4333.43,4287.16,4326.5,484060.089,2086536867.61228
2025-09-05 04:00:00,4326.51,4426.77,4314.05,4415.0,755564.431,3299974924.54498
2025-09-05 08:00:00,4415.0,4425.0,4370.5,4415.57,817838.363,3599283030.11094
2025-09-05 12:00:00,4415.56,4494.45,4252.47,4280.44,3213979.354,14049625457.46769
2025-09-05 16:00:00,4280.45,4329.53,4270.0,4328.97,613184.113,2635146558.3327
2025-09-05 20:00:00,4328.96,4340.88,4285.0,4305.71,441731.135,1904901021.53957
2025-09-06 00:00:00,4305.71,4327.0,4300.67,4318.36,205969.662,888858810.40031
2025-09-06 04:00:00,4318.36,4318.36,4288.4,4310.35,215082.98,925082023.89859
2025-09-06 08:00:00,4310.35,4313.36,4283.55,4298.08,228351.068,981098377.68448
2025-09-06 12:00:00,4298.08,4307.1,4260.11,4267.68,412635.707,1767389212.92457
2025-09-06 16:00:00,4267.69,4304.0,4220.0,4253.95,810187.765,3456411035.75523
2025-09-06 20:00:00,4253.95,4286.57,4251.5,4271.69,275327.585,1176538643.8952
2025-09-07 00:00:00,4271.68,4302.51,4269.0,4295.07,267630.918,1148058225.77573
2025-09-07 04:00:00,4295.08,4305.88,4276.78,4293.0,220372.472,945821215.66828
2025-09-07 08:00:00,4293.0,4313.99,4290.0,4308.76,285883.549,1230002227.96625
2025-09-07 12:00:00,4308.77,4309.89,4286.52,4297.16,265933.375,1143307422.58671
2025-09-07 16:00:00,4297.17,4299.72,4267.44,4291.32,326459.939,1397697967.49904
2025-09-07 20:00:00,4291.31,4336.05,4279.02,4303.84,345190.299,1486519355.6383
2025-09-08 00:00:00,4303.83,4329.5,4276.21,4310.0,427800.138,1840473789.72232
2025-09-08 04:00:00,4310.0,4312.37,4284.77,4289.82,311892.121,1339924838.26428
2025-09-08 08:00:00,4289.82,4336.82,4285.78,4310.47,694843.659,2998020022.07725
2025-09-08 12:00:00,4310.46,4382.75,4303.61,4369.82,1022507.995,4442230978.75115
2025-09-08 16:00:00,4369.82,4371.88,4282.0,4291.27,708127.874,3061452639.27352
2025-09-08 20:00:00,4291.28,4331.0,4280.22,4303.98,381238.828,1640870980.74545
2025-09-09 00:00:00,4303.97,4313.91,4275.0,4304.98,420675.437,1805284403.36582
2025-09-09 04:00:00,4304.99,4380.77,4300.03,4360.43,763937.858,3321528832.62805
2025-09-09 08:00:00,4360.42,4366.33,4340.0,4345.83,389579.378,1695856449.20167
2025-09-09 12:00:00,4345.83,4366.43,4275.0,4282.64,1371314.625,5918704159.13037
2025-09-09 16:00:00,4282.64,4297.99,4276.0,4292.55,342003.671,1465909165.53326
2025-09-09 20:00:00,4292.55,4318.71,4279.0,4308.4,236048.646,1015683910.93162
2025-09-10 00:00:00,4308.41,4325.53,4283.0,4318.84,374454.51,1612275368.63752
2025-09-10 04:00:00,4318.83,4332.25,4292.66,4327.66,347615.992,1499389199.10496
2025-09-10 08:00:00,4327.67,4333.01,4305.57,4329.58,348608.498,1507452866.64732
2025-09-10 12:00:00,4329.58,4453.56,4328.0,4403.5,1855990.173,8157693728.04908
2025-09-10 16:00:00,4403.49,4407.35,4297.01,4320.26,1151643.028,5008447444.46231
2025-09-10 20:00:00,4320.26,4354.69,4318.33,4347.83,353911.273,1535562010.86174
2025-09-11 00:00:00,4347.83,4407.0,4336.8,4402.0,429175.446,1876537859.05566
2025-09-11 04:00:00,4402.01,4450.27,4393.66,4439.0,750583.54,3319507457.92046
2025-09-11 08:00:00,4439.0,4441.67,4404.77,4428.06,472689.278,2091071549.21894
2025-09-11 12:00:00,4428.06,4483.44,4328.88,4410.41,1844396.41,8146771598.28774
2025-09-11 16:00:00,4410.4,4440.0,4405.0,4422.31,363195.627,1605835867.06072
2025-09-11 20:00:00,4422.36,4467.85,4413.16,4456.86,375790.336,1669516811.30893
2025-09-12 00:00:00,4456.87,4538.6,4448.35,4503.61,936935.846,4219984993.5114
2025-09-12 04:00:00,4503.61,4562.0,4498.08,4524.39,584089.461,2648210008.81823
2025-09-12 08:00:00,4524.39,4534.76,4502.3,4519.32,430740.169,1946252423.82497
2025-09-12 12:00:00,4519.32,4570.0,4501.66,4540.16,784673.663,3558666877.64204
2025-09-12 16:00:00,4540.15,4658.8,4531.76,4656.0,1003013.565,4618104350.51579
2025-09-12 20:00:00,4656.0,4750.0,4628.05,4710.83,1079748.5,5052855972.64003
2025-09-13 00:00:00,4710.82,4768.0,4690.4,4754.75,587755.103,2774590916.34862
2025-09-13 04:00:00,4754.76,4755.2,4699.03,4709.69,478672.279,2261421563.7299
2025-09-13 08:00:00,4709.7,4738.33,4706.7,4717.86,274861.599,1297568520.81471
2025-09-13 12:00:00,4717.86,4729.48,4635.0,4651.44,888975.18,4159981991.68007
2025-09-13 16:00:00,4651.44,4665.02,4603.0,4635.85,715641.17,3314992589.55936
2025-09-13 20:00:00,4635.84,4670.94,4634.87,4664.74,225782.484,1051410778.46384
2025-09-14 00:00:00,4664.74,4691.3,4648.33,4661.0,301812.24,1409607221.56784
2025-09-14 04:00:00,4661.01,4679.99,4630.82,4648.81,311832.22,1452489268.257
2025-09-14 08:00:00,4648.81,4672.61,4623.96,4632.87,329869.35,1534036229.63331
2025-09-14 12:00:00,4632.88,4642.94,4575.0,4580.22,944498.034,4349366189.06653
2025-09-14 16:00:00,4580.22,4628.0,4577.5,4613.96,339868.401,1565310182.62445
2025-09-14 20:00:00,4613.95,4635.0,4596.32,4602.0,283379.666,1308330211.00694
2025-09-15 00:00:00,4602.0,4641.81,4578.01,4634.46,399031.27,1839526340.49312
2025-09-15 04:00:00,4634.46,4668.0,4585.16,4594.94,717598.034,3324057910.58244
2025-09-15 08:00:00,4594.94,4594.94,4495.72,4528.25,1306452.441,5922983514.98486
2025-09-15 12:00:00,4528.25,4540.14,4463.0,4497.46,1103082.053,4967902145.78948
2025-09-15 16:00:00,4497.46,4512.32,4472.49,4491.8,443560.925,1993382826.70189
2025-09-15 20:00:00,4491.79,4528.0,4486.04,4521.54,206680.269,932738416.79933
2025-09-16 00:00:00,4521.54,4536.31,4502.4,4518.97,250669.631,1133163755.34368
2025-09-16 04:00:00,4518.97,4534.87,4485.02,4510.65,410591.222,1852241788.52691
2025-09-16 08:00:00,4510.64,4529.9,4491.0,4499.39,311152.635,1402246523.27087
2025-09-16 12:00:00,4499.4,4510.81,4421.01,4465.74,1162089.007,5176737736.79647
2025-09-16 16:00:00,4465.73,4508.77,4444.49,4488.96,684554.469,3066808193.26995
2025-09-16 20:00:00,4488.96,4523.19,4481.01,4499.41,290801.805,1309584706.78681
2025-09-17 00:00:00,4499.41,4551.49,4490.5,4495.23,479210.709,2165608542.56933
2025-09-17 04:00:00,4495.23,4554.09,4461.38,4542.33,670750.685,3025636046.51852
2025-09-17 08:00:00,4542.33,4543.98,4477.0,4489.22,536198.737,2413074159.38148
2025-09-17 12:00:00,4489.23,4512.17,4465.0,4487.65,511293.796,2295888686.56818
2025-09-17 16:00:00,4487.64,4532.16,4404.08,4515.15,2113524.487,9465720397.91579
2025-09-17 20:00:00,4515.14,4615.26,4483.92,4588.3,813528.739,3704676989.21777
2025-09-18 00:00:00,4588.31,4642.6,4577.69,4612.01,579309.002,2671769499.32974
2025-09-18 04:00:00,4612.0,4618.0,4551.75,4573.1,506078.624,2318608840.14034
2025-09-18 08:00:00,4573.11,4606.49,4566.05,4573.99,380426.804,1744577941.82709
2025-09-18 12:00:00,4573.99,4623.0,4555.17,4597.15,701875.855,3222222756.75128
2025-09-18 16:00:00,4597.14,4634.84,4578.0,4586.53,538843.162,2483818562.02248
2025-09-18 20:00:00,4586.54,4603.9,4568.4,4585.31,221860.244,1017757198.48238
2025-09-19 00:00:00,4585.32,4619.5,4539.13,4547.46,607833.019,2782979647.34778
2025-09-19 04:00:00,4547.45,4557.06,4515.65,4536.56,559003.686,2535585225.89193
2025-09-19 08:00:00,4536.55,4546.78,4505.23,4511.46,381266.813,1724769511.71293
2025-09-19 12:00:00,4511.46,4542.0,4442.3,4472.29,1153084.724,5180237823.99287
2025-09-19 16:00:00,4472.29,4486.78,4433.0,4438.89,479282.892,2137369303.95833
2025-09-19 20:00:00,4438.9,4476.26,4436.21,4466.49,230867.396,1029452640.40912
2025-09-20 00:00:00,4466.48,4474.0,4451.62,4463.6,162617.098,725888331.62373
2025-09-20 04:00:00,4463.6,4484.59,4461.0,4480.72,164740.345,736754379.64785
2025-09-20 08:00:00,4480.72,4480.72,4453.21,4468.0,168132.004,750945957.26993
2025-09-20 12:00:00,4467.99,4505.45,4461.5,4496.37,322835.674,1448114615.15077
2025-09-20 16:00:00,4496.36,4506.75,4467.27,4477.86,281678.52,1262853377.44698
2025-09-20 20:00:00,4477.86,4499.73,4475.89,4478.27,110093.335,494010829.18618
2025-09-21 00:00:00,4478.26,4487.68,4454.29,4476.11,196890.693,880574848.26724
2025-09-21 04:00:00,4476.12,4491.39,4464.34,4475.85,141713.279,634536743.4869
2025-09-21 08:00:00,4475.85,4477.76,4440.07,4458.26,268404.536,1196782455.11898
2025-09-21 12:00:00,4458.25,4484.79,4458.01,4480.63,198896.927,889734711.99316
2025-09-21 16:00:00,4480.62,4497.01,4462.06,4492.21,297789.456,1334048620.64995
2025-09-21 20:00:00,4492.21,4492.92,4440.01,4443.01,262560.681,1170589355.27802
2025-09-22 00:00:00,4443.0,4454.01,4254.29,4303.62,1548538.648,6719753613.92881
2025-09-22 04:00:00,4303.61,4308.77,4000.88,4191.45,1929372.348,8061207456.59271
2025-09-22 08:00:00,4191.46,4205.82,4135.0,4179.53,820545.335,3423720722.3291
2025-09-22 12:00:00,4179.54,4217.49,4156.0,4165.82,802756.84,3361321133.47672
2025-09-22 16:00:00,4165.83,4181.17,4119.16,4133.39,635978.427,2641634912.59663
2025-09-22 20:00:00,4133.39,4207.33,4132.27,4196.86,363194.48,1518172340.53597
2025-09-23 00:00:00,4196.87,4209.99,4112.43,4186.49,731432.821,3047324449.76975
2025-09-23 04:00:00,4186.49,4215.0,4152.25,4203.23,510668.242,2139380688.40501
2025-09-23 08:00:00,4203.24,4230.06,4175.44,4189.68,444884.825,1867985157.71422
2025-09-23 12:00:00,4189.69,4209.73,4158.21,4178.8,705172.401,2950642420.52605
2025-09-23 16:00:00,4178.8,4205.96,4135.32,4151.37,785916.754,3272671090.1156
2025-09-23 20:00:00,4151.36,4189.49,4137.08,4162.25,313114.539,1305112906.21251
2025-09-24 00:00:00,4162.25,4193.0,4125.12,4145.4,537365.2,2235953004.59496
2025-09-24 04:00:00,4145.41,4182.72,4070.0,4173.43,900552.655,3722697370.23941
2025-09-24 08:00:00,4173.43,4197.06,4162.0,4179.96,327823.707,1369670894.29336
2025-09-24 12:00:00,4179.96,4204.99,4145.0,4163.82,648792.074,2708628751.04089
2025-09-24 16:00:00,4163.82,4192.0,4152.22,4158.95,365217.089,1522708748.89216
2025-09-24 20:00:00,4158.95,4169.6,4126.01,4150.51,267503.641,1110725708.84419
2025-09-25 00:00:00,4150.51,4158.95,4020.0,4059.76,1518593.26,6207486356.47425
2025-09-25 04:00:00,4059.76,4069.2,3961.0,4006.94,1344447.764,5393192818.20491
2025-09-25 08:00:00,4006.94,4052.05,3988.35,4000.93,752545.973,3027011244.73165
2025-09-25 12:00:00,4000.93,4021.75,3911.39,4001.0,1815525.237,7232562894.70376
2025-09-25 16:00:00,4001.0,4004.77,3822.0,3910.36,2292787.412,8936597636.30597
2025-09-25 20:00:00,3910.36,3936.0,3848.0,3873.1,728120.095,2833136035.62163
2025-09-26 00:00:00,3873.1,3970.0,3866.0,3964.0,700234.116,2751266464.89553
2025-09-26 04:00:00,3963.99,3975.99,3905.13,3936.6,753129.667,2961090304.12254
2025-09-26 08:00:00,3936.61,3943.31,3871.0,3903.9,632807.746,2470023841.70383
2025-09-26 12:00:00,3903.89,3985.0,3873.41,3944.42,1259960.37,4961465291.68761
2025-09-26 16:00:00,3944.41,4066.39,3941.0,4021.4,1065741.14,4283193522.40622
2025-09-26 20:00:00,4021.4,4038.0,4002.64,4030.17,329124.696,1323348788.03345
2025-09-27 00:00:00,4030.17,4031.2,4001.8,4017.2,214729.495,862639524.49992
2025-09-27 04:00:00,4017.21,4026.4,4004.01,4005.99,150313.655,603387617.04581
2025-09-27 08:00:00,4006.0,4017.0,3971.45,4000.86,491748.66,1964196627.92877
2025-09-27 12:00:00,4000.87,4038.62,3992.95,4017.2,396112.015,1590824621.46069
2025-09-27 16:00:00,4017.21,4018.27,3979.6,4000.66,321240.62,1283352177.03971
2025-09-27 20:00:00,4000.66,4031.99,3998.62,4017.01,188945.694,758933775.7633
2025-09-28 00:00:00,4017.01,4030.55,3992.09,4000.58,299320.145,1199261450.37116
2025-09-28 04:00:00,4000.57,4018.5,3994.55,4013.0,211930.874,848816661.48233
2025-09-28 08:00:00,4013.01,4014.75,3982.45,3990.72,272642.477,1088962571.29487
2025-09-28 12:00:00,3990.73,4027.87,3963.1,4019.91,579276.672,2317834736.93763
2025-09-28 16:00:00,4019.92,4054.66,4019.91,4037.43,404968.541,1634127064.40494
2025-09-28 20:00:00,4037.44,4143.05,4033.76,4139.55,746691.59,3060860657.28336
2025-09-29 00:00:00,4139.54,4143.99,4101.3,4119.68,450182.572,1855508741.14866
2025-09-29 04:00:00,4119.67,4122.0,4086.23,4106.6,287839.252,1181556959.19684
2025-09-29 08:00:00,4106.6,4138.0,4091.8,4100.88,479754.053,1975537835.93456
2025-09-29 12:00:00,4100.88,4202.69,4080.0,4162.72,1473438.882,6122693762.92098
2025-09-29 16:00:00,4162.71,4192.0,4125.21,4185.94,599749.834,2492244035.99115
2025-09-29 20:00:00,4185.94,4234.27,4179.41,4212.98,490432.093,2067400713.37599
2025-09-30 00:00:00,4212.99,4246.87,4185.26,4196.16,560839.955,2359479963.45176
2025-09-30 04:00:00,4196.17,4206.17,4167.22,4180.99,415410.599,1739054925.7124
2025-09-30 08:00:00,4180.99,4182.0,4131.67,4162.78,585242.765,2432496471.04478
2025-09-30 12:00:00,4162.78,4174.0,4091.51,4118.09,904953.914,3739387205.2907
2025-09-30 16:00:00,4118.09,4170.0,4091.0,4158.48,590966.027,2433318489.71537
2025-09-30 20:00:00,4158.48,4199.89,4113.04,4142.75,635479.682,2642212127.32439
2025-10-01 00:00:00,4142.75,4172.47,4120.61,4126.84,427123.985,1771484908.18235
2025-10-01 04:00:00,4126.84,4155.93,4121.33,4143.99,345656.634,1430896180.08011
2025-10-01 08:00:00,4143.98,4329.0,4141.37,4295.88,1715516.477,7321709739.60357
2025-10-01 12:00:00,4295.88,4343.29,4276.23,4325.01,911709.241,3929256785.2203
2025-10-01 16:00:00,4325.01,4338.04,4286.0,4332.24,577467.922,2493082311.82621
2025-10-01 20:00:00,4332.23,4356.07,4284.55,4345.85,459031.098,1983589617.76953
2025-10-02 00:00:00,4345.85,4397.73,4330.11,4374.99,850713.03,3717516479.00229
2025-10-02 04:00:00,4375.0,4422.3,4356.01,4373.65,642603.141,2821506051.94398
2025-10-02 08:00:00,4373.65,4394.37,4366.34,4377.24,290541.412,1272902456.48567
2025-10-02 12:00:00,4377.24,4441.67,4332.23,4435.49,1279649.524,5621529134.14763
2025-10-02 16:00:00,4435.5,4516.65,4423.33,4493.06,1018203.628,4548181053.02444
2025-10-02 20:00:00,4493.07,4495.36,4453.46,4481.7,389955.509,1744442536.47687
2025-10-03 00:00:00,4481.7,4559.0,4459.01,4498.96,665310.02,2996537913.13296
2025-10-03 04:00:00,4498.97,4509.25,4451.46,4460.84,472845.773,2116371395.39971
2025-10-03 08:00:00,4460.84,4493.08,4426.0,4476.2,530964.719,2369578567.79624
2025-10-03 12:00:00,4476.2,4540.77,4433.64,4533.2,862066.385,3860972848.01984
2025-10-03 16:00:00,4533.2,4590.83,4446.9,4517.65,1625533.44,7338404821.95943
2025-10-03 20:00:00,4517.66,4541.21,4491.37,4511.11,264607.735,1195714532.57852
2025-10-04 00:00:00,4511.12,4515.48,4460.0,4484.48,358523.766,1607626584.29147
2025-10-04 04:00:00,4484.48,4515.8,4477.07,4496.23,271915.92,1223552281.30607
2025-10-04 08:00:00,4496.24,4502.45,4478.01,4482.43,243258.865,1092238722.3161
2025-10-04 12:00:00,4482.42,4509.89,4438.8,4453.13,566627.766,2535046908.42821
2025-10-04 16:00:00,4453.14,4475.04,4438.0,4465.39,281424.545,1254450170.36304
2025-10-04 20:00:00,4465.4,4492.42,4465.4,4484.79,165790.506,743170211.12421
2025-10-05 00:00:00,4484.79,4575.14,4465.01,4530.11,804970.426,3645432361.6813
2025-10-05 04:00:00,4530.1,4614.19,4526.7,4604.91,707637.396,3234618264.3126
2025-10-05 08:00:00,4604.91,4618.44,4521.61,4549.08,867988.106,3959378847.40844
2025-10-05 12:00:00,4549.09,4549.09,4525.0,4530.61,313742.16,1423353583.85051
2025-10-05 16:00:00,4530.6,4539.53,4480.0,4485.33,519161.766,2342093955.12852
2025-10-05 20:00:00,4485.32,4522.22,4470.74,4512.34,262865.853,1183504940.56273
2025-10-06 00:00:00,4512.35,4551.74,4486.05,4534.9,582297.837,2633202034.16088
2025-10-06 04:00:00,4534.9,4576.58,4507.63,4530.98,476497.187,2165579349.33926
2025-10-06 08:00:00,4530.99,4593.25,4530.99,4569.54,439413.121,2006108930.58187
2025-10-06 12:00:00,4569.54,4692.91,4568.0,4671.24,1327756.203,6155246595.95137
2025-10-06 16:00:00,4671.24,4732.38,4657.56,4720.86,754145.844,3541440166.40742
2025-10-06 20:00:00,4720.85,4734.99,4670.4,4682.43,408439.781,1918040314.23963
2025-10-07 00:00:00,4682.42,4697.99,4660.03,4688.73,309266.165,1447250840.77189
2025-10-07 04:00:00,4688.74,4730.65,4662.01,4676.83,566683.653,2659074700.7828
2025-10-07 08:00:00,4676.84,4712.12,4636.0,4706.44,568684.268,2656826028.2868
2025-10-07 12:00:00,4706.44,4754.0,4472.94,4510.3,2681971.018,12380599869.50844
2025-10-07 16:00:00,4510.3,4522.33,4440.45,4477.54,1327491.656,5951189671.76361
2025-10-07 20:00:00,4477.55,4514.66,4422.44,4445.76,492359.912,2205009908.74821
2025-10-08 00:00:00,4445.77,4497.05,4430.54,4441.83,546776.816,2439772865.22392
2025-10-08 04:00:00,4441.82,4464.17,4408.69,4461.08,519713.26,2307715986.01713
2025-10-08 08:00:00,4461.08,4505.0,4455.7,4485.21,477548.509,2140977812.06281
2025-10-08 12:00:00,4485.2,4522.0,4434.59,4445.11,955336.457,4272729687.02976
2025-10-08 16:00:00,4445.1,4556.75,4436.55,4512.64,1003857.466,4527947595.92433
2025-10-08 20:00:00,4512.65,4537.73,4497.3,4523.67,251850.944,1137983469.6676
2025-10-09 00:00:00,4523.66,4529.15,4400.0,4448.81,761732.356,3395027323.12791
2025-10-09 04:00:00,4448.8,4458.83,4408.0,4424.43,434725.954,1928051219.78859
2025-10-09 08:00:00,4424.42,4425.17,4316.59,4371.0,1243220.127,5413252646.81872
2025-10-09 12:00:00,4370.99,4411.46,4290.0,4312.81,1400237.608,6092381612.87002
2025-10-09 16:00:00,4312.81,4343.69,4262.55,4336.39,932137.019,4013394112.40189
2025-10-09 20:00:00,4336.38,4381.42,4325.3,4365.83,330517.592,1439677812.32104
2025-10-10 00:00:00,4365.83,4392.0,4340.61,4345.01,500514.547,2186536797.66532
2025-10-10 04:00:00,4345.01,4376.0,4312.53,4321.06,542941.101,2356106915.87861
2025-10-10 08:00:00,4321.05,4349.7,4311.0,4341.42,337216.146,1461052769.74552
2025-10-10 12:00:00,4341.42,4388.43,4067.44,4100.48,2601692.512,10962586207.99203
2025-10-10 16:00:00,4100.49,4136.08,3947.77,3994.99,2179388.33,8832200872.08754
2025-10-10 20:00:00,3994.99,4022.18,3400.0,3819.99,5855366.411,22131454174.67609
2025-10-11 00:00:00,3820.0,3874.28,3725.0,3789.56,1287049.749,4887613067.8517
2025-10-11 04:00:00,3789.55,3831.02,3731.2,3757.27,840351.006,3176024991.46043
2025-10-11 08:00:00,3757.27,3856.0,3746.62,3838.68,784125.646,2992279414.84343
2025-10-11 12:00:00,3838.67,3853.43,3783.07,3822.58,653794.584,2497578538.08972
2025-10-11 16:00:00,3822.58,3845.98,3728.32,3758.0,634300.346,2403423895.54329
2025-10-11 20:00:00,3758.0,3764.92,3640.0,3744.99,1015967.137,3769915449.58292
2025-10-12 00:00:00,3744.99,3819.33,3692.96,3779.99,952964.314,3566534160.72152
2025-10-12 04:00:00,3779.99,3842.18,3774.08,3825.25,729853.052,2785533115.37076
2025-10-12 08:00:00,3825.26,3866.06,3803.22,3818.14,1122677.968,4296667078.9427
2025-10-12 12:00:00,3818.13,4077.96,3791.79,4032.38,3206919.153,12582540833.46999
2025-10-12 16:00:00,4032.37,4175.9,4032.37,4133.11,2029907.155,8338049116.49096
2025-10-12 20:00:00,4133.12,4200.0,4077.59,4149.99,1429945.748,5912253634.66689
2025-10-13 00:00:00,4150.0,4219.43,4121.55,4138.63,1277038.413,5306483516.40714
2025-10-13 04:00:00,4138.63,4196.55,4113.45,4176.29,914684.868,3797517560.07111
2025-10-13 08:00:00,4176.28,4193.89,4034.12,4078.36,1352584.291,5579336243.13658
2025-10-13 12:00:00,4078.35,4179.89,4054.26,4133.44,2175352.753,8961179514.32973
2025-10-13 16:00:00,4133.45,4269.65,4126.81,4250.0,1548664.32,6500096446.34732
2025-10-13 20:00:00,4250.0,4293.03,4232.98,4239.7,599091.895,2552269430.63081
2025-10-14 00:00:00,4239.7,4262.0,4135.0,4151.29,930551.426,3901750926.19656
2025-10-14 04:00:00,4151.29,4158.44,3964.4,3979.28,1932959.967,7822385941.14963
2025-10-14 08:00:00,3979.29,4013.42,3885.09,3970.13,1600670.983,6339195236.65539
2025-10-14 12:00:00,3970.13,4087.7,3890.13,4083.25,1885255.468,7490026473.13485
2025-10-14 16:00:00,4083.25,4163.25,4042.83,4100.67,1754560.306,7199603541.23176
2025-10-14 20:00:00,4100.68,4142.99,4067.39,4123.05,366015.124,1505257233.80432
2025-10-15 00:00:00,4123.06,4144.49,4059.0,4079.71,616022.316,2528181108.41079
2025-10-15 04:00:00,4079.7,4128.17,4070.0,4120.0,516419.478,2119163940.30424
2025-10-15 08:00:00,4120.0,4216.12,4085.0,4098.55,1016324.12,4214931639.46081
2025-10-15 12:00:00,4098.55,4106.09,3957.47,3979.23,1621866.662,6554093159.26898
2025-10-15 16:00:00,3979.23,4011.56,3926.81,3981.28,992516.148,3945040516.84557
2025-10-15 20:00:00,3981.27,3994.79,3925.0,3983.81,620095.286,2458129647.98391
2025-10-16 00:00:00,3983.8,4035.0,3973.76,4012.92,503570.116,2018041426.81551
2025-10-16 04:00:00,4012.93,4050.0,3976.96,4002.48,551058.431,2210551230.40458
2025-10-16 08:00:00,4002.51,4077.54,3937.3,4060.5,946156.481,3800431260.09543
2025-10-16 12:00:00,4060.51,4089.34,3890.0,3905.04,1582178.233,6321085311.57414
2025-10-16 16:00:00,3905.03,3966.29,3850.0,3865.97,1611881.582,6285807795.2041
2025-10-16 20:00:00,3865.97,3896.25,3822.5,3892.02,536855.936,2073380860.58517
2025-10-17 00:00:00,3892.02,3948.06,3886.15,3931.44,461138.681,1807061691.50479
2025-10-17 04:00:00,3931.45,3934.73,3751.0,3754.79,1224800.637,4685543639.02107
2025-10-17 08:00:00,3754.78,3817.4,3671.0,3776.3,2181211.218,8156437671.86812
2025-10-17 12:00:00,3776.29,3809.66,3712.51,3796.02,1488017.922,5605467291.55834
2025-10-17 16:00:00,3796.03,3849.01,3777.0,3826.16,889393.717,3394615712.8495
2025-10-17 20:00:00,3826.15,3882.0,3816.0,3829.99,409153.689,1577656197.34222
2025-10-18 00:00:00,3830.0,3880.63,3817.21,3869.0,365217.185,1407449075.9336
2025-10-18 04:00:00,3868.99,3926.0,3838.81,3890.47,513129.647,1991122476.01256
2025-10-18 08:00:00,3890.46,3903.8,3860.15,3880.78,312732.355,1212916103.36677
2025-10-18 12:00:00,3880.78,3892.5,3846.11,3875.99,297482.658,1151002980.02127
2025-10-18 16:00:00,3876.0,3898.0,3851.95,3891.6,268002.402,1039024234.17058
2025-10-18 20:00:00,3891.61,3907.92,3867.32,3887.01,182220.851,708375371.33458
2025-10-19 00:00:00,3887.01,3905.73,3853.53,3904.7,272161.567,1055168109.52367
2025-10-19 04:00:00,3904.7,3919.48,3871.5,3886.7,307487.323,1197037557.81368
2025-10-19 08:00:00,3886.7,3960.0,3810.0,3922.2,1222156.25,4765554608.95538
2025-10-19 12:00:00,3922.21,4001.0,3906.76,3977.55,679923.129,2695203836.20088
2025-10-19 16:00:00,3977.54,4026.31,3957.0,3984.63,550527.192,2198498813.84741
2025-10-19 20:00:00,3984.63,4030.0,3967.0,3980.59,345912.71,1382288612.1526
2025-10-20 00:00:00,3980.6,4040.0,3906.89,4025.88,773699.355,3061160260.95716
2025-10-20 04:00:00,4025.87,4085.0,4021.42,4053.36,695359.214,2819888874.93775
2025-10-20 08:00:00,4053.35,4069.89,4010.58,4032.83,588861.582,2377133034.95055
2025-10-20 12:00:00,4032.83,4048.96,4001.0,4002.73,649029.047,2614853937.78838
2025-10-20 16:00:00,4002.73,4002.73,3920.3,3978.78,1020647.531,4038794109.65036
2025-10-20 20:00:00,3978.76,4001.96,3968.74,3977.54,236596.977,942626573.74537
2025-10-21 00:00:00,3977.54,3984.68,3918.0,3921.41,409283.608,1614457966.16798
2025-10-21 04:00:00,3921.42,3921.42,3838.21,3890.52,902262.126,3492862920.0377
2025-10-21 08:00:00,3890.53,3896.0,3850.02,3888.33,470327.762,1821807500.46454
2025-10-21 12:00:00,3888.34,4083.78,3850.2,4080.41,1846735.539,7320859502.58331
2025-10-21 16:00:00,4080.41,4108.41,3963.19,3994.04,1584984.955,6393211816.91287
2025-10-21 20:00:00,3994.03,3999.31,3855.55,3871.11,851864.761,3339023833.02825
2025-10-22 00:00:00,3871.11,3887.45,3815.37,3858.14,633334.643,2440511242.26007
2025-10-22 04:00:00,3858.13,3882.93,3835.69,3866.87,445126.857,1717981187.88623
2025-10-22 08:00:00,3866.88,3867.47,3765.0,3827.02,841284.301,3216558840.15712
2025-10-22 12:00:00,3827.03,3875.56,3777.03,3839.73,1438936.708,5510172087.12795
2025-10-22 16:00:00,3839.72,3859.64,3780.0,3802.52,794262.29,3033324528.12083
2025-10-22 20:00:00,3802.53,3816.71,3706.31,3803.93,861978.066,3243869528.06258
2025-10-23 00:00:00,3803.94,3835.32,3794.89,3825.18,338265.345,1291806346.97965
2025-10-23 04:00:00,3825.19,3896.0,3820.51,3879.76,540763.994,2090271471.83384
2025-10-23 08:00:00,3879.76,3905.47,3857.14,3861.86,559918.481,2174392634.06257
2025-10-23 12:00:00,3861.86,3885.88,3807.01,3874.87,1030968.009,3966404533.86224
2025-10-23 16:00:00,3874.87,3933.4,3842.81,3857.69,897229.475,3490385351.15716
2025-10-23 20:00:00,3857.69,3859.48,3816.88,3855.21,336791.612,1293298133.36374
2025-10-24 00:00:00,3855.22,3895.19,3844.02,3889.43,325953.566,1262023745.46978
2025-10-24 04:00:00,3889.44,3988.0,3884.32,3947.64,855887.9,3384921308.62122
2025-10-24 08:00:00,3947.65,3967.42,3924.0,3945.0,428318.821,1691366077.35533
2025-10-24 12:00:00,3944.99,4026.48,3870.0,3887.09,1354435.386,5334456864.11267
2025-10-24 16:00:00,3887.09,3936.89,3864.28,3924.66,514092.604,2002966606.10931
2025-10-24 20:00:00,3924.66,3943.81,3922.19,3933.19,176743.178,695190993.90204
2025-10-25 00:00:00,3933.2,3938.03,3910.0,3919.43,202388.242,794331514.92402
2025-10-25 04:00:00,3919.42,3963.26,3918.37,3927.29,246363.913,968768076.24014
2025-10-25 08:00:00,3927.3,3955.0,3926.0,3938.66,243871.605,961443059.02084
2025-10-25 12:00:00,3938.66,3955.0,3922.83,3931.48,239435.845,943212219.36203
2025-10-25 16:00:00,3931.47,3968.93,3926.6,3956.05,227049.447,896323474.56196
2025-10-25 20:00:00,3956.06,3963.47,3932.5,3952.25,135802.027,536487207.45827
2025-10-26 00:00:00,3952.24,3960.0,3914.3,3929.95,245596.346,966221764.89961
2025-10-26 04:00:00,3929.95,3955.0,3927.01,3949.72,124334.092,490050064.72953
2025-10-26 08:00:00,3949.72,4054.0,3948.84,4043.08,832461.295,3328313054.03252
2025-10-26 12:00:00,4043.08,4098.0,4039.0,4073.45,780286.015,3175017002.72192
2025-10-26 16:00:00,4073.45,4079.86,4043.43,4066.58,276999.489,1125030676.24704
2025-10-26 20:00:00,4066.58,4179.27,4053.07,4156.37,669709.627,2767984053.38389
2025-10-27 00:00:00,4156.36,4225.14,4145.27,4203.21,697542.552,2922941924.25616
2025-10-27 04:00:00,4203.22,4253.0,4193.06,4200.0,622522.423,2628300808.40783
2025-10-27 08:00:00,4199.99,4200.42,4130.0,4160.51,750426.514,3125479214.16608
2025-10-27 12:00:00,4160.5,4186.77,4122.02,4171.25,805343.171,3344786302.43157
2025-10-27 16:00:00,4171.25,4231.64,4171.24,4192.42,618224.534,2599145170.45059
2025-10-27 20:00:00,4192.41,4194.07,4090.61,4118.47,683902.608,2826159522.75761
2025-10-28 00:00:00,4118.46,4140.26,4066.88,4092.48,563439.569,2312361845.10284
2025-10-28 04:00:00,4092.47,4125.95,4064.29,4115.36,446602.113,1829097197.88943
2025-10-28 08:00:00,4115.36,4134.46,4102.35,4110.11,316396.683,1302771212.33319
2025-10-28 12:00:00,4110.11,4174.08,4066.0,4095.35,1080510.623,4456552871.25611
2025-10-28 16:00:00,4095.36,4149.87,4024.49,4037.26,829015.568,3393031354.8142
2025-10-28 20:00:00,4037.22,4040.0,3925.01,3977.56,1056011.662,4203240628.42256
2025-10-29 00:00:00,3977.56,4006.0,3962.28,3996.0,390065.025,1554529433.64138
2025-10-29 04:00:00,3996.01,4034.99,3994.35,4022.83,338823.308,1361987447.55276
2025-10-29 08:00:00,4022.83,4024.83,3982.0,4009.14,457037.468,1828530354.60947
2025-10-29 12:00:00,4009.13,4028.01,3939.14,3950.23,756459.328,3013606207.3948
2025-10-29 16:00:00,3950.23,4017.11,3836.0,3903.54,1980120.509,7782412158.26382
2025-10-29 20:00:00,3903.54,3962.55,3871.17,3900.38,535704.696,2098524833.8091
2025-10-30 00:00:00,3900.38,3947.0,3882.36,3932.54,401037.02,1572907520.29164
2025-10-30 04:00:00,3932.53,3943.0,3836.82,3938.18,1194320.361,4648544872.36224
2025-10-30 08:00:00,3938.19,3938.41,3875.11,3879.52,479034.497,1869548632.72408
2025-10-30 12:00:00,3879.52,3883.19,3755.81,3771.61,1691433.702,6430513509.33321
2025-10-30 16:00:00,3771.61,3800.45,3677.7,3685.25,1337529.839,4999580131.89292
2025-10-30 20:00:00,3685.25,3805.0,3678.33,3802.8,665818.522,2496035083.14575
2025-10-31 00:00:00,3802.8,3860.0,3794.13,3827.6,682225.722,2612598615.63093
2025-10-31 04:00:00,3827.6,3872.0,3818.78,3829.43,596267.041,2293710113.65847
2025-10-31 08:00:00,3829.43,3882.0,3816.29,3872.15,451684.233,1737375791.15949
2025-10-31 12:00:00,3872.16,3887.02,3830.0,3858.58,925638.355,3570867907.51251
2025-10-31 16:00:00,3858.58,3904.9,3802.64,3884.91,922938.144,3549274958.44523
2025-10-31 20:00:00,3884.91,3892.13,3838.68,3846.42,237214.027,916391220.07242
2025-11-01 00:00:00,3846.42,3863.27,3828.8,3860.0,197058.892,757969124.25164
2025-11-01 04:00:00,3860.0,3867.66,3851.3,3859.28,171174.285,660586838.08103
2025-11-01 08:00:00,3859.29,3882.0,3859.0,3876.08,209660.912,811863414.76347
2025-11-01 12:00:00,3876.08,3901.36,3855.66,3893.01,302448.751,1172747679.10728
2025-11-01 16:00:00,3893.02,3907.61,3860.44,3878.34,281895.016,1093920573.48038
2025-11-01 20:00:00,3878.33,3890.0,3862.44,3872.14,108247.15,419461992.16097
2025-11-02 00:00:00,3872.14,3885.83,3860.01,3879.25,132643.054,513639073.29412
2025-11-02 04:00:00,3879.25,3917.0,3874.08,3904.57,294026.052,1146292164.85909
2025-11-02 08:00:00,3904.58,3909.34,3851.24,3888.92,482928.55,1872047530.25481
2025-11-02 12:00:00,3888.93,3892.98,3837.04,3851.63,411891.239,1590592392.61139
2025-11-02 16:00:00,3851.63,3865.89,3838.23,3854.38,196824.276,758408973.24703
2025-11-02 20:00:00,3854.38,3915.0,3842.41,3904.8,298540.618,1157986272.90365
2025-11-03 00:00:00,3904.79,3913.34,3726.0,3734.73,1240403.048,4720060024.59027
2025-11-03 04:00:00,3734.74,3764.07,3682.0,3713.1,981182.62,3652266977.11682
2025-11-03 08:00:00,3713.09,3739.98,3650.13,3710.0,922853.964,3416335759.22657
2025-11-03 12:00:00,3710.01,3747.36,3578.4,3587.38,1564945.037,5728172299.17668
2025-11-03 16:00:00,3587.38,3681.23,3562.27,3629.6,1136816.472,4119801594.72993
2025-11-03 20:00:00,3629.61,3635.0,3556.0,3602.15,753273.356,2704315573.49626
2025-11-04 00:00:00,3602.15,3653.65,3565.95,3640.9,638731.048,2314350026.55007
2025-11-04 04:00:00,3640.91,3646.8,3470.58,3492.79,1749278.841,6173040960.18546
2025-11-04 08:00:00,3492.78,3534.14,3460.0,3527.78,882687.958,3082602764.62108
2025-11-04 12:00:00,3527.78,3586.12,3471.38,3506.0,1412395.231,4981112351.92599
2025-11-04 16:00:00,3505.99,3518.95,3225.0,3229.84,2977777.475,9988112134.51237
2025-11-04 20:00:00,3229.83,3305.75,3055.0,3285.28,3017400.443,9632101332.98715
2025-11-05 00:00:00,3285.28,3347.75,3165.41,3333.44,1501621.62,4892853820.07968
2025-11-05 04:00:00,3333.45,3353.8,3301.51,3329.1,589780.366,1962379503.83083
2025-11-05 08:00:00,3329.09,3329.19,3272.24,3320.97,723740.786,2388148481.50953
2025-11-05 12:00:00,3320.98,3397.67,3311.26,3396.31,1210510.807,4054732170.91785
2025-11-05 16:00:00,3396.32,3478.5,3368.05,3453.32,1006696.544,3448115955.91681
2025-11-05 20:00:00,3453.31,3479.0,3413.62,3423.06,497558.855,1711788633.48664
2025-11-06 00:00:00,3423.06,3449.37,3373.7,3431.33,590443.751,2012611446.1039
2025-11-06 04:00:00,3431.34,3455.0,3357.94,3378.9,635825.88,2160819333.69635
2025-11-06 08:00:00,3378.89,3414.3,3365.0,3397.85,513817.03,1741189272.22696
2025-11-06 12:00:00,3397.84,3403.94,3275.19,3300.01,1471120.322,4915466739.3403
2025-11-06 16:00:00,3300.01,3351.81,3245.0,3324.54,1280970.278,4228784514.00477
2025-11-06 20:00:00,3324.56,3335.43,3285.97,3313.7,431242.135,1426578527.70418
2025-11-07 00:00:00,3313.7,3364.0,3273.04,3343.67,638915.795,2121925368.84064
2025-11-07 04:00:00,3343.68,3370.0,3318.15,3356.32,427866.184,1432385872.06136
2025-11-07 08:00:00,3356.31,3359.29,3224.05,3258.62,863505.306,2830427815.96764
2025-11-07 12:00:00,3258.61,3317.1,3192.92,3295.99,1510659.915,4912315403.30704
2025-11-07 16:00:00,3296.0,3449.0,3271.76,3441.94,1107472.219,3733062200.75834
2025-11-07 20:00:00,3441.93,3472.23,3428.35,3434.36,455524.009,1571724721.92956
2025-11-08 00:00:00,3434.37,3465.77,3404.93,3452.5,439355.06,1511434317.07542
2025-11-08 04:00:00,3452.51,3490.0,3414.49,3446.41,533189.95,1837190419.01458
2025-11-08 08:00:00,3446.41,3468.43,3405.03,3411.53,398966.394,1371946908.79785
2025-11-08 12:00:00,3411.54,3416.74,3367.81,3375.68,635781.052,2158191198.31623
2025-11-08 16:00:00,3375.69,3406.46,3353.31,3387.61,494356.386,1670562104.33804
2025-11-08 20:00:00,3387.62,3414.33,3378.4,3400.07,161737.377,549832405.60402
2025-11-09 00:00:00,3400.08,3403.0,3356.74,3374.82,307223.854,1038341281.51986
2025-11-09 04:00:00,3374.82,3425.68,3368.62,3421.05,317545.207,1079253139.59407
2025-11-09 08:00:00,3421.06,3434.0,3380.71,3426.99,423001.584,1442572231.89455
2025-11-09 12:00:00,3427.0,3563.19,3423.22,3513.58,1121759.882,3926383595.64464
2025-11-09 16:00:00,3513.58,3578.7,3500.0,3578.04,516123.921,1821975418.69827
2025-11-09 20:00:00,3578.03,3624.4,3560.07,3581.31,556450.401,1993347488.60737
2025-11-10 00:00:00,3581.31,3658.0,3548.88,3626.45,783427.535,2837373622.76224
2025-11-10 04:00:00,3626.44,3630.71,3587.56,3607.5,379718.644,1370306880.90686
2025-11-10 08:00:00,3607.51,3630.3,3585.42,3608.9,431488.168,1556089803.85055
2025-11-10 12:00:00,3608.89,3620.71,3506.66,3518.1,1086997.575,3872664628.22882
2025-11-10 16:00:00,3518.1,3574.73,3505.55,3556.83,659478.316,2332940724.7846
2025-11-10 20:00:00,3556.83,3582.69,3527.06,3566.38,390982.471,1391153197.8269
2025-11-11 00:00:00,3566.38,3647.54,3551.11,3604.2,860043.22,3099240099.12105
2025-11-11 04:00:00,3604.21,3608.44,3528.8,3542.88,626103.617,2227570543.64977
2025-11-11 08:00:00,3542.88,3585.29,3541.22,3572.4,422845.052,1507295797.24656
2025-11-11 12:00:00,3572.4,3593.0,3466.0,3479.62,1281472.971,4511316358.79441
2025-11-11 16:00:00,3479.62,3499.1,3443.04,3455.65,689194.752,2391977226.15909
2025-11-11 20:00:00,3455.66,3460.66,3403.02,3416.32,630784.332,2162978876.81807
2025-11-12 00:00:00,3416.33,3454.68,3408.14,3437.52,470503.66,1615278076.79468
2025-11-12 04:00:00,3437.52,3455.79,3422.17,3426.52,298330.33,1027130032.6528
2025-11-12 08:00:00,3426.51,3569.0,3426.33,3548.25,880204.916,3086215749.90541
2025-11-12 12:00:00,3548.24,3587.24,3416.27,3426.34,1451487.189,5094337528.06408
2025-11-12 16:00:00,3426.33,3455.0,3370.0,3406.58,1463495.946,4988898814.90086
2025-11-12 20:00:00,3406.58,3438.82,3390.01,3413.46,321031.398,1096036861.56828
2025-11-13 00:00:00,3413.45,3473.0,3375.09,3451.33,723428.986,2482276782.22678
2025-11-13 04:00:00,3451.32,3565.0,3432.02,3537.15,1002337.159,3517800014.89002
2025-11-13 08:00:00,3537.16,3549.0,3475.0,3499.98,720385.179,2528102673.50627
2025-11-13 12:00:00,3499.97,3509.83,3365.0,3385.52,1747183.941,5999005695.27327
2025-11-13 16:00:00,3385.52,3397.96,3173.38,3196.23,2324951.791,7607543947.71285
2025-11-13 20:00:00,3196.22,3270.58,3152.49,3230.12,1234964.734,3949155555.26729
2025-11-14 00:00:00,3230.13,3250.0,3183.17,3226.5,954225.666,3067396418.3716
2025-11-14 04:00:00,3226.49,3239.67,3104.0,3213.82,1716241.012,5453294672.9177
2025-11-14 08:00:00,3213.82,3217.8,3115.0,3142.93,1095573.456,3470911401.61113
2025-11-14 12:00:00,3142.93,3233.66,3068.0,3195.73,2516469.366,7910565562.49491
2025-11-14 16:00:00,3195.73,3255.95,3153.17,3206.37,1067797.327,3417112894.07226
2025-11-14 20:00:00,3206.37,3212.04,3088.0,3111.2,757348.656,2380433581.69347
2025-11-15 00:00:00,3111.2,3192.8,3109.16,3177.88,513671.665,1622766424.26624
2025-11-15 04:00:00,3177.88,3190.88,3157.12,3174.98,261804.323,830927105.21209
2025-11-15 08:00:00,3174.99,3176.6,3132.66,3151.22,403576.471,1272902481.33075
2025-11-15 12:00:00,3151.21,3197.5,3146.0,3184.5,351615.193,1116972490.01411
2025-11-15 16:00:00,3184.5,3230.56,3160.71,3196.7,569661.618,1824015145.43713
2025-11-15 20:00:00,3196.69,3199.4,3151.33,3166.55,282218.345,895184390.30499
2025-11-16 00:00:00,3166.56,3209.51,3130.01,3201.56,545813.83,1729158129.37856
2025-11-16 04:00:00,3201.56,3219.75,3185.76,3218.21,301534.436,966200447.61793
2025-11-16 08:00:00,3218.22,3248.5,3158.35,3167.18,732667.561,2348794522.4054
2025-11-16 12:00:00,3167.17,3181.32,3095.84,3103.52,985947.142,3106707878.07093
2025-11-16 16:00:00,3103.52,3127.21,3025.0,3090.13,1999388.892,6151786131.98592
2025-11-16 20:00:00,3090.13,3116.8,3001.01,3094.05,948699.931,2910323079.74097
2025-11-17 00:00:00,3094.04,3179.79,3067.77,3175.65,861204.074,2698114583.95654
2025-11-17 04:00:00,3175.67,3209.77,3165.3,3197.11,495128.346,1577780165.14832
2025-11-17 08:00:00,3197.11,3223.22,3178.2,3202.57,488381.278,1562508462.67289
2025-11-17 12:00:00,3202.57,3210.22,3093.43,3119.46,1906834.501,5999595703.16023
2025-11-17 16:00:00,3119.47,3142.1,2969.99,2981.0,1965453.363,6001326902.73733
2025-11-17 20:00:00,2980.99,3030.96,2958.0,3030.06,1003440.417,3008780191.42962
2025-11-18 00:00:00,3030.06,3049.0,2943.31,3022.93,1596140.417,4791768126.29984
2025-11-18 04:00:00,3022.94,3033.5,2956.63,3022.93,1044019.804,3130052380.93366
2025-11-18 08:00:00,3022.94,3073.71,3022.94,3056.44,846305.844,2582348817.58647
2025-11-18 12:00:00,3056.45,3123.17,3020.01,3105.19,1399632.858,4297101734.27912
2025-11-18 16:00:00,3105.19,3169.28,3097.88,3144.64,955321.084,3002328065.94013
2025-11-18 20:00:00,3144.64,3149.46,3095.99,3122.2,377242.835,1176716381.84006
2025-11-19 00:00:00,3122.2,3125.05,3068.19,3072.01,588294.059,1822274207.07923
2025-11-19 04:00:00,3072.01,3086.68,2990.15,3083.69,1136865.319,3452001760.58736
2025-11-19 08:00:00,3083.69,3112.96,3051.38,3082.5,743367.167,2291411311.0301
2025-11-19 12:00:00,3082.5,3107.49,2966.0,2971.58,1711161.14,5206282624.55463
2025-11-19 16:00:00,2971.57,2985.54,2873.0,2880.79,2191694.291,6398574170.66944
2025-11-19 20:00:00,2880.79,3026.57,2873.63,3024.09,1384545.891,4102319291.97592
2025-11-20 00:00:00,3024.08,3057.0,3003.41,3037.83,769227.673,2334729669.64425
2025-11-20 04:00:00,3037.84,3063.0,3005.69,3038.09,708229.29,2147006416.81057
2025-11-20 08:00:00,3038.1,3043.68,2990.47,3022.13,552190.89,1664273624.93883
2025-11-20 12:00:00,3022.14,3048.0,2950.0,2954.53,1657861.629,4966493921.78093
2025-11-20 16:00:00,2954.52,2960.11,2788.01,2846.39,3442646.933,9827894491.04055
2025-11-20 20:00:00,2846.39,2904.83,2818.0,2832.97,879400.7,2515261638.95168
2025-11-21 00:00:00,2832.96,2885.84,2768.86,2807.76,1172462.928,3315071409.29016
2025-11-21 04:00:00,2807.76,2831.85,2642.65,2718.66,2061788.212,5670041515.13254
2025-11-21 08:00:00,2718.67,2753.18,2661.92,2687.44,1808502.08,4895308045.26505
2025-11-21 12:00:00,2687.44,2779.56,2620.0,2703.7,3224092.011,8767598108.07204
2025-11-21 16:00:00,2703.69,2805.94,2673.58,2750.62,1794139.636,4929906549.87241
2025-11-21 20:00:00,2750.62,2774.98,2707.0,2764.69,666188.237,1826610293.5098
2025-11-22 00:00:00,2764.7,2783.34,2737.7,2751.17,372873.272,1029221207.55416
2025-11-22 04:00:00,2751.16,2770.0,2725.24,2755.13,466456.065,1281553065.36545
2025-11-22 08:00:00,2755.14,2755.36,2702.87,2734.0,670759.947,1829164066.85778
2025-11-22 12:00:00,2734.01,2754.41,2709.25,2737.62,560648.417,1531285741.78836
2025-11-22 16:00:00,2737.61,2758.0,2733.91,2749.26,288640.955,793368998.22835
2025-11-22 20:00:00,2749.26,2798.0,2732.34,2769.06,350442.237,968808992.46119
2025-11-23 00:00:00,2769.06,2833.0,2766.87,2823.02,523399.414,1468256000.42398
2025-11-23 04:00:00,2823.01,2850.94,2775.0,2792.16,709008.986,1995806404.75341
2025-11-23 08:00:00,2792.16,2823.14,2792.02,2814.41,341917.833,960265205.7069
2025-11-23 12:00:00,2814.42,2857.0,2808.0,2835.01,725030.742,2052851760.13856
2025-11-23 16:00:00,2835.01,2845.53,2785.0,2821.52,591325.522,1661944107.63239
2025-11-23 20:00:00,2821.51,2843.99,2793.19,2800.73,398281.22,1123185891.14924
2025-11-24 00:00:00,2800.74,2866.34,2761.38,2855.52,1060327.372,2990511574.89885
2025-11-24 04:00:00,2855.51,2884.8,2800.99,2828.77,1048069.625,2980947051.29877
2025-11-24 08:00:00,2828.76,2841.92,2786.01,2802.07,601068.515,1686810033.89123
2025-11-24 12:00:00,2802.06,2859.5,2782.2,2845.16,1234237.44,3481341402.48313
2025-11-24 16:00:00,2845.15,2978.99,2841.29,2957.8,1616752.639,4717136506.29082
2025-11-24 20:00:00,2957.81,2986.98,2944.7,2952.19,597919.56,1773072412.99799
2025-11-25 00:00:00,2952.18,2952.51,2902.5,2910.29,598003.126,1750384766.60452
2025-11-25 04:00:00,2910.29,2941.39,2900.01,2901.56,468098.788,1367384397.25106
2025-11-25 08:00:00,2901.56,2907.67,2863.39,2889.53,728451.201,2101394291.84282
2025-11-25 12:00:00,2889.54,2933.5,2855.0,2894.18,1380004.5,3995821519.46743
2025-11-25 16:00:00,2894.19,2957.0,2870.03,2921.19,944022.264,2756870868.31515
2025-11-25 20:00:00,2921.18,2979.31,2905.59,2958.24,655678.995,1929000291.35232
2025-11-26 00:00:00,2958.24,2983.8,2920.26,2925.54,498665.682,1472986806.04767
2025-11-26 04:00:00,2925.54,2953.81,2918.56,2943.04,403628.341,1185649435.3017
2025-11-26 08:00:00,2943.04,2949.25,2900.97,2912.82,504080.727,1468976744.54826
2025-11-26 12:00:00,2912.82,2948.54,2887.09,2926.63,1088079.698,3175081472.64685
2025-11-26 16:00:00,2926.63,3044.46,2924.74,3031.08,1413290.1,4235115482.41503
2025-11-26 20:00:00,3031.08,3034.52,3006.66,3025.02,365683.236,1104990496.49931
2025-11-27 00:00:00,3025.02,3070.0,3002.0,3032.32,791554.27,2407059952.70156
2025-11-27 04:00:00,3032.31,3052.73,3015.26,3032.12,378066.548,1146149459.73639
2025-11-27 08:00:00,3032.12,3044.0,3016.06,3026.75,399698.969,1210715232.39498
2025-11-27 12:00:00,3026.75,3028.75,2983.81,3009.68,747669.721,2243126586.42836
2025-11-27 16:00:00,3009.68,3038.0,3003.01,3030.48,370407.361,1119337096.69043
2025-11-27 20:00:00,3030.49,3043.5,3002.0,3013.8,271626.668,821679480.60666
2025-11-28 00:00:00,3013.81,3023.16,2992.1,3007.19,362739.782,1089805768.3724
2025-11-28 04:00:00,3007.19,3028.0,2998.4,3000.14,381469.101,1149769589.80555
2025-11-28 08:00:00,3000.13,3080.0,2999.7,3032.44,843805.218,2568266614.69831
2025-11-28 12:00:00,3032.44,3099.0,3024.34,3071.77,1102568.335,3381041524.30544
2025-11-28 16:00:00,3071.77,3072.53,3009.36,3048.5,900726.36,2733359333.60557
2025-11-28 20:00:00,3048.5,3058.39,3018.2,3029.8,287664.811,874649033.1291
2025-11-29 00:00:00,3029.8,3051.46,3016.02,3021.51,228763.133,693613946.40438
2025-11-29 04:00:00,3021.51,3044.24,2989.12,3003.23,520378.668,1568035489.66522
2025-11-29 08:00:00,3003.22,3009.85,2982.3,2998.45,345544.09,1036347056.00328
2025-11-29 12:00:00,2998.45,3015.0,2985.4,3006.0,398196.566,1193702945.37761
2025-11-29 16:00:00,3006.0,3011.1,2960.01,2987.49,612883.94,1828031856.05523
2025-11-29 20:00:00,2987.49,2997.87,2980.8,2987.96,152626.046,456195005.90391
2025-11-30 00:00:00,2987.96,3011.97,2974.0,3000.44,287796.517,862092457.32197
2025-11-30 04:00:00,3000.44,3007.5,2984.2,3003.54,208762.043,625280800.5455
2025-11-30 08:00:00,3003.54,3019.29,2996.69,3001.76,264927.371,796757221.34936
2025-11-30 12:00:00,3001.77,3052.21,2998.38,3027.65,599869.239,1819333648.13023
2025-11-30 16:00:00,3027.65,3048.44,3027.05,3033.44,247953.521,753126282.6511
2025-11-30 20:00:00,3033.45,3040.0,2988.28,2990.02,369530.609,1113818397.45351
2025-12-01 00:00:00,2990.02,2998.84,2812.5,2824.8,2053666.272,5899689099.66558
2025-12-01 04:00:00,2824.81,2843.42,2805.55,2838.44,622768.997,1757601650.38554
2025-12-01 08:00:00,2838.43,2854.56,2827.0,2836.48,524613.829,1489450913.26324
2025-12-01 12:00:00,2836.48,2838.98,2718.07,2745.01,1881933.859,5248466167.78252
2025-12-01 16:00:00,2745.01,2756.93,2718.63,2739.58,899601.554,2464369563.86344
2025-12-01 20:00:00,2739.57,2818.0,2738.97,2797.47,759246.209,2112012047.14263
2025-12-02 00:00:00,2797.48,2825.57,2781.38,2803.25,542831.186,1519466004.8296
2025-12-02 04:00:00,2803.24,2814.8,2796.0,2804.2,267451.759,750210085.92771
2025-12-02 08:00:00,2804.2,2834.02,2780.6,2824.67,562633.298,1580138646.22949
2025-12-02 12:00:00,2824.68,3026.04,2815.0,3005.55,2026748.482,5912010817.06733
2025-12-02 16:00:00,3005.55,3034.94,2985.13,3014.61,1144080.992,3444096902.3231
2025-12-02 20:00:00,3014.6,3020.0,2970.04,2994.63,537245.136,1609236001.87897
2025-12-03 00:00:00,2994.63,3048.0,2983.76,3029.08,577150.058,1743570991.8087
2025-12-03 04:00:00,3029.07,3084.34,3028.05,3056.41,738112.0,2258286994.59404
2025-12-03 08:00:00,3056.41,3079.15,3041.95,3071.95,477389.593,1459926791.91715
2025-12-03 12:00:00,3071.94,3145.14,3030.0,3084.84,1889333.975,5823805522.55541
2025-12-03 16:00:00,3084.84,3141.17,3062.72,3126.78,771694.628,2399252167.2647
2025-12-03 20:00:00,3126.79,3216.53,3115.6,3187.07,1007567.8,3188782825.01583
2025-12-04 00:00:00,3187.08,3239.27,3172.75,3208.57,825984.923,2649454775.42498
2025-12-04 04:00:00,3208.57,3219.33,3170.06,3189.02,701443.095,2240012916.22021
2025-12-04 08:00:00,3189.01,3207.59,3173.45,3185.09,381408.972,1216335259.73843
2025-12-04 12:00:00,3185.09,3227.66,3138.15,3206.56,1209102.527,3840797914.85754
2025-12-04 16:00:00,3206.56,3225.0,3064.81,3117.66,1454644.99,4571326482.66049
2025-12-04 20:00:00,3117.66,3150.47,3104.05,3132.01,428514.604,1341225370.11271
2025-12-05 00:00:00,3132.01,3192.72,3131.05,3169.61,430469.141,1362121571.61614
2025-12-05 04:00:00,3169.61,3181.64,3150.43,3172.47,436221.894,1381172221.82016
2025-12-05 08:00:00,3172.47,3172.47,3106.01,3130.0,884381.17,2769793429.09319
2025-12-05 12:00:00,3129.99,3157.0,3081.09,3105.39,1377700.852,4293624186.28634
2025-12-05 16:00:00,3105.39,3107.48,2978.0,3037.09,1911166.176,5797194553.65828
2025-12-05 20:00:00,3037.09,3047.8,3005.12,3020.38,338788.777,1024969870.21135
2025-12-06 00:00:00,3020.38,3044.8,3011.0,3038.64,243213.353,736608087.67642
2025-12-06 04:00:00,3038.64,3041.0,3022.98,3024.98,184902.551,560881814.26483
2025-12-06 08:00:00,3024.98,3040.7,3012.0,3037.46,273573.684,827814312.57451
2025-12-06 12:00:00,3037.46,3068.58,3025.0,3040.1,464854.565,1414595806.53897
2025-12-06 16:00:00,3040.1,3065.59,3023.0,3029.03,272725.712,830622529.46531
2025-12-06 20:00:00,3029.04,3053.99,3024.35,3036.53,179343.293,544688650.30414
2025-12-07 00:00:00,3036.53,3056.6,3030.65,3052.58,171146.475,521260122.69014
2025-12-07 04:00:00,3052.57,3056.78,3029.16,3035.91,177621.695,540262007.37895
2025-12-07 08:00:00,3035.9,3042.9,3023.25,3034.52,216142.612,655752241.5961
2025-12-07 12:00:00,3034.52,3052.8,2903.75,3025.82,1587983.856,4729663996.86549
2025-12-07 16:00:00,3025.83,3150.0,2997.59,3136.77,1327649.316,4092010553.07668
2025-12-07 20:00:00,3136.77,3145.91,3010.0,3058.14,835543.371,2563214259.80677
2025-12-08 00:00:00,3058.14,3133.69,3038.76,3109.65,607913.624,1881344210.12356
2025-12-08 04:00:00,3109.65,3140.15,3107.15,3132.62,425163.273,1329628535.46194
2025-12-08 08:00:00,3132.61,3179.99,3123.81,3140.61,596650.888,1880934213.57898
2025-12-08 12:00:00,3140.61,3178.0,3087.34,3099.69,1544347.414,4833513771.58727
2025-12-08 16:00:00,3099.69,3132.26,3066.17,3117.55,777794.824,2418193584.15913
2025-12-08 20:00:00,3117.56,3152.0,3111.65,3123.14,346761.775,1086080501.39415
2025-12-09 00:00:00,3123.15,3142.3,3089.01,3127.99,500964.431,1558408142.19752
2025-12-09 04:00:00,3128.0,3130.0,3094.0,3121.57,381512.02,1187065433.17702
2025-12-09 08:00:00,3121.58,3129.6,3090.0,3116.91,348112.505,1082644938.30512
2025-12-09 12:00:00,3116.91,3256.0,3097.0,3244.91,1547794.215,4895173827.9769
2025-12-09 16:00:00,3244.92,3397.5,3244.3,3357.06,2089098.95,6977704073.73236
2025-12-09 20:00:00,3357.05,3360.32,3283.51,3316.49,722290.244,2398813613.38493
2025-12-10 00:00:00,3316.5,3327.43,3286.58,3308.0,354269.292,1171150942.88585
2025-12-10 04:00:00,3308.01,3334.92,3305.22,3325.65,296314.737,983681536.73048
2025-12-10 08:00:00,3325.64,3374.93,3295.56,3316.75,772820.147,2572527816.48203
2025-12-10 12:00:00,3316.76,3337.91,3302.61,3326.63,641668.318,2131579876.91905
2025-12-10 16:00:00,3326.63,3436.95,3319.48,3388.97,1685935.231,5696442696.70212
2025-12-10 20:00:00,3388.98,3446.12,3316.9,3322.79,1061006.371,3576145028.28764
2025-12-11 00:00:00,3322.8,3326.74,3165.0,3189.78,1307759.654,4228855352.55989
2025-12-11 04:00:00,3189.77,3214.0,3179.0,3199.97,542279.018,1735084789.77927
2025-12-11 08:00:00,3199.97,3212.0,3175.2,3191.29,415214.668,1326547017.8183
2025-12-11 12:00:00,3191.29,3209.06,3142.92,3177.71,1134781.654,3606498415.56554
2025-12-11 16:00:00,3177.71,3232.89,3153.78,3192.7,1022760.597,3266150632.4318
2025-12-11 20:00:00,3192.69,3272.43,3190.77,3235.77,760167.514,2459703313.10386
2025-12-12 00:00:00,3235.78,3264.78,3183.33,3244.03,547849.055,1770626961.0072
2025-12-12 04:00:00,3244.03,3263.5,3230.53,3245.0,292460.99,950144084.90863
2025-12-12 08:00:00,3244.99,3254.74,3225.02,3241.17,339966.067,1101920942.38312
2025-12-12 12:00:00,3241.17,3250.66,3050.0,3070.0,1715560.0,5412831397.95276
2025-12-12 16:00:00,3070.01,3098.28,3041.1,3071.94,1451516.493,4458121351.58813
2025-12-12 20:00:00,3071.94,3095.0,3065.79,3083.34,269365.036,830041852.29992
2025-12-13 00:00:00,3083.34,3094.07,3077.0,3088.46,151795.722,468465850.02157
2025-12-13 04:00:00,3088.46,3094.23,3082.18,3093.19,165652.931,511797821.05867
2025-12-13 08:00:00,3093.2,3135.0,3090.91,3117.99,426725.822,1330369106.02569
2025-12-13 12:00:00,3118.0,3125.99,3092.64,3108.1,346641.325,1077553514.35887
2025-12-13 16:00:00,3108.1,3115.25,3094.39,3107.12,161932.759,502565546.38171
2025-12-13 20:00:00,3107.13,3118.99,3075.0,3113.01,197550.962,612810245.29041
2025-12-14 00:00:00,3113.0,3128.65,3101.27,3117.4,184167.035,574095842.09268
2025-12-14 04:00:00,3117.4,3120.99,3103.01,3113.78,143691.956,446901613.09402
2025-12-14 08:00:00,3113.77,3118.72,3048.32,3083.45,526486.112,1625471279.63781
2025-12-14 12:00:00,3083.46,3107.26,3068.85,3083.33,633184.714,1955226328.3079
2025-12-14 16:00:00,3083.32,3107.0,3072.67,3091.88,501685.439,1550152143.1689
2025-12-14 20:00:00,3091.88,3095.84,3022.51,3062.02,700779.052,2149881425.9926
2025-12-15 00:00:00,3062.01,3150.0,3055.25,3107.48,825483.534,2562149297.38992
2025-12-15 04:00:00,3107.49,3143.89,3102.08,3127.34,346841.73,1083366326.73591
2025-12-15 08:00:00,3127.34,3177.0,3123.9,3155.69,579899.813,1827863685.47536
2025-12-15 12:00:00,3155.68,3157.9,2985.0,3009.48,1999664.779,6116274431.17851
2025-12-15 16:00:00,3009.48,3016.55,2890.51,2938.68,1735769.43,5125107322.68906
2025-12-15 20:00:00,2938.68,2968.43,2915.18,2963.25,593033.686,1743863216.46829
2025-12-16 00:00:00,2963.25,2976.94,2920.91,2935.44,593744.874,1749794969.05367
2025-12-16 04:00:00,2935.44,2950.27,2870.0,2922.62,754956.471,2203250250.703
2025-12-16 08:00:00,2922.61,2962.99,2918.25,2956.57,473748.089,1393185557.73759
2025-12-16 12:00:00,2956.57,2982.1,2885.46,2961.73,1558979.658,4576726452.87776
2025-12-16 16:00:00,2961.73,2966.98,2910.01,2943.8,856984.505,2518641893.99906
2025-12-16 20:00:00,2943.82,2964.45,2936.46,2960.84,263002.112,776275973.89027
2025-12-17 00:00:00,2960.83,2973.52,2936.52,2946.45,327521.359,967090545.51325
2025-12-17 04:00:00,2946.46,2953.12,2912.36,2946.59,466416.924,1368104486.86112
2025-12-17 08:00:00,2946.59,2946.59,2905.29,2927.36,406035.085,1187191561.5067
2025-12-17 12:00:00,2927.36,3030.0,2882.49,2903.23,2326773.82,6880617121.96962
2025-12-17 16:00:00,2903.23,2924.79,2789.52,2819.01,1908104.524,5432567577.17139
2025-12-17 20:00:00,2819.02,2836.61,2804.48,2832.0,451241.853,1273641996.74578
2025-12-18 00:00:00,2831.99,2846.81,2820.12,2830.57,368098.63,1042175891.46647
2025-12-18 04:00:00,2830.57,2840.0,2821.0,2834.98,287121.124,812919267.00117
2025-12-18 08:00:00,2834.99,2863.18,2830.26,2857.65,386318.103,1100606613.80873
2025-12-18 12:00:00,2857.66,2997.05,2852.58,2963.89,2375644.948,6989381544.16716
2025-12-18 16:00:00,2963.9,2966.28,2772.97,2780.4,2243634.15,6387724724.08141
2025-12-18 20:00:00,2780.4,2837.8,2778.06,2827.3,695024.64,1952657868.87258
2025-12-19 00:00:00,2827.32,2934.93,2806.15,2907.56,1069254.843,3068017728.23362
2025-12-19 04:00:00,2907.55,2984.0,2905.79,2950.4,910089.142,2673337090.07087
2025-12-19 08:00:00,2950.39,2969.89,2936.64,2964.0,464072.342,1370646253.56477
2025-12-19 12:00:00,2964.0,3017.99,2941.49,2963.48,1330756.676,3953483559.93728
2025-12-19 16:00:00,2963.48,3006.76,2933.0,2983.61,989243.528,2938168443.77252
2025-12-19 20:00:00,2983.62,3002.0,2973.33,2978.33,261025.011,779614631.90989
2025-12-20 00:00:00,2978.34,2992.81,2969.23,2987.97,165642.828,493634819.79194
2025-12-20 04:00:00,2987.98,2989.52,2973.12,2980.25,174843.339,521304585.13769
2025-12-20 08:00:00,2980.26,2989.4,2973.62,2985.98,189460.149,565012470.61716
2025-12-20 12:00:00,2985.99,2992.97,2965.28,2975.57,359534.003,1070000081.96157
2025-12-20 16:00:00,2975.58,2979.99,2972.63,2976.57,78112.996,232500394.57281
2025-12-20 20:00:00,2976.57,2984.75,2971.28,2976.54,70338.756,209454772.3255
2025-12-21 00:00:00,2976.55,2979.91,2960.13,2971.7,179679.766,533516393.32062
2025-12-21 04:00:00,2971.7,2981.68,2970.6,2979.83,75461.361,224550004.844
2025-12-21 08:00:00,2979.83,3011.99,2976.27,2995.16,419949.82,1258470220.35738
2025-12-21 12:00:00,2995.16,3004.0,2943.0,2973.23,684332.218,2029979656.0684
2025-12-21 16:00:00,2973.23,2996.63,2965.93,2989.48,300762.838,896594897.06217
2025-12-21 20:00:00,2989.48,3011.34,2969.45,3000.62,220752.474,660661479.54224
2025-12-22 00:00:00,3000.61,3060.39,2966.0,3020.18,1009782.984,3049176765.94531
2025-12-22 04:00:00,3020.18,3041.51,3018.4,3028.38,313620.918,950341700.59209
2025-12-22 08:00:00,3028.38,3057.0,3023.57,3047.61,498299.525,1515139716.08262
2025-12-22 12:00:00,3047.61,3077.99,3020.4,3051.22,999125.541,3047034891.35231
2025-12-22 16:00:00,3051.22,3058.61,2972.6,2979.15,679967.426,2050032340.94796
2025-12-22 20:00:00,2979.16,3014.76,2961.0,3008.49,527209.373,1574975327.88435
2025-12-23 00:00:00,3008.5,3035.0,2970.08,2990.48,524072.323,1575328834.49724
2025-12-23 04:00:00,2990.48,2999.0,2945.0,2963.58,562333.806,1667957821.98195
2025-12-23 08:00:00,2963.57,2974.46,2951.19,2972.06,270312.717,801266357.45635
2025-12-23 12:00:00,2972.06,2973.0,2899.3,2927.39,1211030.215,3550327027.4938
2025-12-23 16:00:00,2927.39,2965.81,2907.28,2942.71,961264.321,2827543910.54319
2025-12-23 20:00:00,2942.71,2987.74,2939.19,2963.29,496922.772,1473764737.54432
2025-12-24 00:00:00,2963.29,2976.48,2919.0,2944.47,446998.043,1316411067.14424
2025-12-24 04:00:00,2944.47,2957.94,2916.11,2931.5,455900.813,1337973953.99511
2025-12-24 08:00:00,2931.49,2938.71,2912.18,2923.96,393961.608,1153185829.3348
2025-12-24 12:00:00,2923.96,2937.35,2886.75,2924.2,714936.129,2083376171.37116
2025-12-24 16:00:00,2924.2,2954.79,2920.04,2944.78,432583.251,1270882490.49596
2025-12-24 20:00:00,2944.78,2962.69,2939.86,2946.23,178272.086,526002489.59356
2025-12-25 00:00:00,2946.23,2955.92,2934.66,2945.9,161796.738,476502170.14024
2025-12-25 04:00:00,2945.89,2947.27,2936.55,2940.83,112785.062,331689954.68662
2025-12-25 08:00:00,2940.83,2946.0,2910.14,2923.51,342948.915,1002671518.61973
2025-12-25 12:00:00,2923.51,2969.99,2918.52,2959.68,453553.349,1335490907.75377
2025-12-25 16:00:00,2959.67,2966.49,2941.52,2955.15,296392.905,875594715.17442
2025-12-25 20:00:00,2955.15,2955.43,2888.88,2902.32,466418.873,1359605950.38319
2025-12-26 00:00:00,2902.32,2994.0,2892.72,2963.76,1013287.489,2993218710.34378
2025-12-26 04:00:00,2963.76,2992.88,2950.79,2955.43,459938.641,1365774192.78342
2025-12-26 08:00:00,2955.44,2975.48,2953.55,2963.66,260876.346,773509719.49997
2025-12-26 12:00:00,2963.65,2984.93,2893.0,2921.5,1235292.793,3619892844.44119
2025-12-26 16:00:00,2921.51,2934.28,2905.5,2924.5,379803.329,1109533669.69544
2025-12-26 20:00:00,2924.5,2938.0,2920.23,2926.82,162745.361,476624142.84486
2025-12-27 00:00:00,2926.83,2932.24,2920.0,2931.98,105457.968,308617499.4764
2025-12-27 04:00:00,2931.98,2936.66,2926.35,2931.47,97394.913,285392564.33663
2025-12-27 08:00:00,2931.46,2939.82,2914.63,2929.58,238624.649,698641035.50156
2025-12-27 12:00:00,2929.59,2932.72,2924.0,2925.53,104305.95,305439596.86875
2025-12-27 16:00:00,2925.54,2929.7,2915.74,2929.6,112609.207,329176834.26282
2025-12-27 20:00:00,2929.6,2959.84,2927.06,2947.61,241120.008,709240339.16914
2025-12-28 00:00:00,2947.61,2950.63,2939.5,2942.34,123844.508,364722837.68219
2025-12-28 04:00:00,2942.34,2946.29,2927.76,2937.96,165596.304,486436577.05807
2025-12-28 08:00:00,2937.96,2946.46,2930.01,2942.99,171967.02,505481038.75298
2025-12-28 12:00:00,2942.99,2959.99,2936.2,2948.0,227362.374,670105450.52644
2025-12-28 16:00:00,2948.0,2953.5,2922.84,2932.18,259924.848,763322150.80383
2025-12-28 20:00:00,2932.18,2954.5,2927.1,2949.6,207645.603,610475753.15199
2025-12-29 00:00:00,2949.6,3047.89,2943.1,3042.3,1083093.395,3246339657.97184
2025-12-29 04:00:00,3042.3,3056.0,3001.0,3018.46,687977.921,2087295218.81259
2025-12-29 08:00:00,3018.47,3025.0,2955.36,2958.52,950738.037,2833417691.29376
2025-12-29 12:00:00,2958.52,2964.92,2908.58,2934.02,1464566.714,4297131759.0171
2025-12-29 16:00:00,2934.02,2944.79,2911.1,2930.88,572916.443,1679199332.68245
2025-12-29 20:00:00,2930.88,2943.2,2924.5,2936.45,216168.176,634372963.56783
2025-12-30 00:00:00,2936.45,2955.01,2917.48,2950.6,352507.494,1034781838.50184
2025-12-30 04:00:00,2950.61,2957.5,2935.88,2949.43,264122.904,778383212.16654
2025-12-30 08:00:00,2949.43,3003.0,2948.81,2977.85,745042.45,2220989995.61748
2025-12-30 12:00:00,2977.85,3008.67,2956.79,2988.48,972475.51,2898959185.55707
2025-12-30 16:00:00,2988.49,2993.6,2941.27,2970.32,632362.441,1878127645.32197
2025-12-30 20:00:00,2970.32,2974.8,2953.0,2972.22,193967.276,575187154.66209
2025-12-31 00:00:00,2972.23,2983.97,2960.9,2969.18,288341.311,857526122.876
2025-12-31 04:00:00,2969.19,2978.4,2967.13,2975.52,145372.109,432255162.19874
2025-12-31 08:00:00,2975.52,3002.01,2962.21,3000.48,376756.781,1123828871.53343
2025-12-31 12:00:00,3000.48,3027.73,2966.0,2984.3,933156.921,2792852366.80636
2025-12-31 16:00:00,2984.3,2996.43,2957.59,2970.21,451563.289,1343466862.07089
2025-12-31 20:00:00,2970.21,2984.05,2962.2,2970.4,216324.386,643163603.6696
2026-01-01 00:00:00,2970.4,2988.48,2970.0,2979.01,133067.175,396694958.88626
2026-01-01 04:00:00,2979.01,2982.78,2972.1,2977.18,122145.25,363663173.57315
2026-01-01 08:00:00,2977.18,2991.94,2976.57,2988.0,127641.614,380865209.30655
2026-01-01 12:00:00,2988.0,2993.91,2976.0,2988.44,221631.06,661389124.42053
2026-01-01 16:00:00,2988.45,3005.0,2979.47,2994.06,272023.009,813677685.3472
2026-01-01 20:00:00,2994.08,3008.56,2985.9,3002.49,201595.813,604193405.9734
2026-01-02 00:00:00,3002.5,3034.36,2990.67,3021.04,462507.608,1393037281.50424
2026-01-02 04:00:00,3021.04,3038.42,3007.0,3017.0,385068.778,1163501924.05298
2026-01-02 08:00:00,3017.0,3068.97,3014.27,3046.7,812443.76,2476146325.95884
2026-01-02 12:00:00,3046.69,3112.15,3017.64,3085.09,1450276.871,4445011193.07132
2026-01-02 16:00:00,3085.09,3149.0,3077.9,3122.46,1229567.483,3836492765.47918
2026-01-02 20:00:00,3122.46,3144.0,3109.85,3123.89,292419.225,914233328.60109
2026-01-03 00:00:00,3123.88,3135.0,3117.09,3123.9,173512.584,542182061.09206
2026-01-03 04:00:00,3123.91,3126.52,3074.52,3089.51,457906.646,1418451681.2354
2026-01-03 08:00:00,3089.52,3109.6,3082.63,3097.0,287700.138,891144534.72704
2026-01-03 12:00:00,3097.0,3114.11,3092.19,3099.92,238314.189,739511375.50898
2026-01-03 16:00:00,3099.91,3118.61,3096.75,3112.0,148425.481,461404800.62624
2026-01-03 20:00:00,3112.0,3129.7,3105.76,3125.47,160738.562,501483303.98716
2026-01-04 00:00:00,3125.46,3165.99,3124.76,3145.73,512447.964,1612623304.43665
2026-01-04 04:00:00,3145.73,3161.41,3132.24,3139.51,328217.711,1032898193.26393
2026-01-04 08:00:00,3139.52,3147.37,3122.58,3138.32,289034.15,906557437.89475
2026-01-04 12:00:00,3138.32,3145.94,3115.0,3134.14,272959.045,855202656.23238
2026-01-04 16:00:00,3134.14,3142.85,3117.0,3131.31,235732.448,738152369.9958
2026-01-04 20:00:00,3131.31,3155.0,3129.37,3143.32,249511.472,784131757.86979
2026-01-05 00:00:00,3143.33,3221.0,3141.5,3184.74,903116.848,2874032927.50705
2026-01-05 04:00:00,3184.75,3186.89,3131.47,3156.0,726239.775,2293020918.80537
2026-01-05 08:00:00,3156.0,3183.36,3151.78,3178.88,397059.116,1257844179.4409
2026-01-05 12:00:00,3178.88,3205.0,3132.58,3194.49,1013321.998,3207299765.5055
2026-01-05 16:00:00,3194.48,3230.86,3157.01,3221.63,945405.778,3024289670.07695
2026-01-05 20:00:00,3221.64,3266.0,3218.55,3223.71,545811.985,1768392601.91346
2026-01-06 00:00:00,3223.72,3246.0,3201.91,3223.88,402617.323,1296668014.52161
2026-01-06 04:00:00,3223.88,3254.94,3210.02,3218.01,540058.226,1745088256.08571
2026-01-06 08:00:00,3218.0,3241.76,3212.8,3236.36,283760.395,915829982.23143
2026-01-06 12:00:00,3236.36,3308.0,3228.19,3270.74,1555393.145,5097378052.1993
2026-01-06 16:00:00,3270.74,3277.76,3180.71,3222.18,1176588.448,3798263773.28536
2026-01-06 20:00:00,3222.19,3301.64,3221.91,3295.46,628617.944,2057019481.85984
2026-01-07 00:00:00,3295.46,3295.79,3238.0,3265.57,579224.549,1890540417.48645
2026-01-07 04:00:00,3265.57,3270.88,3245.72,3253.99,271044.849,882389573.70294
2026-01-07 08:00:00,3253.99,3262.0,3194.28,3218.75,945590.152,3043111323.67712
2026-01-07 12:00:00,3218.74,3228.0,3142.82,3163.53,1393902.197,4434329200.76536
2026-01-07 16:00:00,3163.53,3178.44,3123.01,3144.37,866529.109,2730445887.95299
2026-01-07 20:00:00,3144.38,3181.81,3126.55,3167.52,484035.292,1527292432.76305
2026-01-08 00:00:00,3167.53,3183.68,3132.33,3141.35,388178.758,1226232388.01636
2026-01-08 04:00:00,3141.35,3160.29,3086.26,3126.41,778811.181,2431195793.42135
2026-01-08 08:00:00,3126.41,3135.7,3095.16,3119.35,653716.282,2038706853.39069
2026-01-08 12:00:00,3119.35,3119.66,3052.43,3102.89,1402564.226,4327678278.91573
2026-01-08 16:00:00,3102.89,3138.44,3088.34,3110.13,691620.906,2154931503.93748
2026-01-08 20:00:00,3110.12,3129.6,3087.35,3105.45,330084.08,1025810467.6452
2026-01-09 00:00:00,3105.44,3148.0,3077.46,3118.38,579827.409,1804255649.45132
2026-01-09 04:00:00,3118.38,3124.26,3109.22,3109.75,182825.737,569778086.24237
2026-01-09 08:00:00,3109.76,3114.32,3066.0,3088.99,580453.07,1793706255.72991
2026-01-09 12:00:00,3089.0,3142.0,3056.79,3111.39,1290277.425,3998080431.67681
2026-01-09 16:00:00,3111.39,3144.99,3066.31,3079.0,775732.938,2409140074.02065
2026-01-09 20:00:00,3079.0,3092.17,3064.0,3087.15,279840.206,862312894.75082
2026-01-10 00:00:00,3087.16,3093.53,3078.3,3085.52,121450.212,374758677.96833
2026-01-10 04:00:00,3085.52,3092.48,3077.22,3091.5,121216.256,374011538.86241
2026-01-10 08:00:00,3091.49,3102.68,3086.13,3095.64,138667.002,429166635.03877
2026-01-10 12:00:00,3095.63,3102.75,3087.25,3094.12,135440.912,419043123.34113
2026-01-10 16:00:00,3094.12,3097.56,3088.5,3090.79,70501.359,218053038.16307
2026-01-10 20:00:00,3090.78,3092.19,3077.08,3085.47,103200.578,318322598.97766
2026-01-11 00:00:00,3085.47,3096.41,3083.23,3095.48,84779.251,262084997.96505
2026-01-11 04:00:00,3095.49,3101.0,3088.31,3094.03,101214.22,313283257.98286
2026-01-11 08:00:00,3094.03,3108.45,3091.35,3103.8,145254.711,450640019.65088
2026-01-11 12:00:00,3103.8,3129.6,3103.46,3116.89,319133.86,994284254.62518
2026-01-11 16:00:00,3116.9,3147.0,3114.4,3123.47,454463.779,1422763212.30467
2026-01-11 20:00:00,3123.46,3125.44,3090.7,3122.0,409265.762,1272918996.26124
2026-01-12 00:00:00,3122.0,3170.88,3095.28,3151.18,786884.087,2470231032.9487
2026-01-12 04:00:00,3151.17,3165.77,3131.58,3133.96,359559.534,1133051500.59336
2026-01-12 08:00:00,3133.96,3146.13,3100.0,3114.12,617818.107,1925864932.62509
2026-01-12 12:00:00,3114.12,3132.0,3061.35,3128.66,993733.656,3080567893.19524
2026-01-12 16:00:00,3128.66,3145.93,3083.0,3120.33,804513.463,2505902753.64195
2026-01-12 20:00:00,3120.33,3126.84,3083.0,3093.84,316837.892,982185327.06474
2026-01-13 00:00:00,3093.85,3118.0,3090.18,3114.98,301275.527,935108371.23059
2026-01-13 04:00:00,3114.98,3145.71,3110.71,3121.08,512413.45,1604220054.84268
2026-01-13 08:00:00,3121.08,3148.15,3121.05,3132.77,320235.807,1004068345.01118
2026-01-13 12:00:00,3132.77,3188.08,3127.94,3183.11,1233395.062,3886925894.37108
2026-01-13 16:00:00,3183.11,3217.6,3170.23,3214.45,892316.216,2846814382.46598
2026-01-13 20:00:00,3214.46,3383.63,3188.72,3324.69,1461919.755,4806360113.3668
2026-01-14 00:00:00,3324.68,3360.0,3314.01,3351.04,651111.262,2170104345.92633
2026-01-14 04:00:00,3351.03,3365.66,3321.12,3334.88,484874.124,1618257201.52079
2026-01-14 08:00:00,3334.88,3342.0,3281.59,3285.2,568679.898,1882646959.80081
2026-01-14 12:00:00,3285.19,3361.02,3280.0,3344.19,1286402.312,4277557577.15244
2026-01-14 16:00:00,3344.19,3403.77,3313.94,3366.49,1453952.337,4886444193.67491
2026-01-14 20:00:00,3366.48,3392.0,3346.24,3353.27,439133.901,1478316431.43625
2026-01-15 00:00:00,3353.28,3354.61,3275.36,3284.79,602166.195,1994013646.31014
2026-01-15 04:00:00,3284.8,3333.93,3282.89,3328.63,379922.53,1257747039.7688
2026-01-15 08:00:00,3328.64,3377.78,3318.66,3348.63,681515.065,2284928155.82357
2026-01-15 12:00:00,3348.63,3383.07,3282.07,3328.93,1296442.029,4324664691.78041
2026-01-15 16:00:00,3328.92,3336.22,3266.0,3294.01,860985.724,2845186250.26858
2026-01-15 20:00:00,3294.01,3322.15,3275.0,3317.0,310951.281,1025894440.9159
2026-01-16 00:00:00,3317.0,3325.34,3290.21,3293.9,278154.059,919964182.53125
2026-01-16 04:00:00,3293.91,3315.82,3274.05,3308.16,444154.888,1464358319.76719
2026-01-16 08:00:00,3308.16,3319.43,3291.56,3300.69,260687.091,861598109.22641
2026-01-16 12:00:00,3300.7,3317.17,3251.42,3263.04,816664.898,2682933478.02772
2026-01-16 16:00:00,3263.04,3288.88,3258.0,3275.64,491661.737,1610589977.47044
2026-01-16 20:00:00,3275.65,3298.86,3263.06,3294.77,258859.483,850903087.79425
2026-01-17 00:00:00,3294.77,3296.02,3282.39,3288.12,103107.133,339148640.22904
2026-01-17 04:00:00,3288.12,3292.99,3284.67,3290.09,83410.702,274337168.47095
2026-01-17 08:00:00,3290.08,3304.96,3288.0,3301.4,190867.386,629276727.11759
2026-01-17 12:00:00,3301.39,3328.21,3298.0,3328.13,390183.703,1292883957.30384
2026-01-17 16:00:00,3328.13,3328.36,3310.0,3315.1,237302.859,787291792.68503
2026-01-17 20:00:00,3315.09,3318.53,3295.42,3308.87,143756.074,475245730.31614
2026-01-18 00:00:00,3308.86,3319.77,3294.52,3314.52,167361.245,553128874.14763
2026-01-18 04:00:00,3314.52,3316.69,3304.2,3305.66,115608.432,382789291.60907
2026-01-18 08:00:00,3305.67,3324.41,3301.56,3320.6,197684.732,655741187.41159
2026-01-18 12:00:00,3320.61,3346.7,3312.71,3332.31,419804.502,1397521257.81053
2026-01-18 16:00:00,3332.31,3367.98,3328.14,3345.36,367403.056,1230886616.74986
2026-01-18 20:00:00,3345.36,3356.14,3277.42,3282.77,548656.503,1818308338.86211
2026-01-19 00:00:00,3282.77,3283.2,3175.0,3210.36,1751682.053,5633782731.07963
2026-01-19 04:00:00,3210.35,3215.91,3184.15,3205.74,446291.955,1428809758.48201
2026-01-19 08:00:00,3205.74,3229.66,3196.0,3222.18,365703.184,1175375927.85225
2026-01-19 12:00:00,3222.18,3234.71,3200.01,3214.47,324701.382,1044539619.29545
2026-01-19 16:00:00,3214.47,3226.19,3206.61,3218.34,181999.244,585393748.58766
2026-01-19 20:00:00,3218.34,3224.0,3165.0,3188.01,495509.882,1580712413.9636
2026-01-20 00:00:00,3188.01,3199.73,3174.02,3187.41,365402.161,1164833362.90681
2026-01-20 04:00:00,3187.41,3188.27,3106.66,3121.5,1107438.935,3481043087.47842
2026-01-20 08:00:00,3121.49,3122.54,3083.49,3108.14,755840.179,2343414328.14318
2026-01-20 12:00:00,3108.15,3113.52,2990.91,3031.06,1902768.391,5802778612.27215
2026-01-20 16:00:00,3031.06,3041.58,2977.92,2995.04,914651.463,2746359942.36617
2026-01-20 20:00:00,2995.04,3006.61,2910.0,2938.24,817116.489,2416778266.13754
2026-01-21 00:00:00,2938.25,2983.7,2920.08,2980.27,629787.905,1862677637.93273
2026-01-21 04:00:00,2980.26,3001.01,2964.45,2969.01,455591.036,1358543710.51469
2026-01-21 08:00:00,2969.02,2973.62,2935.0,2942.17,424450.579,1255790221.35288
2026-01-21 12:00:00,2942.17,3026.06,2900.31,3001.22,1889835.333,5591739847.95904
2026-01-21 16:00:00,3001.23,3069.34,2864.29,3054.07,2388005.768,7028841077.85548
2026-01-21 20:00:00,3054.08,3056.41,2970.65,2980.66,742023.896,2238630418.55878
2026-01-22 00:00:00,2980.67,3037.49,2979.28,3012.24,488832.813,1472762266.9561
2026-01-22 04:00:00,3012.23,3027.0,2999.16,2999.71,243955.676,735343768.65306
2026-01-22 08:00:00,2999.72,3015.58,2976.07,2984.78,446006.982,1336705553.86822
2026-01-22 12:00:00,2984.79,3009.0,2904.11,2940.72,1437927.557,4245407011.50994
2026-01-22 16:00:00,2940.73,2971.84,2922.12,2952.56,628336.811,1850956276.29778
2026-01-22 20:00:00,2952.56,2958.0,2928.9,2951.21,265976.384,783218859.75208
2026-01-23 00:00:00,2951.21,2971.1,2944.47,2963.17,197285.923,583656797.42512
2026-01-23 04:00:00,2963.18,2983.62,2933.56,2946.84,457590.402,1353087203.03971
2026-01-23 08:00:00,2946.84,2949.81,2913.49,2939.52,461077.012,1350571488.09371
2026-01-23 12:00:00,2939.53,2965.0,2890.2,2951.08,902366.41,2637864718.34188
2026-01-23 16:00:00,2951.08,3020.45,2936.95,2958.24,1115451.398,3320569929.04248
2026-01-23 20:00:00,2958.24,2962.64,2929.0,2955.08,287330.021,846503823.93511
2026-01-24 00:00:00,2955.08,2968.75,2947.72,2961.1,147297.034,435704623.86356
2026-01-24 04:00:00,2961.11,2965.21,2953.03,2956.0,105707.528,312841708.64002
2026-01-24 08:00:00,2956.01,2963.61,2953.72,2959.93,72614.98,214936182.04084
2026-01-24 12:00:00,2959.93,2966.93,2942.0,2955.55,218582.286,646141592.72658
2026-01-24 16:00:00,2955.54,2967.3,2950.25,2952.77,147948.608,437638488.07147
2026-01-24 20:00:00,2952.77,2963.02,2947.0,2952.09,90434.841,267239869.48134
2026-01-25 00:00:00,2952.09,2959.27,2935.5,2941.54,163007.517,480376848.66924
2026-01-25 04:00:00,2941.54,2948.15,2933.05,2938.43,160391.705,471770559.91937
2026-01-25 08:00:00,2938.44,2947.0,2918.55,2936.16,282545.564,829059711.69835
2026-01-25 12:00:00,2936.15,2944.08,2920.33,2925.54,267548.624,784711511.9256
2026-01-25 16:00:00,2925.54,2926.35,2794.59,2810.9,1878474.872,5370710822.36535
2026-01-25 20:00:00,2810.91,2823.81,2784.15,2815.49,887300.925,2488425257.9375
2026-01-26 00:00:00,2815.49,2898.02,2810.72,2849.69,1139380.033,3257657419.53262
2026-01-26 04:00:00,2849.7,2911.0,2848.47,2902.99,688870.404,1985653772.27661
2026-01-26 08:00:00,2903.0,2935.0,2879.62,2890.92,694583.759,2016825998.23629
2026-01-26 12:00:00,2890.91,2950.0,2872.78,2898.12,1327264.385,3860950285.06273
2026-01-26 16:00:00,2898.13,2935.1,2884.93,2921.94,847331.744,2466689751.96475
2026-01-26 20:00:00,2921.94,2945.6,2893.9,2928.9,515194.245,1506967362.30712
2026-01-27 00:00:00,2928.89,2948.0,2910.93,2939.68,329008.465,964715013.38977
2026-01-27 04:00:00,2939.69,2958.0,2923.21,2927.94,324529.667,953886412.5395
2026-01-27 08:00:00,2927.94,2931.46,2898.89,2915.89,371558.446,1082444802.99531
2026-01-27 12:00:00,2915.88,2944.26,2904.15,2936.17,671479.544,1962202419.98316
2026-01-27 16:00:00,2936.16,2997.64,2916.51,2979.46,1488670.514,4408254704.46363
2026-01-27 20:00:00,2979.46,3034.99,2977.65,3024.92,707682.182,2133044572.33808
2026-01-28 00:00:00,3024.92,3028.5,2995.78,3003.79,293114.311,882828420.40435
2026-01-28 04:00:00,3003.79,3018.09,2991.53,3004.06,270072.555,811341148.33412
2026-01-28 08:00:00,3004.07,3045.0,2985.33,3038.41,581524.043,1753991215.73512
2026-01-28 12:00:00,3038.4,3044.39,2981.7,3006.25,775894.585,2341210559.50638
2026-01-28 16:00:00,3006.25,3030.78,2987.89,3015.25,696139.572,2094596607.44712
2026-01-28 20:00:00,3015.26,3038.1,2995.01,3009.36,358505.681,1081175425.31231
2026-01-29 00:00:00,3009.36,3012.04,2943.0,2951.4,683123.354,2029778073.62858
2026-01-29 04:00:00,2951.4,2964.36,2936.39,2960.11,309089.595,912671263.36008
2026-01-29 08:00:00,2960.11,2969.0,2922.21,2928.08,509413.938,1498127561.57457
2026-01-29 12:00:00,2928.09,2938.0,2795.03,2822.65,1786650.209,5101809848.44517
2026-01-29 16:00:00,2822.66,2858.88,2752.5,2796.53,2066454.83,5794244916.0832
2026-01-29 20:00:00,2796.53,2826.15,2788.0,2821.0,401774.081,1128151473.10115
2026-01-30 00:00:00,2821.0,2827.27,2673.33,2739.74,1576123.926,4323231268.79258
2026-01-30 04:00:00,2739.74,2773.68,2695.03,2738.43,879040.657,2405980517.42127
2026-01-30 08:00:00,2738.43,2767.8,2708.0,2758.5,650734.827,1778848018.75666
2026-01-30 12:00:00,2758.49,2765.5,2689.0,2727.63,1238295.679,3385148740.76149
2026-01-30 16:00:00,2727.63,2760.0,2634.63,2741.36,1792882.449,4858209245.55085
2026-01-30 20:00:00,2741.36,2741.89,2662.47,2705.66,946728.37,2551731099.89034
2026-01-31 00:00:00,2705.66,2713.43,2683.01,2694.79,279521.619,754845364.43826
2026-01-31 04:00:00,2694.79,2703.87,2665.0,2678.86,350976.519,943000768.73861
2026-01-31 08:00:00,2678.86,2682.6,2605.41,2639.04,1040511.269,2748455046.29628
2026-01-31 12:00:00,2639.04,2643.21,2507.47,2532.61,2173192.215,5574636987.85257
2026-01-31 16:00:00,2532.61,2549.98,2202.4,2381.56,4601129.276,11080122195.95585
2026-01-31 20:00:00,2381.57,2473.2,2352.36,2450.38,1152001.027,2773927733.53868
2026-02-01 00:00:00,2450.38,2474.98,2428.14,2444.17,564633.344,1382577418.95047
2026-02-01 04:00:00,2444.18,2453.53,2392.04,2409.99,718983.987,1741627315.8986
2026-02-01 08:00:00,2409.99,2437.95,2374.65,2410.65,969195.698,2332181034.28163
2026-02-01 12:00:00,2410.65,2411.31,2284.68,2314.57,1954721.617,4587874019.50844
2026-02-01 16:00:00,2314.57,2378.09,2282.06,2319.29,1486227.652,3453828723.90384
2026-02-01 20:00:00,2319.29,2348.21,2218.0,2269.04,1790838.005,4089138543.90464
2026-02-02 00:00:00,2269.03,2322.71,2163.21,2237.41,2352854.552,5285475028.37737
2026-02-02 04:00:00,2237.4,2267.11,2156.0,2227.57,2255613.738,4997329597.24344
2026-02-02 08:00:00,2227.56,2317.49,2227.56,2281.21,1630482.567,3707701763.47736
2026-02-02 12:00:00,2281.2,2395.4,2280.78,2370.88,2034796.964,4755441332.20897
2026-02-02 16:00:00,2370.87,2385.56,2326.0,2329.75,950067.598,2238909111.82915
2026-02-02 20:00:00,2329.75,2353.74,2311.47,2345.55,552729.165,1289640035.81939
2026-02-03 00:00:00,2345.56,2358.6,2282.01,2343.1,972005.217,2257630582.23761
2026-02-03 04:00:00,2343.1,2354.4,2296.45,2322.0,824892.202,1918997810.42729
2026-02-03 08:00:00,2322.0,2331.86,2259.77,2275.63,1188299.957,2721009730.3723
2026-02-03 12:00:00,2275.63,2316.36,2250.66,2302.16,1521890.933,3480314801.19997
2026-02-03 16:00:00,2302.16,2302.7,2103.4,2204.33,4077074.319,8921876061.42716
2026-02-03 20:00:00,2204.33,2353.97,2186.69,2232.23,2264045.849,5135818752.29527
2026-02-04 00:00:00,2232.23,2295.0,2221.77,2282.23,833789.571,1886221559.12462
2026-02-04 04:00:00,2282.22,2294.38,2255.13,2282.93,620914.239,1412270144.27052
2026-02-04 08:00:00,2282.93,2285.29,2225.24,2253.73,902361.756,2033070017.93455
2026-02-04 12:00:00,2253.73,2262.2,2135.0,2150.44,2746228.366,6019505088.4797
2026-02-04 16:00:00,2150.45,2195.0,2073.68,2187.77,4179835.855,8895941897.81542
2026-02-04 20:00:00,2187.76,2192.3,2086.0,2147.01,1302334.829,2791077510.63627
2026-02-05 00:00:00,2147.01,2173.0,2096.82,2109.11,1408142.112,3008497144.25352
2026-02-05 04:00:00,2109.12,2124.99,2061.22,2090.57,2232591.622,4683663717.23301
2026-02-05 08:00:00,2090.56,2149.38,2060.0,2078.74,1647624.674,3465766744.76654
2026-02-05 12:00:00,2078.72,2107.34,1925.41,1959.21,4534175.206,9144202983.87546
2026-02-05 16:00:00,1959.21,2017.49,1912.54,1927.24,2896946.059,5672874560.15811
2026-02-05 20:00:00,1927.24,1941.99,1813.44,1824.95,3935981.068,7346585554.9459
2026-02-06 00:00:00,1824.94,1947.5,1736.02,1891.17,3804839.789,7071132935.96521
2026-02-06 04:00:00,1891.18,1974.83,1885.02,1898.21,1624296.492,3121085475.68174
2026-02-06 08:00:00,1898.21,1939.8,1865.24,1931.76,1640251.691,3123511486.44949
2026-02-06 12:00:00,1931.75,2001.86,1914.0,1979.49,2192905.7,4298687500.05368
2026-02-06 16:00:00,1979.49,2090.0,1969.99,2065.15,2616612.8,5344908969.73714
2026-02-06 20:00:00,2065.14,2095.1,2041.41,2062.54,1113235.456,2299387008.6685
2026-02-07 00:00:00,2062.55,2085.52,2031.76,2079.62,758514.815,1560178756.27384
2026-02-07 04:00:00,2079.61,2118.87,1993.34,2026.09,1758484.059,3613800239.09817
2026-02-07 08:00:00,2026.09,2031.53,1998.52,2017.52,733133.711,1477415039.94924
2026-02-07 12:00:00,2017.53,2075.61,2008.18,2051.49,1371041.154,2798468668.3031
2026-02-07 16:00:00,2051.49,2125.0,2009.0,2090.11,4183846.497,8616871491.07186
2026-02-07 20:00:00,2090.1,2116.79,2072.0,2085.93,437416.265,916091408.10476
2026-02-08 00:00:00,2085.94,2106.0,2075.55,2077.86,421678.326,880373327.58738
2026-02-08 04:00:00,2077.87,2087.96,2065.28,2083.48,427919.391,889033206.40082
2026-02-08 08:00:00,2083.49,2137.0,2077.01,2130.98,1103495.49,2326591538.38409
2026-02-08 12:00:00,2130.98,2144.35,2096.0,2107.31,1012889.015,2150645987.40237
2026-02-08 16:00:00,2107.3,2128.88,2070.91,2125.76,722103.433,1516052314.24621
2026-02-08 20:00:00,2125.78,2152.0,2070.46,2088.6,867093.624,1826166853.19767
2026-02-09 00:00:00,2088.59,2102.42,2052.92,2099.01,865704.995,1800708791.26386
2026-02-09 04:00:00,2099.01,2100.88,2063.28,2064.42,502383.793,1045714700.84085
2026-02-09 08:00:00,2064.42,2069.2,2012.0,2027.43,1128847.314,2300093142.79172
2026-02-09 12:00:00,2027.44,2072.92,2008.0,2060.27,1417907.891,2891178983.92012
2026-02-09 16:00:00,2060.28,2142.82,2046.41,2130.56,1407421.872,2964984989.40607
2026-02-09 20:00:00,2130.55,2148.0,2086.87,2103.96,790123.516,1671137747.7261
2026-02-10 00:00:00,2103.96,2123.7,2049.64,2063.7,797206.445,1663285613.36701
2026-02-10 04:00:00,2063.71,2073.32,1996.06,2006.05,1450177.016,2944025682.51218
2026-02-10 08:00:00,2006.06,2029.0,1993.35,2001.87,854865.316,1719706589.43376
2026-02-10 12:00:00,2001.87,2038.72,1983.77,2021.32,1397168.295,2813066898.10102
2026-02-10 16:00:00,2021.32,2046.1,1994.11,2016.82,874683.315,1768093950.48976
2026-02-10 20:00:00,2016.82,2021.72,1995.57,2021.51,345439.339,694415250.86385
2026-02-11 00:00:00,2021.51,2031.0,1996.0,2008.41,473216.263,954345927.14781
2026-02-11 04:00:00,2008.4,2010.28,1937.0,1949.56,1445212.376,2840080690.68405
2026-02-11 08:00:00,1949.55,1955.99,1930.39,1952.33,711117.542,1382283317.60238
2026-02-11 12:00:00,1952.32,2015.43,1901.22,1928.05,2406242.823,4701655239.60034
2026-02-11 16:00:00,1928.04,1959.0,1907.53,1951.26,1299726.407,2513509425.4195
2026-02-11 20:00:00,1951.26,1987.47,1929.62,1940.07,666201.196,1304088701.47595
2026-02-12 00:00:00,1940.07,1977.0,1940.07,1967.75,470702.468,923290316.62577
2026-02-12 04:00:00,1967.74,1982.36,1952.24,1966.97,535174.869,1053703133.67252
2026-02-12 08:00:00,1966.97,2000.9,1956.19,1987.88,781031.398,1546772589.16134
2026-02-12 12:00:00,1987.87,1995.53,1943.44,1947.47,1130783.176,2230842159.73039
2026-02-12 16:00:00,1947.47,1949.0,1893.77,1924.36,1842938.433,3533033422.67769
2026-02-12 20:00:00,1924.36,1952.27,1908.29,1947.15,488821.807,944140166.77359
2026-02-13 00:00:00,1947.15,1957.94,1926.72,1952.49,470157.883,913865901.01823
2026-02-13 04:00:00,1952.49,1954.76,1923.29,1934.88,524371.154,1016764105.5663
2026-02-13 08:00:00,1934.89,1968.49,1932.88,1959.25,623579.493,1219427475.79081
2026-02-13 12:00:00,1959.26,2049.99,1951.59,2033.71,1815593.104,3631314924.28299
2026-02-13 16:00:00,2033.78,2073.0,2030.13,2056.82,982055.493,2018550322.87355
2026-02-13 20:00:00,2056.82,2058.79,2036.76,2047.6,341167.813,699075782.1082
2026-02-14 00:00:00,2047.6,2056.91,2041.0,2053.39,200953.713,412032652.87704
2026-02-14 04:00:00,2053.4,2059.99,2047.2,2056.1,190576.708,391311119.37964
2026-02-14 08:00:00,2056.09,2107.02,2055.9,2098.22,785363.19,1635665844.39724
2026-02-14 12:00:00,2098.22,2099.23,2063.16,2086.38,704562.146,1464648842.13843
2026-02-14 16:00:00,2086.38,2089.61,2066.48,2087.31,384786.232,800126512.98794
2026-02-14 20:00:00,2087.31,2098.94,2077.29,2085.43,285567.829,596123463.44083
2026-02-15 00:00:00,2085.43,2089.0,2034.35,2058.09,839010.065,1726368242.12738
2026-02-15 04:00:00,2058.08,2102.73,2058.08,2090.58,667010.966,1389200781.30684
2026-02-15 08:00:00,2090.58,2096.0,2052.52,2060.97,550548.823,1138440593.4743
2026-02-15 12:00:00,2060.98,2067.8,1992.0,2010.25,1304022.166,2630014290.61086
2026-02-15 16:00:00,2010.25,2010.33,1926.83,1941.17,1320124.509,2594810830.9886
2026-02-15 20:00:00,1941.18,1973.5,1933.29,1965.47,582372.153,1138311123.24781
2026-02-16 00:00:00,1965.48,1980.64,1947.24,1957.72,497517.4,976731025.04074
2026-02-16 04:00:00,1957.73,1977.66,1951.59,1970.12,398345.081,782765064.99199
2026-02-16 08:00:00,1970.12,1992.23,1956.05,1975.15,633566.923,1252322486.09554
2026-02-16 12:00:00,1975.15,2023.3,1935.39,1955.63,1670293.349,3304102450.95876
2026-02-16 16:00:00,1955.63,1988.0,1955.13,1973.37,593967.786,1171428944.36225
2026-02-16 20:00:00,1973.37,2003.29,1970.1,1997.35,428793.102,853679850.23208
2026-02-17 00:00:00,1997.36,2008.64,1977.31,1984.89,453396.188,904773418.95617
2026-02-17 04:00:00,1984.89,1997.99,1963.5,1984.85,428529.835,848224618.34822
2026-02-17 08:00:00,1984.84,1989.92,1960.19,1967.58,416783.864,822069374.55396
2026-02-17 12:00:00,1967.58,2003.43,1940.01,1967.63,1427331.851,2807397904.56604
2026-02-17 16:00:00,1967.64,2014.91,1952.61,1997.3,1383976.848,2749486197.23308
2026-02-17 20:00:00,1997.31,2003.25,1985.59,1990.68,305245.076,608843414.21185
2026-02-18 00:00:00,1990.68,1999.64,1967.27,1995.85,418428.459,830153435.04592
2026-02-18 04:00:00,1995.85,2022.0,1992.13,2017.19,463830.601,930186018.02604
2026-02-18 08:00:00,2017.2,2038.27,1975.2,1980.19,917334.76,1839756482.06995
2026-02-18 12:00:00,1980.19,2009.8,1953.2,1984.56,1412387.045,2795403880.80614
2026-02-18 16:00:00,1984.56,1986.99,1921.64,1939.82,1322868.117,2589159194.49797
2026-02-18 20:00:00,1939.83,1955.59,1934.11,1954.77,412344.496,801610441.9364
2026-02-19 00:00:00,1954.77,1973.57,1949.1,1971.19,344313.744,676271484.46252
2026-02-19 04:00:00,1971.2,1986.91,1963.0,1980.82,401087.352,792521495.19261
2026-02-19 08:00:00,1980.82,1981.79,1946.11,1948.7,572180.725,1124357178.47359
2026-02-19 12:00:00,1948.71,1955.2,1910.0,1925.2,1623716.105,3132067606.62529
2026-02-19 16:00:00,1925.21,1946.75,1905.5,1940.14,922036.802,1777312926.71124
2026-02-19 20:00:00,1940.13,1953.0,1933.68,1948.15,305988.475,595033650.38075
2026-02-20 00:00:00,1948.15,1963.56,1946.25,1954.06,372003.467,727173079.62116
2026-02-20 04:00:00,1954.06,1967.96,1928.52,1959.65,722249.811,1407586829.54795
2026-02-20 08:00:00,1959.65,1972.99,1939.24,1942.76,582309.333,1140334967.26705
2026-02-20 12:00:00,1942.76,1980.27,1921.53,1963.05,1529310.05,2979384305.01138
2026-02-20 16:00:00,1963.05,1980.73,1937.6,1962.88,1156054.873,2267945403.93162
2026-02-20 20:00:00,1962.89,1974.43,1960.71,1967.85,252769.819,497524612.88247
2026-02-21 00:00:00,1967.85,1969.99,1955.07,1958.29,195446.154,383650010.46973
2026-02-21 04:00:00,1958.3,1965.46,1955.17,1962.0,139261.061,273126846.34882
2026-02-21 08:00:00,1962.0,1988.2,1961.26,1976.25,480800.053,949862892.98855
2026-02-21 12:00:00,1976.24,1996.64,1968.31,1987.04,498494.571,988553849.6496
2026-02-21 16:00:00,1987.04,1994.59,1975.31,1987.48,341773.043,678682075.17695
2026-02-21 20:00:00,1987.48,1989.66,1967.03,1972.54,296539.396,586280349.83473
2026-02-22 00:00:00,1972.54,1982.83,1966.1,1973.76,289539.225,571253571.74222
2026-02-22 04:00:00,1973.76,1978.59,1970.01,1975.01,144049.483,284376267.28335
2026-02-22 08:00:00,1975.01,1982.67,1969.04,1979.84,197552.989,390359973.05852
2026-02-22 12:00:00,1979.85,1980.6,1942.24,1952.81,892872.592,1746164217.8102
2026-02-22 16:00:00,1952.81,1954.67,1933.0,1942.81,376166.728,730704558.06246
2026-02-22 20:00:00,1942.81,1960.0,1938.92,1957.01,281364.095,548932072.09541
2026-02-23 00:00:00,1957.0,1957.58,1844.46,1860.94,1970983.162,3705383434.55927
2026-02-23 04:00:00,1860.93,1887.8,1852.0,1884.13,642382.309,1202268553.58064
2026-02-23 08:00:00,1884.13,1927.73,1875.6,1914.41,975901.002,1860450923.04601
2026-02-23 12:00:00,1914.4,1935.27,1891.42,1894.72,1241797.396,2374413486.90286
2026-02-23 16:00:00,1894.73,1899.34,1836.06,1856.15,1331189.13,2482971746.34876
2026-02-23 20:00:00,1856.16,1869.04,1846.0,1855.47,434570.285,807883013.15947
2026-02-24 00:00:00,1855.47,1868.94,1810.46,1830.94,1181431.179,2172120552.31302
2026-02-24 04:00:00,1830.94,1839.85,1812.52,1824.63,847651.917,1546500691.71123
2026-02-24 08:00:00,1824.63,1835.55,1813.16,1825.74,539634.383,984219289.43791
2026-02-24 12:00:00,1825.75,1849.59,1796.0,1846.37,1624730.572,2964043675.80881
2026-02-24 16:00:00,1846.36,1864.58,1837.01,1851.56,950543.639,1761731917.31286
2026-02-24 20:00:00,1851.56,1863.5,1843.83,1851.09,307873.495,570924295.13142
2026-02-25 00:00:00,1851.1,1945.7,1845.7,1905.37,1482719.102,2826788929.94864
2026-02-25 04:00:00,1905.38,1913.82,1877.06,1892.35,783355.298,1484332685.21434
2026-02-25 08:00:00,1892.36,1927.89,1889.24,1925.28,675208.004,1290080642.48876
2026-02-25 12:00:00,1925.27,2027.93,1921.23,2012.86,2213958.559,4378053881.22071
2026-02-25 16:00:00,2012.85,2084.93,2012.14,2070.32,1748491.161,3593827615.9966
2026-02-25 20:00:00,2070.34,2149.95,2033.18,2056.5,1604674.188,3350216298.44939
2026-02-26 00:00:00,2056.51,2076.0,2037.83,2053.15,649030.665,1334350358.76568
2026-02-26 04:00:00,2053.15,2083.09,2050.5,2052.48,615673.329,1271399594.76825
2026-02-26 08:00:00,2052.49,2082.65,2043.47,2056.51,660311.571,1361644363.42403
2026-02-26 12:00:00,2056.52,2077.4,2010.38,2032.33,1428516.201,2916609028.04481
2026-02-26 16:00:00,2032.33,2036.79,1973.49,2029.0,1595749.576,3194759173.32044
2026-02-26 20:00:00,2029.0,2042.6,2016.7,2026.71,368624.5,748066493.5704
2026-02-27 00:00:00,2026.7,2048.91,1999.2,2044.48,658703.297,1330871772.83056
2026-02-27 04:00:00,2044.48,2063.71,2021.0,2031.54,672408.793,1373289467.53295
2026-02-27 08:00:00,2031.54,2045.59,1951.48,1960.79,1304918.647,2602034332.75195
2026-02-27 12:00:00,1960.79,1968.0,1936.0,1947.39,1338894.611,2614081877.92656
2026-02-27 16:00:00,1947.39,1947.75,1906.0,1920.02,1119096.818,2154302257.92498
2026-02-27 20:00:00,1920.02,1932.85,1885.0,1928.5,671256.074,1286167681.96871
2026-02-28 00:00:00,1928.51,1937.37,1916.77,1923.33,302531.18,583128249.82451
2026-02-28 04:00:00,1923.33,1930.86,1834.06,1865.36,1816676.462,3403396786.7411
2026-02-28 08:00:00,1865.37,1880.39,1843.19,1862.27,927573.913,1725067482.96234
2026-02-28 12:00:00,1862.28,1914.99,1861.01,1897.78,1401422.745,2650975089.37486
2026-02-28 16:00:00,1897.77,1954.0,1884.13,1945.78,1084450.295,2081975461.75947
2026-02-28 20:00:00,1945.78,1984.22,1936.69,1963.48,881332.903,1727548119.05845
2026-03-01 00:00:00,1963.48,2054.67,1942.42,2022.29,1578905.677,3175749970.73199
2026-03-01 04:00:00,2022.29,2029.63,1988.21,2006.27,845620.562,1695760230.4577
2026-03-01 08:00:00,2006.26,2009.3,1971.02,1982.3,709326.387,1408800526.0741
2026-03-01 12:00:00,1982.3,2027.77,1967.34,1992.31,1090905.78,2182881574.23562
2026-03-01 16:00:00,1992.3,2010.0,1942.65,1952.97,1310393.681,2588468188.95515
2026-03-01 20:00:00,1952.96,1974.9,1905.91,1938.57,1278132.709,2467387991.74473
2026-03-02 00:00:00,1938.58,1988.52,1936.33,1971.36,818897.586,1605507873.94603
2026-03-02 04:00:00,1971.36,1984.45,1924.14,1940.25,673715.063,1315276388.80137
2026-03-02 08:00:00,1940.27,1966.93,1916.0,1946.56,871799.579,1694961442.20047
2026-03-02 12:00:00,1946.55,2064.79,1919.77,2046.39,2435783.612,4847618311.81606
2026-03-02 16:00:00,2046.39,2089.0,2014.46,2042.44,1650723.342,3384146029.87558
2026-03-02 20:00:00,2042.44,2058.58,2023.26,2026.69,671758.274,1370577578.18106
2026-03-03 00:00:00,2026.69,2041.22,1996.62,2007.69,709437.097,1431623749.34962
2026-03-03 04:00:00,2007.69,2019.26,1986.13,1995.27,686348.025,1371964962.49042
2026-03-03 08:00:00,1995.27,1999.7,1938.01,1960.09,1498942.296,2937617577.17902
2026-03-03 12:00:00,1960.1,1989.18,1926.32,1968.09,1696814.46,3318449071.53866
2026-03-03 16:00:00,1968.09,2013.33,1957.42,1985.14,1652729.026,3276504250.72517
2026-03-03 20:00:00,1985.14,2000.98,1958.16,1981.85,492943.431,975680186.63474
2026-03-04 00:00:00,1981.85,1997.99,1943.4,1959.59,754996.88,1486609924.40596
2026-03-04 04:00:00,1959.59,2010.0,1948.81,2005.72,723026.553,1429439133.09286
2026-03-04 08:00:00,2005.71,2093.0,1999.39,2054.18,2231214.795,4589466203.58595
2026-03-04 12:00:00,2054.18,2165.5,2035.2,2149.3,2237549.448,4681474828.2783
2026-03-04 16:00:00,2149.29,2199.47,2127.83,2176.46,1667261.257,3596049541.05535
2026-03-04 20:00:00,2176.47,2178.69,2115.33,2125.98,662654.835,1422680382.73133
2026-03-05 00:00:00,2125.97,2141.57,2106.32,2119.11,678185.051,1438970293.6984
2026-03-05 04:00:00,2119.1,2144.37,2093.88,2104.3,779373.777,1652850015.67803
2026-03-05 08:00:00,2104.29,2163.0,2092.43,2136.76,974731.956,2077135224.71957
2026-03-05 12:00:00,2136.76,2142.38,2066.31,2086.09,1597768.847,3360992281.53417
2026-03-05 16:00:00,2086.1,2093.96,2053.3,2073.61,1190597.741,2467538524.1377
2026-03-05 20:00:00,2073.6,2099.3,2066.77,2072.18,414779.632,864195151.04217
2026-03-06 00:00:00,2072.17,2092.39,2060.6,2082.88,444237.614,923771996.07538
2026-03-06 04:00:00,2082.88,2086.57,2058.0,2081.79,540710.445,1119874829.84213
2026-03-06 08:00:00,2081.79,2081.79,2044.12,2050.02,687409.148,1416605460.61062
2026-03-06 12:00:00,2050.03,2062.0,1963.92,1976.43,2186301.207,4394641603.59298
2026-03-06 16:00:00,1976.42,1991.98,1954.25,1982.52,929400.898,1833331284.11289
2026-03-06 20:00:00,1982.53,1988.9,1968.3,1977.66,333948.242,660836348.5901
2026-03-07 00:00:00,1977.66,1995.74,1971.4,1979.14,341961.26,677958552.69466
2026-03-07 04:00:00,1979.15,1983.89,1961.66,1982.19,386888.884,763188944.26043
2026-03-07 08:00:00,1982.18,1993.83,1973.84,1987.51,361120.213,716707443.27472
2026-03-07 12:00:00,1987.52,1989.85,1969.2,1980.19,389099.281,770562840.22259
2026-03-07 16:00:00,1980.19,1982.81,1946.87,1954.01,453331.453,890828921.05758
2026-03-07 20:00:00,1954.01,1973.15,1953.64,1968.39,245261.992,482030460.52932
2026-03-08 00:00:00,1968.39,1976.33,1934.33,1946.4,549360.617,1073383222.52675
2026-03-08 04:00:00,1946.4,1959.04,1927.58,1953.97,442384.35,860719510.73361
2026-03-08 08:00:00,1953.97,1979.03,1942.7,1950.29,604094.675,1185078612.75122
2026-03-08 12:00:00,1950.28,1953.75,1922.86,1942.0,799792.005,1550701382.08007
2026-03-08 16:00:00,1942.01,1969.19,1926.73,1963.2,583922.748,1135536904.05787
2026-03-08 20:00:00,1963.21,1970.16,1906.63,1935.97,1123967.06,2176777636.78788
2026-03-09 00:00:00,1935.98,2004.84,1928.2,1976.6,1289281.919,2535656945.90621
2026-03-09 04:00:00,1976.6,2013.33,1962.27,1982.9,1052595.64,2095148592.97686
2026-03-09 08:00:00,1982.9,2021.88,1977.69,1991.49,889918.434,1778137650.09063
2026-03-09 12:00:00,1991.49,2033.52,1991.42,2021.44,1283202.349,2587656412.159
2026-03-09 16:00:00,2021.45,2052.83,2004.17,2032.67,1150060.688,2329560971.58298
2026-03-09 20:00:00,2032.66,2036.44,1988.18,1992.28,602907.876,1213595915.65445
2026-03-10 00:00:00,1992.28,2053.93,1990.23,2025.61,937205.213,1898896526.11389
2026-03-10 04:00:00,2025.61,2059.24,2025.32,2050.0,570428.123,1165880047.20236
2026-03-10 08:00:00,2050.0,2074.0,2050.0,2060.77,751728.798,1549739647.56124
2026-03-10 12:00:00,2060.77,2085.0,2007.77,2078.42,1978267.618,4054289694.2678
2026-03-10 16:00:00,2078.42,2088.0,2025.55,2035.84,1294369.856,2662386375.27913
2026-03-10 20:00:00,2035.84,2048.0,2015.78,2035.39,471914.163,958911000.97688
2026-03-11 00:00:00,2035.38,2041.0,2017.04,2020.28,443629.963,900036740.51212
2026-03-11 04:00:00,2020.28,2041.0,2005.9,2011.61,629945.279,1274001251.1551
2026-03-11 08:00:00,2011.59,2033.54,2008.5,2016.96,452516.088,914455451.22694
2026-03-11 12:00:00,2016.97,2081.68,2011.51,2048.84,1836421.244,3765613380.53186
2026-03-11 16:00:00,2048.85,2084.98,2045.14,2075.13,818058.465,1691708189.81017
2026-03-11 20:00:00,2075.13,2083.85,2044.12,2050.99,409491.771,845189109.78303
2026-03-12 00:00:00,2050.98,2057.37,2016.17,2022.07,671131.613,1365145419.58744
2026-03-12 04:00:00,2022.07,2041.92,2018.17,2039.71,436491.353,885445632.45599
2026-03-12 08:00:00,2039.72,2075.65,2036.75,2061.77,908568.871,1868452677.61731
2026-03-12 12:00:00,2061.77,2094.57,2036.18,2071.4,1903869.744,3929378960.74883
2026-03-12 16:00:00,2071.39,2077.47,2044.0,2068.63,847229.193,1746714018.99284
2026-03-12 20:00:00,2068.61,2093.53,2054.4,2072.6,621938.675,1289421661.39029
2026-03-13 00:00:00,2072.6,2148.0,2069.1,2117.77,1417550.252,3002532803.73696
2026-03-13 04:00:00,2117.78,2119.2,2088.52,2098.45,573672.938,1205516222.79126
2026-03-13 08:00:00,2098.44,2133.0,2090.09,2120.02,818371.257,1730400453.56282
2026-03-13 12:00:00,2120.01,2209.49,2119.3,2127.0,2950677.425,6389426325.94406
2026-03-13 16:00:00,2127.01,2142.83,2088.44,2101.72,1494951.133,3159961322.61934
2026-03-13 20:00:00,2101.73,2116.39,2077.03,2091.01,513889.845,1076735884.36428
2026-03-14 00:00:00,2091.0,2103.62,2080.06,2100.0,381765.967,798635966.2927
2026-03-14 04:00:00,2100.0,2105.75,2067.13,2076.3,555805.424,1159133632.18009
2026-03-14 08:00:00,2076.3,2080.22,2060.09,2072.65,421811.155,873075408.8263
2026-03-14 12:00:00,2072.65,2079.55,2068.34,2073.55,294717.603,611209189.77531
2026-03-14 16:00:00,2073.55,2078.44,2067.58,2076.25,159079.105,329937949.1652
2026-03-14 20:00:00,2076.25,2098.58,2074.79,2095.27,334646.47,698808471.80032
2026-03-15 00:00:00,2095.28,2107.0,2081.59,2095.17,405853.319,850020256.16847
2026-03-15 04:00:00,2095.17,2116.35,2095.0,2104.97,387110.713,815627068.74084
2026-03-15 08:00:00,2104.97,2123.25,2104.97,2118.6,349993.156,740633780.43733
2026-03-15 12:00:00,2118.61,2118.96,2085.1,2092.93,628325.52,1317567930.50087
2026-03-15 16:00:00,2092.93,2117.62,2087.65,2112.33,475588.283,1000114105.52477
2026-03-15 20:00:00,2112.32,2202.87,2108.91,2177.73,1650783.318,3570794765.32271
2026-03-16 00:00:00,2177.73,2253.6,2163.32,2235.13,1512415.231,3339571212.89009
2026-03-16 04:00:00,2235.14,2288.0,2235.13,2248.43,1694173.977,3832123448.54947
2026-03-16 08:00:00,2248.44,2279.68,2233.0,2268.81,984397.541,2224113070.11835
2026-03-16 12:00:00,2268.82,2308.0,2253.51,2272.42,2371915.363,5418893798.77571
2026-03-16 16:00:00,2272.41,2347.99,2268.62,2329.98,1530327.963,3545989671.75013
2026-03-16 20:00:00,2329.98,2385.78,2322.37,2351.66,1137124.455,2676718806.35798
2026-03-17 00:00:00,2351.66,2377.0,2306.87,2319.11,1509768.766,3540200814.9024
2026-03-17 04:00:00,2319.12,2337.5,2292.57,2326.75,982963.688,2275405435.26991
2026-03-17 08:00:00,2326.74,2334.73,2301.04,2325.75,785681.082,1821830634.47339
2026-03-17 12:00:00,2325.75,2356.66,2303.0,2314.69,1284193.165,2989726476.99687
2026-03-17 16:00:00,2314.68,2341.83,2311.07,2319.1,580016.787,1350979523.77189
2026-03-17 20:00:00,2319.09,2345.0,2315.51,2316.45,352327.903,820280568.93684
2026-03-18 00:00:00,2316.45,2349.99,2305.6,2339.6,565019.709,1316049211.31315
2026-03-18 04:00:00,2339.61,2341.0,2310.07,2316.6,523841.759,1216874984.51436
2026-03-18 08:00:00,2316.6,2332.98,2262.01,2268.1,1236648.585,2835677300.26769
2026-03-18 12:00:00,2268.11,2269.74,2168.0,2186.25,2681320.445,5943273714.88108
2026-03-18 16:00:00,2186.25,2219.0,2163.03,2184.91,1385996.537,3036107086.37992
2026-03-18 20:00:00,2184.9,2205.9,2150.7,2201.95,732175.39,1598571842.41137
2026-03-19 00:00:00,2201.96,2232.64,2186.12,2210.87,673478.899,1486800774.66634
2026-03-19 04:00:00,2210.86,2212.0,2141.79,2165.27,1130665.709,2457575309.3998
2026-03-19 08:00:00,2165.27,2191.99,2156.84,2166.0,768487.385,1670112492.31467
2026-03-19 12:00:00,2165.99,2166.58,2098.02,2117.62,2213589.948,4708354880.52164
2026-03-19 16:00:00,2117.63,2155.9,2103.43,2139.99,1038312.017,2207118468.07278
2026-03-19 20:00:00,2139.99,2154.43,2129.37,2136.56,408174.95,874618332.15592
2026-03-20 00:00:00,2136.56,2159.67,2131.07,2150.2,456100.432,979020686.82823
2026-03-20 04:00:00,2150.2,2158.53,2120.04,2149.3,622015.155,1331386083.49852
2026-03-20 08:00:00,2149.3,2175.64,2130.23,2140.37,928216.763,1996625369.32704
2026-03-20 12:00:00,2140.36,2152.0,2114.2,2133.09,1261450.708,2690378980.99275
2026-03-20 16:00:00,2133.09,2144.0,2116.28,2132.1,681814.709,1451778812.25141
2026-03-20 20:00:00,2132.1,2167.53,2122.9,2145.08,515575.884,1106506951.8838
2026-03-21 00:00:00,2145.08,2159.0,2142.88,2152.41,214699.258,461822065.20661
2026-03-21 04:00:00,2152.4,2160.71,2149.06,2154.4,190753.418,410948391.5735
2026-03-21 08:00:00,2154.4,2158.16,2148.45,2156.53,200023.948,430862375.52591
2026-03-21 12:00:00,2156.54,2168.0,2145.0,2154.25,378455.24,815874213.79525
2026-03-21 16:00:00,2154.25,2154.66,2140.15,2151.19,207908.989,446748605.03133
2026-03-21 20:00:00,2151.19,2156.12,2068.78,2083.37,696227.693,1470977476.91625
2026-03-22 00:00:00,2083.37,2126.38,2045.57,2112.84,1126316.321,2349003955.0756
2026-03-22 04:00:00,2112.83,2122.16,2091.39,2092.82,518142.776,1093213184.4072
2026-03-22 08:00:00,2092.82,2096.73,2065.21,2068.97,704694.333,1466607802.39656
2026-03-22 12:00:00,2068.96,2092.6,2066.87,2081.96,545347.614,1134121696.16894
2026-03-22 16:00:00,2081.97,2083.56,2053.01,2062.0,412619.666,853431705.48667
2026-03-22 20:00:00,2062.0,2074.71,2024.11,2052.85,907245.588,1858691253.39843
2026-03-23 00:00:00,2052.86,2071.92,2034.38,2051.55,683057.734,1402807429.57252
2026-03-23 04:00:00,2051.55,2071.3,2021.58,2043.65,836723.914,1711618251.23746
2026-03-23 08:00:00,2043.65,2199.0,2027.57,2133.89,2839257.805,6048991631.6022
2026-03-23 12:00:00,2133.9,2192.54,2105.39,2127.55,2431120.091,5231700907.26171
2026-03-23 16:00:00,2127.54,2179.0,2116.0,2153.37,1219816.764,2614367701.25763
2026-03-23 20:00:00,2153.36,2165.87,2139.06,2151.01,283532.99,610315825.40363
2026-03-24 00:00:00,2151.0,2155.36,2122.78,2140.4,535475.799,1144868630.02306
2026-03-24 04:00:00,2140.41,2169.9,2127.82,2164.33,666482.833,1431246179.91059
2026-03-24 08:00:00,2164.34,2174.71,2146.01,2164.75,630545.487,1361909281.19946
2026-03-24 12:00:00,2164.74,2169.37,2117.71,2134.13,1243575.265,2661788962.25319
2026-03-24 16:00:00,2134.13,2139.88,2102.0,2115.96,938888.63,1988282153.88448
2026-03-24 20:00:00,2115.96,2162.9,2114.7,2155.29,696426.082,1494565580.71277
2026-03-25 00:00:00,2155.3,2168.0,2142.66,2157.5,501705.778,1081946240.40603
2026-03-25 04:00:00,2157.49,2179.72,2155.57,2163.7,571355.234,1238545569.93225
2026-03-25 08:00:00,2163.71,2200.11,2163.03,2185.01,905333.535,1977375740.84023
2026-03-25 12:00:00,2185.01,2197.3,2145.59,2161.67,1345442.349,2925524071.27295
2026-03-25 16:00:00,2161.68,2187.63,2155.08,2171.73,648229.553,1406107884.00824
2026-03-25 20:00:00,2171.73,2184.99,2158.01,2168.0,295427.605,640683262.78958
2026-03-26 00:00:00,2168.0,2171.32,2142.15,2152.15,471318.207,1015914852.71004
2026-03-26 04:00:00,2152.15,2153.52,2110.72,2122.37,877179.932,1865520847.20515
2026-03-26 08:00:00,2122.36,2126.24,2061.0,2067.33,1227552.831,2560560457.13049
2026-03-26 12:00:00,2067.34,2093.64,2050.54,2069.43,1213774.885,2516778732.23995
2026-03-26 16:00:00,2069.43,2070.0,2033.22,2047.86,838307.982,1718894487.60746
2026-03-26 20:00:00,2047.85,2080.25,2045.17,2059.17,817780.614,1690838096.85279
2026-03-27 00:00:00,2059.18,2076.43,2055.5,2060.45,354929.755,733211398.62701
2026-03-27 04:00:00,2060.44,2071.59,2041.32,2064.95,613100.519,1261294623.22176
2026-03-27 08:00:00,2064.94,2068.6,1980.28,1990.24,1655519.043,3341144372.62636
2026-03-27 12:00:00,1990.24,2009.46,1966.2,1990.12,1438244.439,2857075643.6189
2026-03-27 16:00:00,1990.11,1996.88,1973.37,1990.28,696955.142,1383130215.79612
2026-03-27 20:00:00,1990.28,1995.37,1977.9,1991.58,264573.419,525307553.84115
2026-03-28 00:00:00,1991.57,1994.3,1981.52,1987.95,216122.294,429661806.93515
2026-03-28 04:00:00,1987.95,2007.63,1986.0,2005.94,323528.935,646504967.82332
2026-03-28 08:00:00,2005.95,2007.46,1991.2,1996.41,295192.03,589786592.84811
2026-03-28 12:00:00,1996.41,2049.36,1991.23,2025.79,1022489.311,2066392534.75491
2026-03-28 16:00:00,2025.8,2028.97,2014.57,2019.52,229088.168,463222647.70195
2026-03-28 20:00:00,2019.52,2025.42,1988.16,1993.48,390635.19,783086598.25421
2026-03-29 00:00:00,1993.48,2019.0,1990.53,2010.14,359938.411,721456406.53023
2026-03-29 04:00:00,2010.14,2011.89,1996.26,2005.0,230760.21,462243421.70611
2026-03-29 08:00:00,2005.0,2007.29,1990.4,2002.65,300757.836,601255312.54337
2026-03-29 12:00:00,2002.65,2003.98,1982.21,1991.8,534021.634,1063335806.8618
2026-03-29 16:00:00,1991.8,2003.2,1986.5,1995.04,279883.999,558531454.58278
2026-03-29 20:00:00,1995.05,2008.99,1936.54,1983.44,1127151.125,2225967576.72052
2026-03-30 00:00:00,1983.45,2043.26,1978.7,2034.97,1131322.341,2281009303.66894
2026-03-30 04:00:00,2034.97,2067.78,2034.97,2058.7,792916.982,1625048711.69267
2026-03-30 08:00:00,2058.69,2086.99,2046.4,2070.4,769322.612,1587471408.63735
2026-03-30 12:00:00,2070.4,2084.82,2042.88,2073.4,1123786.862,2321673241.44444
2026-03-30 16:00:00,2073.39,2074.0,2012.14,2022.69,1018384.217,2075897631.56746
2026-03-30 20:00:00,2022.69,2049.21,2012.59,2025.69,622241.954,1263326450.30438
2026-03-31 00:00:00,2025.69,2093.0,2015.25,2065.92,1039176.785,2140381175.53666
2026-03-31 04:00:00,2065.91,2071.42,2040.88,2055.0,528667.355,1087399126.5967
2026-03-31 08:00:00,2054.99,2058.66,2011.25,2040.23,966855.411,1964435066.49368
2026-03-31 12:00:00,2040.23,2091.49,2033.89,2053.66,1838047.822,3790895542.87968
2026-03-31 16:00:00,2053.66,2124.51,2053.31,2095.68,1645565.566,3451011203.8
2026-03-31 20:00:00,2095.68,2109.48,2087.0,2104.49,412473.38,865948053.91937
2026-04-01 00:00:00,2104.48,2117.44,2081.19,2101.87,545500.487,1144737098.0017
2026-04-01 04:00:00,2101.87,2157.99,2099.18,2130.13,1121226.102,2392175397.90069
2026-04-01 08:00:00,2130.13,2142.76,2124.43,2134.18,546289.82,1165237434.22553
2026-04-01 12:00:00,2134.18,2149.37,2107.53,2133.93,1101165.049,2340144072.46962
2026-04-01 16:00:00,2133.93,2167.2,2122.23,2140.24,882497.895,1889624709.47613
2026-04-01 20:00:00,2140.25,2164.47,2129.2,2138.8,529434.453,1135993119.37737
2026-04-02 00:00:00,2138.8,2158.42,2044.0,2054.73,1951268.322,4092727217.10522
2026-04-02 04:00:00,2054.73,2057.42,2037.23,2054.8,695759.093,1424718219.29638
2026-04-02 08:00:00,2054.79,2054.79,2022.0,2032.04,535630.451,1091736116.79708
2026-04-02 12:00:00,2032.03,2072.0,2015.55,2058.46,1505005.222,3076420761.48645
2026-04-02 16:00:00,2058.45,2076.0,2042.18,2064.39,648483.676,1334030755.3065
2026-04-02 20:00:00,2064.4,2073.41,2052.26,2055.96,428813.629,884078019.65653
2026-04-03 00:00:00,2055.97,2061.88,2038.35,2053.0,478521.465,981374138.29425
2026-04-03 04:00:00,2053.01,2074.6,2046.16,2064.98,358149.385,738070309.09491
2026-04-03 08:00:00,2064.98,2071.14,2052.02,2061.87,275020.086,566695965.88539
2026-04-03 12:00:00,2061.88,2084.02,2040.26,2050.31,650821.783,1336882489.29583
2026-04-03 16:00:00,2050.31,2055.9,2042.4,2051.43,215252.759,441187083.97194
2026-04-03 20:00:00,2051.42,2060.99,2048.37,2052.92,159944.319,328505673.08781
2026-04-04 00:00:00,2052.93,2053.0,2046.87,2049.21,97192.643,199250444.191
2026-04-04 04:00:00,2049.21,2057.5,2047.51,2052.72,144502.407,296601274.36497
2026-04-04 08:00:00,2052.73,2054.5,2046.45,2051.06,167444.817,343338574.35141
2026-04-04 12:00:00,2051.06,2060.99,2043.0,2055.16,291860.727,598891165.30917
2026-04-04 16:00:00,2055.16,2083.36,2051.74,2063.77,440548.065,909590659.35969
2026-04-04 20:00:00,2063.77,2071.46,2058.63,2064.43,164643.801,339974593.48743
2026-04-05 00:00:00,2064.43,2064.6,2052.65,2055.69,155903.682,320877121.33525
2026-04-05 04:00:00,2055.69,2057.19,2026.32,2036.0,514006.294,1047926517.25574
2026-04-05 08:00:00,2036.0,2051.83,2034.57,2040.88,215639.762,440458668.85472
2026-04-05 12:00:00,2040.88,2069.25,2020.61,2053.13,910656.558,1858396079.57638
2026-04-05 16:00:00,2053.12,2068.88,2047.04,2060.99,367934.36,757282631.70173
2026-04-05 20:00:00,2061.0,2123.23,2048.66,2109.35,968936.812,2021921507.74824
2026-04-06 00:00:00,2109.36,2147.73,2109.36,2128.38,897583.043,1908796752.31915
2026-04-06 04:00:00,2128.38,2140.5,2119.04,2134.05,478563.501,1018890623.65879
2026-04-06 08:00:00,2134.05,2174.41,2132.52,2150.55,910874.502,1960780996.3021
2026-04-06 12:00:00,2150.54,2169.11,2136.42,2163.43,1122283.44,2414691621.47056
2026-04-06 16:00:00,2163.43,2167.52,2122.0,2143.29,803496.478,1720103500.41596
2026-04-06 20:00:00,2143.3,2154.42,2086.29,2106.14,928197.295,1961174329.18468
2026-04-07 00:00:00,2106.14,2119.78,2091.93,2107.19,656492.285,1383948844.15791
2026-04-07 04:00:00,2107.2,2118.25,2095.35,2103.0,356137.967,749578460.06795
2026-04-07 08:00:00,2102.99,2132.96,2080.57,2088.47,1033896.877,2177468644.13884
2026-04-07 12:00:00,2088.48,2092.61,2058.01,2079.26,1236932.445,2568124553.12345
2026-04-07 16:00:00,2079.26,2117.0,2076.41,2112.52,952245.685,1994722694.67006
2026-04-07 20:00:00,2112.52,2273.0,2109.43,2239.14,2645440.876,5797957203.94633
2026-04-08 00:00:00,2239.14,2250.71,2226.28,2233.89,743736.136,1663591311.4348
2026-04-08 04:00:00,2233.89,2259.72,2233.88,2252.75,639308.278,1436229531.53144
2026-04-08 08:00:00,2252.74,2262.75,2235.83,2246.53,556185.243,1251030975.51161
2026-04-08 12:00:00,2246.53,2269.65,2186.03,2214.56,1781318.946,3962954749.69198
2026-04-08 16:00:00,2214.56,2238.66,2196.26,2210.01,821555.618,1820384248.31507
2026-04-08 20:00:00,2210.0,2221.64,2177.77,2188.87,524408.699,1152673623.84634
2026-04-09 00:00:00,2188.87,2193.23,2160.0,2181.31,573555.041,1248543688.92598
2026-04-09 04:00:00,2181.31,2188.57,2174.39,2179.96,297020.676,647743342.40696
2026-04-09 08:00:00,2179.97,2196.53,2175.0,2179.02,440979.973,963734651.21582
2026-04-09 12:00:00,2179.02,2224.99,2156.0,2217.0,1351872.805,2955437827.85512
2026-04-09 16:00:00,2216.99,2230.0,2192.0,2215.36,1084333.513,2398552748.41737
2026-04-09 20:00:00,2215.36,2246.15,2181.7,2188.92,717749.349,1586414993.95854
2026-04-10 00:00:00,2188.92,2203.19,2173.81,2185.16,482254.301,1056143424.32851
2026-04-10 04:00:00,2185.16,2202.67,2175.25,2178.63,378270.952,828023455.47538
2026-04-10 08:00:00,2178.62,2223.0,2176.04,2214.72,612092.346,1346740423.45631
2026-04-10 12:00:00,2214.71,2257.55,2206.77,2223.23,1395274.405,3112910633.46765
2026-04-10 16:00:00,2223.23,2254.67,2220.03,2251.8,527443.325,1181941266.78676
2026-04-10 20:00:00,2251.8,2255.89,2233.74,2243.9,368971.149,828845113.50437
2026-04-11 00:00:00,2243.91,2251.33,2233.33,2235.94,263841.199,591339357.94645
2026-04-11 04:00:00,2235.94,2241.68,2227.03,2231.68,299460.051,668813264.55279
2026-04-11 08:00:00,2231.68,2248.28,2230.69,2245.0,306621.595,686946068.75067
2026-04-11 12:00:00,2245.0,2255.85,2232.2,2248.39,294725.417,660925133.74547
2026-04-11 16:00:00,2248.39,2329.99,2245.22,2315.24,1179609.631,2699952947.37513
2026-04-11 20:00:00,2315.25,2316.48,2275.2,2283.85,530900.213,1218411978.45656
2026-04-12 00:00:00,2283.86,2288.12,2205.52,2212.71,1217614.173,2722807452.57155
2026-04-12 04:00:00,2212.71,2219.88,2207.0,2217.01,314769.248,696907186.97072
2026-04-12 08:00:00,2217.01,2217.98,2192.42,2203.11,403018.463,888498863.33026
2026-04-12 12:00:00,2203.11,2207.35,2173.0,2185.27,784291.464,1716816779.49234
2026-04-12 16:00:00,2185.27,2206.0,2181.66,2197.24,383122.902,841084330.91589
2026-04-12 20:00:00,2197.23,2217.7,2182.65,2190.62,602327.064,1323390129.13739
2026-04-13 00:00:00,2190.61,2207.9,2186.12,2193.27,315218.386,692806974.1722
2026-04-13 04:00:00,2193.27,2201.47,2181.02,2185.5,417733.422,914982630.50581
2026-04-13 08:00:00,2185.5,2194.62,2178.18,2186.3,370876.792,810374567.81694
2026-04-13 12:00:00,2186.29,2235.41,2174.48,2208.08,1478787.506,3260605997.00763
2026-04-13 16:00:00,2208.08,2268.7,2198.57,2261.2,1172829.826,2621445623.63032
2026-04-13 20:00:00,2261.2,2395.85,2246.39,2368.8,2045153.934,4761817103.01119
2026-04-14 00:00:00,2368.8,2378.0,2353.87,2364.68,575697.429,1362431730.39602
2026-04-14 04:00:00,2364.69,2389.0,2353.87,2376.85,526677.833,1248567065.20619
2026-04-14 08:00:00,2376.85,2395.3,2366.62,2373.12,689338.8,1642355944.71055
2026-04-14 12:00:00,2373.13,2416.4,2331.46,2363.24,2145638.387,5085839319.33836
2026-04-14 16:00:00,2363.25,2370.29,2301.6,2312.54,1058703.853,2468096412.36586
2026-04-14 20:00:00,2312.56,2331.66,2307.42,2321.17,435561.389,1009994857.62362
2026-04-15 00:00:00,2321.16,2342.07,2316.43,2327.6,414500.406,965820958.18744
2026-04-15 04:00:00,2327.59,2337.19,2306.8,2315.53,436164.883,1011753136.45512
2026-04-15 08:00:00,2315.52,2340.0,2310.93,2336.2,501349.0,1165432835.05429
2026-04-15 12:00:00,2336.21,2348.88,2316.17,2330.6,878951.457,2049678091.39564
2026-04-15 16:00:00,2330.6,2384.67,2327.4,2373.7,856245.184,2016706341.06768
2026-04-15 20:00:00,2373.69,2379.9,2347.18,2358.87,568493.441,1342487968.01908
2026-04-16 00:00:00,2358.86,2368.45,2343.27,2356.52,345171.677,813231512.71472
2026-04-16 04:00:00,2356.51,2362.91,2334.0,2340.4,389074.202,914157961.66096
2026-04-16 08:00:00,2340.39,2347.06,2327.11,2334.42,528827.802,1235177933.47486
2026-04-16 12:00:00,2334.43,2352.0,2282.7,2337.6,1819052.346,4212973199.34989
2026-04-16 16:00:00,2337.59,2361.0,2307.94,2358.39,1006738.05,2348182698.55661
2026-04-16 20:00:00,2358.39,2363.67,2333.45,2346.92,438571.26,1029122028.10204
2026-04-17 00:00:00,2346.93,2349.85,2322.35,2324.46,361864.221,844382000.884
2026-04-17 04:00:00,2324.45,2340.88,2314.08,2333.24,342517.138,797421775.58948
2026-04-17 08:00:00,2333.23,2376.96,2331.91,2353.63,893850.912,2101485186.30899
2026-04-17 12:00:00,2353.64,2456.32,2348.0,2440.71,2674338.578,6458598977.96689
2026-04-17 16:00:00,2440.71,2463.86,2414.12,2426.48,989444.645,2410598771.03168
2026-04-17 20:00:00,2426.48,2441.65,2414.14,2417.66,415610.733,1008346948.33064
2026-04-18 00:00:00,2417.65,2426.62,2397.0,2404.0,348331.058,840760446.48585
2026-04-18 04:00:00,2404.0,2412.38,2398.0,2402.38,258226.851,621143707.03439
2026-04-18 08:00:00,2402.38,2403.84,2341.52,2351.45,1197051.138,2836475493.97762
2026-04-18 12:00:00,2351.46,2368.97,2343.56,2361.99,487352.582,1148359828.29448
2026-04-18 16:00:00,2361.98,2374.15,2337.0,2347.04,540869.706,1273240181.21422
2026-04-18 20:00:00,2347.04,2358.57,2343.42,2348.99,182605.714,429360981.98965
2026-04-19 00:00:00,2348.99,2353.99,2330.15,2338.6,308236.29,721691658.0883
2026-04-19 04:00:00,2338.61,2344.88,2291.29,2314.27,762049.076,1766991488.37453
2026-04-19 08:00:00,2314.27,2329.99,2304.23,2327.66,393208.733,911144482.86637
2026-04-19 12:00:00,2327.66,2348.92,2313.39,2329.47,693540.149,1617787511.29893
2026-04-19 16:00:00,2329.46,2330.05,2286.3,2298.63,759169.984,1748593754.95969
2026-04-19 20:00:00,2298.63,2299.04,2250.91,2262.2,818267.667,1857562911.3339
2026-04-20 00:00:00,2262.21,2292.91,2258.3,2285.07,506817.313,1154963978.69825
2026-04-20 04:00:00,2285.08,2331.88,2262.06,2296.82,854790.529,1961573674.65609
2026-04-20 08:00:00,2296.83,2319.19,2288.13,2306.94,539713.304,1243433843.65584
2026-04-20 12:00:00,2306.95,2326.0,2276.71,2312.71,1226425.637,2826701251.20563
2026-04-20 16:00:00,2312.72,2343.27,2296.51,2330.39,828126.892,1923750748.6268
2026-04-20 20:00:00,2330.39,2346.84,2306.01,2312.59,489269.532,1137856170.91975
2026-04-21 00:00:00,2312.59,2325.42,2297.51,2310.14,335385.187,775156091.4469
2026-04-21 04:00:00,2310.13,2327.11,2302.9,2316.96,334405.418,774066532.45832
2026-04-21 08:00:00,2316.95,2337.99,2312.61,2318.91,553026.781,1285263304.04013
2026-04-21 12:00:00,2318.91,2326.54,2288.79,2309.31,1033318.283,2383473804.60538
2026-04-21 16:00:00,2309.3,2330.0,2280.82,2297.04,1096579.469,2528842427.8265
2026-04-21 20:00:00,2297.04,2328.69,2293.5,2326.13,566275.322,1310657985.7389
2026-04-22 00:00:00,2326.12,2379.19,2311.41,2362.69,1034946.315,2432344667.24466
2026-04-22 04:00:00,2362.69,2414.35,2357.26,2389.24,1212805.629,2900213877.4115
2026-04-22 08:00:00,2389.25,2399.84,2382.15,2397.59,349631.152,835480226.61344
2026-04-22 12:00:00,2397.59,2423.0,2388.76,2402.69,1216936.805,2927728729.15308
2026-04-22 16:00:00,2402.69,2412.82,2383.29,2396.75,635247.102,1522221064.19908
2026-04-22 20:00:00,2396.76,2405.2,2372.6,2373.04,409906.665,979474723.1355
2026-04-23 00:00:00,2373.05,2381.85,2330.0,2339.62,1018821.82,2399171914.73747
2026-04-23 04:00:00,2339.62,2357.72,2336.0,2342.81,517607.574,1215014650.78608
2026-04-23 08:00:00,2342.81,2343.72,2303.9,2327.93,1100317.196,2554551888.30462
2026-04-23 12:00:00,2327.92,2343.36,2314.08,2332.17,777540.257,1809765028.05612
2026-04-23 16:00:00,2332.17,2334.88,2283.31,2311.78,1000391.312,2309375479.51051
2026-04-23 20:00:00,2311.77,2337.76,2311.42,2328.94,362609.457,843525316.38356
2026-04-24 00:00:00,2328.94,2336.46,2298.54,2307.14,471533.312,1093551157.86263
2026-04-24 04:00:00,2307.15,2316.19,2298.44,2310.49,355735.64,821266452.4146
2026-04-24 08:00:00,2310.49,2331.0,2301.66,2326.7,568694.958,1318433304.16556
2026-04-24 12:00:00,2326.71,2330.36,2300.0,2322.72,873820.892,2024277074.65952
2026-04-24 16:00:00,2322.73,2324.0,2307.27,2320.37,350485.138,811672872.36699
2026-04-24 20:00:00,2320.36,2327.11,2305.2,2313.88,283316.991,656381367.92307
2026-04-25 00:00:00,2313.87,2320.0,2310.0,2317.51,110807.341,256593333.7443
2026-04-25 04:00:00,2317.52,2318.17,2312.05,2315.14,87377.875,202270642.49579
2026-04-25 08:00:00,2315.13,2322.22,2309.51,2312.47,193718.549,448819567.71578
2026-04-25 12:00:00,2312.47,2317.94,2298.98,2306.65,236761.363,547126534.67533
2026-04-25 16:00:00,2306.64,2312.95,2298.98,2308.88,258043.942,595562267.78734
2026-04-25 20:00:00,2308.89,2319.59,2307.8,2318.21,117650.148,272339677.56085
2026-04-26 00:00:00,2318.21,2318.58,2305.07,2308.64,152533.095,352722361.48402
2026-04-26 04:00:00,2308.64,2336.63,2307.38,2330.23,427669.988,994769854.50219
2026-04-26 08:00:00,2330.23,2336.99,2328.05,2334.78,210651.123,491371578.36838
2026-04-26 12:00:00,2334.78,2351.6,2321.97,2347.0,479623.943,1122623262.89416
2026-04-26 16:00:00,2347.0,2376.51,2339.11,2366.18,526052.003,1240730998.80783
2026-04-26 20:00:00,2366.19,2379.99,2347.0,2368.32,587423.97,1388734636.77702
2026-04-27 00:00:00,2368.32,2403.99,2356.12,2393.68,702132.183,1675537838.482
2026-04-27 04:00:00,2393.68,2394.92,2310.09,2314.5,1314286.459,3072468268.85443
2026-04-27 08:00:00,2314.5,2324.29,2307.42,2318.77,374880.623,868374111.35421
2026-04-27 12:00:00,2318.76,2328.72,2263.88,2273.52,1328160.918,3050732807.29309
2026-04-27 16:00:00,2273.52,2291.0,2268.48,2287.76,491832.142,1122105544.115
2026-04-27 20:00:00,2287.77,2307.26,2283.05,2302.28,265145.454,608050025.32023
2026-04-28 00:00:00,2302.28,2309.73,2278.52,2289.47,381327.232,874792188.67916
2026-04-28 04:00:00,2289.47,2295.77,2266.54,2286.49,484141.213,1104881179.99703
2026-04-28 08:00:00,2286.5,2290.32,2269.3,2274.39,392456.344,894924511.64623
2026-04-28 12:00:00,2274.39,2284.97,2256.03,2278.52,786634.035,1786128159.31281
2026-04-28 16:00:00,2278.53,2304.93,2273.0,2300.87,470176.231,1076411822.58097
2026-04-28 20:00:00,2300.86,2304.83,2282.76,2288.37,201435.887,461539043.48653
2026-04-29 00:00:00,2288.36,2315.72,2278.02,2310.55,500663.29,1149720574.40183
2026-04-29 04:00:00,2310.54,2342.15,2308.04,2322.82,860205.678,2001687900.47203
2026-04-29 08:00:00,2322.83,2346.48,2319.67,2330.57,579721.257,1353196115.59163
2026-04-29 12:00:00,2330.56,2331.0,2261.88,2271.57,1265920.426,2906424742.03587
2026-04-29 16:00:00,2271.57,2284.86,2218.83,2232.35,1590028.123,3569532985.40575
2026-04-29 20:00:00,2232.34,2263.75,2229.06,2251.52,513003.11,1152486815.83555
2026-04-30 00:00:00,2251.53,2277.92,2234.16,2251.81,631194.686,1424873714.82491
2026-04-30 04:00:00,2251.82,2261.41,2230.1,2258.99,506908.683,1138716936.23437
2026-04-30 08:00:00,2259.0,2273.0,2250.87,2257.05,455315.802,1029265769.99974
2026-04-30 12:00:00,2257.05,2274.8,2244.96,2264.61,605852.791,1370014861.32939
2026-04-30 16:00:00,2264.6,2266.09,2250.05,2260.7,254758.052,575355465.12712
2026-04-30 20:00:00,2260.71,2266.35,2250.98,2256.49,136452.164,308088197.2026
2026-05-01 00:00:00,2256.5,2294.99,2256.03,2281.6,490385.774,1116461051.30405
2026-05-01 04:00:00,2281.6,2285.86,2270.62,2278.54,314438.228,716681940.04914
2026-05-01 08:00:00,2278.55,2292.33,2275.68,2285.32,289382.275,660758773.29574
2026-05-01 12:00:00,2285.32,2324.64,2282.68,2306.86,1268967.958,2927893863.32104
2026-05-01 16:00:00,2306.86,2313.33,2297.04,2303.88,364717.936,840534724.33411
2026-05-01 20:00:00,2303.89,2305.1,2278.0,2294.34,390279.221,893885202.9615
2026-05-02 00:00:00,2294.34,2308.09,2291.41,2303.06,200164.25,460227754.69782
2026-05-02 04:00:00,2303.06,2305.35,2295.13,2299.77,151536.228,348596195.40145
2026-05-02 08:00:00,2299.78,2306.9,2297.51,2301.0,112545.292,259112733.98122
2026-05-02 12:00:00,2300.99,2311.09,2299.84,2307.86,154509.02,356338681.09816
2026-05-02 16:00:00,2307.86,2312.94,2302.32,2310.15,147103.281,339518853.87318
2026-05-02 20:00:00,2310.15,2342.0,2308.41,2315.9,412838.967,959641450.10158
2026-05-03 00:00:00,2315.91,2316.62,2298.02,2300.65,320422.282,738771876.61545
2026-05-03 04:00:00,2300.65,2312.98,2296.01,2308.2,189102.745,435725113.82103
2026-05-03 08:00:00,2308.2,2327.29,2306.25,2318.87,320954.533,743443518.9333
2026-05-03 12:00:00,2318.88,2333.0,2318.88,2327.23,304345.984,707772779.6566
2026-05-03 16:00:00,2327.23,2337.16,2321.24,2334.6,211465.351,492657784.90766
2026-05-03 20:00:00,2334.6,2356.75,2313.11,2321.67,737670.769,1723106838.76017
2026-05-04 00:00:00,2321.67,2391.62,2308.1,2384.08,1299542.745,3060486983.81342
2026-05-04 04:00:00,2384.07,2398.88,2353.0,2361.79,750948.31,1785227248.64553
2026-05-04 08:00:00,2361.79,2369.82,2313.05,2336.2,1270038.83,2969055307.43247
2026-05-04 12:00:00,2336.2,2382.0,2324.2,2348.62,1350428.262,3174564920.6328
2026-05-04 16:00:00,2348.63,2378.85,2334.99,2355.36,896650.093,2115716216.92048
2026-05-04 20:00:00,2355.36,2364.97,2343.61,2346.11,233126.564,548691892.34482
2026-05-05 00:00:00,2346.12,2388.42,2344.0,2380.96,471741.628,1117496898.78514
2026-05-05 04:00:00,2380.96,2389.97,2365.77,2379.17,512817.543,1220021986.42652
2026-05-05 08:00:00,2379.16,2383.57,2365.14,2378.65,391248.882,928730412.68061
2026-05-05 12:00:00,2378.65,2398.88,2366.96,2379.84,1055396.622,2515409405.0708
2026-05-05 16:00:00,2379.84,2381.98,2358.16,2370.58,608683.51,1440944616.25164
2026-05-05 20:00:00,2370.58,2387.88,2352.79,2359.47,644333.972,1527176125.95745
2026-05-06 00:00:00,2359.47,2379.88,2352.42,2375.32,393589.233,931593612.93825
2026-05-06 04:00:00,2375.33,2378.11,2352.5,2370.54,424278.199,1003440259.74234
2026-05-06 08:00:00,2370.54,2422.52,2368.06,2408.99,1687902.017,4055524496.02626
2026-05-06 12:00:00,2408.99,2412.55,2343.27,2357.72,1734972.385,4117931876.7699
2026-05-06 16:00:00,2357.71,2368.58,2335.17,2347.14,720642.979,1693701467.34799
2026-05-06 20:00:00,2347.15,2356.03,2337.0,2349.7,369401.279,867228196.47685
2026-05-07 00:00:00,2349.69,2351.29,2311.48,2320.86,824764.37,1917577949.96378
2026-05-07 04:00:00,2320.86,2345.83,2316.0,2343.33,525923.036,1226138489.72942
2026-05-07 08:00:00,2343.32,2345.6,2316.11,2329.02,494154.629,1151313794.59663
2026-05-07 12:00:00,2329.01,2335.88,2284.06,2293.46,1335321.343,3078883308.7859
2026-05-07 16:00:00,2293.47,2303.2,2278.0,2294.93,645796.865,1480185711.71886
2026-05-07 20:00:00,2294.94,2301.55,2278.74,2289.91,506721.739,1159135916.91443
2026-05-08 00:00:00,2289.92,2293.28,2263.43,2277.71,556627.324,1267276911.58387
2026-05-08 04:00:00,2277.71,2283.6,2266.0,2279.88,365527.257,831599823.6734
2026-05-08 08:00:00,2279.88,2297.14,2278.45,2293.85,484466.705,1107764791.97448
2026-05-08 12:00:00,2293.85,2301.85,2268.32,2292.39,799694.74,1825533878.95767
2026-05-08 16:00:00,2292.4,2320.66,2285.17,2315.2,772509.813,1782031350.72295
2026-05-08 20:00:00,2315.21,2318.3,2302.3,2306.17,282845.168,653340921.10617
2026-05-09 00:00:00,2306.17,2319.72,2303.38,2314.24,238952.737,552769793.71281
2026-05-09 04:00:00,2314.24,2324.51,2309.9,2313.51,263272.771,609589102.50202
2026-05-09 08:00:00,2313.5,2319.38,2309.14,2313.68,181003.58,418856001.48082
2026-05-09 12:00:00,2313.69,2317.5,2296.66,2316.52,444822.396,1026894459.51095
2026-05-09 16:00:00,2316.52,2337.79,2314.06,2331.13,638420.014,1484754823.46185
2026-05-09 20:00:00,2331.14,2332.61,2323.47,2325.22,124697.909,290333127.13442
2026-05-10 00:00:00,2325.23,2333.95,2317.02,2326.79,199906.767,464670529.98841
2026-05-10 04:00:00,2326.79,2331.12,2325.1,2326.31,107639.145,250548681.55219
2026-05-10 08:00:00,2326.3,2333.1,2317.68,2321.5,209761.875,487652033.81868
2026-05-10 12:00:00,2321.51,2352.0,2319.7,2346.78,458231.658,1070042075.38647
2026-05-10 16:00:00,2346.79,2367.66,2338.9,2364.58,884544.399,2082555341.72232
2026-05-10 20:00:00,2364.59,2381.88,2310.01,2370.21,1487272.659,3493296260.83412
2026-05-11 00:00:00,2370.21,2373.91,2318.39,2329.23,927376.309,2175240839.17867
2026-05-11 04:00:00,2329.24,2343.0,2325.34,2329.53,310764.875,724951827.32238
2026-05-11 08:00:00,2329.53,2339.0,2325.47,2334.72,229834.017,536068770.32383
2026-05-11 12:00:00,2334.72,2338.29,2302.51,2332.39,906098.693,2102841382.98585
2026-05-11 16:00:00,2332.4,2343.31,2322.33,2339.38,518572.117,1211016245.25099
2026-05-11 20:00:00,2339.39,2344.88,2333.86,2338.61,193767.714,453230189.03017
2026-05-12 00:00:00,2338.62,2339.8,2292.94,2308.26,618172.963,1430124633.50005
2026-05-12 04:00:00,2308.26,2313.48,2290.0,2294.01,404090.361,930584733.87883
2026-05-12 08:00:00,2294.01,2295.5,2276.31,2285.91,652584.939,1492022354.74672
2026-05-12 12:00:00,2285.91,2294.09,2255.22,2260.9,1020856.572,2320946025.2761
2026-05-12 16:00:00,2260.91,2286.64,2255.15,2284.11,497468.775,1130280819.4071
2026-05-12 20:00:00,2284.12,2291.16,2272.59,2273.62,227670.126,519539672.25182
2026-05-13 00:00:00,2273.61,2302.8,2271.6,2300.48,407598.495,933443977.4723
2026-05-13 04:00:00,2300.47,2308.76,2294.34,2300.12,293863.225,676216370.80052
2026-05-13 08:00:00,2300.12,2322.68,2298.0,2300.74,610279.701,1410462394.72526
2026-05-13 12:00:00,2300.74,2306.91,2233.0,2235.38,1605463.931,3639385558.98011
2026-05-13 16:00:00,2235.39,2267.98,2233.86,2255.6,529023.906,1191132433.59354
2026-05-13 20:00:00,2255.61,2263.5,2249.63,2257.54,182508.437,411873732.7527
2026-05-14 00:00:00,2257.53,2268.75,2237.05,2241.03,465641.568,1049202641.99247
2026-05-14 04:00:00,2241.03,2274.52,2238.17,2264.23,494728.776,1120066017.7568
2026-05-14 08:00:00,2264.23,2269.99,2251.25,2252.81,405222.223,915693324.03829
2026-05-14 12:00:00,2252.8,2298.95,2245.01,2297.36,1273280.375,2892478551.08006
2026-05-14 16:00:00,2297.37,2318.6,2292.52,2297.42,1173125.01,2704911934.24056
2026-05-14 20:00:00,2297.43,2300.59,2278.87,2282.06,370485.318,848751243.1656
2026-05-15 00:00:00,2282.06,2299.36,2259.56,2272.36,696786.064,1586491547.35771
2026-05-15 04:00:00,2272.36,2273.7,2236.25,2263.9,837879.971,1888468929.41305
2026-05-15 08:00:00,2263.9,2264.21,2248.42,2256.32,364971.911,823444107.397
2026-05-15 12:00:00,2256.33,2259.67,2203.55,2221.91,1526549.037,3395389741.34186
2026-05-15 16:00:00,2221.92,2232.0,2217.55,2222.31,388408.625,864344364.01427
2026-05-15 20:00:00,2222.3,2225.31,2213.09,2223.66,208069.396,461975546.21959
2026-05-16 00:00:00,2223.65,2230.79,2222.37,2226.63,181655.026,404606789.24697
2026-05-16 04:00:00,2226.63,2227.9,2180.12,2193.52,782465.233,1722130659.77396
2026-05-16 08:00:00,2193.51,2196.06,2160.5,2175.33,804602.273,1749879250.36906
2026-05-16 12:00:00,2175.33,2187.42,2171.11,2178.95,317890.888,692184900.35322
2026-05-16 16:00:00,2178.94,2184.33,2169.0,2178.71,210048.535,457293446.6452
2026-05-16 20:00:00,2178.72,2182.77,2178.16,2179.66,86573.192,188784745.32487
2026-05-17 00:00:00,2179.67,2184.79,2166.66,2180.57,324900.461,706852967.12202
2026-05-17 04:00:00,2180.57,2194.9,2180.0,2185.19,281299.821,614999357.31936
2026-05-17 08:00:00,2185.18,2197.63,2181.84,2191.13,251454.386,550901962.68436
2026-05-17 12:00:00,2191.13,2197.41,2176.09,2185.49,300790.868,657971001.32058
2026-05-17 16:00:00,2185.5,2192.87,2175.04,2191.4,210743.224,460168122.57871
2026-05-17 20:00:00,2191.4,2194.0,2085.0,2129.88,1115683.509,2387754670.26557
2026-05-18 00:00:00,2129.88,2131.0,2102.93,2117.63,852894.698,1804146219.45859
2026-05-18 04:00:00,2117.62,2124.8,2108.33,2119.46,397526.207,841659144.38125
2026-05-18 08:00:00,2119.46,2139.18,2109.4,2132.98,452875.097,961434661.55219
2026-05-18 12:00:00,2132.98,2156.52,2092.6,2106.66,1572127.566,3337653372.14301
2026-05-18 16:00:00,2106.66,2127.96,2074.26,2124.48,1229025.898,2581078873.40469
2026-05-18 20:00:00,2124.5,2141.97,2113.52,2128.99,600228.416,1278779451.39663
2026-05-19 00:00:00,2128.99,2146.99,2118.4,2130.46,493518.631,1051158495.28828
2026-05-19 04:00:00,2130.46,2144.22,2122.27,2139.98,356924.056,761597471.309
2026-05-19 08:00:00,2139.98,2140.45,2105.73,2109.74,697336.513,1477608486.18599
2026-05-19 12:00:00,2109.73,2126.95,2093.16,2109.37,1032994.079,2179667091.41769
2026-05-19 16:00:00,2109.38,2124.5,2106.27,2112.27,411171.511,869988994.34521
2026-05-19 20:00:00,2112.26,2119.79,2101.21,2111.0,209026.372,441231939.67166
2026-05-20 00:00:00,2110.99,2118.5,2101.79,2110.62,329419.479,694827016.69752
2026-05-20 04:00:00,2110.63,2135.54,2106.01,2128.79,463965.486,986173701.5428
2026-05-20 08:00:00,2128.8,2138.0,2123.18,2127.38,347277.302,740030074.23838
2026-05-20 12:00:00,2127.38,2148.6,2112.5,2135.7,986301.764,2101345139.14289
2026-05-20 16:00:00,2135.7,2147.92,2122.87,2138.17,464540.06,992143144.90733
2026-05-20 20:00:00,2138.16,2139.87,2117.41,2128.6,230755.58,491059578.47376
2026-05-21 00:00:00,2128.59,2157.0,2127.67,2144.77,459932.427,985775142.21135
2026-05-21 04:00:00,2144.77,2147.8,2123.33,2134.07,377690.113,806035084.11547
2026-05-21 08:00:00,2134.06,2147.51,2108.29,2114.08,703303.83,1494105832.28112
2026-05-21 12:00:00,2114.08,2137.44,2103.51,2131.38,803060.863,1702534752.89334
2026-05-21 16:00:00,2131.38,2152.78,2120.03,2142.09,847974.042,1812553639.87874
2026-05-21 20:00:00,2142.09,2142.56,2125.9,2132.78,158133.255,337630669.13497
2026-05-22 00:00:00,2132.78,2140.75,2124.05,2136.87,236466.648,504364171.42634
2026-05-22 04:00:00,2136.87,2140.45,2121.0,2127.49,302302.791,643695827.71066
2026-05-22 08:00:00,2127.48,2132.67,2117.76,2129.65,297144.277,631005018.57024
2026-05-22 12:00:00,2129.64,2137.33,2111.0,2118.5,649427.513,1379134050.93797
2026-05-22 16:00:00,2118.51,2129.39,2056.39,2064.6,1339102.907,2798192561.08434
2026-05-22 20:00:00,2064.6,2078.81,2056.05,2064.98,529654.385,1096662950.15565
2026-05-23 00:00:00,2064.99,2071.1,2051.49,2069.87,358954.82,741135056.85633
2026-05-23 04:00:00,2069.88,2070.24,2007.0,2027.47,958646.327,1952198975.88172
2026-05-23 08:00:00,2027.48,2035.0,2020.17,2030.46,510904.686,1036076103.48174
2026-05-23 12:00:00,2030.46,2067.84,2026.1,2059.43,860282.581,1763189354.42785
2026-05-23 16:00:00,2059.43,2083.0,2056.4,2076.51,554209.821,1147392943.43658
2026-05-23 20:00:00,2076.5,2149.86,2073.52,2116.82,1527163.882,3234207405.00865
2026-05-24 00:00:00,2116.82,2126.73,2112.0,2118.09,285398.364,604921144.20611
2026-05-24 04:00:00,2118.09,2129.55,2112.8,2120.25,213984.77,453830653.11034
2026-05-24 08:00:00,2120.25,2131.1,2118.03,2125.07,268185.89,569206720.79641
2026-05-24 12:00:00,2125.08,2125.5,2075.6,2095.1,849498.67,1784082717.50457
2026-05-24 16:00:00,2095.11,2108.59,2094.11,2099.87,278112.843,584342428.17908
2026-05-24 20:00:00,2099.87,2107.49,2061.26,2098.99,701462.023,1463231088.97008
2026-05-25 00:00:00,2098.99,2112.67,2090.84,2094.55,349899.065,735397225.29466
2026-05-25 04:00:00,2094.56,2117.6,2090.96,2115.38,478985.166,1008973730.60743
2026-05-25 08:00:00,2115.38,2123.72,2110.85,2113.89,305726.357,647096233.68198
2026-05-25 12:00:00,2113.88,2137.99,2111.04,2126.0,455842.058,968072552.20479
2026-05-25 16:00:00,2126.01,2141.6,2115.42,2120.41,366991.182,781516790.00583
2026-05-25 20:00:00,2120.41,2122.45,2101.09,2111.64,372754.566,786417041.91357
2026-05-26 00:00:00,2111.64,2112.95,2083.39,2092.48,572221.542,1197827754.3773
2026-05-26 04:00:00,2092.49,2103.9,2087.8,2094.4,387092.274,811320127.09082
2026-05-26 08:00:00,2094.4,2136.84,2092.94,2120.0,751574.117,1593200343.16237
2026-05-26 12:00:00,2119.99,2139.66,2076.46,2086.14,1521307.273,3210219327.19237
2026-05-26 16:00:00,2086.14,2089.0,2053.0,2073.65,1043494.109,2161867737.27172
2026-05-26 20:00:00,2073.65,2077.9,2064.59,2072.99,200762.851,416093337.79708
2026-05-27 00:00:00,2073.0,2083.54,2067.48,2068.8,292958.367,607777255.34231
2026-05-27 04:00:00,2068.79,2083.34,2055.0,2082.66,361346.207,748354118.68659
2026-05-27 08:00:00,2082.67,2096.13,2077.1,2079.58,455392.449,949425419.43466
2026-05-27 12:00:00,2079.57,2096.61,2051.0,2070.86,1213836.418,2510903496.78225
2026-05-27 16:00:00,2070.86,2073.79,2041.64,2056.84,648390.745,1332839819.5829
2026-05-27 20:00:00,2056.85,2065.99,2013.98,2023.7,949391.153,1927568501.84064
2026-05-28 00:00:00,2023.7,2028.47,1970.0,1980.66,1359729.619,2715284950.76415
2026-05-28 04:00:00,1980.65,1995.59,1965.48,1994.24,910777.604,1803031249.1707
2026-05-28 08:00:00,1994.24,1997.95,1983.6,1988.73,395881.131,787816167.75852
2026-05-28 12:00:00,1988.73,2002.21,1966.15,1989.69,1213758.262,2410496451.03774
2026-05-28 16:00:00,1989.7,2029.5,1984.11,2013.86,836197.755,1683314078.0044
2026-05-28 20:00:00,2013.87,2023.5,2004.43,2008.92,349333.934,703171338.86902
2026-05-29 00:00:00,2008.92,2016.29,1995.74,2002.06,339446.257,681050293.76283
2026-05-29 04:00:00,2002.05,2020.76,1997.53,2006.54,434951.451,874117000.44656
2026-05-29 08:00:00,2006.53,2015.4,2001.29,2006.62,292981.988,588751467.98102
2026-05-29 12:00:00,2006.63,2046.0,1975.37,2030.83,1961224.345,3943280681.62874
2026-05-29 16:00:00,2030.83,2043.69,2003.0,2016.03,1001569.029,2029460577.88423
2026-05-29 20:00:00,2016.02,2023.31,2005.79,2013.35,374781.033,754625189.46311
2026-05-30 00:00:00,2013.36,2022.69,2009.47,2015.9,222071.338,447915011.53908
2026-05-30 04:00:00,2015.9,2023.3,2000.83,2015.33,373719.317,751814092.36398
2026-05-30 08:00:00,2015.33,2021.88,2012.88,2016.54,155372.29,313397412.14811
2026-05-30 12:00:00,2016.54,2031.51,2016.16,2025.95,315115.123,637847966.60798
2026-05-30 16:00:00,2025.95,2029.72,2018.13,2027.96,193804.707,392492232.99611
2026-05-30 20:00:00,2027.97,2030.79,2019.24,2021.58,152270.122,308324484.11577
2026-05-31 00:00:00,2021.59,2037.55,2019.85,2032.66,304812.482,618941867.90605
2026-05-31 04:00:00,2032.66,2034.2,2021.53,2023.14,139993.825,283896294.32914
2026-05-31 08:00:00,2023.14,2028.4,2014.4,2022.23,281936.284,569838303.52385
2026-05-31 12:00:00,2022.22,2025.7,2004.53,2009.51,538545.481,1083268243.25724
2026-05-31 16:00:00,2009.5,2011.5,1992.84,1998.76,474597.795,949817858.3915
2026-05-31 20:00:00,1998.76,2022.27,1998.76,2006.31,377701.778,758685457.05972
2026-06-01 00:00:00,2006.3,2020.9,1990.09,2008.48,601089.919,1207074779.06324
2026-06-01 04:00:00,2008.47,2011.38,1970.3,1975.46,754573.698,1500490114.0777
2026-06-01 08:00:00,1975.45,1989.46,1971.1,1980.73,504319.616,999370674.30364
2026-06-01 12:00:00,1980.73,1993.59,1954.42,1967.6,1633818.204,3222570823.2624
2026-06-01 16:00:00,1967.61,2008.25,1957.47,2003.92,875431.092,1737965164.48765
2026-06-01 20:00:00,2003.92,2009.42,1983.51,2006.0,567127.063,1133966192.07934
2026-06-02 00:00:00,2006.01,2006.44,1961.31,2003.32,863973.806,1717138229.60863
2026-06-02 04:00:00,2003.32,2005.92,1972.6,1980.9,727299.639,1445820330.19239
2026-06-02 08:00:00,1980.89,1988.8,1965.52,1977.52,564295.854,1115341389.76101
2026-06-02 12:00:00,1977.53,1982.07,1888.0,1914.11,2607625.852,5045534133.06776
2026-06-02 16:00:00,1914.11,1944.65,1879.24,1911.4,1424413.797,2728258459.14966
2026-06-02 20:00:00,1911.4,1918.0,1837.01,1858.96,1805277.552,3391241416.5977
2026-06-03 00:00:00,1858.96,1873.72,1816.0,1827.22,1227604.766,2269493438.92067
2026-06-03 04:00:00,1827.22,1883.64,1826.85,1877.56,1327176.572,2473511118.93927
2026-06-03 08:00:00,1877.55,1892.39,1869.21,1877.6,742168.925,1395136611.95028
2026-06-03 12:00:00,1877.61,1879.62,1835.17,1835.99,1079725.324,2007263140.7369
2026-06-03 16:00:00,1835.99,1843.26,1794.2,1802.41,1548961.021,2821570378.27924
2026-06-03 20:00:00,1802.42,1851.58,1767.71,1812.46,1678408.375,3042200811.21844
2026-06-04 00:00:00,1812.45,1819.9,1712.52,1808.5,2690276.653,4774997754.14511
2026-06-04 04:00:00,1808.5,1817.3,1772.29,1776.45,1085594.733,1945486014.62032
2026-06-04 08:00:00,1776.45,1782.63,1728.88,1750.67,1679186.257,2942862647.52357
2026-06-04 12:00:00,1750.67,1793.66,1743.27,1775.9,1525964.135,2706609706.17641
2026-06-04 16:00:00,1775.9,1787.38,1752.66,1776.24,804400.903,1424307308.21961
2026-06-04 20:00:00,1776.23,1782.29,1751.6,1769.86,618444.692,1092094737.35779
2026-06-05 00:00:00,1769.85,1774.34,1721.26,1729.05,1080779.261,1884296278.01283
2026-06-05 04:00:00,1729.05,1747.0,1622.31,1678.28,3696578.478,6208647363.35877
2026-06-05 08:00:00,1678.29,1689.23,1658.35,1662.39,1086223.698,1818087169.90534
2026-06-05 12:00:00,1662.39,1677.0,1571.21,1582.2,3475712.224,5622841146.273
2026-06-05 16:00:00,1582.2,1612.14,1538.13,1573.01,3343633.7,5264391188.22297
2026-06-05 20:00:00,1573.03,1618.85,1556.11,1582.35,1635911.23,2604037515.54752
2026-06-06 00:00:00,1582.35,1600.56,1554.0,1562.32,817567.62,1291106107.03664
2026-06-06 04:00:00,1562.33,1581.43,1503.6,1574.54,2388062.384,3694089795.20278
2026-06-06 08:00:00,1574.54,1592.8,1533.33,1557.73,1355883.014,2117859875.16565
2026-06-06 12:00:00,1557.74,1574.99,1542.72,1559.71,937758.917,1462892339.69106
2026-06-06 16:00:00,1559.71,1565.8,1545.79,1553.71,627281.274,976687352.95295
2026-06-06 20:00:00,1553.71,1569.0,1550.07,1568.6,412489.588,643064726.02804
2026-06-07 00:00:00,1568.6,1599.99,1563.0,1593.97,886784.068,1405230342.92911
2026-06-07 04:00:00,1593.98,1622.95,1583.69,1614.19,1112565.112,1788022637.98043
2026-06-07 08:00:00,1614.2,1648.0,1607.41,1629.39,1076654.434,1755243794.47775
2026-06-07 12:00:00,1629.39,1639.59,1605.46,1629.2,1039558.72,1684657054.17756
2026-06-07 16:00:00,1629.19,1636.99,1601.99,1611.91,656454.294,1063220836.17428
2026-06-07 20:00:00,1611.9,1721.57,1608.09,1689.66,1413190.804,2360254838.7301
2026-06-08 00:00:00,1689.66,1710.97,1670.14,1678.93,954212.233,1610638127.79741
2026-06-08 04:00:00,1678.93,1680.31,1643.65,1672.7,984145.59,1634908029.73249
2026-06-08 08:00:00,1672.71,1696.22,1656.07,1682.93,940444.06,1574290349.60773
2026-06-08 12:00:00,1682.93,1705.77,1664.92,1690.62,1288363.447,2172792436.85791
2026-06-08 16:00:00,1690.62,1702.99,1674.01,1683.75,726683.278,1225644477.61835
2026-06-08 20:00:00,1683.75,1714.22,1678.01,1689.21,847226.591,1439231456.02555
2026-06-09 00:00:00,1689.2,1695.77,1653.09,1668.61,1018656.788,1700701151.05952
2026-06-09 04:00:00,1668.61,1696.0,1663.39,1679.19,766783.986,1290833793.36987
2026-06-09 08:00:00,1679.19,1679.88,1663.75,1670.74,540627.766,903679222.32204
2026-06-09 12:00:00,1670.73,1684.09,1632.84,1635.42,1624864.053,2685796865.72342
2026-06-09 16:00:00,1635.42,1657.76,1613.1,1656.56,1356989.394,2218753097.40059
2026-06-09 20:00:00,1656.56,1662.98,1628.9,1638.64,513326.636,845344805.66131
2026-06-10 00:00:00,1638.64,1646.27,1620.63,1629.88,565567.199,924065875.03716
2026-06-10 04:00:00,1629.87,1642.99,1615.34,1639.32,539454.29,879115906.24312
2026-06-10 08:00:00,1639.32,1640.08,1605.0,1619.18,924875.848,1498792285.94306
2026-06-10 12:00:00,1619.17,1667.31,1615.01,1657.09,1867810.436,3072346652.72977
2026-06-10 16:00:00,1657.1,1658.12,1621.17,1629.22,917393.808,1500157384.36929
2026-06-10 20:00:00,1629.22,1635.45,1602.05,1620.72,758910.696,1227114678.40477
2026-06-11 00:00:00,1620.72,1662.07,1620.72,1653.19,752850.65,1235122830.75294
2026-06-11 04:00:00,1653.2,1662.72,1645.36,1653.67,631760.442,1045038993.24772
2026-06-11 08:00:00,1653.67,1673.59,1653.34,1665.76,620186.03,1030368016.90272
2026-06-11 12:00:00,1665.77,1665.94,1635.2,1644.64,1177384.484,1941040533.46839
2026-06-11 16:00:00,1644.64,1693.38,1631.32,1680.29,1544908.222,2581485429.59347
2026-06-11 20:00:00,1680.29,1682.79,1666.0,1672.57,432586.592,724562355.29895
2026-06-12 00:00:00,1672.57,1678.16,1658.88,1672.39,367964.893,614483325.22961
2026-06-12 04:00:00,1672.4,1681.84,1651.17,1661.21,582326.988,969024766.03686
2026-06-12 08:00:00,1661.23,1684.99,1661.21,1672.85,606695.522,1016339607.54539
2026-06-12 12:00:00,1672.86,1690.51,1652.5,1658.98,1393061.481,2329334709.87293
2026-06-12 16:00:00,1658.98,1677.5,1656.26,1665.08,568850.482,948645093.53022
2026-06-12 20:00:00,1665.08,1667.32,1657.8,1665.48,169262.316,281548245.93995
2026-06-13 00:00:00,1665.49,1675.98,1662.62,1664.4,252179.165,420796633.64469
2026-06-13 04:00:00,1664.39,1677.29,1661.2,1675.51,274055.153,457532707.35082
2026-06-13 08:00:00,1675.51,1679.33,1671.99,1677.53,268460.497,449708357.01872
2026-06-13 12:00:00,1677.54,1685.98,1675.66,1681.44,365630.095,614226466.3678
2026-06-13 16:00:00,1681.44,1681.94,1670.5,1677.51,396386.249,664129050.47087
2026-06-13 20:00:00,1677.5,1698.1,1674.0,1680.41,292083.121,491992299.35344
2026-06-14 00:00:00,1680.42,1689.9,1678.0,1680.98,187196.303,315030572.58917
2026-06-14 04:00:00,1680.99,1682.01,1672.67,1674.92,253242.511,424575550.5373
2026-06-14 08:00:00,1674.92,1678.4,1667.57,1672.74,269304.648,450726251.18685
2026-06-14 12:00:00,1672.74,1673.88,1653.36,1662.04,547298.789,910020089.47408
2026-06-14 16:00:00,1662.05,1667.95,1658.08,1664.64,267219.055,444416736.42188
2026-06-14 20:00:00,1664.64,1732.0,1661.63,1724.74,1361207.554,2324563573.24835
2026-06-15 00:00:00,1724.74,1731.76,1708.45,1720.12,586498.573,1008687790.59064
2026-06-15 04:00:00,1720.11,1723.09,1715.04,1715.58,378580.333,650600856.19849
2026-06-15 08:00:00,1715.57,1770.0,1711.27,1763.78,1382405.732,2406820293.22332
2026-06-15 12:00:00,1763.78,1848.78,1759.35,1844.55,2405632.674,4348571924.76931
2026-06-15 16:00:00,1844.55,1846.89,1810.5,1820.94,978469.572,1791502410.8386
2026-06-15 20:00:00,1820.94,1825.87,1781.87,1795.16,672107.891,1209633105.40096
2026-06-16 00:00:00,1795.15,1801.86,1763.87,1778.22,788240.086,1404018327.86208
2026-06-16 04:00:00,1778.21,1782.37,1757.36,1773.23,721950.366,1275741899.1596
2026-06-16 08:00:00,1773.23,1807.32,1772.2,1798.73,856037.659,1534029487.60405
2026-06-16 12:00:00,1798.73,1839.54,1762.17,1781.41,2001854.876,3598335129.32436
2026-06-16 16:00:00,1781.41,1807.71,1771.79,1794.63,715523.522,1281356516.09465
2026-06-16 20:00:00,1794.63,1799.82,1788.3,1792.32,262176.286,470274686.01526
2026-06-17 00:00:00,1792.33,1809.67,1778.48,1792.83,518349.695,929466064.58765
2026-06-17 04:00:00,1792.83,1801.41,1777.52,1784.4,414221.003,741165548.67334
2026-06-17 08:00:00,1784.39,1785.68,1758.0,1763.22,805289.976,1424115470.56909
2026-06-17 12:00:00,1763.22,1776.5,1740.36,1772.54,1308593.185,2299532607.25497
2026-06-17 16:00:00,1772.54,1795.58,1728.24,1734.02,2006657.263,3537278299.77097
2026-06-17 20:00:00,1734.02,1751.14,1724.22,1749.56,536233.89,933062738.54278
2026-06-18 00:00:00,1749.57,1762.34,1740.22,1743.27,446789.898,782895603.00732
2026-06-18 04:00:00,1743.27,1752.7,1720.9,1748.89,781826.15,1356085124.90561
2026-06-18 08:00:00,1748.89,1752.74,1738.08,1742.32,543955.08,949570475.48209
2026-06-18 12:00:00,1742.33,1752.47,1678.05,1681.21,1730107.474,2973494697.01859
2026-06-18 16:00:00,1681.2,1706.86,1670.56,1704.79,1162914.464,1960465285.45206
2026-06-18 20:00:00,1704.8,1716.64,1699.11,1710.18,429872.391,734325306.63726
2026-06-19 00:00:00,1710.18,1718.83,1680.03,1696.62,640060.397,1088083867.13589
2026-06-19 04:00:00,1696.63,1702.88,1684.66,1695.14,506507.425,858241910.8194
2026-06-19 08:00:00,1695.15,1699.17,1686.23,1691.05,326558.207,552516296.5861
2026-06-19 12:00:00,1691.05,1711.65,1678.17,1706.92,800271.609,1358603095.18353
2026-06-19 16:00:00,1706.92,1711.0,1692.43,1700.44,360145.468,612658018.84715
2026-06-19 20:00:00,1700.44,1714.7,1697.82,1710.31,229317.146,391206295.73118
2026-06-20 00:00:00,1710.3,1717.72,1703.13,1707.37,229079.286,391430745.41648
2026-06-20 04:00:00,1707.37,1733.0,1705.59,1725.16,543079.392,936012057.95732
2026-06-20 08:00:00,1725.17,1731.1,1720.3,1726.37,254284.414,438784083.62858
2026-06-20 12:00:00,1726.38,1749.13,1707.11,1739.89,1002039.365,1732013489.14079
2026-06-20 16:00:00,1739.9,1740.27,1720.01,1728.37,337363.865,583190388.04308
2026-06-20 20:00:00,1728.37,1745.72,1725.51,1740.0,337403.807,586146017.62571
2026-06-21 00:00:00,1740.0,1740.57,1732.62,1737.03,184932.762,321150567.16316
2026-06-21 04:00:00,1737.03,1740.68,1728.49,1731.45,200821.553,348215533.96788
2026-06-21 08:00:00,1731.45,1736.31,1717.19,1724.66,399748.145,690521599.96648
2026-06-21 12:00:00,1724.66,1731.86,1716.0,1729.85,411196.735,708913360.6598
2026-06-21 16:00:00,1729.85,1738.42,1720.82,1733.31,302632.283,523436057.73776
2026-06-21 20:00:00,1733.31,1734.6,1700.37,1706.31,679024.993,1163605897.94115
2026-06-22 00:00:00,1706.3,1759.35,1706.1,1729.31,915683.94,1589484388.22101
2026-06-22 04:00:00,1729.31,1750.93,1726.77,1745.76,442898.231,770288902.70202
2026-06-22 08:00:00,1745.76,1774.19,1742.56,1766.94,563366.946,989160031.79232
2026-06-22 12:00:00,1766.95,1779.0,1741.13,1744.02,1126785.544,1985060062.93301
2026-06-22 16:00:00,1744.02,1746.99,1727.41,1733.69,813519.5,1412979265.63574
2026-06-22 20:00:00,1733.69,1739.6,1716.01,1727.32,455599.59,786697964.45363
2026-06-23 00:00:00,1727.32,1735.63,1718.61,1729.1,313112.611,541075444.35465
2026-06-23 04:00:00,1729.09,1730.49,1680.0,1681.96,1049827.362,1784485012.39763
2026-06-23 08:00:00,1681.97,1683.88,1633.33,1659.93,1332877.875,2206296009.96507
2026-06-23 12:00:00,1659.93,1672.0,1643.66,1658.9,971623.377,1610788621.55224
2026-06-23 16:00:00,1658.9,1673.6,1649.03,1661.96,478541.666,794742913.62123
2026-06-23 20:00:00,1661.97,1672.12,1659.27,1666.4,269685.21,448881509.76351
2026-06-24 00:00:00,1666.4,1679.92,1657.04,1666.03,436996.052,729194003.87565
2026-06-24 04:00:00,1666.02,1678.98,1657.19,1672.38,366638.849,612696128.74771
2026-06-24 08:00:00,1672.39,1692.0,1654.53,1678.65,588844.491,984130439.86703
2026-06-24 12:00:00,1678.64,1680.67,1616.0,1617.46,1756794.218,2891851341.62639
2026-06-24 16:00:00,1617.46,1636.0,1551.0,1583.72,2481582.995,3935882028.56482
2026-06-24 20:00:00,1583.72,1629.15,1579.0,1621.54,764775.736,1231636951.84196
2026-06-25 00:00:00,1621.55,1625.98,1613.67,1618.89,350419.052,567340031.74593
2026-06-25 04:00:00,1618.89,1660.56,1616.22,1656.44,934093.418,1536234635.69163
2026-06-25 08:00:00,1656.44,1658.33,1627.07,1632.26,674577.568,1106962595.62903
2026-06-25 12:00:00,1632.26,1649.69,1530.0,1569.43,3388636.857,5344033463.89523
2026-06-25 16:00:00,1569.42,1587.0,1553.81,1558.82,991767.211,1554508292.859
2026-06-25 20:00:00,1558.83,1583.0,1556.0,1566.97,566390.947,889014190.73094
2026-06-26 00:00:00,1566.98,1571.12,1510.87,1557.07,1555814.429,2391275164.96371
2026-06-26 04:00:00,1557.07,1585.55,1542.28,1579.82,955386.97,1492966147.55703
2026-06-26 08:00:00,1579.81,1581.34,1540.0,1544.4,926895.555,1443482843.1298
2026-06-26 12:00:00,1544.4,1587.65,1520.34,1579.32,2204554.65,3427435034.78561
2026-06-26 16:00:00,1579.32,1594.89,1569.66,1573.82,735184.948,1161976986.1355
2026-06-26 20:00:00,1573.92,1582.67,1567.12,1577.86,319690.099,503211846.9161
2026-06-27 00:00:00,1577.85,1586.42,1570.66,1579.77,252228.899,398293090.139
2026-06-27 04:00:00,1579.77,1585.7,1574.39,1584.75,227039.646,358889832.39039
2026-06-27 08:00:00,1584.75,1585.19,1578.08,1583.13,169660.763,268373941.47192
2026-06-27 12:00:00,1583.13,1610.44,1580.55,1604.87,566790.855,904838772.26611
2026-06-27 16:00:00,1604.86,1607.3,1571.98,1577.52,642201.481,1020619487.84704
2026-06-27 20:00:00,1577.52,1584.61,1561.69,1573.1,398997.934,628309366.63081
2026-06-28 00:00:00,1573.1,1579.28,1568.27,1574.27,216537.392,340760440.25451
2026-06-28 04:00:00,1574.27,1576.65,1561.59,1575.02,368514.475,578168830.0753
2026-06-28 08:00:00,1575.03,1585.69,1571.38,1582.1,363861.234,574522332.41558
2026-06-28 12:00:00,1582.1,1588.27,1574.01,1580.0,384671.477,608105029.7242
2026-06-28 16:00:00,1580.0,1581.14,1555.62,1563.78,567485.025,890019308.66613
2026-06-28 20:00:00,1563.78,1582.0,1547.0,1571.1,718941.778,1126027633.33261
2026-06-29 00:00:00,1571.11,1588.92,1549.08,1583.97,920514.674,1444447336.02061
2026-06-29 04:00:00,1583.98,1588.58,1561.16,1579.36,549629.183,866849941.68832
2026-06-29 08:00:00,1579.36,1586.55,1569.28,1574.16,537638.336,847207030.49118
2026-06-29 12:00:00,1574.16,1597.0,1556.54,1579.48,1878551.503,2960329035.40429
2026-06-29 16:00:00,1579.49,1637.2,1573.33,1624.73,1254251.506,2023624305.42981
2026-06-29 20:00:00,1624.74,1626.0,1606.74,1612.12,362030.662,585027410.76549
2026-06-30 00:00:00,1612.12,1613.56,1585.64,1586.26,602360.612,960530139.25158
2026-06-30 04:00:00,1586.26,1595.79,1578.64,1591.64,470347.062,746747801.35806
2026-06-30 08:00:00,1591.65,1593.59,1574.55,1577.87,475337.108,752011255.91844
2026-06-30 12:00:00,1577.88,1577.88,1549.16,1564.56,1548667.77,2421328660.17686
2026-06-30 16:00:00,1564.56,1581.62,1561.21,1579.78,431226.036,678129612.77594
2026-06-30 20:00:00,1579.77,1582.23,1565.29,1571.47,299708.799,471067456.90088
2026-07-01 00:00:00,1571.48,1598.98,1552.03,1594.07,894109.973,1410968725.37339
2026-07-01 04:00:00,1594.08,1604.4,1570.43,1577.7,721749.592,1144095434.37779
2026-07-01 08:00:00,1577.71,1584.49,1565.94,1569.02,472981.45,745018482.20642
2026-07-01 12:00:00,1569.02,1630.72,1564.17,1619.26,1849939.845,2960366770.74668
2026-07-01 16:00:00,1619.27,1628.65,1606.14,1617.14,684031.776,1106350714.78934
2026-07-01 20:00:00,1617.14,1645.86,1607.42,1608.87,817116.77,1327660524.23172
2026-07-02 00:00:00,1608.87,1643.47,1596.14,1638.85,831470.144,1345469274.92596
2026-07-02 04:00:00,1638.84,1639.4,1613.99,1615.56,518088.229,841805651.53787
2026-07-02 08:00:00,1615.55,1654.36,1614.51,1649.41,1190690.627,1952830181.70687
2026-07-02 12:00:00,1649.42,1725.0,1646.89,1696.32,2570681.597,4347578360.08872
2026-07-02 16:00:00,1696.33,1706.49,1685.04,1699.42,592226.541,1005273813.34889
2026-07-02 20:00:00,1699.41,1706.0,1691.3,1699.9,314288.126,534070499.03768
2026-07-03 00:00:00,1699.89,1718.39,1693.68,1705.61,566715.394,967180358.52806
2026-07-03 04:00:00,1705.61,1721.97,1701.63,1717.0,405255.805,694666002.42366
2026-07-03 08:00:00,1717.0,1748.67,1714.9,1741.66,1068857.423,1852579304.9893
2026-07-03 12:00:00,1741.66,1753.36,1728.03,1730.37,977322.933,1698779048.17958
2026-07-03 16:00:00,1730.38,1752.97,1726.85,1744.78,513731.498,893827117.31257
2026-07-03 20:00:00,1744.79,1775.5,1742.76,1757.41,679706.975,1197227721.54327
2026-07-04 00:00:00,1757.41,1763.39,1743.09,1753.14,370219.361,648420285.08649
2026-07-04 04:00:00,1753.14,1763.99,1750.51,1757.42,309508.713,543528588.69097
2026-07-04 08:00:00,1757.43,1765.42,1754.08,1757.27,239488.543,421272264.97857
2026-07-04 12:00:00,1757.28,1799.0,1757.27,1790.43,904042.146,1608881690.06349
2026-07-04 16:00:00,1790.44,1808.0,1778.08,1792.0,744355.074,1334301930.75073
2026-07-04 20:00:00,1792.0,1795.27,1770.88,1779.94,347525.651,619563077.7863
2026-07-05 00:00:00,1779.94,1780.03,1756.04,1760.65,491495.207,867442208.95896
2026-07-05 04:00:00,1760.65,1771.99,1759.13,1769.17,329329.423,581445101.46087
2026-07-05 08:00:00,1769.18,1772.69,1747.27,1759.39,436708.904,768006056.2485
2026-07-05 12:00:00,1759.39,1781.18,1755.15,1773.89,416169.474,736432574.1576
2026-07-05 16:00:00,1773.88,1786.35,1769.46,1780.67,336602.091,598683942.46241
2026-07-05 20:00:00,1780.66,1807.77,1768.04,1785.07,741512.127,1326709455.27117
2026-07-06 00:00:00,1785.07,1798.4,1770.84,1778.92,575670.661,1026682504.7332
2026-07-06 04:00:00,1778.93,1785.06,1763.66,1771.42,463593.784,821706603.14839
2026-07-06 08:00:00,1771.43,1777.96,1755.07,1758.51,601632.978,1062114817.27375
2026-07-06 12:00:00,1758.51,1788.26,1728.3,1787.72,2162363.713,3786519376.49468
2026-07-06 16:00:00,1787.72,1804.5,1781.53,1791.81,914384.613,1639816804.03793
2026-07-06 20:00:00,1791.82,1833.0,1786.46,1798.84,822737.187,1490554940.39922
2026-07-07 00:00:00,1798.84,1809.87,1766.8,1770.7,743349.298,1328049104.01476
2026-07-07 04:00:00,1770.7,1782.23,1756.62,1770.54,689910.166,1221118993.89952
2026-07-07 08:00:00,1770.54,1784.34,1767.29,1779.9,423543.327,752109498.50699
2026-07-07 12:00:00,1779.91,1802.86,1760.01,1796.66,1256794.321,2237892223.6356
2026-07-07 16:00:00,1796.67,1812.85,1771.02,1789.59,857742.672,1538964916.89234
2026-07-07 20:00:00,1789.59,1792.27,1764.5,1770.67,399558.005,709893464.92164
2026-07-08 00:00:00,1770.67,1784.16,1740.4,1750.78,845403.508,1486555061.1334
2026-07-08 04:00:00,1750.78,1759.0,1744.3,1755.74,393055.792,688505281.48081
2026-07-08 08:00:00,1755.74,1757.96,1724.31,1747.36,1074513.457,1866803635.78626
2026-07-08 12:00:00,1747.35,1750.68,1712.45,1722.08,1107984.8,1917071575.14397
2026-07-08 16:00:00,1722.08,1745.8,1722.07,1740.34,563545.15,977499449.57037
2026-07-08 20:00:00,1740.35,1744.14,1730.52,1742.68,208350.72,362041095.87357
2026-07-09 00:00:00,1742.67,1755.28,1720.53,1729.9,555791.796,964900961.61738
2026-07-09 04:00:00,1729.89,1762.52,1729.41,1752.47,610923.943,1067945829.17056
2026-07-09 08:00:00,1752.47,1758.3,1740.26,1743.17,362146.203,633497789.39452
2026-07-09 12:00:00,1743.18,1751.52,1732.49,1738.61,827866.806,1441417520.30927
2026-07-09 16:00:00,1738.61,1759.65,1731.1,1747.81,519499.67,907489147.24426
2026-07-09 20:00:00,1747.81,1750.37,1740.65,1744.25,176016.038,307387296.98712
2026-07-10 00:00:00,1744.26,1779.38,1736.61,1775.41,703526.422,1240535293.03406
2026-07-10 04:00:00,1775.4,1779.91,1767.71,1772.5,415237.338,736570704.67421
2026-07-10 08:00:00,1772.5,1803.24,1771.66,1800.64,703328.596,1259642231.75863
2026-07-10 12:00:00,1800.63,1811.23,1774.83,1790.49,946881.627,1697534522.08424
2026-07-10 16:00:00,1790.48,1798.86,1779.35,1791.85,428772.734,767673430.13246
2026-07-10 20:00:00,1791.85,1797.4,1788.57,1796.03,186302.4,334012135.891
2026-07-11 00:00:00,1796.03,1798.86,1785.0,1795.65,225450.416,404145911.94424
2026-07-11 04:00:00,1795.66,1802.76,1793.84,1799.07,201010.117,361506065.21237
2026-07-11 08:00:00,1799.07,1802.99,1794.24,1799.6,161298.127,290064413.66118
2026-07-11 12:00:00,1799.6,1827.8,1797.52,1814.12,759763.23,1377657110.46929
2026-07-11 16:00:00,1814.11,1829.52,1809.7,1823.72,459553.86,837064967.50584
2026-07-11 20:00:00,1823.72,1828.53,1785.01,1786.7,554593.776,1000984729.39992
2026-07-12 00:00:00,1786.69,1814.58,1778.26,1810.83,599008.189,1075992618.33575
2026-07-12 04:00:00,1810.84,1811.85,1788.12,1797.98,350619.845,630662640.68253
2026-07-12 08:00:00,1797.97,1808.3,1795.4,1802.99,330171.552,594865377.87255
2026-07-12 12:00:00,1802.99,1826.2,1802.16,1819.95,478982.41,869661104.76578
2026-07-12 16:00:00,1819.95,1823.43,1813.69,1820.58,252796.673,459857315.09069
2026-07-12 20:00:00,1820.57,1823.4,1796.5,1805.92,400098.407,722668034.44101
2026-07-13 00:00:00,1805.92,1848.0,1773.46,1779.76,1814941.077,3285110805.40854
2026-07-13 04:00:00,1779.77,1790.5,1772.0,1786.74,585545.687,1042689862.42694
2026-07-13 08:00:00,1786.74,1792.49,1776.01,1779.9,348056.141,620916296.20463
2026-07-13 12:00:00,1779.9,1785.97,1761.63,1775.9,1060734.729,1879946070.4932
2026-07-13 16:00:00,1775.9,1780.2,1748.0,1773.86,798481.095,1408096137.04255
2026-07-13 20:00:00,1773.86,1777.73,1751.42,1776.0,475484.62,839393685.70408
2026-07-14 00:00:00,1776.0,1793.9,1772.52,1782.99,563758.122,1004816102.55126
2026-07-14 04:00:00,1783.0,1792.77,1778.4,1780.0,345601.393,617019312.69366
2026-07-14 08:00:00,1780.0,1804.53,1777.61,1797.04,627910.032,1125782213.46015
2026-07-14 12:00:00,1797.03,1887.99,1793.34,1874.38,2710702.759,5024698684.86877
2026-07-14 16:00:00,1874.37,1881.09,1860.0,1875.86,512977.681,959965353.64043
2026-07-14 20:00:00,1875.85,1896.86,1871.07,1891.12,549515.096,1034989582.64176
2026-07-15 00:00:00,1891.12,1892.5,1863.32,1875.32,509248.435,954183744.28908
2026-07-15 04:00:00,1875.31,1891.54,1863.57,1869.13,604756.211,1135345868.2768
2026-07-15 08:00:00,1869.13,1885.66,1869.08,1883.64,381864.119,717576216.12146
2026-07-15 12:00:00,1883.63,1946.75,1878.47,1930.97,2190118.161,4212667980.9534
2026-07-15 16:00:00,1930.97,1936.51,1903.37,1923.2,810513.0,1557109334.65599
2026-07-15 20:00:00,1923.2,1930.0,1913.91,1916.91,255848.032,491580258.9178
2026-07-16 00:00:00,1916.91,1928.34,1907.07,1917.94,422899.674,811285543.87254
2026-07-16 04:00:00,1917.94,1928.69,1904.05,1909.91,490808.751,940437950.12679
2026-07-16 08:00:00,1909.91,1912.19,1873.63,1884.15,1199185.26,2263272385.55772
2026-07-16 12:00:00,1884.15,1894.25,1866.53,1880.9,1260340.082,2370135753.73985
2026-07-16 16:00:00,1880.9,1882.42,1860.0,1874.83,504675.512,944931743.7264
2026-07-16 20:00:00,1874.83,1880.97,1855.38,1863.73,435890.205,814146692.94317
2026-07-17 00:00:00,1863.73,1870.44,1842.1,1851.75,783719.706,1453591300.92065
2026-07-17 04:00:00,1851.75,1852.37,1819.9,1827.37,867597.415,1590174027.02226
2026-07-17 08:00:00,1827.37,1842.65,1820.1,1838.32,455092.144,834058169.40285
2026-07-17 12:00:00,1838.33,1839.45,1802.46,1830.2,1205607.457,2193484963.45441
2026-07-17 16:00:00,1830.2,1855.9,1825.7,1842.81,772232.272,1421368560.07231
2026-07-17 20:00:00,1842.81,1845.75,1834.2,1841.08,193910.845,356787049.13489
2026-07-18 00:00:00,1841.08,1845.99,1838.47,1845.23,147597.813,271874526.60992
2026-07-18 04:00:00,1845.23,1848.93,1841.54,1843.42,140531.237,259200924.61192
2026-07-18 08:00:00,1843.41,1848.67,1841.31,1844.7,135545.099,250073968.21284
2026-07-18 12:00:00,1844.7,1849.71,1836.36,1843.15,269637.973,496844382.74887
2026-07-18 16:00:00,1843.14,1867.0,1840.61,1857.4,416752.201,772505340.6152
2026-07-18 20:00:00,1857.4,1864.74,1854.31,1861.75,202611.581,376809059.00342
2026-07-19 00:00:00,1861.75,1876.91,1857.51,1866.33,340781.231,636124681.71205
2026-07-19 04:00:00,1866.33,1871.2,1863.35,1869.35,149246.612,278769651.83481
2026-07-19 08:00:00,1869.35,1878.76,1863.2,1870.49,335487.412,627722873.08957
2026-07-19 12:00:00,1870.49,1878.5,1863.35,1870.12,350343.073,655231682.82598
2026-07-19 16:00:00,1870.12,1873.15,1850.95,1861.46,407299.829,758581318.65624
2026-07-19 20:00:00,1861.47,1876.46,1856.01,1871.49,361620.199,675107416.8028
2026-07-20 00:00:00,1871.49,1891.2,1861.02,1878.88,892245.527,1674838940.44161
2026-07-20 04:00:00,1878.88,1879.25,1841.84,1863.11,759541.483,1410981302.94071
2026-07-20 08:00:00,1863.11,1896.21,1853.2,1892.43,767217.358,1438499776.87106
2026-07-20 12:00:00,1892.43,1905.0,1852.66,1901.58,1297998.07,2437248355.75161
2026-07-20 16:00:00,1901.58,1917.92,1888.62,1897.69,939125.204,1786061151.34377
2026-07-20 20:00:00,1897.68,1906.76,1893.33,1903.5,271613.096,516113694.98046
2026-07-21 00:00:00,1903.51,1927.96,1899.44,1925.81,522723.791,1001281071.93761
2026-07-21 04:00:00,1925.81,1939.51,1920.9,1933.29,555680.13,1072911972.27755
2026-07-21 08:00:00,1933.29,1953.64,1925.28,1934.85,902566.916,1749889024.68487
2026-07-21 12:00:00,1934.86,1944.58,1922.58,1930.89,744948.269,1440986935.61025
2026-07-21 16:00:00,1930.89,1934.58,1912.44,1922.4,488378.126,938622230.06201
2026-07-21 20:00:00,1922.39,1931.01,1915.51,1929.29,273449.789,525805656.78425
2026-07-22 00:00:00,1929.29,1943.98,1925.8,1927.65,464629.405,898723402.88508
2026-07-22 04:00:00,1927.66,1938.5,1909.32,1913.26,462005.884,887166142.0986
2026-07-22 08:00:00,1913.27,1932.9,1912.86,1926.42,401338.933,772216828.13662
2026-07-22 12:00:00,1926.42,1958.75,1912.28,1942.06,1214115.827,2350922154.61502
2026-07-22 16:00:00,1942.07,1955.8,1919.7,1924.01,735808.739,1426233410.07045
2026-07-22 20:00:00,1924.01,1938.8,1921.63,1933.31,310186.218,598607769.72286
2026-07-23 00:00:00,1933.31,1940.66,1916.49,1919.46,351118.292,676736765.94127
2026-07-23 04:00:00,1919.46,1927.79,1911.44,1914.61,373312.554,716334854.99749
2026-07-23 08:00:00,1914.62,1930.74,1913.39,1924.65,370163.444,712447781.46224
2026-07-23 12:00:00,1924.64,1926.93,1882.0,1894.49,1415908.923,2689055271.19636
2026-07-23 16:00:00,1894.49,1894.7,1868.18,1874.74,675750.732,1271596183.67407
2026-07-23 20:00:00,1874.74,1887.98,1873.0,1877.42,287581.11,541019833.90644
2026-07-24 00:00:00,1877.42,1881.07,1858.0,1879.71,562041.279,1051575392.65226
2026-07-24 04:00:00,1879.7,1909.32,1872.47,1895.0,775327.754,1466437405.37261
2026-07-24 08:00:00,1895.0,1895.0,1875.22,1883.03,405644.023,764312766.43704
2026-07-24 12:00:00,1883.02,1885.2,1846.17,1861.28,1207742.256,2247669406.2699
2026-07-24 16:00:00,1861.28,1865.81,1852.56,1862.74,334349.669,621882402.49711
2026-07-24 20:00:00,1862.75,1864.51,1855.75,1860.57,147190.2,273724215.27791
2026-07-25 00:00:00,1860.58,1863.86,1854.27,1857.83,168531.037,313315648.28807
2026-07-25 04:00:00,1857.84,1862.2,1853.44,1855.11,125883.256,233825616.39436
2026-07-25 08:00:00,1855.1,1859.38,1850.26,1857.05,155378.092,288233963.3909
2026-07-25 12:00:00,1857.04,1871.73,1856.05,1867.03,286104.953,533702342.74138
2026-07-25 16:00:00,1867.04,1876.42,1863.54,1873.8,231142.639,432578133.9232
2026-07-25 20:00:00,1873.8,1876.25,1866.59,1873.92,129585.443,242582828.38329
2026-07-26 00:00:00,1873.93,1883.17,1873.0,1881.4,179375.997,337048462.07679
2026-07-26 04:00:00,1881.4,1888.67,1877.24,1880.85,249719.658,470196993.80582
2026-07-26 08:00:00,1880.85,1887.0,1878.27,1884.99,155277.403,292436326.59395
2026-07-26 12:00:00,1885.0,1917.45,1880.66,1913.75,749871.884,1423758956.09072
2026-07-26 16:00:00,1913.76,1927.9,1907.99,1913.42,439605.434,842510382.14211
2026-07-26 20:00:00,1913.43,1966.97,1910.55,1953.79,904106.463,1757499798.97967
2026-07-27 00:00:00,1953.8,1954.83,1935.29,1948.92,488087.777,949177606.43249
2026-07-27 04:00:00,1948.92,1982.0,1947.66,1963.58,771350.091,1514407984.47395
2026-07-27 08:00:00,1963.59,1971.62,1955.46,1958.76,424577.016,833495867.45233
2026-07-27 12:00:00,1958.77,1977.58,1917.9,1926.77,1599531.127,3111340172.2882
2026-07-27 16:00:00,1926.77,1954.48,1921.43,1947.42,619263.148,1201156705.62205
2026-07-27 20:00:00,1947.43,1949.64,1881.16,1891.44,848150.874,1618730348.74977
2026-07-28 00:00:00,1891.43,1893.33,1865.0,1880.35,719264.258,1350513873.67769
2026-07-28 04:00:00,1880.35,1888.58,1875.43,1882.75,374871.301,705695082.39824
2026-07-28 08:00:00,1882.75,1884.81,1870.66,1875.69,440932.702,827932482.19768
2026-07-28 12:00:00,1875.7,1923.79,1855.82,1919.28,1826210.857,3449218926.14351
2026-07-28 16:00:00,1919.27,1928.31,1890.89,1921.34,888721.855,1698157123.63725
2026-07-28 20:00:00,1921.34,1928.9,1903.03,1921.13,475346.542,910766904.88508
2026-07-29 00:00:00,1921.13,1927.98,1890.13,1891.95,608522.422,1161821354.21491
2026-07-29 04:00:00,1891.96,1926.5,1883.38,1924.14,710036.923,1354392885.39941
2026-07-29 08:00:00,1924.13,1924.74,1907.66,1914.32,431453.832,826809522.53731
2026-07-29 12:00:00,1914.31,1914.31,1886.28,1891.13,793097.357,1506575114.58346
2026-07-29 16:00:00,1891.13,1935.0,1880.95,1887.91,1543145.351,2944497321.37729
2026-07-29 20:00:00,1887.93,1912.5,1870.26,1909.68,694829.631,1315043643.30617
2026-07-30 00:00:00,1909.68,1921.91,1892.99,1909.4,586631.306,1120199521.45129
2026-07-30 04:00:00,1909.4,1910.34,1898.57,1902.38,321709.978,612546847.91164
2026-07-30 08:00:00,1902.39,1925.59,1899.5,1922.3,454147.053,870529278.28375
2026-07-30 12:00:00,1922.3,1936.52,1912.1,1917.96,857852.435,1649291563.5492
2026-07-30 16:00:00,1917.96,1928.8,1914.0,1922.95,334481.685,642551556.54752
2026-07-30 20:00:00,1922.96,1936.57,1915.12,1917.31,452301.413,870521709.61774
2026-07-31 00:00:00,1917.31,1936.0,1898.16,1907.82,787910.912,1508627756.82443
2026-07-31 04:00:00,1907.82,1910.53,1883.18,1888.92,513183.507,973135595.90184
2026-07-31 08:00:00,1888.93,1892.21,1876.68,1883.55,438801.778,827295018.11529
2026-07-31 12:00:00,1883.55,1889.72,1847.28,1861.94,1653419.919,3085698640.29627
2026-07-31 16:00:00,1861.94,1877.4,1860.0,1867.4,383947.206,717327344.44245
2026-07-31 20:00:00,1867.41,1870.0,1857.89,1861.68,217644.311,405452948.86854
2026-08-01 00:00:00,1861.68,1869.47,1861.31,1869.0,143251.076,267327184.22367
2026-08-01 04:00:00,1869.01,1871.21,1864.17,1868.9,125525.682,234521990.87264
2026-08-01 08:00:00,1868.9,1869.72,1862.0,1866.17,186666.315,348367452.20095
2026-08-01 12:00:00,1866.18,1874.44,1866.17,1869.2,158445.891,296295400.02755
2026-08-01 16:00:00,1869.19,1872.96,1820.61,1836.48,1019711.274,1878436812.94605
2026-08-01 20:00:00,1836.47,1848.63,1832.14,1844.17,240012.372,442010512.46211
2026-08-02 00:00:00,1844.17,1885.0,1843.03,1876.61,669210.356,1249885608.2798
2026-08-02 04:00:00,1876.61,1882.2,1874.12,1875.32,235330.183,441849402.32602
2026-08-02 08:00:00,1875.31,1878.26,1848.18,1851.75,462082.002,861088019.45954
2026-08-02 12:00:00,1851.74,1862.28,1851.3,1857.77,300457.158,557703714.32573
2026-08-02 16:00:00,1857.77,1887.0,1854.89,1881.39,469289.04,878809839.72282
2026-08-02 20:00:00,1881.39,1898.5,1875.31,1884.37,535828.004,1010909855.90788
2026-08-03 00:00:00,1884.38,1885.16,1850.01,1856.18,516265.84,963638516.23041
2026-08-03 04:00:00,1856.19,1862.22,1838.56,1843.0,578228.634,1070137719.46058
2026-08-03 08:00:00,1843.0,1853.58,1827.18,1838.97,818829.416,1507196180.80481
2026-08-03 12:00:00,1838.97,1873.32,1835.61,1862.54,1026226.924,1905137315.86875
2026-08-03 16:00:00,1862.54,1875.98,1860.74,1869.26,380545.542,711149729.47427
2026-08-03 20:00:00,1869.27,1875.11,1851.0,1859.78,326019.033,606959134.35625
2026-08-04 00:00:00,1859.78,1871.27,1847.5,1863.56,491732.64,914395567.91557
2026-08-04 04:00:00,1863.55,1874.08,1852.55,1863.11,408994.156,761644132.88168
2026-08-04 08:00:00,1863.11,1874.12,1852.78,1871.98,426363.23,794387015.82857
2026-08-04 12:00:00,1871.99,1881.72,1857.38,1872.24,838154.366,1567075428.21435
2026-08-04 16:00:00,1872.24,1880.95,1864.52,1874.46,445837.204,835356023.4096
2026-08-04 20:00:00,1874.46,1880.8,1865.31,1868.9,296423.773,555171182.57923
2026-08-05 00:00:00,1868.9,1877.45,1860.3,1866.86,439284.14,820782499.23665
2026-08-05 04:00:00,1866.87,1877.0,1862.5,1871.85,330195.326,616809900.68928
2026-08-05 08:00:00,1871.86,1875.38,1865.0,1867.93,310442.508,580631556.31269
2026-08-05 12:00:00,1867.93,1884.68,1854.51,1872.91,1156220.666,2164998507.52679
2026-08-05 16:00:00,1872.91,1927.19,1872.4,1916.09,1136946.588,2165293022.44864
2026-08-05 20:00:00,1916.09,1923.94,1903.14,1907.95,400040.496,764936716.46941
2026-08-06 00:00:00,1907.95,1912.99,1893.62,1897.94,440216.615,837269842.93955
2026-08-06 04:00:00,1897.94,1917.99,1894.67,1908.52,388892.623,742616477.58535
2026-08-06 08:00:00,1908.53,1920.92,1895.8,1906.89,505928.781,965024561.2593
2026-08-06 12:00:00,1906.88,1919.06,1891.46,1909.88,813997.097,1551838082.09673
2026-08-06 16:00:00,1909.88,1917.89,1903.06,1908.77,350830.068,670122901.53014
2026-08-06 20:00:00,1908.77,1909.84,1897.82,1903.12,167313.742,318570061.95176
2026-08-07 00:00:00,1903.11,1907.89,1895.0,1896.53,286566.922,544848774.3497
2026-08-07 04:00:00,1896.52,1906.91,1893.37,1901.66,278436.25,529194472.49695
2026-08-07 08:00:00,1901.65,1920.5,1901.2,1915.51,469087.27,897126415.35
2026-08-07 12:00:00,1915.51,1943.0,1909.34,1916.99,1266989.929,2438706595.74453
2026-08-07 16:00:00,1916.98,1924.41,1903.5,1917.85,448168.885,856891921.23316
2026-08-07 20:00:00,1917.85,1921.47,1911.8,1913.07,151448.328,290116452.0057
2026-08-08 00:00:00,1913.07,1918.31,1911.26,1917.2,112943.847,216184816.32681
2026-08-08 04:00:00,1917.2,1918.62,1913.0,1914.29,73574.464,140963852.77677
2026-08-08 08:00:00,1914.3,1923.32,1913.84,1920.05,143810.749,275974474.94627
2026-08-08 12:00:00,1920.04,1925.85,1917.71,1921.85,157469.916,302575460.80743
2026-08-08 16:00:00,1921.84,1925.55,1918.4,1919.61,122487.294,235376091.99769
2026-08-08 20:00:00,1919.61,1921.99,1913.68,1915.98,114820.689,220206939.84181
2026-08-09 00:00:00,1915.98,1919.37,1911.1,1913.07,128129.826,245312921.96721
2026-08-09 04:00:00,1913.06,1919.0,1912.0,1918.28,114150.712,218650850.30919
2026-08-09 08:00:00,1918.29,1924.63,1912.3,1918.35,260707.282,500172574.15674
2026-08-09 12:00:00,1918.34,1926.84,1915.59,1925.75,277266.475,533129755.93036
2026-08-09 16:00:00,1925.75,1926.21,1918.0,1921.16,133290.153,256194445.98685
2026-08-09 20:00:00,1921.15,1937.67,1906.41,1909.57,494846.352,950323539.85251
2026-08-10 00:00:00,1909.56,1931.5,1905.0,1916.5,688938.676,1321142364.64529
2026-08-10 04:00:00,1916.51,1930.28,1911.47,1924.72,325151.334,625268233.24607
2026-08-10 08:00:00,1924.73,1929.0,1913.62,1919.6,299703.098,575257572.89118
2026-08-10 12:00:00,1919.61,1922.84,1870.15,1876.01,1339117.303,2534597049.58833
2026-08-10 16:00:00,1876.0,1879.84,1866.14,1877.7,541397.129,1014046931.05193
2026-08-10 20:00:00,1877.69,1880.86,1869.23,1872.31,179801.826,337102954.43705
2026-08-11 00:00:00,1872.3,1881.36,1870.3,1880.14,186139.729,349219755.66093
2026-08-11 04:00:00,1880.14,1881.26,1869.69,1876.84,277386.232,519898565.48644
2026-08-11 08:00:00,1876.85,1895.2,1874.52,1892.12,424964.653,801352125.20219
2026-08-11 12:00:00,1892.12,1897.3,1852.22,1862.0,1019871.327,1912607654.80831
2026-08-11 16:00:00,1862.01,1884.64,1858.77,1881.17,449014.748,838519998.84781
2026-08-11 20:00:00,1881.18,1886.95,1878.06,1881.8,281805.206,530300088.18454
2026-08-12 00:00:00,1881.79,1887.56,1880.0,1885.77,169634.462,319529538.97226
2026-08-12 04:00:00,1885.76,1892.83,1884.44,1890.82,252193.906,476221161.69858
2026-08-12 08:00:00,1890.82,1915.55,1889.07,1914.87,653909.807,1245500873.36688
2026-08-12 12:00:00,1914.87,1924.97,1883.33,1891.64,1253083.593,2383251937.47868
2026-08-12 16:00:00,1891.64,1894.9,1876.73,1878.61,322367.128,608011623.84478
2026-08-12 20:00:00,1878.6,1888.86,1872.0,1878.8,280258.072,526664729.17394
2026-08-13 00:00:00,1878.79,1888.33,1872.29,1886.7,388957.118,731438169.3875
2026-08-13 04:00:00,1886.7,1899.6,1884.69,1894.62,346158.442,655680012.12799
2026-08-13 08:00:00,1894.62,1896.19,1874.43,1879.48,477932.685,900323290.85344
2026-08-13 12:00:00,1879.49,1896.86,1877.98,1879.19,613774.272,1159324326.53443
2026-08-13 16:00:00,1879.19,1891.96,1862.11,1886.62,771925.022,1448242020.13045
2026-08-13 20:00:00,1886.62,1892.4,1883.51,1885.39,171371.034,323460129.10473
2026-08-14 00:00:00,1885.38,1890.69,1881.21,1882.25,196760.6,371068873.49293
2026-08-14 04:00:00,1882.24,1887.0,1871.23,1872.34,309748.94,581590082.5968
2026-08-14 08:00:00,1872.34,1880.86,1868.08,1877.33,331406.301,621094017.78974
2026-08-14 12:00:00,1877.34,1884.0,1863.2,1880.72,567136.65,1061671963.01389
2026-08-14 16:00:00,1880.73,1887.7,1872.7,1879.91,336980.942,633643154.89716
2026-08-14 20:00:00,1879.91,1881.87,1875.21,1881.39,112819.062,211965943.22413
2026-08-15 00:00:00,1881.38,1886.0,1880.01,1881.95,118815.476,223754564.94333
2026-08-15 04:00:00,1881.95,1884.78,1878.76,1879.6,112584.847,211807040.0812
2026-08-15 08:00:00,1879.59,1880.68,1874.61,1878.56,120049.14,225476640.24615
2026-08-15 12:00:00,1878.56,1885.18,1877.23,1884.09,133677.0,251623042.72403
2026-08-15 16:00:00,1884.08,1885.76,1881.77,1883.67,79234.486,149248296.34143
2026-08-15 20:00:00,1883.66,1884.73,1880.98,1881.73,65213.522,122796793.44972
2026-08-16 00:00:00,1881.73,1884.43,1876.01,1882.15,139895.646,263171734.29732
2026-08-16 04:00:00,1882.14,1883.6,1878.0,1880.73,104203.468,195923203.46203
2026-08-16 08:00:00,1880.72,1881.57,1878.23,1880.14,79482.446,149412199.10511
2026-08-16 12:00:00,1880.14,1884.29,1878.4,1883.22,111685.385,210143409.00555
2026-08-16 16:00:00,1883.23,1891.93,1881.64,1884.88,246337.84,464743601.33673
2026-08-16 20:00:00,1884.88,1886.67,1868.01,1875.22,320062.466,600119589.63554
2026-08-17 00:00:00,1875.21,1907.89,1871.61,1900.19,694402.438,1314741391.18968
2026-08-17 04:00:00,1900.2,1911.66,1896.85,1900.09,348765.473,663836186.39125
2026-08-17 08:00:00,1900.09,1908.75,1890.6,1903.75,448155.026,850847767.59637
2026-08-17 12:00:00,1903.75,1914.85,1895.22,1912.45,620966.449,1182409626.13502
2026-08-17 16:00:00,1912.44,1913.54,1903.39,1906.28,301841.51,576094425.41605
2026-08-17 20:00:00,1906.27,1918.0,1902.58,1912.7,226523.366,432549651.46603
2026-08-18 00:00:00,1912.7,1913.63,1884.2,1893.68,520242.147,986543213.14828
2026-08-18 04:00:00,1893.67,1906.25,1890.54,1897.69,288570.788,547739771.3244
2026-08-18 08:00:00,1897.69,1904.99,1892.68,1902.31,228642.685,434092098.21812
2026-08-18 12:00:00,1902.31,1922.72,1893.07,1916.88,859925.081,1642545730.79586
2026-08-18 16:00:00,1916.88,1921.69,1909.59,1912.57,296694.107,568155990.48518
2026-08-18 20:00:00,1912.57,1919.63,1910.11,1917.1,162323.702,310731888.19003
2026-08-19 00:00:00,1917.09,1918.42,1905.2,1911.21,321552.655,614731485.65738
2026-08-19 04:00:00,1911.2,1920.72,1905.27,1915.14,344263.347,658835179.13418
2026-08-19 08:00:00,1915.14,1929.8,1914.36,1922.34,418069.586,803487591.58276
2026-08-19 12:00:00,1922.35,2132.0,1921.6,2085.16,3551552.777,7127300690.56163
2026-08-19 16:00:00,2085.15,2107.38,2065.22,2100.97,1536717.143,3211558968.48161
2026-08-19 20:00:00,2100.97,2336.82,2100.93,2252.16,3521690.381,7880199113.27551
2026-08-20 00:00:00,2252.17,2273.32,2222.0,2250.86,1149402.576,2588840768.68756
2026-08-20 04:00:00,2250.87,2267.15,2238.23,2251.49,747986.574,1685097451.25304
2026-08-20 08:00:00,2251.49,2318.78,2248.84,2295.6,1756975.867,4017547803.36869
2026-08-20 12:00:00,2295.59,2338.08,2253.55,2325.12,2154784.756,4935735187.66043
2026-08-20 16:00:00,2325.12,2359.68,2308.5,2322.72,1349787.661,3147613363.12579
2026-08-20 20:00:00,2322.73,2339.38,2306.02,2326.18,471512.47,1094257374.65764
2026-08-21 00:00:00,2326.18,2381.52,2323.83,2339.9,1388123.236,3263880472.33163
2026-08-21 04:00:00,2339.9,2398.56,2339.9,2371.51,1198780.648,2842294618.30264
2026-08-21 08:00:00,2371.5,2449.47,2356.0,2370.42,2515394.362,6039492588.7445
2026-08-21 12:00:00,2370.43,2408.29,2365.0,2393.03,1189518.833,2839430557.11248
2026-08-21 16:00:00,2393.03,2431.86,2383.0,2412.41,923357.883,2226202401.81382
2026-08-21 20:00:00,2412.42,2549.4,2407.54,2515.97,1927008.575,4816689324.8209
2026-08-22 00:00:00,2515.98,2528.23,2488.88,2514.35,867103.723,2177883789.22598
2026-08-22 04:00:00,2514.36,2529.98,2384.0,2432.54,1590427.894,3897937636.05342
2026-08-22 08:00:00,2432.55,2440.43,2387.0,2423.41,802048.914,1935997384.67569
2026-08-22 12:00:00,2423.4,2437.6,2405.07,2410.37,462620.43,1120127422.22415
2026-08-22 16:00:00,2410.36,2431.41,2408.27,2427.37,195080.854,472544995.9836
