date,open,high,low,close,volume,quote_volume
2022-01-01,3676.01,3776.33,3671.86,3763.06,755619.793,2815651909.34339
2022-01-02,3763.05,3860.0,3714.48,3826.21,740079.43,2798657676.16421
2022-01-03,3826.1,3850.0,3680.0,3764.07,999879.353,3777721163.97305
2022-01-04,3764.07,3893.19,3711.0,3785.6,1253780.69,4775534414.28812
2022-01-05,3785.6,3847.18,3405.0,3537.71,1813981.948,6675092541.77517
2022-01-06,3537.81,3549.11,3292.31,3404.6,1840489.348,6279177286.15747
2022-01-07,3404.61,3415.35,3040.77,3196.58,2855226.352,9156175041.42808
2022-01-08,3196.58,3248.03,2996.45,3080.03,1859886.155,5808043464.37497
2022-01-09,3079.86,3209.4,3057.0,3150.0,1230848.792,3853748750.33209
2022-01-10,3149.99,3179.16,2924.78,3081.31,2322294.565,7079565083.20333
2022-01-11,3081.25,3262.66,3050.58,3236.86,1533503.746,4836151992.53377
2022-01-12,3236.86,3411.0,3203.85,3369.93,1435454.649,4753099829.92951
2022-01-13,3369.92,3408.89,3230.97,3240.36,1374273.064,4558640511.93513
2022-01-14,3240.32,3342.63,3181.2,3305.6,1309794.267,4271754423.42846
2022-01-15,3305.61,3372.0,3257.59,3324.05,809020.133,2687321901.17641
2022-01-16,3324.06,3394.62,3269.01,3345.49,934941.801,3112687274.02912
2022-01-17,3345.5,3355.3,3139.37,3208.61,1440138.934,4673076476.50251
2022-01-18,3208.6,3243.95,3080.5,3159.32,1589444.667,5010157515.14645
2022-01-19,3159.31,3174.6,3045.0,3082.81,1668517.082,5189639864.18362
2022-01-20,3082.8,3272.24,2985.0,2999.92,1880719.448,5926009927.5985
2022-01-21,2999.92,3031.9,2460.0,2566.91,4517274.359,12514701125.46148
2022-01-22,2566.91,2625.6,2293.56,2410.96,4662398.873,11407543010.036
2022-01-23,2410.57,2549.0,2368.0,2538.41,2371974.868,5833997685.39064
2022-01-24,2538.4,2539.59,2151.0,2438.13,4694300.254,10840194199.53302
2022-01-25,2437.87,2504.98,2349.6,2457.37,2325976.562,5636577032.24078
2022-01-26,2457.37,2720.06,2400.01,2461.61,3370868.336,8579635823.06901
2022-01-27,2461.62,2520.0,2314.33,2422.61,2706734.602,6551124353.29313
2022-01-28,2422.61,2556.93,2357.0,2543.34,2394675.788,5832709367.68838
2022-01-29,2543.34,2658.41,2519.21,2599.94,1522389.395,3909322807.94748
2022-01-30,2599.93,2644.93,2541.46,2600.45,1322236.477,3431223524.16989
2022-01-31,2600.45,2706.47,2475.33,2685.34,2119778.986,5497599951.88833
2022-02-01,2685.34,2812.94,2672.61,2786.38,2054796.845,5668520842.67734
2022-02-02,2786.37,2810.0,2610.4,2678.0,2354857.007,6390741360.31646
2022-02-03,2678.47,2722.99,2572.64,2694.37,2171742.641,5720509414.67786
2022-02-04,2694.2,2995.0,2670.14,2993.65,2953883.898,8398868704.49046
2022-02-05,2993.64,3059.91,2958.01,3011.59,1557391.545,4687429957.09237
2022-02-06,3011.58,3075.0,2948.0,3054.26,1151529.849,3460851097.7894
2022-02-07,3054.26,3185.99,2990.83,3138.55,1920591.918,5945879846.5335
2022-02-08,3138.55,3246.65,3023.28,3115.23,2122006.982,6598768727.89174
2022-02-09,3115.23,3269.16,3052.5,3241.82,1571485.369,4964808230.62457
2022-02-10,3241.79,3282.96,3055.24,3070.9,2672791.971,8499639525.52764
2022-02-11,3070.89,3136.55,2873.5,2926.04,2333468.434,7077554747.74226
2022-02-12,2926.03,2983.62,2855.0,2916.93,1869241.526,5450989532.57656
2022-02-13,2917.04,2952.66,2830.31,2870.32,1277486.697,3707939332.4807
2022-02-14,2870.33,2964.44,2829.8,2928.87,1815960.443,5263552192.95742
2022-02-15,2928.87,3198.0,2911.85,3183.73,1856076.117,5714091348.62078
2022-02-16,3183.74,3186.79,3040.42,3121.8,1733462.418,5408024225.21039
2022-02-17,3121.8,3158.68,2850.0,2890.8,2632604.386,7919238051.35232
2022-02-18,2890.75,2941.94,2750.0,2778.46,2162941.471,6148632292.71915
2022-02-19,2778.46,2829.99,2691.0,2761.89,1546343.886,4270584831.58429
2022-02-20,2761.9,2762.89,2573.33,2620.72,2242471.273,5933481403.7028
2022-02-21,2620.72,2758.0,2555.56,2566.88,3985389.094,10607780731.93246
2022-02-22,2566.88,2670.0,2495.0,2635.57,3195802.792,8250350069.89216
2022-02-23,2635.57,2752.38,2573.39,2578.02,2704599.315,7224805564.13842
2022-02-24,2578.02,2777.33,2298.72,2595.47,6227786.305,15271087886.32285
2022-02-25,2595.47,2835.0,2571.68,2766.36,2936418.882,7859621309.73445
2022-02-26,2766.42,2882.0,2726.0,2778.15,1852287.146,5167387400.86429
2022-02-27,2778.15,2836.21,2553.68,2615.99,2948786.157,7998715417.35802
2022-02-28,2615.99,2966.0,2565.0,2920.1,3405929.703,9267533739.81621
2022-03-01,2920.05,3036.0,2852.2,2975.61,2903119.452,8544403642.44822
2022-03-02,2975.61,3046.46,2912.96,2947.47,2628094.604,7817489406.51165
2022-03-03,2947.48,2970.0,2781.77,2832.97,2068430.471,5935025460.83803
2022-03-04,2832.98,2835.9,2570.65,2620.25,2431616.203,6556161324.43909
2022-03-05,2620.25,2684.87,2588.0,2663.55,1085460.56,2866022819.73462
2022-03-06,2663.55,2674.61,2529.0,2549.37,1394552.348,3653497883.30399
2022-03-07,2549.36,2650.0,2431.62,2489.9,2690724.432,6844133016.58346
2022-03-08,2489.84,2623.0,2478.35,2575.49,2643188.688,6770376286.07039
2022-03-09,2575.5,2773.17,2566.41,2726.37,2075382.606,5619678231.05178
2022-03-10,2726.37,2733.37,2546.83,2605.44,2036842.087,5317486921.07739
2022-03-11,2605.43,2676.2,2520.5,2555.89,2046135.535,5300909392.6962
2022-03-12,2555.9,2620.0,2552.22,2567.64,835243.91,2158684698.28486
2022-03-13,2567.63,2604.13,2490.25,2514.07,1153034.412,2952206474.62885
2022-03-14,2513.77,2609.32,2496.85,2588.96,1700607.097,4359481633.20476
2022-03-15,2588.96,2668.8,2504.5,2617.29,2010933.59,5180763260.29182
2022-03-16,2617.29,2789.86,2602.06,2772.78,2671403.544,7174881501.972
2022-03-17,2772.78,2839.0,2745.33,2810.74,1388608.329,3874029264.8057
2022-03-18,2810.75,2984.72,2760.0,2938.02,2012338.322,5743230991.25995
2022-03-19,2938.03,2992.0,2890.6,2950.0,1138322.115,3357316687.44774
2022-03-20,2949.9,2965.0,2817.49,2860.47,1437020.801,4147063354.36078
2022-03-21,2860.53,2960.0,2830.5,2889.08,1686819.608,4892675845.46698
2022-03-22,2889.07,3055.9,2885.49,2968.49,1797753.573,5382225852.73813
2022-03-23,2968.48,3043.69,2915.51,3035.55,1781378.735,5298210934.19466
2022-03-24,3035.54,3129.75,3001.0,3109.89,2081151.644,6374707643.69508
2022-03-25,3109.89,3195.0,3075.0,3101.37,2007262.806,6287041331.74681
2022-03-26,3101.37,3152.24,3084.03,3143.47,760414.286,2373068593.90462
2022-03-27,3143.47,3299.33,3125.26,3295.01,1243196.793,3969755255.96455
2022-03-28,3295.01,3430.0,3274.3,3333.62,1780150.955,5967520102.20501
2022-03-29,3333.62,3480.0,3330.32,3399.0,1928941.55,6583444774.67217
2022-03-30,3399.0,3447.74,3332.0,3385.1,1512369.419,5123666479.18429
2022-03-31,3385.09,3444.6,3260.84,3281.43,1815474.754,6079844304.562
2022-04-01,3281.43,3483.12,3210.06,3454.33,2109764.119,7072994919.3486
2022-04-02,3454.33,3533.0,3430.2,3443.07,1652414.36,5750301550.87988
2022-04-03,3443.06,3580.0,3411.9,3520.76,1431228.504,5003591177.3317
2022-04-04,3520.65,3551.55,3405.03,3518.96,1653737.507,5747409279.23374
2022-04-05,3518.97,3554.99,3388.97,3405.04,1487565.105,5173971174.2849
2022-04-06,3405.03,3406.08,3160.19,3166.78,2622721.98,8579524051.95511
2022-04-07,3166.77,3267.58,3140.33,3225.15,1752183.226,5620103056.30526
2022-04-08,3225.0,3315.0,3171.95,3191.26,1958267.702,6370437705.00749
2022-04-09,3191.27,3269.62,3180.24,3257.53,909857.465,2928136396.63502
2022-04-10,3257.54,3307.21,3187.0,3200.24,1000563.67,3254049432.15029
2022-04-11,3200.24,3212.0,2945.08,2978.69,2565570.206,7861189063.1962
2022-04-12,2978.69,3082.0,2948.19,3026.3,1863628.985,5623890363.23573
2022-04-13,3026.31,3133.0,2995.23,3116.45,1652978.477,5064530681.36142
2022-04-14,3116.53,3148.0,2973.47,3019.82,1505522.162,4606236523.90761
2022-04-15,3019.82,3062.81,2990.06,3039.19,923299.874,2793541314.08019
2022-04-16,3039.2,3090.0,3008.08,3057.99,652575.022,1983250932.42988
2022-04-17,3058.0,3082.56,2980.6,2986.03,1075168.023,3272956187.26666
2022-04-18,2986.02,3069.0,2875.87,3054.02,1815827.195,5367447373.56267
2022-04-19,3054.02,3129.43,3027.66,3100.42,1194169.089,3675189299.32606
2022-04-20,3100.43,3173.89,3031.48,3074.01,1393841.93,4315689906.27074
2022-04-21,3073.96,3180.0,2933.33,2981.31,1801732.011,5555789275.52444
2022-04-22,2981.31,3035.37,2930.26,2960.38,1476858.769,4405125111.45917
2022-04-23,2960.39,2976.82,2904.36,2930.28,615769.147,1817888152.35829
2022-04-24,2930.28,2967.2,2908.99,2918.97,847760.075,2491367633.1007
2022-04-25,2918.98,3026.02,2791.3,3006.11,2207537.517,6381274608.20131
2022-04-26,3006.12,3043.0,2761.27,2807.88,2115673.365,6148208700.99848
2022-04-27,2807.89,2920.0,2792.27,2887.57,1889647.276,5415643571.37906
2022-04-28,2887.57,2979.76,2853.24,2935.39,1925868.923,5612621053.48657
2022-04-29,2935.39,2946.29,2776.0,2815.37,1671919.811,4775274689.59476
2022-04-30,2815.38,2841.04,2711.65,2725.1,1115770.231,3118023087.07109
2022-05-01,2725.1,2849.0,2714.5,2823.38,1217450.891,3385139761.72705
2022-05-02,2823.38,2882.15,2774.97,2855.16,1598694.15,4519577853.11413
2022-05-03,2855.15,2860.76,2753.0,2780.91,1170566.655,3294651871.44225
2022-05-04,2780.92,2965.0,2770.08,2939.76,1716921.512,4918906434.58761
2022-05-05,2939.76,2955.79,2684.84,2746.37,2174369.003,6098185668.96568
2022-05-06,2746.36,2757.28,2630.0,2691.59,1917392.823,5168734732.80876
2022-05-07,2691.6,2703.61,2581.89,2634.82,963077.904,2563154598.57406
2022-05-08,2634.82,2641.11,2480.0,2518.9,1999269.154,5089866425.1632
2022-05-09,2519.03,2530.88,2222.46,2227.48,4531752.048,10697215137.69064
2022-05-10,2227.62,2455.88,2197.38,2340.86,4079487.756,9596880256.63219
2022-05-11,2340.85,2451.86,2002.0,2083.98,5826464.141,13173803440.07364
2022-05-12,2083.98,2193.7,1775.43,1959.78,5639772.981,10971252687.57215
2022-05-13,1959.79,2149.99,1939.33,2008.49,2799355.876,5809760462.83815
2022-05-14,2008.48,2068.6,1950.07,2055.0,1712302.978,3446491889.9187
2022-05-15,2054.99,2174.32,2000.0,2144.07,1621232.284,3360404560.97969
2022-05-16,2144.06,2144.07,1976.0,2022.89,2642704.669,5366648840.78374
2022-05-17,2022.79,2124.1,2006.71,2090.0,1960680.703,4051495838.11071
2022-05-18,2090.0,2110.89,1906.61,1914.2,2331823.162,4654040139.80995
2022-05-19,1914.19,2039.3,1901.7,2019.46,2582771.916,5090224818.55394
2022-05-20,2019.45,2064.74,1922.0,1958.69,2606153.056,5192199953.44636
2022-05-21,1958.69,1990.75,1935.52,1973.94,1160939.76,2287008380.25312
2022-05-22,1973.94,2056.73,1965.25,2042.63,1433318.968,2881685469.42391
2022-05-23,2042.63,2088.6,1955.01,1972.45,2340762.693,4768428725.69658
2022-05-24,1972.45,1993.72,1911.38,1978.56,2077293.838,4070659059.88736
2022-05-25,1978.56,2022.74,1933.0,1942.0,2151769.493,4241561280.90225
2022-05-26,1942.01,1965.28,1725.0,1791.02,4404820.882,8138603051.65734
2022-05-27,1790.99,1821.85,1694.97,1726.55,4743622.208,8357706808.1021
2022-05-28,1726.55,1809.33,1721.3,1791.74,2072895.705,3668617968.70122
2022-05-29,1791.75,1829.0,1755.25,1812.45,1640982.631,2945787959.89123
2022-05-30,1812.46,2013.56,1801.52,1997.87,3264009.122,6239500143.71399
2022-05-31,1997.87,2016.77,1922.0,1941.68,2655076.664,5223236544.60503
2022-06-01,1941.68,1972.77,1758.52,1817.1,3499271.987,6601368863.36227
2022-06-02,1817.16,1852.99,1780.48,1833.37,2390879.573,4344141365.88604
2022-06-03,1833.37,1843.33,1733.01,1774.15,2363750.458,4201383506.66514
2022-06-04,1774.16,1815.48,1747.45,1803.71,1318917.819,2339470640.78652
2022-06-05,1803.7,1830.0,1772.19,1805.39,1432385.263,2579985158.45067
2022-06-06,1805.4,1919.33,1803.52,1859.11,2917516.33,5476426770.55326
2022-06-07,1859.1,1875.0,1722.0,1812.61,4087315.102,7291656503.16585
2022-06-08,1812.62,1840.13,1763.87,1791.02,2628755.953,4737579638.63843
2022-06-09,1791.01,1832.7,1776.32,1788.03,1839669.689,3309798407.29703
2022-06-10,1788.03,1803.82,1650.0,1661.95,3608897.284,6228607832.37609
2022-06-11,1661.95,1680.97,1498.93,1532.19,4960438.976,7778168198.17592
2022-06-12,1532.19,1548.81,1421.0,1434.35,6016472.456,8893071858.23435
2022-06-13,1434.35,1454.58,1162.0,1209.04,17351785.758,21941467145.7048
2022-06-14,1209.03,1268.9,1073.0,1208.32,12336657.753,14657104013.43293
2022-06-15,1208.32,1249.4,1012.42,1236.49,15639610.636,17507842534.93348
2022-06-16,1236.48,1257.29,1050.51,1067.77,8764835.417,9948262782.32809
2022-06-17,1067.77,1118.0,1050.0,1085.99,6582676.581,7160320740.4379
2022-06-18,1085.99,1097.0,878.04,994.09,11387513.195,11140422450.60394
2022-06-19,994.09,1162.98,935.5,1127.88,10406484.218,10737479691.15422
2022-06-20,1127.88,1174.0,1052.05,1127.83,8647003.105,9597579628.31477
2022-06-21,1127.82,1194.0,1108.63,1125.47,6719191.952,7717129837.30618
2022-06-22,1125.47,1126.81,1042.0,1049.4,6439701.679,6985067146.03695
2022-06-23,1049.41,1156.01,1044.16,1143.71,5945329.708,6567067983.10538
2022-06-24,1143.71,1244.94,1131.36,1224.42,6052742.304,7195488084.82197
2022-06-25,1224.42,1258.0,1179.03,1241.6,4537650.045,5514062293.63994
2022-06-26,1241.6,1280.0,1193.54,1197.21,4564404.562,5642425991.65198
2022-06-27,1197.2,1238.89,1172.14,1191.9,4630510.301,5578212007.99774
2022-06-28,1191.89,1239.66,1135.65,1143.5,5830850.719,6943637262.86077
2022-06-29,1143.51,1156.76,1085.6,1099.32,6255310.525,6996782558.42135
2022-06-30,1099.33,1106.6,995.0,1070.85,8433372.481,8776684715.97994
2022-07-01,1070.9,1118.21,1032.65,1059.24,7465681.271,7965023016.58434
2022-07-02,1059.16,1078.98,1026.16,1066.53,3974288.532,4182655936.29859
2022-07-03,1066.53,1088.0,1040.01,1073.9,3749708.763,3986193835.78978
2022-07-04,1073.91,1160.68,1044.33,1150.23,5930747.625,6505251168.91222
2022-07-05,1150.23,1176.0,1075.0,1131.8,7139408.684,8047372440.069
2022-07-06,1131.81,1205.45,1111.03,1186.37,6534667.739,7479228870.10764
2022-07-07,1186.36,1254.82,1162.93,1236.92,5320583.171,6422728354.47917
2022-07-08,1236.91,1277.0,1192.0,1213.53,6498615.367,7993846092.86714
2022-07-09,1213.53,1236.87,1203.75,1216.48,2797190.032,3405360762.76592
2022-07-10,1216.49,1219.5,1152.0,1167.81,3568244.792,4207542141.60389
2022-07-11,1167.81,1170.97,1091.1,1095.95,4532538.359,5159629837.34689
2022-07-12,1095.88,1097.51,1032.09,1037.88,5644661.921,6026006795.32593
2022-07-13,1037.88,1120.0,1005.0,1114.19,8490574.12,9015293731.15611
2022-07-14,1114.18,1216.9,1070.57,1193.01,7455813.799,8433152233.87695
2022-07-15,1193.01,1294.99,1180.74,1230.58,7636816.255,9358068233.24177
2022-07-16,1230.59,1440.57,1191.41,1355.37,8366413.063,10769354837.13322
2022-07-17,1355.38,1387.92,1316.0,1338.27,6374217.855,8620438757.41276
2022-07-18,1338.28,1597.19,1335.49,1580.12,9898091.92,14534269566.88306
2022-07-19,1580.12,1640.0,1492.57,1541.39,9494246.978,14678284685.59557
2022-07-20,1541.4,1620.0,1477.0,1521.34,8184052.839,12777657100.29962
2022-07-21,1521.26,1607.0,1462.3,1575.39,7325264.216,11149023837.25642
2022-07-22,1575.38,1646.3,1515.75,1534.53,6728238.217,10696578370.91302
2022-07-23,1534.53,1596.72,1485.53,1548.01,5150014.938,7926850191.05773
2022-07-24,1548.01,1664.9,1543.45,1597.77,6366445.957,10183471414.41454
2022-07-25,1597.77,1609.26,1433.2,1440.4,8130738.376,12331583506.62446
2022-07-26,1440.4,1455.0,1355.0,1448.27,7673932.806,10756084151.888
2022-07-27,1448.28,1644.66,1420.22,1635.45,9108934.438,13818423664.79994
2022-07-28,1635.46,1784.5,1595.0,1723.82,9638750.264,16135851976.92102
2022-07-29,1723.83,1766.3,1656.0,1721.85,8322821.761,14239175682.25539
2022-07-30,1721.85,1744.0,1671.0,1696.68,4893669.344,8364186474.40813
2022-07-31,1696.68,1755.55,1666.0,1677.63,4341013.588,7400936551.22337
2022-08-01,1677.63,1704.32,1605.5,1629.45,5621692.061,9324464883.62185
2022-08-02,1629.45,1678.0,1557.8,1629.97,8048319.82,12978724614.80327
2022-08-03,1629.98,1685.91,1588.5,1617.37,5772165.287,9474080417.19574
2022-08-04,1617.37,1664.28,1580.0,1607.2,6186609.903,10013026532.58118
2022-08-05,1607.2,1743.4,1605.0,1737.13,7645714.788,12843741577.30625
2022-08-06,1737.12,1751.0,1685.03,1689.85,3673770.096,6311553238.84685
2022-08-07,1689.84,1729.39,1667.0,1699.25,3426181.998,5804010084.89889
2022-08-08,1699.25,1819.78,1693.15,1776.09,6333566.586,11180279823.20407
2022-08-09,1776.08,1790.0,1666.05,1702.04,6330296.526,10892575737.02873
2022-08-10,1702.04,1886.75,1655.0,1853.24,9215939.763,16379353776.41723
2022-08-11,1853.25,1943.0,1849.8,1879.35,7873808.723,14907737774.29255
2022-08-12,1879.35,1964.46,1852.0,1957.4,5535344.089,10503385045.46876
2022-08-13,1957.4,2019.0,1945.5,1982.8,5390461.793,10705002496.90554
2022-08-14,1982.79,2030.0,1905.0,1934.55,4960301.502,9772904219.56565
2022-08-15,1934.56,2012.94,1871.0,1898.56,7812767.162,15018776583.95025
2022-08-16,1898.55,1915.0,1850.0,1875.78,6218534.016,11706754821.45182
2022-08-17,1875.79,1957.7,1818.01,1833.55,8253584.13,15456235081.25482
2022-08-18,1833.55,1882.0,1820.11,1845.86,5330045.147,9902115271.66837
2022-08-19,1845.86,1847.65,1601.85,1608.29,10707278.713,18452074675.28043
2022-08-20,1608.29,1657.0,1520.64,1574.93,7333793.524,11770457029.84846
2022-08-21,1574.92,1648.7,1560.0,1617.17,6301946.927,10132763944.54036
2022-08-22,1617.17,1629.0,1528.0,1624.02,8702841.846,13698514100.45008
2022-08-23,1624.02,1680.0,1562.41,1664.19,8533214.781,13842148886.67689
2022-08-24,1664.19,1693.84,1605.0,1655.71,7245610.326,11946551543.69754
2022-08-25,1655.71,1722.0,1652.27,1694.16,5903160.698,10016122886.2417
2022-08-26,1694.15,1706.0,1485.0,1507.23,12030116.664,19517508006.90065
2022-08-27,1507.22,1517.4,1443.4,1490.0,7282986.956,10825970419.74756
2022-08-28,1490.0,1510.0,1423.1,1426.3,5691272.507,8412659314.02118
2022-08-29,1426.29,1559.79,1420.59,1550.67,9032669.023,13462848651.39427
2022-08-30,1550.66,1605.0,1471.92,1523.48,12249570.308,18926962419.59301
2022-08-31,1523.49,1621.29,1523.26,1553.04,11937118.009,18812423619.66005
2022-09-01,1553.04,1599.0,1505.0,1585.4,9119984.942,14170488622.63159
2022-09-02,1585.4,1649.64,1545.0,1574.49,9144439.365,14620844149.07381
2022-09-03,1574.49,1582.02,1532.6,1556.41,3937946.105,6120571237.10822
2022-09-04,1556.42,1586.0,1539.7,1578.14,3969402.047,6193035829.21504
2022-09-05,1578.14,1631.6,1555.72,1616.92,5810610.257,9199273055.66278
2022-09-06,1616.93,1686.75,1551.7,1558.23,11076502.23,18073176431.24372
2022-09-07,1558.23,1657.6,1486.16,1629.35,9094507.329,14158089326.65611
2022-09-08,1629.36,1666.0,1594.0,1634.22,8111052.514,13203029495.58423
2022-09-09,1634.23,1746.3,1629.25,1717.48,7591864.92,12916052034.8623
2022-09-10,1717.49,1788.98,1705.0,1773.05,4234258.288,7348536836.11749
2022-09-11,1773.04,1787.88,1718.02,1765.01,3909495.301,6884026557.92414
2022-09-12,1765.0,1783.43,1691.28,1715.14,6512918.389,11291212213.97169
2022-09-13,1715.15,1762.88,1556.78,1571.9,9660861.421,15865869412.73067
2022-09-14,1571.91,1642.24,1548.0,1635.39,6491665.957,10351087044.81358
2022-09-15,1635.4,1657.8,1455.0,1471.93,12706158.928,19824699198.48316
2022-09-16,1471.94,1482.65,1403.0,1433.58,8136455.084,11772482639.46676
2022-09-17,1433.58,1475.15,1408.15,1467.96,4366994.599,6308438616.51773
2022-09-18,1467.96,1469.0,1320.0,1333.67,7139282.229,9967351085.11641
2022-09-19,1333.68,1394.0,1276.62,1375.05,10278329.861,13666010265.88282
2022-09-20,1375.05,1384.53,1311.0,1322.08,7850914.483,10604151627.64198
2022-09-21,1322.09,1420.0,1218.0,1244.19,11244354.459,14907764982.7589
2022-09-22,1244.2,1349.84,1235.6,1325.73,9848169.894,12674382231.70619
2022-09-23,1325.73,1359.22,1260.75,1326.62,10875882.189,14195748237.66868
2022-09-24,1326.62,1348.84,1305.36,1316.19,4603413.868,6117137472.97961
2022-09-25,1316.18,1336.92,1268.19,1293.99,4839166.035,6323317973.41767
2022-09-26,1293.98,1340.0,1277.55,1335.25,8104991.588,10639323515.45812
2022-09-27,1335.25,1400.0,1303.02,1327.19,9686206.927,13143901188.70475
2022-09-28,1327.2,1355.76,1250.0,1336.43,10608737.289,13854142475.32485
2022-09-29,1336.43,1351.93,1287.24,1334.8,8973401.704,11892132443.56242
2022-09-30,1334.8,1373.34,1307.53,1327.78,8510622.642,11394338399.68576
2022-10-01,1327.78,1333.38,1301.0,1311.31,2763699.151,3648363835.7798
2022-10-02,1311.32,1317.7,1266.66,1275.96,4140053.849,5371485640.17009
2022-10-03,1275.95,1329.0,1260.48,1322.59,5798622.25,7563682363.97532
2022-10-04,1322.58,1370.0,1318.06,1360.73,5536817.118,7456202392.44989
2022-10-05,1360.73,1364.75,1315.27,1351.61,5456174.624,7323277791.98338
2022-10-06,1351.6,1383.29,1344.0,1351.5,7101597.575,9688859096.22463
2022-10-07,1351.5,1361.21,1316.22,1330.41,5119226.33,6854336044.88562
2022-10-08,1330.42,1337.19,1302.0,1314.74,2182988.071,2887524977.80279
2022-10-09,1314.75,1328.72,1306.41,1322.61,2303208.579,3036627474.46765
2022-10-10,1322.6,1337.93,1284.38,1289.56,4968203.961,6508981566.24311
2022-10-11,1289.57,1297.7,1265.0,1279.68,5514583.049,7068866635.71179
2022-10-12,1279.67,1306.6,1274.35,1294.02,4405169.271,5701823057.72268
2022-10-13,1294.02,1301.0,1176.0,1286.38,10523564.637,13177563627.81076
2022-10-14,1286.38,1343.36,1282.74,1295.35,7171699.686,9450587003.03056
2022-10-15,1295.34,1301.32,1262.12,1274.13,3049822.11,3917050344.33982
2022-10-16,1274.12,1315.0,1273.98,1305.51,3282852.856,4242204246.14907
2022-10-17,1305.52,1338.16,1295.0,1330.62,5154706.89,6802174597.73257
2022-10-18,1330.62,1342.0,1285.11,1309.93,6506270.391,8569353674.81877
2022-10-19,1309.93,1312.78,1275.56,1284.45,4389238.836,5694630433.42334
2022-10-20,1284.45,1310.0,1270.0,1282.2,5294962.986,6829877558.46932
2022-10-21,1282.19,1307.0,1248.0,1299.08,6030198.052,7736955770.56057
2022-10-22,1299.08,1320.0,1293.67,1313.19,2486638.762,3251370186.83828
2022-10-23,1313.18,1371.0,1298.22,1363.44,3682722.299,4892526172.62552
2022-10-24,1363.43,1370.4,1322.25,1342.72,5502275.006,7394468406.05214
2022-10-25,1342.73,1533.68,1334.16,1459.2,11473585.177,16344240230.08303
2022-10-26,1459.19,1595.0,1456.69,1565.45,10817326.89,16625093320.88943
2022-10-27,1565.45,1588.0,1500.46,1513.7,8021549.342,12406744072.25012
2022-10-28,1513.7,1574.8,1475.0,1553.79,7430625.343,11324631030.27013
2022-10-29,1553.8,1665.0,1546.71,1618.82,7454042.474,12038906676.54819
2022-10-30,1618.82,1639.87,1574.6,1589.89,3955450.865,6332682157.97092
2022-10-31,1589.88,1634.93,1543.72,1572.01,7113753.83,11265423901.76959
2022-11-01,1572.0,1613.0,1562.7,1577.88,4495232.885,7122535302.01501
2022-11-02,1577.88,1622.5,1501.0,1517.26,8956953.565,13993599315.82898
2022-11-03,1517.26,1558.14,1514.07,1530.27,4820992.806,7425208238.02046
2022-11-04,1530.27,1679.4,1527.78,1644.09,8773312.803,14117291322.98787
2022-11-05,1644.08,1666.8,1620.1,1626.11,3007552.195,4936106420.27118
2022-11-06,1626.11,1638.5,1561.32,1567.42,3810965.466,6138703520.86827
2022-11-07,1567.42,1608.0,1544.94,1567.52,6311427.259,9948551937.36538
2022-11-08,1567.52,1580.54,1195.22,1333.4,20492980.873,29374837585.47329
2022-11-09,1333.4,1336.47,1071.14,1101.49,23279890.038,27924782502.31694
2022-11-10,1101.53,1350.0,1083.77,1298.21,15328692.985,18981639356.49054
2022-11-11,1298.3,1309.88,1199.57,1288.64,11730741.022,14813683425.71741
2022-11-12,1288.67,1291.69,1238.0,1256.82,4582467.37,5792014547.78374
2022-11-13,1256.85,1273.91,1200.0,1220.78,4739475.303,5856567989.37609
2022-11-14,1220.78,1290.0,1170.5,1242.89,9479256.426,11685915959.46197
2022-11-15,1242.9,1292.0,1232.52,1252.81,6157353.578,7759799922.32057
2022-11-16,1252.8,1268.2,1185.59,1215.78,6410929.265,7840175274.84689
2022-11-17,1215.72,1228.92,1181.0,1199.7,5819726.225,6998582017.23369
2022-11-18,1199.7,1235.0,1198.48,1212.04,3844518.715,4667089419.93724
2022-11-19,1212.05,1233.66,1196.0,1216.91,2150246.728,2603491616.74213
2022-11-20,1216.9,1226.5,1131.6,1141.57,5200695.873,6120393596.02878
2022-11-21,1141.53,1147.03,1077.32,1106.95,9738564.67,10872443056.73908
2022-11-22,1106.94,1142.96,1071.52,1139.11,7509599.62,8331237863.26098
2022-11-23,1139.11,1190.0,1127.01,1183.83,6642657.893,7724547462.35971
2022-11-24,1183.84,1216.71,1179.72,1202.92,5188015.378,6220071901.35329
2022-11-25,1202.93,1209.27,1170.99,1198.55,4268310.488,5071643622.45446
2022-11-26,1198.55,1238.0,1195.08,1204.84,3881430.501,4716635434.54015
2022-11-27,1205.0,1222.91,1186.58,1193.26,2990387.752,3624416287.45259
2022-11-28,1193.25,1198.8,1150.25,1167.21,5581193.574,6533252497.45609
2022-11-29,1167.2,1228.75,1156.06,1215.74,5916426.621,7132437233.9672
2022-11-30,1215.75,1312.99,1211.53,1294.02,6987495.376,8899047729.23707
2022-12-01,1294.09,1300.51,1262.0,1275.7,4742584.148,6068049140.14661
2022-12-02,1275.7,1297.24,1264.43,1295.0,4241223.544,5429934958.52178
2022-12-03,1294.99,1312.0,1235.17,1239.76,3733284.723,4739114178.11653
2022-12-04,1239.76,1287.99,1239.13,1278.82,3873239.959,4893240341.17784
2022-12-05,1278.82,1304.98,1246.0,1258.66,5401461.11,6905572840.95312
2022-12-06,1258.67,1274.42,1240.55,1270.72,4094634.401,5143559417.12193
2022-12-07,1270.72,1278.3,1217.02,1230.83,4598453.506,5688885187.00896
2022-12-08,1230.78,1294.31,1221.0,1279.73,5403214.246,6769034561.56288
2022-12-09,1279.72,1297.63,1254.0,1262.31,4410565.839,5628848627.17139
2022-12-10,1262.31,1283.92,1258.58,1265.88,2219440.107,2815529332.16199
2022-12-11,1265.87,1284.9,1255.0,1262.43,2427305.929,3084127004.0478
2022-12-12,1262.43,1278.83,1238.5,1274.88,4101114.474,5144565033.61437
2022-12-13,1274.89,1350.0,1254.32,1321.06,7377534.339,9619436612.69286
2022-12-14,1321.05,1354.4,1300.17,1307.76,5647195.942,7479465702.91782
2022-12-15,1307.76,1311.86,1256.1,1266.26,4199459.837,5374816224.59595
2022-12-16,1266.26,1279.76,1154.7,1166.2,7218530.189,8739897084.46596
2022-12-17,1166.19,1190.0,1161.07,1186.45,3336484.36,3926389487.824
2022-12-18,1186.44,1196.0,1171.12,1182.45,2877052.211,3402889257.43771
2022-12-19,1182.45,1194.86,1148.0,1167.21,4295030.572,5053649056.7304
2022-12-20,1167.21,1232.0,1162.5,1216.21,5778341.186,6963536310.44835
2022-12-21,1216.22,1226.0,1202.06,1213.21,2943786.951,3566753016.5772
2022-12-22,1213.21,1239.99,1182.0,1217.39,4400633.138,5306923844.99218
2022-12-23,1217.38,1234.25,1208.33,1219.5,3311152.464,4040440150.9293
2022-12-24,1219.5,1229.0,1214.0,1219.96,1200985.985,1464144965.51859
2022-12-25,1219.96,1225.0,1187.54,1217.96,2475907.604,3000167697.41548
2022-12-26,1217.97,1231.49,1210.0,1227.57,1928492.812,2350576564.38967
2022-12-27,1227.57,1233.97,1200.0,1211.29,3078179.63,3740892959.73712
2022-12-28,1211.29,1215.42,1177.5,1189.93,4121050.599,4927046581.26896
2022-12-29,1189.94,1207.97,1186.24,1200.35,3022857.135,3619014162.58405
2022-12-30,1200.36,1203.0,1180.0,1199.66,2868990.449,3423709126.11584
2022-12-31,1199.67,1209.0,1190.26,1196.1,1688387.94,2024981394.9103
2023-01-01,1196.1,1204.79,1190.8,1199.96,1381763.488,1654443731.79587
2023-01-02,1199.96,1225.0,1191.5,1213.23,2831791.319,3431524206.10823
2023-01-03,1213.24,1219.5,1203.05,1214.23,2418195.012,2931903414.03335
2023-01-04,1214.22,1275.0,1212.16,1256.39,5329817.195,6655447772.02725
2023-01-05,1256.39,1260.0,1242.22,1251.08,2662864.999,3329922187.67573
2023-01-06,1251.08,1277.77,1233.0,1268.54,4156167.363,5216519703.013
2023-01-07,1268.54,1270.66,1260.53,1263.65,1186947.058,1500580014.03508
2023-01-08,1263.64,1296.0,1256.3,1289.65,2415068.332,3068138464.86221
2023-01-09,1289.64,1345.0,1284.81,1320.32,6326600.832,8343049682.27575
2023-01-10,1320.32,1348.7,1316.74,1335.3,3653151.641,4864320674.8589
2023-01-11,1335.29,1400.0,1319.52,1389.26,4603732.161,6190290564.99127
2023-01-12,1389.25,1439.36,1358.0,1415.84,8272496.444,11611529579.13658
2023-01-13,1415.85,1465.49,1400.7,1450.94,5096738.5,7246536108.50026
2023-01-14,1450.95,1644.92,1448.7,1550.27,7348877.264,11302279848.04887
2023-01-15,1550.27,1570.0,1516.02,1553.47,3651240.364,5624513802.85479
2023-01-16,1553.48,1610.5,1520.0,1577.11,5395191.668,8433001908.55222
2023-01-17,1577.25,1609.0,1540.0,1565.84,4580613.258,7212262387.95917
2023-01-18,1565.83,1614.6,1501.21,1511.66,6932415.112,10794454438.88289
2023-01-19,1511.6,1565.0,1509.87,1551.11,3660939.013,5615305826.41623
2023-01-20,1551.11,1680.0,1541.6,1659.01,5324812.863,8486281244.20332
2023-01-21,1659.01,1682.44,1615.3,1627.63,4643566.522,7675267204.16943
2023-01-22,1627.63,1666.0,1603.39,1628.14,3827578.409,6244645504.84663
2023-01-23,1628.13,1650.0,1585.21,1626.9,3969684.229,6458881282.47335
2023-01-24,1626.9,1641.89,1530.0,1555.99,4505754.932,7238645481.42649
2023-01-25,1556.0,1641.18,1512.3,1611.41,6003304.445,9396221038.91902
2023-01-26,1611.44,1633.0,1575.66,1600.69,4235877.329,6803196691.7946
2023-01-27,1600.69,1621.46,1551.1,1597.08,4349734.136,6892435836.78376
2023-01-28,1597.08,1606.66,1555.0,1571.52,2478890.254,3918631425.95445
2023-01-29,1571.52,1663.68,1565.98,1645.67,5099573.535,8242123689.74398
2023-01-30,1645.67,1648.49,1529.04,1565.92,5031935.997,7994874441.45608
2023-01-31,1565.93,1605.67,1561.04,1585.02,3444437.709,5443354538.36838
2023-02-01,1585.02,1648.76,1554.57,1641.8,5095996.279,8138789577.81239
2023-02-02,1641.81,1717.0,1625.0,1643.81,6256821.466,10469433177.5439
2023-02-03,1643.82,1677.0,1622.0,1663.68,4613666.206,7613169004.81489
2023-02-04,1663.69,1696.99,1645.0,1666.44,2708043.817,4528626441.07317
2023-02-05,1666.44,1674.59,1608.0,1628.98,3600230.231,5915689068.44671
2023-02-06,1628.98,1659.0,1602.0,1613.9,3905639.202,6376859033.52747
2023-02-07,1613.89,1679.03,1612.49,1670.51,4525016.709,7450540052.39308
2023-02-08,1670.5,1699.0,1631.0,1650.26,4145086.428,6891130617.52701
2023-02-09,1650.26,1656.2,1522.0,1544.68,6604140.847,10570920339.39659
2023-02-10,1544.67,1554.0,1486.28,1512.26,4905464.68,7508443152.4602
2023-02-11,1512.25,1542.82,1502.83,1537.65,2103873.253,3199893749.52892
2023-02-12,1537.64,1547.7,1491.0,1514.49,2649623.411,4044008570.62891
2023-02-13,1514.48,1526.1,1460.0,1504.85,5918159.268,8822293928.12193
2023-02-14,1504.86,1568.98,1470.0,1554.94,6535322.162,9982603577.18941
2023-02-15,1554.94,1684.1,1541.77,1675.0,5965469.291,9558331915.34157
2023-02-16,1674.99,1744.5,1634.02,1639.0,7811713.183,13211292223.81743
2023-02-17,1638.99,1722.62,1631.31,1694.12,5957429.029,9986189969.91788
2023-02-18,1694.1,1715.0,1679.13,1691.66,2188299.314,3708739130.00816
2023-02-19,1691.65,1729.58,1666.0,1680.31,3595633.465,6100181496.80222
2023-02-20,1680.46,1720.39,1650.0,1703.7,4212950.942,7148997088.38648
2023-02-21,1703.71,1716.99,1635.0,1659.2,4978504.599,8351819569.77419
2023-02-22,1659.2,1667.62,1591.17,1642.01,5674489.615,9245679948.95379
2023-02-23,1642.01,1678.56,1627.64,1649.69,5209103.366,8615177343.6624
2023-02-24,1649.68,1664.44,1572.0,1607.12,5126530.811,8303467975.32484
2023-02-25,1607.11,1608.34,1556.08,1593.59,2522137.13,4010474034.10132
2023-02-26,1593.6,1652.91,1586.35,1640.49,2823827.922,4564751214.9919
2023-02-27,1640.51,1664.97,1606.71,1632.6,4195083.677,6870579195.6605
2023-02-28,1632.61,1646.99,1595.0,1604.72,3664338.319,5961137503.73183
2023-03-01,1604.73,1670.0,1593.03,1664.46,4455452.375,7331741626.01347
2023-03-02,1664.47,1677.74,1617.83,1647.29,3990138.366,6548059757.19698
2023-03-03,1647.29,1648.78,1534.85,1568.86,5211938.594,8180795615.35683
2023-03-04,1568.85,1577.0,1548.0,1566.05,1814800.844,2838940116.034
2023-03-05,1566.05,1588.08,1552.07,1564.06,2504148.446,3930326242.67598
2023-03-06,1564.06,1583.19,1553.29,1565.17,2751818.445,4310268929.36937
2023-03-07,1565.17,1584.0,1524.0,1561.29,4147930.855,6464685741.27135
2023-03-08,1561.3,1570.0,1520.0,1531.82,3963442.596,6153983307.15385
2023-03-09,1531.81,1545.78,1402.8,1436.42,6580693.11,9821140426.08169
2023-03-10,1436.42,1438.17,1367.51,1425.79,9938476.933,13998824363.90489
2023-03-11,1425.8,1478.0,1407.48,1471.03,7155608.693,10335156488.57957
2023-03-12,1471.03,1597.29,1446.65,1579.26,6809861.012,10289085088.51228
2023-03-13,1579.26,1700.0,1564.18,1673.9,9437876.215,15324628550.22331
2023-03-14,1673.91,1779.05,1655.0,1699.93,9038833.861,15496848069.26033
2023-03-15,1699.93,1718.34,1611.63,1649.81,7616093.701,12666499395.59632
2023-03-16,1649.82,1693.0,1632.0,1672.56,4599500.477,7617308540.09723
2023-03-17,1672.57,1801.22,1661.57,1789.21,6694758.759,11584029077.18723
2023-03-18,1789.21,1846.15,1745.0,1758.52,5475097.503,9841499219.83983
2023-03-19,1758.52,1841.96,1757.8,1779.99,4626069.971,8310885359.15003
2023-03-20,1779.98,1803.37,1722.1,1731.71,5373050.445,9477798166.4006
2023-03-21,1731.71,1836.0,1716.0,1800.14,5619744.412,10019890870.83099
2023-03-22,1800.13,1819.4,1709.0,1733.61,6034436.316,10708921360.87074
2023-03-23,1733.61,1860.0,1728.5,1813.27,5198586.173,9324634529.86897
2023-03-24,1813.26,1818.17,1720.0,1748.77,4912493.752,8679521189.99405
2023-03-25,1748.77,1763.7,1712.02,1741.02,2338463.552,4073640165.89135
2023-03-26,1741.02,1800.0,1738.29,1772.63,2889759.744,5109438055.6122
2023-03-27,1772.63,1779.79,1684.0,1714.35,4306582.468,7455510896.43108
2023-03-28,1714.34,1797.19,1700.55,1772.09,4167114.123,7259377635.49757
2023-03-29,1772.11,1828.58,1771.66,1791.89,3725356.756,6711651489.12707
2023-03-30,1791.89,1829.88,1760.84,1792.77,4163974.718,7462948646.57345
2023-03-31,1792.76,1848.0,1777.0,1820.81,3958210.583,7182992018.54653
2023-04-01,1820.81,1842.8,1805.5,1819.82,1675351.82,3052725254.36357
2023-04-02,1819.83,1824.6,1770.0,1793.56,2192606.026,3949711148.25586
2023-04-03,1793.55,1840.0,1761.25,1809.68,4518659.82,8135938230.19109
2023-04-04,1809.68,1895.0,1800.69,1869.11,4275707.73,7917928013.22222
2023-04-05,1869.11,1945.0,1863.69,1907.48,4197070.072,8002757302.09807
2023-04-06,1907.49,1908.84,1851.6,1871.33,3037614.773,5695615572.83125
2023-04-07,1871.34,1881.94,1840.0,1862.87,2094298.392,3892274987.5975
2023-04-08,1862.88,1878.81,1846.0,1848.02,1433874.915,2670491237.61519
2023-04-09,1848.01,1873.7,1820.31,1857.84,2391096.749,4411928549.86057
2023-04-10,1857.84,1919.12,1845.04,1908.9,3082285.12,5789773602.66807
2023-04-11,1908.91,1938.0,1880.67,1888.89,3135834.566,5992414574.57517
2023-04-12,1888.89,1933.0,1850.38,1916.86,5177985.751,9820582527.1319
2023-04-13,1916.86,2025.0,1898.01,2011.8,5944851.519,11737826015.50057
2023-04-14,2011.8,2137.64,2009.0,2099.77,6908499.4,14466877844.1142
2023-04-15,2099.77,2113.28,2071.0,2091.2,2619968.921,5490344951.01392
2023-04-16,2091.2,2146.1,2072.4,2118.09,2905235.978,6115423203.35783
2023-04-17,2118.09,2120.64,2055.5,2074.49,3410289.359,7103102832.76539
2023-04-18,2074.49,2126.63,2047.64,2103.29,3542599.96,7413341871.08492
2023-04-19,2103.29,2104.61,1921.0,1932.83,5712106.365,11407976091.09683
2023-04-20,1932.83,1983.22,1905.75,1942.11,4486102.176,8732216194.09306
2023-04-21,1942.1,1956.82,1822.01,1848.0,5520829.389,10453785961.75719
2023-04-22,1848.01,1886.5,1839.26,1873.39,2233900.931,4160733028.8103
2023-04-23,1873.4,1882.11,1833.3,1861.3,2624859.049,4883738761.28466
2023-04-24,1861.3,1891.3,1806.0,1841.19,4637382.676,8559463422.76587
2023-04-25,1841.19,1877.6,1797.98,1865.4,4166439.286,7632322493.54573
2023-04-26,1865.4,1964.7,1782.03,1865.02,7328089.271,13832491013.22545
2023-04-27,1865.03,1939.4,1858.55,1907.67,5486808.619,10425583648.13769
2023-04-28,1907.68,1923.63,1873.0,1890.13,3142216.755,5966985911.23344
2023-04-29,1890.13,1917.27,1881.1,1907.01,1593882.469,3028671705.69795
2023-04-30,1907.01,1940.0,1863.9,1868.41,2977980.167,5678023570.39942
2023-05-01,1868.41,1885.56,1805.28,1829.97,3740379.561,6871929627.84383
2023-05-02,1829.97,1882.6,1821.25,1869.2,3065412.118,5666257518.06199
2023-05-03,1869.21,1917.29,1841.71,1904.74,4144638.549,7762176084.36052
2023-05-04,1904.74,1918.61,1865.72,1876.13,2639262.752,4990059178.68051
2023-05-05,1876.14,2004.99,1874.8,1992.56,5053850.5,9793284393.60356
2023-05-06,1992.55,2023.66,1850.0,1895.29,4880833.923,9391662414.45572
2023-05-07,1895.3,1933.0,1865.32,1869.5,3198475.667,6096392897.08655
2023-05-08,1869.51,1883.17,1810.0,1846.54,4905366.653,9079925715.77355
2023-05-09,1846.54,1863.0,1830.05,1845.8,2509784.607,4627725853.77786
2023-05-10,1845.8,1887.0,1785.74,1839.86,4903103.427,9053981839.2211
2023-05-11,1839.86,1841.54,1768.42,1793.24,4005939.727,7238023894.70517
2023-05-12,1793.25,1820.0,1735.37,1806.53,4274267.712,7571365343.22157
2023-05-13,1806.53,1816.24,1784.0,1794.44,1794108.348,3228545808.33887
2023-05-14,1794.44,1825.27,1789.41,1798.25,2065119.626,3725543210.17867
2023-05-15,1798.26,1848.0,1783.51,1815.56,3062945.098,5584428011.28594
2023-05-16,1815.56,1832.93,1795.0,1823.53,2559941.664,4647961186.01632
2023-05-17,1823.52,1837.85,1781.0,1821.65,3158227.207,5716856398.18019
2023-05-18,1821.65,1831.46,1770.0,1799.69,3046459.303,5507830657.71073
2023-05-19,1799.69,1830.0,1795.72,1811.38,2142895.0,3879976465.72274
2023-05-20,1811.38,1828.88,1805.96,1818.59,1031296.976,1872602029.56196
2023-05-21,1818.59,1828.91,1794.45,1803.89,1397629.152,2530470510.36566
2023-05-22,1803.9,1827.99,1790.76,1816.67,2270653.543,4115022438.72039
2023-05-23,1816.68,1874.23,1814.25,1853.36,2935200.681,5428836551.9576
2023-05-24,1853.37,1853.5,1775.0,1798.84,3607753.797,6525113256.73166
2023-05-25,1798.84,1819.93,1758.0,1804.65,2893039.67,5185691223.35058
2023-05-26,1804.65,1837.93,1795.99,1826.81,2175357.921,3959307938.13433
2023-05-27,1826.81,1835.7,1810.63,1828.85,1194937.504,2181720432.26159
2023-05-28,1828.85,1930.0,1822.31,1908.36,2905772.688,5415391316.17548
2023-05-29,1908.36,1928.2,1872.0,1891.5,2477917.179,4704184612.1712
2023-05-30,1891.51,1917.0,1880.02,1899.81,2207189.76,4200115983.3063
2023-05-31,1899.81,1906.57,1845.0,1872.84,2656970.771,4967704528.00343
2023-06-01,1872.85,1889.61,1837.94,1860.59,2605797.159,4857143174.4757
2023-06-02,1860.59,1911.0,1846.0,1905.58,2646266.39,4992858140.85456
2023-06-03,1905.59,1907.09,1878.5,1890.91,1280350.751,2427982701.83077
2023-06-04,1890.9,1914.53,1883.19,1888.54,1547682.823,2939610066.72539
2023-06-05,1888.54,1890.01,1775.0,1810.03,4257292.031,7829891468.02886
2023-06-06,1810.03,1898.0,1796.0,1883.26,4333156.268,7988336481.22652
2023-06-07,1883.26,1897.2,1820.0,1831.31,3703943.621,6871014307.4863
2023-06-08,1831.32,1861.41,1827.42,1844.94,1833404.039,3381316556.27167
2023-06-09,1844.93,1854.77,1825.0,1839.61,1930535.751,3552821831.1683
2023-06-10,1839.61,1844.8,1712.08,1750.64,5551171.332,9774108050.69357
2023-06-11,1750.65,1778.36,1737.29,1751.8,2030813.582,3559919133.52975
2023-06-12,1751.8,1759.32,1717.5,1741.61,2615423.791,4546659536.76596
2023-06-13,1741.6,1766.53,1722.53,1739.24,2978916.867,5193391874.7618
2023-06-14,1739.24,1749.65,1625.5,1650.18,3962845.762,6743167988.43778
2023-06-15,1650.19,1680.0,1625.56,1665.64,3284979.384,5417639691.08114
2023-06-16,1665.64,1730.0,1644.65,1717.31,3099475.105,5225967567.41919
2023-06-17,1717.31,1775.0,1713.38,1727.2,2161730.858,3756474597.35009
2023-06-18,1727.19,1747.5,1710.77,1719.99,1638597.358,2834954534.14003
2023-06-19,1719.99,1753.0,1689.29,1736.21,2591602.407,4467229390.33761
2023-06-20,1736.2,1796.84,1713.57,1791.37,3466422.973,6080886439.10825
2023-06-21,1791.37,1901.6,1786.56,1888.31,5330798.831,9829732060.96629
2023-06-22,1888.3,1933.7,1862.0,1871.36,3137860.418,5950906236.05417
2023-06-23,1871.37,1938.48,1859.96,1892.2,3405962.433,6453773157.88428
2023-06-24,1892.2,1905.6,1863.0,1874.48,1763224.894,3321937126.86462
2023-06-25,1874.47,1929.96,1867.84,1898.27,2781158.136,5289332862.49297
2023-06-26,1898.26,1909.32,1836.0,1858.14,3400509.135,6370416998.95966
2023-06-27,1858.14,1912.65,1854.14,1889.05,2829280.124,5325411157.57672
2023-06-28,1889.05,1889.65,1811.89,1827.26,3088158.07,5721684180.26515
2023-06-29,1827.26,1879.98,1827.02,1851.19,2244626.491,4161267238.70473
2023-06-30,1851.18,1947.31,1820.0,1933.41,5961506.278,11262001146.78503
2023-07-01,1933.42,1944.69,1908.55,1924.08,1584006.709,3044484799.23761
2023-07-02,1924.08,1964.0,1883.55,1937.69,2602287.765,5000254512.61926
2023-07-03,1937.69,1978.0,1933.04,1955.0,2783862.146,5455730800.61678
2023-07-04,1955.0,1967.91,1930.37,1935.72,1913551.422,3733154567.49133
2023-07-05,1935.72,1942.22,1892.9,1909.88,2290593.319,4386390984.97652
2023-07-06,1909.88,1957.94,1844.47,1844.82,4219617.366,8025247594.29251
2023-07-07,1844.81,1877.51,1823.74,1870.0,2150375.881,3994359583.46465
2023-07-08,1870.0,1873.1,1841.28,1864.45,1144653.748,2127599970.73217
2023-07-09,1864.45,1878.98,1855.2,1861.81,1315813.529,2455983243.42244
2023-07-10,1861.81,1904.96,1845.09,1879.34,2457486.761,4599947109.42808
2023-07-11,1879.35,1892.32,1861.1,1877.66,1690867.909,3168583574.5677
2023-07-12,1877.66,1901.86,1863.15,1870.81,2514859.274,4739014879.90064
2023-07-13,1870.82,2014.8,1861.59,2004.78,5072952.783,9872664104.00889
2023-07-14,2004.77,2031.28,1896.8,1936.74,4202754.58,8269315805.5465
2023-07-15,1936.74,1945.89,1925.54,1930.4,1111948.993,2150367734.53819
2023-07-16,1930.4,1942.78,1912.09,1920.97,1270216.239,2450221634.39045
2023-07-17,1920.97,1935.45,1872.0,1910.37,2551243.537,4862622170.96846
2023-07-18,1910.37,1916.62,1875.0,1896.46,1989216.045,3773730051.42879
2023-07-19,1896.47,1925.0,1881.0,1887.55,2046151.353,3896411754.63565
2023-07-20,1887.55,1928.81,1875.6,1890.56,2682007.64,5094834736.36539
2023-07-21,1890.56,1905.97,1883.42,1890.84,1423334.683,2693663745.42729
2023-07-22,1890.84,1896.85,1835.39,1865.6,1146954.994,2154869158.92295
2023-07-23,1865.6,1904.57,1856.68,1887.86,1545904.444,2907676982.84785
2023-07-24,1887.85,1890.2,1829.0,1849.04,2113287.416,3919275815.32224
2023-07-25,1849.04,1868.54,1844.5,1856.91,1320722.986,2451833082.62795
2023-07-26,1856.91,1887.79,1846.9,1870.98,1946701.756,3628405350.49632
2023-07-27,1870.97,1885.57,1854.0,1860.28,1593279.389,2978878030.2649
2023-07-28,1860.29,1883.76,1855.57,1873.39,1378048.23,2576729426.7434
2023-07-29,1873.38,1886.19,1868.56,1879.85,749505.043,1405661589.82189
2023-07-30,1879.86,1885.0,1845.56,1860.76,1386061.233,2588400428.31909
2023-07-31,1860.77,1876.73,1850.08,1855.39,1421399.856,2648009197.68637
2023-08-01,1855.4,1875.87,1808.47,1873.05,2857111.757,5253762221.9205
2023-08-02,1873.06,1879.27,1820.0,1839.07,2433052.599,4499307943.90133
2023-08-03,1839.07,1858.9,1825.0,1834.69,1708783.419,3145302649.42659
2023-08-04,1834.69,1851.0,1808.77,1829.4,1914149.705,3512140548.40425
2023-08-05,1829.4,1838.62,1826.7,1835.5,649573.659,1190327889.76681
2023-08-06,1835.5,1838.6,1825.0,1829.38,804165.426,1473035578.85485
2023-08-07,1829.39,1846.86,1800.0,1828.18,2235036.668,4078589895.0943
2023-08-08,1828.18,1878.0,1825.35,1855.36,2299167.676,4246702788.46169
2023-08-09,1855.36,1871.28,1845.18,1854.7,1405393.116,2608828366.62844
2023-08-10,1854.69,1865.38,1844.81,1851.42,1190359.595,2206051375.26295
2023-08-11,1851.43,1857.99,1834.52,1848.04,1079579.87,1994538363.42238
2023-08-12,1848.04,1853.02,1845.35,1849.14,450661.209,833424956.61809
2023-08-13,1849.14,1861.93,1833.4,1840.09,841324.653,1554669146.88981
2023-08-14,1840.09,1855.86,1834.28,1844.81,1283582.445,2369924279.03675
2023-08-15,1844.8,1846.75,1810.92,1828.28,1212865.745,2224006399.87829
2023-08-16,1828.27,1830.87,1791.11,1807.19,1557481.275,2830987601.01116
2023-08-17,1807.19,1809.66,1492.66,1681.0,5897283.822,10069596308.31243
2023-08-18,1681.0,1698.98,1638.48,1660.76,2961785.532,4956722774.94701
2023-08-19,1660.76,1696.14,1653.36,1668.69,1374954.312,2295511190.10816
2023-08-20,1668.7,1694.36,1660.22,1684.16,1165848.58,1950618000.36989
2023-08-21,1684.15,1687.78,1647.22,1666.79,1716607.681,2864914067.06811
2023-08-22,1666.8,1668.57,1575.0,1634.5,2628650.16,4297253119.31144
2023-08-23,1634.49,1703.85,1628.5,1678.8,2809971.177,4668477789.68188
2023-08-24,1678.79,1682.88,1631.66,1660.22,1739875.239,2884193910.79672
2023-08-25,1660.23,1676.73,1634.43,1653.24,1842552.274,3043887039.99092
2023-08-26,1653.25,1654.77,1643.01,1646.28,499811.129,824120366.34905
2023-08-27,1646.29,1659.57,1645.38,1657.59,657340.273,1086302322.04676
2023-08-28,1657.59,1663.88,1618.0,1652.51,1672402.974,2751962940.19508
2023-08-29,1652.5,1747.15,1639.01,1728.51,3479356.341,5922298880.94104
2023-08-30,1728.52,1730.37,1688.0,1704.39,1539234.041,2633294810.54013
2023-08-31,1704.39,1730.0,1628.3,1645.27,2488894.539,4174430139.24252
2023-09-01,1645.26,1653.89,1601.22,1628.19,2089554.942,3406667604.15655
2023-09-02,1628.2,1644.99,1627.05,1636.24,754625.922,1233123837.93811
2023-09-03,1636.24,1648.24,1623.93,1635.02,838943.974,1371255502.34573
2023-09-04,1635.03,1644.5,1614.76,1630.09,1087824.165,1772994172.54402
2023-09-05,1630.08,1648.0,1608.45,1633.63,1444381.953,2353454200.55271
2023-09-06,1633.63,1680.0,1606.74,1632.33,1835281.753,2997580765.06195
2023-09-07,1632.33,1659.7,1622.61,1647.27,1570880.608,2572833662.21947
2023-09-08,1647.25,1658.77,1615.0,1635.78,1482115.785,2422307107.23686
2023-09-09,1635.77,1636.92,1629.0,1634.8,411166.927,671640259.67899
2023-09-10,1634.81,1635.05,1590.0,1616.47,1532646.839,2479591561.04642
2023-09-11,1616.46,1618.35,1528.61,1551.03,3273332.648,5152734588.80112
2023-09-12,1551.02,1626.78,1548.7,1592.29,2987142.357,4756772634.50226
2023-09-13,1592.29,1620.0,1580.46,1606.68,1869877.516,2989447575.59212
2023-09-14,1606.69,1644.45,1606.02,1625.65,2118267.271,3445036998.14618
2023-09-15,1625.65,1653.91,1610.0,1640.67,1426966.202,2324102928.93025
2023-09-16,1640.66,1652.97,1630.37,1633.68,778800.039,1275526426.27402
2023-09-17,1633.68,1634.43,1610.81,1621.62,946075.604,1536971431.17038
2023-09-18,1621.63,1668.64,1598.58,1635.63,2369929.712,3889929749.54443
2023-09-19,1635.63,1660.69,1625.02,1642.49,1776617.676,2919971038.79256
2023-09-20,1642.48,1648.68,1602.0,1621.6,1872818.8,3048153518.40011
2023-09-21,1621.6,1624.81,1565.5,1583.0,2049732.627,3270921337.69404
2023-09-22,1583.0,1602.28,1575.46,1592.28,1121431.042,1785915865.79037
2023-09-23,1592.28,1597.6,1586.53,1592.97,512678.235,816248305.47904
2023-09-24,1592.97,1600.95,1568.28,1579.99,884404.712,1404537061.94281
2023-09-25,1579.99,1597.13,1562.0,1587.69,1624097.779,2566160541.55339
2023-09-26,1587.68,1599.4,1578.61,1593.3,1186689.092,1884723615.62952
2023-09-27,1593.3,1633.98,1582.64,1597.89,2305835.91,3703063187.32729
2023-09-28,1597.89,1668.0,1597.17,1652.13,2832920.096,4633523879.60758
2023-09-29,1652.13,1687.65,1647.5,1666.61,1996104.505,3329523068.64839
2023-09-30,1666.61,1694.11,1665.27,1670.18,1063587.313,1783660358.78097
2023-10-01,1670.17,1780.0,1666.69,1733.39,1762739.428,2997174137.30115
2023-10-02,1733.4,1743.99,1619.99,1661.49,3140059.122,5329837520.60813
2023-10-03,1661.49,1669.94,1642.03,1656.18,1574186.817,2606720930.49924
2023-10-04,1656.19,1657.05,1615.0,1645.75,1760659.358,2888984570.87979
2023-10-05,1645.76,1655.13,1601.28,1611.23,1929063.873,3142418022.15932
2023-10-06,1611.24,1664.6,1610.59,1644.33,2078440.945,3396848695.37563
2023-10-07,1644.32,1647.16,1629.03,1633.18,729971.504,1195721405.78214
2023-10-08,1633.17,1640.9,1615.19,1632.02,1153340.712,1878584822.50507
2023-10-09,1632.03,1635.81,1544.3,1579.4,2950124.049,4687163300.24275
2023-10-10,1579.39,1594.4,1545.6,1566.89,2076875.007,3269769387.62689
2023-10-11,1566.89,1577.89,1541.78,1566.07,2381820.983,3720791581.44529
2023-10-12,1566.08,1568.06,1514.5,1538.81,2299190.123,3548262571.00839
2023-10-13,1538.82,1575.53,1536.65,1551.55,1795481.428,2781970955.41561
2023-10-14,1551.55,1561.7,1543.83,1554.15,791727.302,1228665922.21849
2023-10-15,1554.15,1567.0,1546.14,1557.25,1000513.27,1557409625.42848
2023-10-16,1557.25,1642.0,1554.1,1598.61,3513907.329,5586981341.03709
2023-10-17,1598.61,1599.83,1541.0,1563.99,1821162.481,2869574835.22577
2023-10-18,1564.0,1584.9,1554.7,1562.65,1722717.852,2706429797.06621
2023-10-19,1562.66,1574.34,1539.0,1565.89,1914194.811,2979513487.14482
2023-10-20,1565.9,1630.01,1560.37,1603.14,2591313.635,4147073641.09869
2023-10-21,1603.15,1643.84,1591.25,1628.29,1630618.809,2637996263.05947
2023-10-22,1628.29,1667.5,1620.0,1662.83,1922557.976,3147813653.67379
2023-10-23,1662.82,1803.0,1656.25,1766.35,5040484.646,8602139318.25797
2023-10-24,1766.35,1854.87,1755.28,1784.31,5148312.495,9289125142.383
2023-10-25,1784.3,1818.55,1759.16,1786.71,2706185.955,4842621703.21632
2023-10-26,1786.7,1872.64,1757.25,1803.3,4046404.43,7321211035.63508
2023-10-27,1803.31,1803.92,1735.5,1780.02,2440107.981,4342572403.59896
2023-10-28,1780.03,1806.23,1767.37,1776.76,1074543.724,1919964127.56444
2023-10-29,1776.76,1813.1,1762.49,1795.49,1315116.448,2355557946.44111
2023-10-30,1795.48,1832.65,1776.94,1809.81,2334817.504,4215510289.5673
2023-10-31,1809.82,1820.91,1781.0,1815.67,2155865.116,3883759064.22507
2023-11-01,1815.66,1861.63,1782.73,1848.2,3596670.145,6543306690.18927
2023-11-02,1848.2,1876.26,1784.0,1800.68,2902767.066,5310717363.58517
2023-11-03,1800.68,1834.32,1775.36,1832.49,2284646.929,4119457491.29056
2023-11-04,1832.49,1870.68,1823.32,1856.08,1368734.648,2518749107.0753
2023-11-05,1856.08,1914.96,1846.21,1892.49,3049000.645,5744702487.69734
2023-11-06,1892.49,1916.8,1869.13,1901.71,2360118.573,4471746197.27929
2023-11-07,1901.72,1908.47,1850.1,1885.79,2747654.474,5170405915.43216
2023-11-08,1885.79,1906.2,1873.13,1888.42,1671720.477,3158948638.69263
2023-11-09,1888.42,2134.3,1881.79,2122.92,8102128.485,16206007619.1415
2023-11-10,2122.92,2139.6,2066.0,2079.1,3645227.908,7658220087.43382
2023-11-11,2079.1,2091.97,2021.0,2054.52,2484048.95,5117869676.2676
2023-11-12,2054.53,2068.96,2011.5,2046.08,1719295.996,3521190449.16089
2023-11-13,2046.07,2120.0,2030.0,2055.18,4007607.657,8297650404.00478
2023-11-14,2055.18,2066.39,1920.0,1980.11,3803937.012,7681721989.8978
2023-11-15,1980.11,2064.08,1967.85,2059.29,3044717.364,6140731223.70993
2023-11-16,2059.3,2093.0,1938.4,1962.13,4348334.629,8782074171.55734
2023-11-17,1962.14,1992.26,1903.81,1961.21,3228385.518,6299859702.20526
2023-11-18,1961.21,1972.06,1916.0,1963.19,1643154.159,3202110781.79973
2023-11-19,1963.19,2016.45,1943.44,2012.46,1726269.572,3401707212.28241
2023-11-20,2012.45,2068.8,1981.96,2022.41,3280845.795,6650412053.45637
2023-11-21,2022.41,2036.06,1929.85,1933.44,4105107.032,8161456877.11487
2023-11-22,1933.44,2093.78,1928.74,2063.91,3525684.092,7155330992.38286
2023-11-23,2063.92,2089.75,2033.5,2062.68,2101282.327,4333101748.32414
2023-11-24,2062.67,2135.0,2057.77,2081.16,3231969.816,6778271023.31061
2023-11-25,2081.16,2090.79,2065.59,2082.87,1027458.693,2137077833.54589
2023-11-26,2082.87,2094.96,2035.0,2061.97,2265552.05,4687601793.16523
2023-11-27,2061.97,2071.0,1985.0,2027.57,2895401.474,5861604298.08316
2023-11-28,2027.57,2075.87,1994.85,2048.2,2601579.447,5299174745.72606
2023-11-29,2048.21,2077.0,2018.56,2028.41,2090299.255,4272821333.41157
2023-11-30,2028.41,2054.97,2020.4,2051.76,1702901.412,3467788056.2867
2023-12-01,2051.77,2111.5,2044.35,2086.99,2908736.552,6077197060.66088
2023-12-02,2086.99,2199.99,2085.63,2165.28,2703872.717,5771277302.8414
2023-12-03,2165.26,2219.17,2148.17,2193.24,2138376.029,4647728772.82338
2023-12-04,2193.25,2276.84,2191.52,2243.66,3783378.877,8452455553.34357
2023-12-05,2243.67,2311.51,2186.0,2293.97,4121719.56,9263997221.57883
2023-12-06,2293.97,2314.98,2218.49,2233.29,2935176.941,6656006363.54016
2023-12-07,2233.32,2387.2,2222.08,2357.04,3592068.146,8267176771.20482
2023-12-08,2357.05,2397.44,2333.36,2360.82,2691981.223,6360273773.82462
2023-12-09,2360.82,2407.63,2328.0,2342.4,2422255.37,5724964316.41979
2023-12-10,2342.41,2379.98,2323.0,2353.97,1509788.704,3549153797.86988
2023-12-11,2353.99,2356.73,2114.63,2225.56,4715186.38,10505238677.09641
2023-12-12,2225.55,2245.37,2164.82,2204.7,2861907.892,6320204699.44428
2023-12-13,2204.71,2285.91,2145.33,2261.44,3400818.732,7496980793.2386
2023-12-14,2261.45,2333.29,2212.04,2316.54,3279042.292,7482325202.55013
2023-12-15,2316.53,2319.32,2195.28,2221.71,2619585.033,5917897874.7053
2023-12-16,2221.71,2264.95,2211.16,2229.64,1615397.454,3624431712.39292
2023-12-17,2229.63,2251.24,2190.0,2197.93,1888776.25,4193330348.14639
2023-12-18,2197.93,2226.52,2116.56,2220.48,3103789.978,6733348048.69405
2023-12-19,2220.49,2256.64,2135.03,2179.02,2922787.525,6442713698.58217
2023-12-20,2179.01,2269.56,2156.0,2203.95,3264604.314,7232731576.40189
2023-12-21,2203.95,2282.41,2184.9,2241.35,3165860.981,7068225568.50204
2023-12-22,2241.47,2345.95,2232.56,2326.53,4099057.645,9424688260.19954
2023-12-23,2326.54,2332.75,2265.0,2309.86,1865910.468,4279554665.09509
2023-12-24,2309.86,2328.79,2241.2,2265.43,2062149.982,4721397589.48568
2023-12-25,2265.42,2308.0,2254.38,2273.07,1894335.789,4319976648.99361
2023-12-26,2273.08,2277.51,2178.84,2232.44,2717406.562,6062439161.58762
2023-12-27,2232.45,2395.0,2213.68,2380.31,3570723.046,8260845965.55004
2023-12-28,2380.32,2455.52,2336.02,2345.96,4260463.058,10170568781.88293
2023-12-29,2345.98,2388.74,2254.72,2300.6,3866751.979,9014828986.57667
2023-12-30,2300.61,2325.0,2269.15,2293.26,1809956.531,4159237315.21914
2023-12-31,2293.26,2324.78,2258.0,2283.85,1671717.997,3840542439.66964
2024-01-01,2283.84,2354.95,2266.67,2354.62,1658563.418,3833607643.67903
2024-01-02,2354.63,2434.49,2335.0,2356.93,3376173.73,8044076762.32824
2024-01-03,2356.92,2387.48,2067.16,2210.39,4996919.678,11247346123.69518
2024-01-04,2210.39,2295.55,2202.1,2267.85,2512800.256,5657915952.55511
2024-01-05,2267.85,2278.16,2206.0,2268.93,2640741.967,5923620087.33033
2024-01-06,2268.92,2270.34,2215.56,2240.36,1201310.744,2691373219.47519
2024-01-07,2240.36,2257.98,2201.06,2220.87,1609796.697,3600489002.36785
2024-01-08,2220.87,2359.63,2165.43,2331.11,3478939.516,7863706854.1669
2024-01-09,2331.12,2377.36,2222.44,2344.44,4370510.933,10039664919.16545
2024-01-10,2344.33,2645.65,2336.28,2585.82,7740895.596,18922026567.58447
2024-01-11,2585.81,2691.9,2565.69,2618.59,5161427.019,13515735771.84295
2024-01-12,2618.6,2719.89,2458.38,2523.3,6484996.966,16931186211.05264
2024-01-13,2523.3,2591.29,2497.79,2578.5,2509197.587,6396752318.6813
2024-01-14,2578.51,2579.13,2470.0,2474.36,2126298.888,5377127058.63416
2024-01-15,2474.3,2555.0,2472.04,2512.21,1818558.839,4582971876.58271
2024-01-16,2512.2,2613.8,2500.0,2587.4,2456630.069,6264614166.95275
2024-01-17,2587.4,2593.01,2505.76,2530.62,2299529.287,5861698853.5795
2024-01-18,2530.61,2549.99,2428.22,2471.29,2928749.65,7309579149.43542
2024-01-19,2471.29,2505.16,2415.55,2492.46,2594474.775,6404258356.95563
2024-01-20,2492.46,2492.46,2453.79,2472.27,938896.162,2321269007.36401
2024-01-21,2472.26,2482.7,2451.0,2457.02,708291.369,1750600706.66527
2024-01-22,2457.02,2466.46,2302.21,2314.33,3645112.961,8673726491.18901
2024-01-23,2314.33,2351.76,2167.5,2241.67,4379161.194,9796897099.56964
2024-01-24,2241.67,2264.44,2195.0,2234.62,2256073.0,5029982840.98715
2024-01-25,2234.62,2242.55,2169.04,2218.02,2082826.704,4606164128.97297
2024-01-26,2218.01,2281.96,2195.15,2266.72,2261609.947,5072599984.48894
2024-01-27,2266.73,2283.35,2250.33,2266.99,944833.561,2141771562.52407
2024-01-28,2267.0,2308.0,2236.56,2256.0,1596669.122,3632645831.61376
2024-01-29,2256.0,2322.53,2232.0,2316.52,1959261.39,4461192290.02723
2024-01-30,2316.53,2392.84,2295.1,2341.95,2383935.871,5568693641.04369
2024-01-31,2341.96,2351.23,2261.88,2282.0,2607909.368,6035736969.81903
2024-02-01,2281.99,2311.51,2237.0,2303.33,1894237.423,4317833942.98259
2024-02-02,2303.32,2324.9,2280.05,2307.99,1514215.851,3488673055.88872
2024-02-03,2308.0,2330.45,2291.0,2295.42,938282.273,2167201213.34462
2024-02-04,2295.41,2311.0,2261.51,2288.66,1193801.655,2738353319.06096
2024-02-05,2288.66,2338.0,2267.62,2300.83,1689233.364,3893676970.0004
2024-02-06,2300.83,2392.0,2297.74,2371.74,2197507.85,5141782514.2453
2024-02-07,2371.74,2445.0,2352.06,2424.22,2154502.953,5154911271.5263
2024-02-08,2424.21,2463.28,2410.16,2418.76,1910078.832,4642887417.7459
2024-02-09,2418.77,2528.66,2418.26,2485.24,2908524.98,7221137099.9816
2024-02-10,2485.24,2516.12,2470.04,2499.2,1320062.188,3292566689.2355
2024-02-11,2499.2,2539.2,2492.16,2506.1,1521963.675,3827876646.36733
2024-02-12,2506.11,2667.74,2470.05,2660.91,3172400.237,8120720968.59546
2024-02-13,2660.91,2688.8,2585.7,2640.83,3319971.574,8773950694.90412
2024-02-14,2640.88,2788.88,2619.12,2776.14,2845619.643,7757923313.0378
2024-02-15,2776.14,2870.98,2758.57,2824.54,3444416.851,9686287863.61306
2024-02-16,2824.53,2859.83,2732.7,2803.69,2736822.77,7688936547.61237
2024-02-17,2803.7,2806.09,2718.35,2787.43,1776912.75,4921403820.66918
2024-02-18,2787.44,2899.0,2764.8,2883.58,2111668.519,5959314932.20575
2024-02-19,2883.56,2988.22,2856.4,2946.55,2893244.938,8446450558.41116
2024-02-20,2946.55,3036.83,2873.6,3017.21,4598117.415,13548620086.74358
2024-02-21,3017.22,3020.0,2867.87,2969.65,4069738.764,11926830767.65694
2024-02-22,2969.65,3044.0,2907.16,2972.8,4052804.255,12075046482.4062
2024-02-23,2972.8,2996.0,2906.62,2923.35,2501284.482,7359220940.31807
2024-02-24,2923.36,3009.29,2907.16,2994.39,1450354.218,4298585233.05027
2024-02-25,2994.39,3131.0,2985.23,3115.24,2955696.567,9030291053.95802
2024-02-26,3115.24,3200.0,3037.25,3178.6,3828384.516,11945080186.58809
2024-02-27,3178.6,3295.57,3168.29,3244.98,3406593.01,11048069693.76326
2024-02-28,3244.99,3502.07,3152.94,3387.07,6595638.084,22006158170.23106
2024-02-29,3387.07,3531.0,3300.39,3343.15,4741266.907,16279675952.14628
2024-03-01,3343.16,3456.0,3342.18,3435.82,2297074.999,7831386723.6275
2024-03-02,3435.83,3475.0,3390.0,3424.43,1386240.615,4749632563.43359
2024-03-03,3424.43,3496.78,3355.88,3491.77,1889236.536,6486743244.58064
2024-03-04,3491.78,3644.77,3420.22,3629.72,3908128.352,13818014096.46304
2024-03-05,3629.72,3827.93,3205.0,3555.43,8430806.942,30468306760.3476
2024-03-06,3555.43,3906.42,3501.0,3822.36,4970650.254,18750612857.70527
2024-03-07,3822.35,3939.0,3736.44,3871.69,2852543.201,10911337953.45516
2024-03-08,3871.69,4003.33,3826.08,3886.04,3605867.534,14152008425.22743
2024-03-09,3886.04,3945.88,3871.46,3908.15,1056996.982,4132818940.47502
2024-03-10,3908.16,3970.84,3791.19,3881.22,1817977.804,7102403722.4269
2024-03-11,3881.32,4095.16,3719.0,4070.52,3797267.73,15103305759.78546
2024-03-12,4070.52,4098.64,3831.95,3984.18,3641750.754,14508632314.86478
2024-03-13,3984.18,4091.65,3935.0,4008.76,2445801.499,9809630177.9462
2024-03-14,4008.76,4015.45,3725.03,3884.99,3822719.006,14848753489.47771
2024-03-15,3884.99,3938.16,3566.0,3745.0,5393474.72,20014921950.22168
2024-03-16,3745.01,3784.87,3468.84,3525.58,2737209.353,9957942394.06776
2024-03-17,3525.57,3682.95,3414.72,3646.99,2757553.884,9814353456.64519
2024-03-18,3646.99,3648.78,3454.72,3523.43,2802619.048,9962049261.21333
2024-03-19,3523.44,3551.99,3153.0,3161.0,5894325.453,19521481713.99768
2024-03-20,3160.99,3539.16,3055.0,3517.8,7145176.265,23415379367.1745
2024-03-21,3517.8,3590.53,3414.06,3495.16,3449349.457,12105423292.09032
2024-03-22,3495.16,3545.36,3250.1,3339.0,3850579.18,13035377951.76805
2024-03-23,3338.99,3438.0,3271.38,3330.96,2065343.895,6949919666.04788
2024-03-24,3330.96,3474.16,3301.46,3457.16,1864567.712,6297063059.58874
2024-03-25,3457.16,3665.1,3422.18,3592.94,2530891.112,8954272773.21119
2024-03-26,3592.94,3684.45,3545.63,3589.64,2433410.106,8786304757.96774
2024-03-27,3589.65,3671.94,3461.18,3504.99,2908597.17,10352080808.70646
2024-03-28,3504.99,3615.83,3466.97,3563.99,1971184.35,7017608937.73292
2024-03-29,3564.0,3588.93,3475.0,3512.46,1730640.148,6112211894.03871
2024-03-30,3512.47,3569.97,3486.51,3508.66,1258779.458,4433539602.80039
2024-03-31,3508.66,3661.08,3507.39,3648.79,1535402.07,5541965437.87304
2024-04-01,3648.8,3649.67,3413.0,3506.52,2754500.509,9690877424.55129
2024-04-02,3506.52,3508.44,3212.0,3280.76,3971713.064,13191687525.92359
2024-04-03,3280.67,3370.0,3203.12,3313.29,2660184.672,8811379210.6341
2024-04-04,3313.28,3446.48,3252.59,3329.65,2446555.032,8169659175.37157
2024-04-05,3329.65,3352.07,3208.0,3319.66,2617392.108,8604507301.44426
2024-04-06,3319.66,3402.72,3308.0,3353.15,1131719.523,3784631189.15189
2024-04-07,3353.16,3462.19,3345.51,3455.99,1444094.538,4908725510.13586
2024-04-08,3456.0,3735.31,3407.33,3697.6,2845934.629,10242502690.69892
2024-04-09,3697.59,3730.0,3452.3,3508.45,3448082.837,12375679718.68608
2024-04-10,3508.46,3567.18,3413.2,3547.64,2832357.377,9907338189.7315
2024-04-11,3547.64,3621.74,3475.03,3504.43,2234984.241,7911317508.81466
2024-04-12,3504.42,3555.0,3062.04,3238.3,3896865.831,13037212264.80269
2024-04-13,3238.31,3305.42,2791.61,3005.46,5308516.817,16403790658.86951
2024-04-14,3005.47,3173.32,2903.0,3153.16,3950204.757,12011461408.84632
2024-04-15,3153.16,3277.74,3022.08,3100.75,3855036.931,12155258304.12795
2024-04-16,3100.76,3127.41,2976.43,3082.85,3451959.497,10560043076.80123
2024-04-17,3082.84,3123.12,2912.45,2983.25,3311729.707,9975172417.97654
2024-04-18,2983.26,3093.59,2949.54,3062.85,2675545.62,8096360542.18016
2024-04-19,3062.85,3128.52,2861.76,3054.91,4007802.786,12155003896.40264
2024-04-20,3054.91,3173.83,3016.4,3154.31,1625068.703,5020261592.09934
2024-04-21,3154.3,3196.41,3114.15,3145.73,1575165.839,4973199800.33538
2024-04-22,3145.74,3235.0,3127.14,3198.66,2047440.862,6532944241.83253
2024-04-23,3198.66,3266.91,3150.31,3218.04,1663106.378,5330082646.21801
2024-04-24,3218.03,3293.38,3102.5,3138.84,2482827.279,7955315677.08124
2024-04-25,3138.84,3189.97,3070.16,3154.44,2448075.918,7673893769.26812
2024-04-26,3154.44,3167.2,3100.38,3129.98,1764316.116,5531739047.59648
2024-04-27,3129.98,3283.54,3062.8,3253.97,2199813.487,6971864379.53136
2024-04-28,3253.97,3365.69,3248.8,3262.28,1999881.264,6603964510.25257
2024-04-29,3262.29,3286.29,3113.02,3215.27,2960135.349,9429474471.30777
2024-04-30,3215.28,3250.0,2918.33,3012.58,4278488.436,13020897617.75349
2024-05-01,3012.57,3021.94,2814.44,2970.61,4277387.307,12498907680.0962
2024-05-02,2970.61,3016.38,2890.0,2984.8,2293012.777,6797323551.42273
2024-05-03,2984.8,3126.44,2956.86,3100.83,2355561.832,7151691173.98163
2024-05-04,3100.83,3167.45,3090.75,3115.46,1371653.97,4285219356.99816
2024-05-05,3115.46,3171.15,3071.1,3135.24,1570278.517,4910484764.99347
2024-05-06,3135.24,3221.95,3043.92,3061.5,2638707.024,8247182154.47072
2024-05-07,3061.5,3128.59,2996.53,3004.55,2201536.706,6751855977.43258
2024-05-08,3004.55,3037.52,2930.64,2972.93,2195609.599,6577135534.8255
2024-05-09,2972.94,3058.23,2949.0,3034.75,1709515.974,5123060909.63459
2024-05-10,3034.75,3053.52,2877.0,2908.85,2264167.435,6695556185.59951
2024-05-11,2908.85,2946.6,2884.6,2911.27,1115231.905,3252159193.86028
2024-05-12,2911.27,2954.94,2898.97,2927.73,1003441.381,2935939762.59539
2024-05-13,2927.73,2996.44,2863.8,2949.71,2489504.728,7308749342.26376
2024-05-14,2949.72,2959.79,2858.14,2880.87,2087007.343,6062587792.47052
2024-05-15,2880.87,3039.52,2861.71,3030.66,2538941.374,7490561299.98222
2024-05-16,3030.67,3039.95,2920.93,2943.22,2031554.936,6049550675.84311
2024-05-17,2943.22,3119.0,2931.36,3090.48,2573872.238,7838262652.4321
2024-05-18,3090.47,3146.36,3081.59,3121.59,1335509.587,4156984937.14991
2024-05-19,3121.6,3135.58,3051.3,3069.98,1348685.716,4166087445.67779
2024-05-20,3069.98,3698.86,3045.06,3664.39,5394372.967,18048021771.67237
2024-05-21,3664.39,3849.26,3628.0,3792.32,5629142.3,21078487769.9036
2024-05-22,3792.33,3816.84,3655.0,3740.25,3626843.371,13562779469.1395
2024-05-23,3740.25,3952.89,3524.55,3784.8,7635174.311,29016060909.3369
2024-05-24,3784.79,3832.0,3627.0,3729.61,3215814.229,11955995521.85735
2024-05-25,3729.61,3782.82,3710.14,3751.15,1147234.262,4299287507.21736
2024-05-26,3751.16,3887.26,3732.06,3827.53,1903387.53,7268692628.89094
2024-05-27,3827.54,3980.0,3824.7,3896.09,2765129.283,10831101104.6769
2024-05-28,3896.09,3934.42,3775.42,3847.0,2743469.005,10587010856.16523
2024-05-29,3847.01,3891.79,3746.41,3770.0,2322064.217,8840201337.98247
2024-05-30,3770.01,3828.74,3704.7,3750.39,2337573.407,8797090035.41715
2024-05-31,3750.38,3859.53,3725.16,3764.35,2245502.251,8482436640.91421
2024-06-01,3764.35,3837.2,3754.36,3817.49,990970.998,3762256419.145
2024-06-02,3817.49,3841.7,3753.8,3783.98,1399997.604,5315063128.49873
2024-06-03,3783.98,3854.0,3760.0,3769.15,1916780.125,7289605441.43148
2024-06-04,3769.14,3835.11,3720.0,3813.12,1757510.322,6653247408.53949
2024-06-05,3813.11,3892.06,3778.91,3868.61,1939160.262,7418252620.82999
2024-06-06,3868.6,3881.99,3760.0,3815.76,1550761.493,5943223056.9034
2024-06-07,3815.77,3844.32,3555.02,3679.82,2617598.785,9796443077.05075
2024-06-08,3679.82,3711.28,3659.0,3682.11,793561.955,2926036726.64497
2024-06-09,3682.12,3724.73,3666.71,3707.67,715200.186,2642214956.13551
2024-06-10,3707.67,3715.49,3642.6,3669.66,1149036.664,4227296437.78585
2024-06-11,3669.65,3675.0,3427.09,3498.16,3162055.189,11172484428.62634
2024-06-12,3498.17,3657.77,3462.09,3560.45,2861506.382,10226727654.51707
2024-06-13,3560.44,3562.33,3426.01,3469.18,2257441.373,7883026434.45223
2024-06-14,3469.18,3533.82,3361.05,3480.51,2523034.384,8724522321.55577
2024-06-15,3480.5,3594.99,3472.34,3567.87,1576530.079,5582814974.94714
2024-06-16,3567.88,3653.73,3540.0,3622.96,1335659.257,4792346124.67986
2024-06-17,3622.96,3637.47,3464.0,3509.56,2934501.925,10383899880.01183
2024-06-18,3509.56,3515.87,3341.85,3482.34,3312942.268,11343168334.36804
2024-06-19,3482.33,3587.63,3463.91,3558.85,2344216.428,8299632826.1935
2024-06-20,3558.84,3625.0,3483.63,3511.26,2504170.932,8897629754.84559
2024-06-21,3511.27,3546.66,3443.8,3517.18,2504862.799,8759168104.96023
2024-06-22,3517.18,3520.0,3472.57,3494.26,844082.802,2950982843.3563
2024-06-23,3494.25,3519.7,3397.87,3419.38,1408148.716,4887692168.50265
2024-06-24,3419.38,3434.75,3213.0,3352.0,4181333.575,13901750459.19383
2024-06-25,3351.99,3431.27,3335.58,3393.06,1973459.793,6678808477.4523
2024-06-26,3393.07,3425.0,3325.54,3370.76,1794812.97,6063286037.3137
2024-06-27,3370.78,3476.6,3360.22,3450.34,1724674.688,5901459500.76735
2024-06-28,3450.34,3487.98,3362.0,3379.51,2082751.457,7138480475.03431
2024-06-29,3379.5,3407.0,3369.07,3377.62,735883.787,2493797462.5418
2024-06-30,3377.63,3459.77,3348.5,3436.73,1174744.367,3992984415.0922
2024-07-01,3436.72,3524.16,3420.0,3440.46,1724896.32,5995532614.39528
2024-07-02,3440.47,3463.84,3399.22,3420.43,1214393.314,4168787637.14763
2024-07-03,3420.43,3431.36,3250.1,3294.75,2520352.735,8373143758.36071
2024-07-04,3294.75,3312.59,3049.39,3059.31,3862044.922,12216177700.63474
2024-07-05,3059.3,3108.28,2800.0,2980.43,5753070.194,16931336844.73351
2024-07-06,2980.37,3080.0,2953.45,3065.5,1595818.824,4806659739.67779
2024-07-07,3065.49,3072.0,2922.0,2930.24,1800470.608,5390321656.787
2024-07-08,2930.23,3098.0,2821.26,3017.51,4593820.144,13619919410.75795
2024-07-09,3017.51,3115.8,3002.56,3065.06,2220259.045,6802252912.17147
2024-07-10,3065.05,3150.0,3022.57,3099.12,2157373.274,6683224627.71187
2024-07-11,3099.12,3216.6,3052.75,3098.25,2601339.395,8152402004.42387
2024-07-12,3098.24,3156.6,3044.51,3133.24,1932672.308,5984893351.43529
2024-07-13,3133.24,3200.72,3112.12,3174.01,1049485.437,3309598689.12394
2024-07-14,3174.0,3268.66,3162.06,3243.56,1366714.817,4379641147.06541
2024-07-15,3243.52,3493.94,3231.03,3481.62,2723612.97,9168654594.26661
2024-07-16,3481.62,3497.74,3345.0,3442.83,2845763.916,9753609626.26469
2024-07-17,3442.84,3517.14,3374.53,3386.0,2271175.016,7844661419.98232
2024-07-18,3386.01,3487.99,3364.62,3424.99,1913161.231,6551974018.48734
2024-07-19,3424.99,3539.38,3375.25,3502.18,2389303.433,8238609685.59137
2024-07-20,3502.18,3538.38,3478.01,3516.03,1048158.992,3670139851.53731
2024-07-21,3516.03,3547.84,3408.13,3534.29,1758109.934,6134383804.64903
2024-07-22,3534.3,3562.33,3421.0,3438.08,1946040.386,6769829515.27811
2024-07-23,3438.09,3540.94,3384.61,3481.01,3985761.867,13828978662.12502
2024-07-24,3481.01,3486.73,3285.69,3334.24,2296300.341,7821933918.61205
2024-07-25,3334.23,3342.02,3085.57,3173.67,4204282.853,13341514822.71402
2024-07-26,3173.67,3284.93,3169.14,3272.82,2257393.787,7320892193.0802
2024-07-27,3272.81,3326.9,3188.89,3248.17,2181510.66,7122454624.01377
2024-07-28,3248.16,3284.57,3195.84,3268.03,1114442.469,3619629949.885
2024-07-29,3268.03,3396.07,3256.56,3316.87,2897273.325,9642865305.32722
2024-07-30,3316.86,3365.0,3230.1,3278.17,2000830.475,6618568157.7503
2024-07-31,3278.17,3348.74,3212.32,3231.48,2173585.083,7150139867.6455
2024-08-01,3231.49,3241.83,3078.4,3201.67,2840086.848,8965170896.1268
2024-08-02,3201.66,3217.06,2965.27,2988.11,3409297.384,10491247461.2199
2024-08-03,2988.1,3016.61,2855.0,2901.94,2621892.579,7708121561.66818
2024-08-04,2901.95,2934.66,2613.3,2687.6,3709293.795,10337564316.12464
2024-08-05,2687.6,2695.93,2112.0,2418.6,13557724.097,31796290079.35264
2024-08-06,2418.6,2558.24,2412.35,2459.87,4356686.925,10853835843.08941
2024-08-07,2459.86,2549.85,2307.0,2341.41,4906789.045,11948141533.76121
2024-08-08,2341.4,2723.77,2318.64,2681.59,4820970.35,12083805705.50479
2024-08-09,2681.59,2708.8,2551.23,2597.9,3151681.154,8282477599.45511
2024-08-10,2597.89,2644.43,2574.54,2608.76,1311479.404,3425329027.8452
2024-08-11,2608.77,2720.78,2537.76,2554.65,2629489.23,6903526348.81363
2024-08-12,2554.66,2749.97,2506.13,2721.15,4126997.22,10880965017.29926
2024-08-13,2721.15,2737.38,2610.04,2701.01,3016449.602,8069318726.17169
2024-08-14,2701.01,2788.88,2631.0,2659.82,3096528.693,8350455924.61193
2024-08-15,2659.82,2674.17,2513.65,2568.73,3219267.74,8394943427.72548
2024-08-16,2568.73,2630.73,2549.15,2591.52,2666495.856,6920011178.09664
2024-08-17,2591.53,2628.0,2585.81,2613.18,820608.568,2137408112.92346
2024-08-18,2613.18,2688.25,2593.0,2610.67,1615775.889,4267133650.03774
2024-08-19,2610.67,2647.29,2560.9,2635.15,2122248.285,5523868083.81981
2024-08-20,2635.16,2694.96,2552.5,2571.51,2504509.413,6566812933.60973
2024-08-21,2571.51,2663.55,2533.51,2629.38,2414391.575,6277878525.37053
2024-08-22,2629.37,2644.0,2582.27,2622.0,1631635.639,4269132808.98035
2024-08-23,2622.0,2798.88,2619.86,2761.58,3288873.603,8851748788.1898
2024-08-24,2761.58,2819.35,2729.15,2766.4,2124349.317,5889986272.50161
2024-08-25,2766.4,2791.66,2731.63,2744.47,1228055.898,3389709159.62444
2024-08-26,2744.48,2760.97,2665.0,2679.25,1907712.073,5184051187.20895
2024-08-27,2679.26,2699.11,2388.0,2455.98,3836573.429,9846501388.57358
2024-08-28,2455.98,2554.19,2416.56,2527.31,3674708.436,9159321788.05102
2024-08-29,2527.32,2594.0,2504.11,2526.28,2156748.728,5495665085.87916
2024-08-30,2526.28,2552.32,2431.0,2524.99,2705396.131,6752794214.88911
2024-08-31,2524.99,2533.29,2490.62,2511.91,785832.801,1976386313.99828
2024-09-01,2511.91,2514.97,2397.23,2424.55,2295800.358,5659435689.68286
2024-09-02,2424.55,2564.49,2421.8,2536.74,2289999.119,5708121980.45667
2024-09-03,2536.76,2552.55,2405.14,2424.05,2052035.733,5085212466.24925
2024-09-04,2424.05,2489.34,2304.87,2449.67,3391129.709,8140965676.04585
2024-09-05,2449.67,2465.23,2346.05,2367.37,2611081.826,6245550694.43367
2024-09-06,2367.33,2409.34,2150.0,2223.7,5476018.438,12547525242.00458
2024-09-07,2223.7,2310.0,2220.76,2272.21,1832770.243,4165135636.96698
2024-09-08,2272.21,2333.98,2238.88,2295.89,1933824.754,4415720059.77657
2024-09-09,2295.9,2382.51,2271.22,2358.19,2933575.518,6805916507.20762
2024-09-10,2358.19,2399.99,2319.09,2387.63,2148101.375,5054995341.92923
2024-09-11,2387.63,2388.39,2275.8,2339.22,3136148.113,7306678946.31927
2024-09-12,2339.18,2392.0,2313.16,2360.79,2141666.211,5033942160.06787
2024-09-13,2360.79,2463.77,2336.2,2438.15,2314979.037,5530067659.02683
2024-09-14,2438.16,2439.61,2373.82,2416.65,1075037.045,2596020589.32818
2024-09-15,2416.65,2429.44,2282.0,2314.85,1664319.311,3940360052.61832
2024-09-16,2314.85,2334.9,2251.06,2294.61,2822059.425,6460692525.60421
2024-09-17,2294.61,2392.62,2262.0,2340.59,2616421.538,6111066521.55576
2024-09-18,2340.59,2376.0,2275.25,2373.93,2861908.683,6635180765.57796
2024-09-19,2373.93,2494.68,2371.37,2464.56,2948555.003,7171076241.07582
2024-09-20,2464.55,2572.18,2436.11,2560.29,3062258.119,7753088412.44312
2024-09-21,2560.3,2623.85,2527.69,2611.4,1505216.371,3860209268.60618
2024-09-22,2611.4,2633.3,2522.57,2579.94,1969445.194,5079507048.41662
2024-09-23,2579.95,2702.0,2538.24,2645.84,3118835.195,8258863620.46054
2024-09-24,2645.84,2669.94,2590.1,2652.0,2718085.708,7157361925.27724
2024-09-25,2652.0,2673.06,2552.44,2578.9,2133334.523,5567024562.92928
2024-09-26,2578.9,2666.17,2557.5,2631.11,2641065.13,6929873789.00273
2024-09-27,2631.16,2727.66,2614.22,2693.53,2373825.623,6342180731.2717
2024-09-28,2693.52,2703.3,2648.32,2673.9,1392948.05,3723908596.00055
2024-09-29,2673.91,2683.0,2632.8,2656.3,1390536.4,3694249941.64657
2024-09-30,2656.3,2662.81,2572.82,2601.49,2859601.743,7479243412.38602
2024-10-01,2601.49,2658.63,2412.4,2446.85,4639427.429,11757705807.87982
2024-10-02,2446.85,2498.0,2350.0,2363.0,3570103.344,8682380285.25884
2024-10-03,2363.0,2402.29,2308.09,2348.74,3190067.071,7492256044.28834
2024-10-04,2348.74,2440.0,2338.27,2413.38,2533506.834,6057108558.06383
2024-10-05,2413.38,2427.94,2388.66,2413.42,1103480.476,2659364171.76931
2024-10-06,2413.42,2457.11,2405.76,2438.77,1219434.738,2965206689.83741
2024-10-07,2438.76,2520.25,2401.08,2421.75,3345508.612,8255869954.96215
2024-10-08,2421.75,2466.63,2400.01,2439.84,2262736.283,5503261413.71323
2024-10-09,2439.84,2472.9,2350.0,2369.6,2689510.593,6518443895.41703
2024-10-10,2369.6,2421.5,2329.44,2385.24,2863209.676,6818678392.31371
2024-10-11,2385.24,2470.0,2380.81,2438.46,2339315.627,5679642394.45142
2024-10-12,2438.45,2489.95,2433.2,2475.09,1118480.77,2752321410.11463
2024-10-13,2475.08,2484.0,2435.0,2467.79,1294682.574,3182005834.60698
2024-10-14,2467.79,2653.44,2442.0,2628.88,3677192.62,9413848750.38399
2024-10-15,2628.87,2688.76,2536.64,2606.53,3913137.317,10179198376.76577
2024-10-16,2606.54,2647.51,2588.01,2610.39,2129585.886,5575803606.56706
2024-10-17,2610.39,2647.9,2573.73,2605.01,2064665.138,5391409323.33926
2024-10-18,2605.01,2675.12,2595.61,2641.11,2309322.096,6087636750.23593
2024-10-19,2641.11,2662.66,2630.05,2647.45,811419.456,2145117994.00858
2024-10-20,2647.46,2759.62,2634.53,2746.98,1886789.344,5086837478.2804
2024-10-21,2746.98,2770.0,2655.52,2666.63,2440964.283,6594015920.8176
2024-10-22,2666.62,2671.59,2606.0,2621.78,2231512.621,5872949301.92433
2024-10-23,2621.79,2629.51,2443.01,2523.84,3189122.481,8115624142.39563
2024-10-24,2523.85,2561.83,2506.27,2535.39,2024878.304,5131500444.50411
2024-10-25,2535.39,2565.94,2380.63,2440.1,4024452.801,10029812560.47148
2024-10-26,2440.1,2507.1,2429.34,2482.04,1570141.847,3869014206.47847
2024-10-27,2482.04,2527.25,2462.86,2507.22,1121169.212,2791987376.97791
2024-10-28,2507.21,2590.78,2470.41,2566.49,2899028.949,7309310195.27607
2024-10-29,2566.48,2681.83,2560.3,2639.28,3011425.28,7913517420.71605
2024-10-30,2639.28,2724.65,2599.9,2659.36,3503151.793,9357672371.96901
2024-10-31,2659.35,2669.74,2502.5,2518.37,3205202.83,8277842338.14581
2024-11-01,2518.37,2587.86,2467.3,2511.57,3451022.637,8699141498.66404
2024-11-02,2511.57,2523.8,2467.1,2493.61,1213734.335,3026712910.29806
2024-11-03,2493.61,2496.21,2410.35,2457.29,2927779.094,7163438364.52393
2024-11-04,2457.3,2491.0,2356.0,2397.37,2683418.991,6531967836.16009
2024-11-05,2397.36,2479.6,2379.48,2421.42,2557859.231,6231806758.76281
2024-11-06,2421.41,2746.02,2419.2,2722.49,6240942.27,16272107312.50839
2024-11-07,2722.5,2916.56,2700.31,2895.76,5207698.306,14756353987.5382
2024-11-08,2895.76,2982.75,2886.47,2962.12,3870167.008,11332152551.52056
2024-11-09,2962.12,3158.66,2954.1,3127.03,3673317.244,11173770610.26657
2024-11-10,3127.02,3252.28,3073.86,3185.19,5615528.884,17861396070.5185
2024-11-11,3185.19,3392.06,3107.15,3375.02,6247550.0,20262260007.34664
2024-11-12,3375.02,3449.0,3211.15,3245.98,6898960.493,22813786244.09084
2024-11-13,3245.99,3335.0,3120.0,3188.9,5945632.887,19122914369.90351
2024-11-14,3188.9,3242.31,3031.6,3061.03,4177386.799,13169676243.66554
2024-11-15,3061.04,3133.68,3016.11,3091.75,3517544.364,10790970529.49053
2024-11-16,3091.75,3222.69,3073.47,3134.72,2517322.736,7933164452.94315
2024-11-17,3134.71,3164.8,3035.0,3078.09,3003350.309,9311038693.96001
2024-11-18,3078.09,3228.0,3051.5,3210.48,4140524.369,12964128792.03221
2024-11-19,3210.48,3224.83,3066.4,3109.34,3063837.655,9570014970.63267
2024-11-20,3109.33,3162.25,3030.5,3071.05,3143204.946,9732361141.30283
2024-11-21,3071.05,3389.99,3033.32,3358.42,5993751.26,19501154177.75849
2024-11-22,3358.69,3429.99,3260.42,3330.05,3830379.399,12761376613.46164
2024-11-23,3330.04,3498.94,3315.28,3396.33,4091652.282,13914670591.29124
2024-11-24,3396.32,3453.0,3282.48,3362.98,3119510.218,10467984857.78793
2024-11-25,3362.98,3549.91,3301.96,3416.92,6242839.345,21540192689.67565
2024-11-26,3416.91,3464.95,3254.19,3327.17,4595675.477,15396679931.86683
2024-11-27,3327.17,3688.0,3305.0,3655.88,4755415.766,16658357985.87472
2024-11-28,3655.89,3664.31,3531.0,3581.58,3330702.226,11972541460.78653
2024-11-29,3581.58,3649.28,3535.52,3594.5,2545976.992,9140926324.62408
2024-11-30,3594.51,3742.18,3570.2,3705.73,2866770.739,10530300461.19052
2024-12-01,3705.74,3750.67,3661.35,3711.24,2458452.706,9116765142.49187
2024-12-02,3711.22,3766.0,3557.61,3646.26,4609268.921,16810699964.70914
2024-12-03,3646.26,3673.9,3502.01,3616.82,3627143.717,13040702466.41318
2024-12-04,3616.83,3891.0,3616.82,3840.75,5709329.425,21470452009.98491
2024-12-05,3840.74,3960.0,3615.0,3787.31,6207399.404,23960322079.33845
2024-12-06,3787.3,4092.83,3780.0,4001.75,4645126.843,18350269886.27917
2024-12-07,4001.75,4028.69,3970.0,3999.79,1549576.994,6195507333.44881
2024-12-08,3999.8,4019.57,3926.0,4007.3,1787672.127,7113810256.06474
2024-12-09,4007.31,4010.67,3475.0,3712.55,6542091.049,24835140845.08763
2024-12-10,3712.55,3781.29,3512.71,3628.4,5674583.192,20720315245.43261
2024-12-11,3628.41,3846.95,3562.65,3830.44,3007758.489,11214285319.67592
2024-12-12,3830.44,3986.94,3795.25,3880.52,3937234.533,15409323839.82955
2024-12-13,3880.52,3967.96,3851.8,3905.6,2515017.007,9833909791.77788
2024-12-14,3905.59,3944.99,3822.37,3868.6,1893829.596,7351171432.14136
2024-12-15,3868.6,3973.67,3829.0,3958.5,1930757.605,7507505193.11604
2024-12-16,3958.5,4109.99,3882.22,3984.76,4190982.527,16710873556.97649
2024-12-17,3984.76,4039.99,3844.59,3890.81,3370320.436,13360231433.72831
2024-12-18,3890.81,3908.0,3615.01,3625.4,4440453.127,16816522852.99123
2024-12-19,3625.41,3718.47,3322.2,3416.7,7030380.882,24823675205.22244
2024-12-20,3416.69,3496.54,3100.0,3470.88,7970055.665,26389990584.74834
2024-12-21,3470.88,3553.76,3291.03,3337.6,3404611.235,11644433705.20112
2024-12-22,3337.61,3402.08,3219.59,3280.8,2966199.056,9842978680.88034
2024-12-23,3280.81,3465.75,3214.81,3420.74,3962458.373,13190179748.46324
2024-12-24,3420.75,3539.4,3356.01,3491.97,2605267.471,8973870641.8296
2024-12-25,3491.98,3547.01,3439.0,3495.72,1695270.242,5907497938.82275
2024-12-26,3495.73,3514.32,3302.73,3333.15,2522058.848,8516052603.49187
2024-12-27,3333.15,3444.0,3306.0,3332.09,2851118.849,9587300667.28414
2024-12-28,3332.1,3427.5,3320.92,3402.54,1144976.458,3854924407.36522
2024-12-29,3402.53,3413.0,3324.63,3355.46,1333521.072,4496507392.42402
2024-12-30,3355.46,3436.86,3302.2,3360.11,2953842.227,9963737593.70885
2024-12-31,3360.1,3452.0,3313.96,3336.57,2093246.431,7069312807.88444
2025-01-01,3336.58,3374.14,3312.62,3359.36,1271279.84,4251757543.559
2025-01-02,3359.35,3511.14,3353.5,3454.83,2410080.281,8305215215.90076
2025-01-03,3454.83,3630.0,3421.56,3607.89,2490827.774,8794485642.80913
2025-01-04,3607.9,3670.0,3570.66,3655.99,1729182.603,6258393811.64672
2025-01-05,3655.98,3674.71,3592.14,3634.96,1270073.705,4607192518.94134
2025-01-06,3634.96,3744.28,3609.0,3685.72,2686061.958,9863288922.11345
2025-01-07,3685.72,3700.31,3353.59,3379.38,4062657.507,14252747060.47262
2025-01-08,3379.37,3413.55,3206.54,3325.38,3959258.697,13155227894.48453
2025-01-09,3325.38,3355.85,3156.0,3218.24,3639862.647,11896491217.83481
2025-01-10,3218.24,3323.0,3193.43,3265.52,2960794.58,9661186776.60014
2025-01-11,3265.51,3319.3,3217.36,3281.84,1182807.831,3857529545.80479
2025-01-12,3281.85,3299.0,3222.4,3265.7,1348856.48,4400527896.12045
2025-01-13,3265.7,3338.32,2900.0,3136.14,6106720.33,18939529755.40154
2025-01-14,3136.13,3255.84,3123.47,3223.99,2714405.364,8679677888.80398
2025-01-15,3223.99,3472.93,3185.09,3449.8,3291912.768,10893084885.66243
2025-01-16,3449.81,3458.99,3263.06,3306.94,3258757.747,10868089745.35856
2025-01-17,3306.93,3524.85,3306.41,3472.38,3028696.472,10352213034.17833
2025-01-18,3472.38,3492.95,3225.65,3306.7,4090676.503,13548917336.79446
2025-01-19,3306.71,3449.77,3129.63,3214.15,6927128.105,22763925109.29559
2025-01-20,3214.16,3455.76,3141.25,3283.2,6609534.854,21889087510.73756
2025-01-21,3283.21,3367.95,3203.5,3326.72,3033556.395,9966801739.68548
2025-01-22,3326.71,3365.97,3220.82,3242.0,2024070.863,6660317063.70819
2025-01-23,3241.99,3347.7,3177.0,3337.88,3535707.19,11472361370.01663
2025-01-24,3337.87,3429.99,3273.94,3308.62,2912997.928,9802499198.84368
2025-01-25,3308.61,3349.8,3266.53,3317.91,1413725.645,4677740699.24074
2025-01-26,3317.91,3363.0,3226.57,3230.5,1594638.892,5270139297.22366
2025-01-27,3230.5,3253.19,3020.17,3180.99,4938995.28,15403932237.78285
2025-01-28,3181.0,3221.98,3038.0,3075.96,2591573.539,8171948114.91113
2025-01-29,3075.96,3180.93,3052.88,3112.55,2863466.609,8927573088.10282
2025-01-30,3112.54,3282.6,3089.0,3245.86,2475377.574,7974693345.67408
2025-01-31,3245.86,3436.39,3212.31,3299.5,4130284.914,13725006593.75213
2025-02-01,3299.5,3330.82,3100.67,3116.22,2633608.712,8499351382.94312
2025-02-02,3116.23,3161.86,2736.01,2868.05,6388796.102,19055247283.49321
2025-02-03,2868.06,2919.34,2080.19,2878.69,13603740.638,35522362935.68567
2025-02-04,2878.68,2888.8,2630.5,2730.03,6593771.039,18187127049.63802
2025-02-05,2730.06,2827.98,2697.95,2787.0,4064890.548,11224931437.28863
2025-02-06,2787.0,2857.43,2650.0,2685.25,3677522.354,10141418543.39581
2025-02-07,2685.26,2796.12,2560.68,2620.66,4069680.275,10974565824.99491
2025-02-08,2620.66,2667.15,2587.05,2630.99,1942560.926,5096919779.54318
2025-02-09,2630.99,2698.0,2518.12,2626.07,2482123.177,6517077908.61138
2025-02-10,2626.07,2692.99,2556.91,2659.99,2710643.453,7161385120.35718
2025-02-11,2659.99,2724.49,2552.88,2601.03,3346333.954,8891252694.05344
2025-02-12,2601.03,2794.99,2542.21,2737.14,4299721.893,11338821415.09216
2025-02-13,2737.14,2756.51,2610.72,2674.52,2864504.217,7647282889.61602
2025-02-14,2674.52,2791.0,2662.97,2724.74,2712685.991,7376575654.51473
2025-02-15,2724.75,2738.0,2655.31,2691.73,1286579.513,3475638111.76326
2025-02-16,2691.74,2726.27,2643.75,2660.0,1494743.59,4018205916.31638
2025-02-17,2660.01,2848.76,2632.81,2743.0,4114492.169,11283662723.0256
2025-02-18,2742.99,2755.85,2604.18,2670.57,3579587.482,9562328030.28426
2025-02-19,2670.56,2736.12,2654.82,2714.06,2404564.481,6500235666.03633
2025-02-20,2714.06,2770.5,2705.64,2736.87,2363654.302,6466026934.31328
2025-02-21,2736.86,2845.0,2614.76,2660.85,6002308.013,16395699595.42658
2025-02-22,2660.86,2797.21,2651.24,2762.01,2505671.695,6842920190.09954
2025-02-23,2762.0,2860.9,2743.62,2818.54,3105005.707,8691240349.6159
2025-02-24,2818.54,2839.0,2466.34,2512.27,5891164.461,15678064597.92875
2025-02-25,2512.26,2532.89,2287.13,2494.45,8206583.668,19928703161.05617
2025-02-26,2494.46,2506.45,2252.78,2335.33,6596169.478,15709746317.00698
2025-02-27,2335.34,2381.44,2229.0,2306.66,4574087.764,10613578529.53697
2025-02-28,2306.65,2313.24,2070.0,2236.59,9311975.744,20155770931.98017
2025-03-01,2236.59,2279.75,2141.17,2216.6,3472964.049,7675941044.45444
2025-03-02,2216.59,2550.0,2170.09,2517.12,8185197.482,19298748978.3224
2025-03-03,2517.12,2522.84,2094.76,2148.22,7766111.123,17763555710.17462
2025-03-04,2148.21,2221.77,1979.99,2170.51,9151176.202,19172619410.64978
2025-03-05,2170.51,2272.94,2153.7,2240.45,4626954.982,10203548846.28264
2025-03-06,2240.44,2318.99,2175.5,2201.34,4574430.922,10285345864.60901
2025-03-07,2201.33,2259.34,2100.75,2140.72,6125675.539,13304167980.7921
2025-03-08,2140.72,2234.4,2103.07,2202.84,2667066.135,5789724228.38603
2025-03-09,2202.83,2211.27,1986.8,2019.2,4793159.949,9975230599.77414
2025-03-10,2019.34,2152.99,1807.75,1864.51,9275180.166,18408884029.1897
2025-03-11,1864.52,1969.77,1752.5,1922.61,9136006.396,17227796967.52857
2025-03-12,1922.6,1955.9,1828.87,1907.24,7503776.831,14203682998.01653
2025-03-13,1907.23,1922.0,1820.2,1863.76,5305883.8,9948069773.52003
2025-03-14,1863.75,1945.62,1860.41,1910.79,3494472.929,6671244395.27386
2025-03-15,1910.78,1957.68,1902.47,1936.27,1877714.35,3622201820.5788
2025-03-16,1936.26,1940.0,1857.08,1885.97,3167735.396,6011743941.36257
2025-03-17,1885.96,1951.76,1878.66,1925.37,3207773.053,6139548873.01509
2025-03-18,1925.36,1935.44,1871.14,1930.64,3234486.937,6137726089.38187
2025-03-19,1930.63,2069.69,1927.12,2055.21,6384300.0,12803727155.08538
2025-03-20,2055.22,2067.15,1951.15,1982.72,4033783.537,8041021162.65686
2025-03-21,1982.72,1995.8,1932.0,1964.81,2832280.447,5564742710.62003
2025-03-22,1964.81,2006.0,1963.41,1979.56,1718916.027,3416534601.99354
2025-03-23,1979.55,2020.0,1975.51,2005.0,2158448.476,4319576854.2484
2025-03-24,2005.0,2104.24,1976.46,2080.41,4667944.526,9631402684.10723
2025-03-25,2080.4,2097.21,2036.0,2065.22,3242153.268,6691890455.3985
2025-03-26,2065.22,2077.7,1980.41,2008.69,3880044.941,7879878138.20578
2025-03-27,2008.69,2036.88,1985.71,2002.8,3264548.453,6574214809.55443
2025-03-28,2002.8,2015.09,1854.2,1896.02,5692204.684,10883235596.21066
2025-03-29,1896.03,1912.94,1796.13,1827.32,4384848.185,8107139348.98921
2025-03-30,1827.31,1848.08,1766.04,1806.99,3858562.08,7004957696.269
2025-03-31,1806.99,1853.34,1775.92,1821.59,5212530.713,9460349315.84653
2025-04-01,1821.59,1927.79,1816.64,1904.21,4671744.603,8777533006.34936
2025-04-02,1904.21,1957.97,1780.52,1794.1,7079855.203,13280295671.59771
2025-04-03,1794.11,1844.97,1747.47,1816.48,5186368.349,9300377779.3857
2025-04-04,1816.48,1834.7,1757.52,1815.97,6221114.502,11189347191.90998
2025-04-05,1815.97,1826.63,1761.18,1805.15,2358927.115,4240858358.66691
2025-04-06,1805.14,1816.38,1535.27,1579.98,9388042.765,15611375780.35225
2025-04-07,1579.98,1638.47,1410.0,1552.44,17632071.352,26972327209.18665
2025-04-08,1552.44,1618.0,1441.62,1472.67,9197866.83,14045598156.5731
2025-04-09,1472.68,1688.0,1384.0,1668.69,16116570.623,24474452374.02393
2025-04-10,1668.7,1669.19,1470.84,1521.57,9945193.041,15502627233.05013
2025-04-11,1521.56,1590.88,1503.63,1565.96,6468082.686,10065984172.36663
2025-04-12,1565.97,1669.85,1545.06,1643.6,5604513.987,9064527082.06725
2025-04-13,1643.6,1649.2,1559.4,1596.92,6495362.492,10425865231.3282
2025-04-14,1596.93,1691.57,1594.73,1623.02,6972175.93,11461353410.02934
2025-04-15,1623.02,1660.68,1582.14,1588.0,5330097.578,8655053492.30134
2025-04-16,1588.0,1614.95,1537.56,1576.58,7222095.782,11399051627.39225
2025-04-17,1576.57,1616.81,1562.26,1582.84,4942514.542,7867233863.14387
2025-04-18,1582.84,1600.0,1572.65,1587.91,2400463.737,3807791936.43141
2025-04-19,1587.91,1632.29,1584.01,1612.44,2503971.109,4018736527.91098
2025-04-20,1612.45,1618.46,1564.69,1586.56,3100920.987,4922880313.28205
2025-04-21,1586.57,1658.0,1560.62,1578.64,7470078.354,12051145787.21652
2025-04-22,1578.63,1779.02,1535.0,1755.57,10307669.455,17105891545.17911
2025-04-23,1755.58,1838.0,1744.3,1794.46,8309523.12,14884457486.24906
2025-04-24,1794.45,1802.27,1721.22,1768.8,5247333.371,9233374360.0472
2025-04-25,1768.79,1826.91,1737.4,1783.77,5989110.176,10683768505.19271
2025-04-26,1783.76,1841.49,1777.31,1820.0,3965587.849,7150557099.82798
2025-04-27,1819.99,1857.0,1780.25,1790.21,3619555.606,6545876836.53077
2025-04-28,1790.22,1826.71,1742.15,1799.22,6352728.687,11349439257.29635
2025-04-29,1799.21,1842.82,1779.36,1796.57,5315318.445,9636124239.94526
2025-04-30,1796.57,1816.0,1730.6,1792.71,5626543.488,10019083575.07204
2025-05-01,1792.71,1872.71,1791.55,1837.19,5360708.038,9845482567.69241
2025-05-02,1837.18,1871.06,1812.0,1841.22,4329970.344,7960281598.84561
2025-05-03,1841.22,1848.0,1807.75,1832.55,2801643.56,5123783033.42071
2025-05-04,1832.55,1849.53,1801.71,1807.87,3055757.356,5590079217.0753
2025-05-05,1807.87,1832.98,1780.02,1819.43,4641355.365,8394316571.89672
2025-05-06,1819.43,1820.3,1750.0,1816.22,5344191.56,9539152683.93454
2025-05-07,1816.23,1850.0,1786.0,1810.14,5769207.963,10500877576.81347
2025-05-08,1810.13,2227.0,1807.72,2206.54,13290171.723,26775043415.66911
2025-05-09,2206.53,2490.75,2183.59,2344.3,13924417.937,32335300573.60659
2025-05-10,2344.31,2600.76,2315.09,2581.91,9337754.747,22823633374.33704
2025-05-11,2581.9,2608.0,2434.89,2513.48,7493744.561,18805426565.15567
2025-05-12,2513.48,2624.84,2406.55,2494.16,9197060.865,23177645097.88142
2025-05-13,2494.16,2738.62,2414.36,2678.59,8696179.007,22321674127.76505
2025-05-14,2678.58,2724.96,2545.0,2608.74,6914278.151,18124941984.93919
2025-05-15,2608.75,2646.1,2475.61,2547.75,8115677.622,20701781487.27752
2025-05-16,2547.76,2648.68,2527.14,2535.72,5514825.122,14259348442.34683
2025-05-17,2535.71,2537.63,2442.65,2474.09,5088864.02,12632025371.53351
2025-05-18,2474.09,2587.52,2312.62,2496.98,8079064.264,19985490224.21014
2025-05-19,2496.98,2546.97,2346.99,2526.87,8872894.591,21684230990.30493
2025-05-20,2526.87,2588.0,2438.39,2523.09,6945963.632,17457148458.04838
2025-05-21,2523.08,2615.46,2450.72,2550.26,10600046.776,26847255635.16949
2025-05-22,2550.26,2692.61,2543.37,2663.72,6985054.685,18416807932.67231
2025-05-23,2663.72,2734.3,2497.0,2525.39,9061544.83,23651003468.51325
2025-05-24,2525.38,2574.5,2511.13,2529.27,2752527.948,7010178346.24612
2025-05-25,2529.27,2553.0,2457.6,2550.03,4036746.533,10112388538.50681
2025-05-26,2550.03,2598.6,2521.29,2562.43,3750834.338,9600977643.38416
2025-05-27,2562.42,2711.8,2508.0,2659.84,6941172.913,18256630414.12917
2025-05-28,2659.83,2689.13,2606.0,2680.4,5156133.407,13632284869.34801
2025-05-29,2680.4,2788.88,2617.11,2630.3,7588357.955,20452187002.00675
2025-05-30,2630.3,2648.42,2503.37,2529.63,6984847.342,18079390292.1202
2025-05-31,2529.62,2550.0,2474.0,2527.08,3446829.335,8685292710.63833
2025-06-01,2527.08,2547.0,2465.0,2537.89,3484871.729,8755165625.15367
2025-06-02,2537.89,2614.2,2472.74,2606.48,5275446.384,13325178539.07842
2025-06-03,2606.49,2654.98,2563.0,2592.16,5191907.18,13577160885.2253
2025-06-04,2592.16,2679.64,2582.41,2606.62,5284587.533,13890243223.44595
2025-06-05,2606.62,2640.0,2390.0,2412.9,8492400.72,21556669894.86718
2025-06-06,2412.9,2529.67,2379.62,2475.38,5419019.543,13390557409.25552
2025-06-07,2475.38,2545.0,2455.85,2523.4,2692914.761,6733132072.13929
2025-06-08,2523.41,2548.02,2483.28,2508.32,2632952.539,6620003823.64801
2025-06-09,2508.31,2693.2,2475.83,2679.12,5572543.306,14246910954.41894
2025-06-10,2679.13,2827.0,2655.0,2815.74,8830157.515,24154747930.96526
2025-06-11,2815.74,2879.0,2742.57,2770.34,7913878.569,22221851409.53581
2025-06-12,2770.35,2783.9,2614.24,2641.38,7405894.267,20158025803.52708
2025-06-13,2641.38,2644.32,2433.8,2578.09,11165882.996,28202599088.1968
2025-06-14,2578.1,2578.18,2486.68,2529.66,3565324.383,9006633899.97699
2025-06-15,2529.66,2559.76,2490.38,2546.32,3498181.69,8854576371.88794
2025-06-16,2546.32,2680.0,2513.38,2543.12,7101649.996,18500985118.57673
2025-06-17,2543.11,2617.74,2451.97,2508.99,8004120.988,20276853861.58318
2025-06-18,2508.99,2547.35,2465.0,2523.49,6693705.668,16787444513.8059
2025-06-19,2523.5,2546.29,2483.58,2520.18,3666746.681,9226215331.05735
2025-06-20,2520.17,2568.56,2363.88,2405.42,7724171.787,19117430362.24391
2025-06-21,2405.43,2447.96,2213.07,2294.63,6347781.449,14926463759.4515
2025-06-22,2294.64,2312.96,2111.0,2226.33,10976426.378,24395034719.55417
2025-06-23,2226.33,2440.0,2187.01,2410.39,10119602.037,23160060525.87008
2025-06-24,2410.4,2481.28,2374.9,2447.58,6672609.972,16167058360.26545
2025-06-25,2447.58,2467.84,2388.23,2417.28,5000125.213,12136042753.0774
2025-06-26,2417.28,2520.0,2392.12,2414.54,5704994.512,13986888156.9707
2025-06-27,2414.59,2463.38,2377.0,2422.06,4375482.494,10621563197.78729
2025-06-28,2422.07,2447.42,2404.75,2434.8,1533911.759,3723317923.01957
2025-06-29,2434.8,2524.41,2406.45,2499.25,3066795.2,7537795437.65051
2025-06-30,2499.25,2523.43,2431.87,2484.3,5172486.705,12818199456.88197
2025-07-01,2484.3,2499.6,2383.33,2403.65,4506176.03,10982509466.22594
2025-07-02,2403.66,2618.2,2367.53,2569.37,6609066.769,16554772337.67924
2025-07-03,2569.37,2635.0,2555.25,2590.17,5268757.244,13647187156.29036
2025-07-04,2590.18,2601.96,2473.07,2506.86,5033671.72,12725393707.41595
2025-07-05,2506.87,2528.86,2486.31,2515.25,2011813.011,5052102986.64698
2025-07-06,2515.25,2607.08,2502.25,2569.14,3600165.163,9172986497.63379
2025-07-07,2569.14,2589.88,2505.37,2541.37,4567857.773,11644446527.06696
2025-07-08,2541.36,2627.83,2522.07,2613.97,4474456.244,11532994545.81018
2025-07-09,2613.97,2795.73,2588.49,2767.7,7269179.795,19472870001.08627
2025-07-10,2767.69,3010.44,2754.08,2950.62,8576372.082,24350173415.15155
2025-07-11,2950.61,3040.95,2913.72,2956.93,8156318.681,24321474191.78244
2025-07-12,2956.94,2979.0,2902.8,2941.87,3279022.65,9646182328.47869
2025-07-13,2941.88,3019.52,2930.0,2970.37,3503115.926,10415925230.63532
2025-07-14,2970.37,3083.0,2961.44,3012.26,6656768.639,20170004457.45065
2025-07-15,3012.26,3144.48,2930.99,3137.62,8695662.537,26257227282.62108
2025-07-16,3137.62,3423.47,3099.6,3370.55,9404285.667,30571821987.93077
2025-07-17,3370.54,3524.0,3311.0,3476.65,8831516.299,30197089749.63605
2025-07-18,3476.66,3674.43,3458.0,3546.36,9940209.861,35671704359.38496
2025-07-19,3546.36,3608.0,3505.0,3591.31,3451544.417,12293248411.83796
2025-07-20,3591.32,3826.0,3578.05,3755.67,7235342.352,26908744578.77599
2025-07-21,3755.68,3857.82,3700.19,3760.96,6672579.311,25225480585.51872
2025-07-22,3760.95,3798.58,3616.53,3746.01,7931786.206,29306295168.48628
2025-07-23,3746.02,3764.08,3526.5,3627.49,6962184.377,25314488743.70884
2025-07-24,3627.5,3772.63,3505.0,3706.2,7785869.615,28454660354.48651
2025-07-25,3706.22,3746.42,3570.13,3724.17,7413357.205,27126573043.76688
2025-07-26,3724.18,3795.2,3694.56,3740.0,3327830.068,12459303545.27103
2025-07-27,3740.0,3878.53,3728.36,3871.47,4061335.758,15482491667.55545
2025-07-28,3871.48,3940.81,3751.03,3796.0,6290790.926,24175996255.18144
2025-07-29,3795.99,3885.43,3712.24,3791.55,6546244.159,24860205422.37114
2025-07-30,3791.55,3832.61,3670.0,3808.67,5758788.738,21736673459.65851
2025-07-31,3808.67,3878.0,3682.23,3696.58,5397334.756,20469554422.85698
2025-08-01,3696.57,3722.9,3428.86,3486.42,9193572.267,33128314776.46401
2025-08-02,3486.41,3536.48,3366.5,3392.42,5424066.49,18754639855.72633
2025-08-03,3392.42,3520.97,3353.51,3495.0,3427531.227,11864698196.98683
2025-08-04,3495.01,3735.0,3489.28,3719.42,5316512.393,19236902829.45886
2025-08-05,3719.41,3720.1,3542.58,3610.19,5815168.146,21058063277.99194
2025-08-06,3610.19,3697.39,3562.34,3681.21,4199037.186,15227765255.91895
2025-08-07,3681.21,3926.38,3645.78,3908.4,5937102.226,22547412157.43496
2025-08-08,3908.4,4070.0,3876.7,4009.05,6145342.857,24345087579.6172
2025-08-09,4009.04,4325.24,4005.02,4259.1,6548032.73,27432612279.33882
2025-08-10,4259.11,4331.99,4160.0,4248.77,4745124.651,20053465752.63617
2025-08-11,4248.77,4370.0,4164.23,4221.31,7280638.345,31097460175.2005
2025-08-12,4221.31,4640.0,4216.61,4589.31,8478717.163,37479934448.83552
2025-08-13,4589.31,4783.62,4562.59,4748.37,7960032.485,37251303664.17844
2025-08-14,4748.36,4794.0,4451.0,4545.26,10442559.67,48290670951.46872
2025-08-15,4545.26,4670.23,4364.0,4437.16,7420333.141,33482732351.53149
2025-08-16,4437.15,4488.33,4370.0,4420.22,3186954.848,14093829789.0426
2025-08-17,4420.22,4574.95,4392.45,4470.66,4146129.176,18646228010.40326
2025-08-18,4470.66,4480.0,4224.1,4311.73,8232985.759,35575776951.64949
2025-08-19,4311.72,4354.22,4064.96,4073.94,7641112.186,32204790715.55084
2025-08-20,4073.93,4376.13,4060.0,4334.5,7670009.51,32383014019.12521
2025-08-21,4334.5,4338.94,4202.0,4223.7,4937369.302,21078545366.69103
2025-08-22,4223.69,4888.49,4206.0,4830.37,11984283.633,54750305193.79994
2025-08-23,4830.36,4830.37,4662.25,4777.26,3997279.661,18933270794.15555
2025-08-24,4777.25,4957.67,4702.47,4778.32,6361395.851,30592940074.78536
2025-08-25,4778.33,4796.8,4331.15,4374.25,9104476.925,41589800131.29473
2025-08-26,4374.25,4632.92,4310.0,4598.49,6833123.715,30589096262.84132
2025-08-27,4598.5,4662.5,4479.01,4504.84,5766618.714,26459757592.6853
2025-08-28,4504.86,4633.12,4425.0,4509.1,4426437.919,20065358628.09292
2025-08-29,4509.1,4514.66,4264.29,4358.65,6209654.111,27104770526.17302
2025-08-30,4358.65,4414.45,4254.97,4372.0,2942714.992,12802321816.86978
2025-08-31,4372.0,4498.0,4370.33,4389.58,3156027.534,14051520790.23488
2025-09-01,4389.58,4490.0,4205.49,4313.0,5447493.883,23773811619.81524
2025-09-02,4313.0,4414.73,4254.33,4324.59,5122607.494,22199377296.74414
2025-09-03,4324.58,4488.36,4281.0,4448.22,3880391.161,17044372656.69283
2025-09-04,4448.22,4480.99,4263.0,4295.68,4894116.686,21342682503.19518
2025-09-05,4295.68,4494.45,4252.47,4305.71,6326357.485,27575467859.60816
2025-09-06,4305.71,4327.0,4220.0,4271.69,2147554.767,9195378104.55838
2025-09-07,4271.68,4336.05,4267.44,4303.84,1711470.552,7351406415.13431
2025-09-08,4303.83,4382.75,4276.21,4303.98,3546410.615,15322973248.83397
2025-09-09,4303.97,4380.77,4275.0,4308.4,3523559.615,15222966920.79079
2025-09-10,4308.41,4453.56,4283.0,4347.83,4432223.474,19320820617.76293
2025-09-11,4347.83,4483.44,4328.88,4456.86,4235830.637,18709241142.85245
2025-09-12,4456.87,4750.0,4448.35,4710.83,4819201.204,22044074626.95246
2025-09-13,4710.82,4768.0,4603.0,4664.74,3171687.815,14859966360.5965
2025-09-14,4664.74,4691.3,4575.0,4602.0,2511259.911,11619139302.15607
2025-09-15,4602.0,4668.0,4463.0,4521.54,4176404.992,18980591155.35112
2025-09-16,4521.54,4536.31,4421.01,4499.41,3109858.769,13940782703.99469
2025-09-17,4499.41,4615.26,4404.08,4588.3,5124507.153,23070604822.17107
2025-09-18,4588.31,4642.6,4551.75,4585.31,2928393.691,13458754798.55331
2025-09-19,4585.32,4619.5,4433.0,4466.49,3411338.53,15390394153.31296
2025-09-20,4466.48,4506.75,4451.62,4478.27,1210096.976,5418567490.32544
2025-09-21,4478.26,4497.01,4440.01,4443.01,1366255.572,6106266734.79425
2025-09-22,4443.0,4454.01,4000.88,4196.86,6100386.078,25725810179.45994
2025-09-23,4196.87,4230.06,4112.43,4162.25,3491189.582,14583116712.74314
2025-09-24,4162.25,4204.99,4070.0,4150.51,3047254.366,12670384477.90497
2025-09-25,4150.51,4158.95,3822.0,3873.1,8452019.741,33629986986.04217
2025-09-26,3873.1,4066.39,3866.0,4030.17,4740997.735,18750388212.84918
2025-09-27,4030.17,4038.62,3971.45,4017.01,1763090.139,7063334343.7382
2025-09-28,4017.01,4143.05,3963.1,4139.55,2514830.299,10149863141.77429
2025-09-29,4139.54,4234.27,4080.0,4212.98,3781396.686,15694942048.56818
2025-09-30,4212.99,4246.87,4091.0,4142.75,3692892.942,15345949182.5394
2025-10-01,4142.75,4356.07,4120.61,4345.85,4436505.357,18930019542.68207
2025-10-02,4345.85,4516.65,4330.11,4481.7,4471666.244,19726077711.08088
2025-10-03,4481.7,4590.83,4426.0,4511.11,4421328.072,19877580078.8867
2025-10-04,4511.12,4515.8,4438.0,4484.79,1887541.368,8456084877.8291
2025-10-05,4484.79,4618.44,4465.01,4512.34,3476365.707,15788381952.9441
2025-10-06,4512.35,4734.99,4486.05,4682.43,3988549.973,18419617390.68043
2025-10-07,4682.42,4754.0,4422.44,4445.76,5946456.672,27299951019.86175
2025-10-08,4445.77,4556.75,4408.69,4523.67,3755083.452,16827127415.92555
2025-10-09,4523.66,4529.15,4262.55,4365.83,5102570.656,22281784727.32817
2025-10-10,4365.83,4392.0,3400.0,3819.99,12017119.047,47929937738.04511
2025-10-11,3820.0,3874.28,3640.0,3744.99,5215588.468,19726835357.37149
2025-10-12,3744.99,4200.0,3692.96,4149.99,9472267.39,37481577939.66282
2025-10-13,4150.0,4293.03,4034.12,4239.7,7867416.54,32696882710.92269
2025-10-14,4239.7,4262.0,3885.09,4123.05,8470013.274,34258219352.17251
2025-10-15,4123.06,4216.12,3925.0,3983.81,5383244.01,21819540012.2743
2025-10-16,3983.8,4089.34,3822.5,3892.02,5731700.779,22709297884.67893
2025-10-17,3892.02,3948.06,3671.0,3829.99,6653715.864,25226782204.14404
2025-10-18,3830.0,3926.0,3817.21,3887.01,1938785.098,7509890240.83936
2025-10-19,3887.01,4030.0,3810.0,3980.59,3378168.171,13293751538.49362
2025-10-20,3980.6,4085.0,3906.89,3977.54,3964193.706,15854456792.02957
2025-10-21,3977.54,4108.41,3838.21,3871.11,6065458.751,23982223539.19465
2025-10-22,3871.11,3887.45,3706.31,3803.93,5014922.865,19162417413.61478
2025-10-23,3803.94,3933.4,3794.89,3855.21,3703936.916,14306558471.2592
2025-10-24,3855.22,4026.48,3844.02,3933.19,3655431.455,14370925595.57035
2025-10-25,3933.2,3968.93,3910.0,3952.25,1294911.079,5100565551.56726
2025-10-26,3952.24,4179.27,3914.3,4156.37,2929386.864,11852616616.01451
2025-10-27,4156.36,4253.0,4090.61,4118.47,4177961.802,17446812942.46984
2025-10-28,4118.46,4174.08,3925.01,3977.56,4291976.218,17497055109.81833
2025-10-29,3977.56,4034.99,3836.0,3900.38,4458210.334,17639590435.27133
2025-10-30,3900.38,3947.0,3677.7,3802.8,5769173.941,22017129749.74984
2025-10-31,3802.8,3904.9,3794.13,3846.42,3815967.522,14680218606.47905
2025-11-01,3846.42,3907.61,3828.8,3872.14,1270485.006,4916549621.84477
2025-11-02,3872.14,3917.0,3837.04,3904.8,1816853.789,7038966407.17009
2025-11-03,3904.79,3913.34,3556.0,3602.15,6599474.497,24340952228.33653
2025-11-04,3602.15,3653.65,3055.0,3285.28,10678270.996,36171319570.78212
2025-11-05,3285.28,3479.0,3165.41,3423.06,5529908.978,18458018565.74134
2025-11-06,3423.06,3455.0,3245.0,3313.7,4923419.396,16485449833.07646
2025-11-07,3313.7,3472.23,3192.92,3434.36,5003943.428,16601841382.86458
2025-11-08,3434.37,3490.0,3353.31,3400.07,2663386.219,9099157353.14614
2025-11-09,3400.08,3624.4,3356.74,3581.31,3242104.849,11301873155.95876
2025-11-10,3581.31,3658.0,3505.55,3566.38,3732092.709,13360528858.35997
2025-11-11,3566.38,3647.54,3403.02,3416.32,4510443.944,15900378901.78895
2025-11-12,3416.33,3587.24,3370.0,3413.46,4885053.439,16907897063.88611
2025-11-13,3413.45,3565.0,3152.49,3230.12,7753251.79,26083884668.87648
2025-11-14,3230.13,3255.95,3068.0,3111.2,8107655.483,25699714531.16107
2025-11-15,3111.2,3230.56,3109.16,3166.55,2382547.615,7562768036.56531
2025-11-16,3166.56,3248.5,3001.01,3094.05,5514051.792,17212970189.19971
2025-11-17,3094.04,3223.22,2958.0,3030.06,6720441.979,20848106009.10493
2025-11-18,3030.06,3169.28,2943.31,3122.2,6218662.842,18980315506.87928
2025-11-19,3122.2,3125.05,2873.0,3024.09,7755927.867,23272863365.89668
2025-11-20,3024.08,3063.0,2788.01,2832.97,8009557.115,23455659763.16681
2025-11-21,2832.96,2885.84,2620.0,2764.69,10727173.104,29404535921.142
2025-11-22,2764.7,2798.0,2702.87,2769.06,2709820.893,7433402072.25529
2025-11-23,2769.06,2857.0,2766.87,2800.73,3288963.717,9262309369.80448
2025-11-24,2800.74,2986.98,2761.38,2952.19,6158375.151,17629818981.86079
2025-11-25,2952.18,2979.31,2855.0,2958.24,4774258.874,13900856134.8333
2025-11-26,2958.24,3044.46,2887.09,3025.02,4273427.784,12642800437.45882
2025-11-27,3025.02,3070.0,2983.81,3013.8,2959023.537,8948067808.55838
2025-11-28,3013.81,3099.0,2992.1,3029.8,3878973.607,11796891863.91637
2025-11-29,3029.8,3051.46,2960.01,2987.96,2258392.443,6775926299.40963
2025-11-30,2987.96,3052.21,2974.0,2990.02,1978839.3,5970408807.45167
2025-12-01,2990.02,2998.84,2718.07,2797.47,6741830.72,18971589442.10295
2025-12-02,2797.48,3034.94,2780.6,2994.63,5080990.853,14815158458.2562
2025-12-03,2994.63,3216.53,2983.76,3187.07,5461248.054,16873625293.15583
2025-12-04,3187.08,3239.27,3064.81,3132.01,5001099.111,15859152719.01436
2025-12-05,3132.01,3192.72,2978.0,3020.38,5378728.01,16628875832.68546
2025-12-06,3020.38,3068.58,3011.0,3036.53,1618613.158,4915211200.82418
2025-12-07,3036.53,3150.0,2903.75,3058.14,4316087.325,13102163181.41413
2025-12-08,3058.14,3179.99,3038.76,3123.14,4298631.798,13429694816.30503
2025-12-09,3123.15,3397.5,3089.01,3316.49,5589772.365,18099810028.77385
2025-12-10,3316.5,3446.12,3286.58,3322.79,4812014.096,16131527898.00717
2025-12-11,3322.8,3326.74,3142.92,3235.77,5182963.105,16622839521.25866
2025-12-12,3235.78,3264.78,3041.1,3083.34,4616717.641,14523686590.13976
2025-12-13,3083.34,3135.0,3075.0,3113.01,1450299.521,4503562083.13692
2025-12-14,3113.0,3128.65,3022.51,3062.02,2689994.308,8301728632.29391
2025-12-15,3062.01,3177.0,2890.51,2963.25,6080692.972,18458624279.93705
2025-12-16,2963.25,2982.1,2870.0,2960.84,4501415.709,13217875098.26135
2025-12-17,2960.83,3030.0,2789.52,2832.0,5886093.565,17109213289.76786
2025-12-18,2831.99,2997.05,2772.97,2827.3,6355841.595,18285465909.39752
2025-12-19,2827.32,3017.99,2806.15,2978.33,5024441.542,14783267707.48895
2025-12-20,2978.34,2992.97,2965.28,2976.54,1037932.071,3091907124.40667
2025-12-21,2976.55,3011.99,2943.0,3000.62,1880938.477,5603772651.19481
2025-12-22,3000.61,3077.99,2961.0,3008.49,4028005.767,12186700742.80464
2025-12-23,3008.5,3035.0,2899.3,2963.29,4025936.154,11896188689.51685
2025-12-24,2963.29,2976.48,2886.75,2946.23,2622651.93,7687832001.93483
2025-12-25,2946.23,2969.99,2888.88,2902.32,1833895.842,5381555216.75797
2025-12-26,2902.32,2994.0,2892.72,2926.82,3511943.959,10338553279.60866
2025-12-27,2926.83,2959.84,2914.63,2947.61,899512.695,2636507869.6153
2025-12-28,2947.61,2959.99,2922.84,2949.6,1156340.657,3400543807.9755
2025-12-29,2949.6,3056.0,2908.58,2936.45,4975460.686,14777756623.34557
2025-12-30,2936.45,3008.67,2917.48,2972.22,3160478.075,9386429031.82699
2025-12-31,2972.23,3027.73,2957.59,2970.4,2411514.797,7193092989.15502
2026-01-01,2970.4,3008.56,2970.0,3002.49,1078103.921,3220483557.50709
2026-01-02,3002.5,3149.0,2990.67,3123.89,4632283.725,14228422818.66765
2026-01-03,3123.88,3135.0,3074.52,3125.47,1466597.6,4554177757.17688
2026-01-04,3125.46,3165.99,3115.0,3143.32,1887902.79,5929565719.6933
2026-01-05,3143.33,3266.0,3131.47,3223.71,4530955.5,14424880063.24923
2026-01-06,3223.72,3308.0,3180.71,3295.46,4587035.481,14910247560.18325
2026-01-07,3295.46,3295.79,3123.01,3167.52,4540326.148,14508108836.34791
2026-01-08,3167.53,3183.68,3052.43,3105.45,4244975.433,13204555285.32681
2026-01-09,3105.44,3148.0,3056.79,3087.15,3688956.785,11437273391.87188
2026-01-10,3087.16,3102.75,3077.08,3085.47,690476.319,2133355612.35137
2026-01-11,3085.47,3147.0,3083.23,3122.0,1514111.583,4715974738.78988
2026-01-12,3122.0,3170.88,3061.35,3093.84,3879346.739,12097803440.06908
2026-01-13,3093.85,3383.63,3090.18,3324.69,4721555.817,15083497161.28831
2026-01-14,3324.68,3403.77,3280.0,3353.27,4884153.834,16313326709.51153
2026-01-15,3353.28,3383.07,3266.0,3317.0,4131982.824,13732434224.8674
2026-01-16,3317.0,3325.34,3251.42,3294.77,2550182.156,8390347154.81726
2026-01-17,3294.77,3328.36,3282.39,3308.87,1148627.857,3798184016.12259
2026-01-18,3308.86,3367.98,3277.42,3282.77,1816518.47,6038375566.59079
2026-01-19,3282.77,3283.2,3165.0,3188.01,3565887.7,11448614199.2606
2026-01-20,3188.01,3199.73,2910.0,2938.24,5863217.618,17955207599.30427
2026-01-21,2938.25,3069.34,2864.29,2980.66,6529694.517,19336222914.1736
2026-01-22,2980.67,3037.49,2904.11,2951.21,3511036.223,10424393737.03718
2026-01-23,2951.21,3020.45,2890.2,2955.08,3421101.166,10092253959.87801
2026-01-24,2955.08,2968.75,2942.0,2952.09,782585.277,2314502464.82381
2026-01-25,2952.09,2959.27,2784.15,2815.49,3639269.207,10425054712.51541
2026-01-26,2815.49,2950.0,2810.72,2928.9,5212624.57,15094744589.38012
2026-01-27,2928.89,3034.99,2898.89,3024.92,3892928.818,11504547925.70945
2026-01-28,3024.92,3045.0,2981.7,3009.36,2975250.747,8965143376.7394
2026-01-29,3009.36,3012.04,2752.5,2821.0,5756506.007,16464783136.19275
2026-01-30,2821.0,2827.27,2634.63,2705.66,7083805.908,19303148891.17319
2026-01-31,2705.66,2713.43,2202.4,2450.38,9597331.925,23874988096.82025
2026-02-01,2450.38,2474.98,2218.0,2269.04,7484600.303,17587227056.44762
2026-02-02,2269.03,2395.4,2156.0,2345.55,9776544.584,22274496868.95568
2026-02-03,2345.56,2358.6,2103.4,2232.23,10848208.477,24435647737.9596
2026-02-04,2232.23,2295.0,2073.68,2147.01,10585464.616,23038086218.26108
2026-02-05,2147.01,2173.0,1813.44,1824.95,16655460.741,33321590705.23254
2026-02-06,1824.94,2095.1,1736.02,2062.54,12992141.928,25258713376.55576
2026-02-07,2062.55,2125.0,1993.34,2085.93,9242436.501,18982825602.80097
2026-02-08,2085.94,2152.0,2065.28,2088.6,4555179.279,9588863227.21854
2026-02-09,2088.59,2148.0,2008.0,2103.96,6112389.381,12673818355.94872
2026-02-10,2103.96,2123.7,1983.77,2021.51,5719539.726,11602593984.76758
2026-02-11,2021.51,2031.0,1901.22,1940.07,7001716.607,13695963301.93003
2026-02-12,1940.07,2000.9,1893.77,1947.15,5249452.151,10231781788.6413
2026-02-13,1947.15,2073.0,1923.29,2047.6,4756924.94,9498998511.64008
2026-02-14,2047.6,2107.02,2041.0,2085.43,2551809.818,5299908435.22112
2026-02-15,2085.43,2102.73,1926.83,1965.47,5263088.682,10617145861.75579
2026-02-16,1965.48,2023.3,1935.39,1997.35,4222483.641,8341029821.68136
2026-02-17,1997.36,2014.91,1940.01,1990.68,4415263.662,8740794927.86932
2026-02-18,1990.68,2038.27,1921.64,1954.77,4947193.478,9786269452.38242
2026-02-19,1954.77,1986.91,1905.5,1948.15,4169323.203,8097564341.846
2026-02-20,1948.15,1980.73,1921.53,1967.85,4614697.353,9019949198.26163
2026-02-21,1967.85,1996.64,1955.07,1972.54,1952314.278,3860156024.46838
2026-02-22,1972.54,1982.83,1933.0,1957.01,2181545.112,4271790660.05216
2026-02-23,1957.0,1957.58,1836.06,1855.47,6596823.284,12433371157.59701
2026-02-24,1855.47,1868.94,1796.0,1851.09,5451865.185,9999540421.71525
2026-02-25,1851.1,2149.95,1845.7,2056.5,8508406.312,16923300053.31844
2026-02-26,2056.51,2083.09,1973.49,2026.71,5317905.842,10826829011.89361
2026-02-27,2026.7,2063.71,1885.0,1928.5,5765278.24,11360747390.93571
2026-02-28,1928.51,1984.22,1834.06,1963.48,6413987.498,12172091189.72073
2026-03-01,1963.48,2054.67,1905.91,1938.57,6813284.796,13519048482.19929
2026-03-02,1938.58,2089.0,1916.0,2026.69,7122677.456,14218087624.82057
2026-03-03,2026.69,2041.22,1926.32,1981.85,6737214.335,13311839797.91763
2026-03-04,1981.85,2199.47,1943.4,2125.98,8276703.768,17205720013.14975
2026-03-05,2125.97,2163.0,2053.3,2072.18,5635437.004,11861681490.81004
2026-03-06,2072.17,2092.39,1954.25,1977.66,5122007.554,10349061522.8241
2026-03-07,1977.66,1995.74,1946.87,1968.39,2177663.083,4301277162.0393
2026-03-08,1968.39,1979.03,1906.63,1935.97,4103521.455,7982197268.9374
2026-03-09,1935.98,2052.83,1928.2,1992.28,6267966.906,12539756488.37013
2026-03-10,1992.28,2088.0,1990.23,2035.39,6003913.771,12290103291.4013
2026-03-11,2035.38,2084.98,2005.9,2050.99,4590062.81,9391004123.01922
2026-03-12,2050.98,2094.57,2016.17,2072.6,5389229.449,11084558370.7927
2026-03-13,2072.6,2209.49,2069.1,2091.01,7769112.85,16564573013.01872
2026-03-14,2091.0,2105.75,2060.09,2095.27,2147825.724,4470800618.03992
2026-03-15,2095.28,2202.87,2081.59,2177.73,3897654.309,8294757906.69499
2026-03-16,2177.73,2385.78,2163.32,2351.66,9230354.53,21037410008.44173
2026-03-17,2351.66,2377.0,2292.57,2316.45,5494951.391,12798423454.3513
2026-03-18,2316.45,2349.99,2150.7,2201.95,7125002.425,15946554139.76757
2026-03-19,2201.96,2232.64,2098.02,2136.56,6232708.908,13404580257.13115
2026-03-20,2136.56,2175.64,2114.2,2145.08,4465173.651,9555696884.78175
2026-03-21,2145.08,2168.0,2068.78,2083.37,1888068.546,4037233128.04885
2026-03-22,2083.37,2126.38,2024.11,2052.85,4214366.298,8755069596.9334
2026-03-23,2052.86,2199.0,2021.58,2151.01,8293509.298,17619801746.33515
2026-03-24,2151.0,2174.71,2102.0,2155.29,4711394.096,10082660787.98355
2026-03-25,2155.3,2200.11,2142.66,2168.0,4267494.054,9270182769.24928
2026-03-26,2168.0,2171.32,2033.22,2059.17,5445914.451,11368507473.74588
2026-03-27,2059.18,2076.43,1966.2,1991.58,5023322.317,10101163807.7313
2026-03-28,1991.57,2049.36,1981.52,1993.48,2477055.928,4978655148.31765
2026-03-29,1993.48,2019.0,1936.54,1983.44,2832513.215,5632789978.94481
2026-03-30,1983.45,2086.99,1978.7,2025.69,5457974.968,11154426747.31524
2026-03-31,2025.69,2124.51,2011.25,2104.49,6430786.319,13300070169.22609
2026-04-01,2104.48,2167.2,2081.19,2138.8,4726113.806,10067911831.45104
2026-04-02,2138.8,2158.42,2015.55,2055.96,5764960.393,11903711089.64816
2026-04-03,2055.97,2084.02,2038.35,2052.92,2137709.797,4392715659.63013
2026-04-04,2052.93,2083.36,2043.0,2064.43,1306192.46,2687646711.06367
2026-04-05,2064.43,2123.23,2020.61,2109.35,3133077.468,6446862526.47206
2026-04-06,2109.36,2174.41,2086.29,2106.14,5140998.259,10984437823.35124
2026-04-07,2106.14,2273.0,2058.01,2239.14,6881146.135,14671800400.10454
2026-04-08,2239.14,2269.65,2177.77,2188.87,5066512.92,11286864440.33124
2026-04-09,2188.87,2246.15,2156.0,2188.92,4465511.357,9800427252.77979
2026-04-10,2188.92,2257.55,2173.81,2243.9,3764306.478,8354604317.01898
2026-04-11,2243.91,2329.99,2227.03,2283.85,2875158.106,6526388750.82707
2026-04-12,2283.86,2288.12,2173.0,2190.62,3705143.314,8189504742.41815
2026-04-13,2190.61,2395.85,2174.48,2368.8,5800599.866,13062032896.14409
2026-04-14,2368.8,2416.4,2301.6,2321.17,5431617.691,12817285329.6406
2026-04-15,2321.16,2384.67,2306.8,2358.87,3655704.371,8551879330.17925
2026-04-16,2358.86,2368.45,2282.7,2346.92,4527435.337,10552845333.85908
2026-04-17,2346.93,2463.86,2314.08,2417.66,5677626.227,13620833660.11168
2026-04-18,2417.65,2426.62,2337.0,2348.99,3014437.049,7149340638.99621
2026-04-19,2348.99,2353.99,2250.91,2262.2,3734471.899,8623771806.92172
2026-04-20,2262.21,2346.84,2258.3,2312.59,4445143.207,10248279667.76236
2026-04-21,2312.59,2337.99,2280.82,2326.13,3918990.46,9057460146.11613
2026-04-22,2326.12,2423.0,2311.41,2373.04,4859473.668,11597463287.75726
2026-04-23,2373.05,2381.85,2283.31,2328.94,4777287.616,11131404277.77836
2026-04-24,2328.94,2336.46,2298.44,2313.88,2903586.931,6725582229.39237
2026-04-25,2313.87,2322.22,2298.98,2318.21,1004359.218,2322712023.97939
2026-04-26,2318.21,2379.99,2305.07,2368.32,2383954.122,5590952692.8336
2026-04-27,2368.32,2403.99,2263.88,2302.28,4476437.779,10397268595.41896
2026-04-28,2302.28,2309.73,2256.03,2288.37,2716170.942,6198676905.70273
2026-04-29,2288.36,2346.48,2218.83,2251.52,5309541.884,12133049133.74266
2026-04-30,2251.53,2277.92,2230.1,2256.49,2590482.178,5846314944.71813
2026-05-01,2256.5,2324.64,2256.03,2294.34,3118171.392,7156215555.26558
2026-05-02,2294.34,2342.0,2291.41,2315.9,1178697.038,2723435669.15341
2026-05-03,2315.91,2356.75,2296.01,2321.67,2083961.664,4841477912.69421
2026-05-04,2321.67,2398.88,2308.1,2346.11,5800734.804,13653742569.78952
2026-05-05,2346.12,2398.88,2344.0,2359.47,3684222.157,8749779445.17216
2026-05-06,2359.47,2422.52,2335.17,2349.7,5330786.092,12669419909.30159
2026-05-07,2349.69,2351.29,2278.0,2289.91,4332681.982,10013235171.70902
2026-05-08,2289.92,2320.66,2263.43,2306.17,3261671.007,7467547678.01854
2026-05-09,2306.17,2337.79,2296.66,2325.22,1891169.407,4383197307.80287
2026-05-10,2325.23,2381.88,2310.01,2370.21,3347356.503,7848764923.30219
2026-05-11,2370.21,2373.91,2302.51,2338.61,3086413.725,7203349254.09189
2026-05-12,2338.62,2339.8,2255.15,2273.62,3420843.736,7823498239.06062
2026-05-13,2273.61,2322.68,2233.0,2257.54,3628737.695,8262514468.32443
2026-05-14,2257.53,2318.6,2237.05,2282.06,4182483.27,9531103712.27378
2026-05-15,2282.06,2299.36,2203.55,2223.66,4022665.004,9020114235.74348
2026-05-16,2223.65,2230.79,2160.5,2179.66,2383235.147,5214879791.71328
2026-05-17,2179.67,2197.63,2085.0,2129.88,2484872.269,5378648081.2906
2026-05-18,2129.88,2156.52,2074.26,2128.99,5104677.882,10804751722.33636
2026-05-19,2128.99,2146.99,2093.16,2111.0,3200971.162,6781252478.21783
2026-05-20,2110.99,2148.6,2101.79,2128.6,2822259.671,6005578655.00268
2026-05-21,2128.59,2157.0,2103.51,2132.78,3350094.53,7138635120.51499
2026-05-22,2132.78,2140.75,2056.05,2064.98,3354098.521,7053054579.8852
2026-05-23,2064.99,2149.86,2007.0,2116.82,4770162.117,9874199839.09287
2026-05-24,2116.82,2131.1,2061.26,2098.99,2596642.56,5459614752.76659
2026-05-25,2098.99,2141.6,2090.84,2111.64,2330198.394,4927473573.70826
2026-05-26,2111.64,2139.66,2053.0,2072.99,4476452.166,9390528626.89166
2026-05-27,2073.0,2096.61,2013.98,2023.7,3921315.339,8076868611.66935
2026-05-28,2023.7,2029.5,1965.48,2008.92,5065678.305,10103114235.60453
2026-05-29,2008.92,2046.0,1975.37,2013.35,4404954.103,8871285211.16649
2026-05-30,2013.36,2031.51,2000.83,2021.58,1412352.897,2851791199.77103
2026-05-31,2021.59,2037.55,1992.84,2006.31,2117587.645,4264448024.4675
2026-06-01,2006.3,2020.9,1954.42,2006.0,4936359.592,9801437747.27397
2026-06-02,2006.01,2006.44,1837.01,1858.96,7992886.5,15443333958.37715
2026-06-03,1858.96,1892.39,1767.71,1812.46,7604044.983,14009175500.0448
2026-06-04,1812.45,1819.9,1712.52,1769.86,8403867.373,14886358168.04281
2026-06-05,1769.85,1774.34,1538.13,1582.35,14318838.591,23402300661.32043
2026-06-06,1582.35,1600.56,1503.6,1568.6,6539042.797,10185700196.07712
2026-06-07,1568.6,1721.57,1563.0,1689.66,6185207.432,10056629504.46923
2026-06-08,1689.66,1714.22,1643.65,1689.21,5741075.199,9657504877.63944
2026-06-09,1689.2,1696.0,1613.1,1638.64,5821248.623,9645108935.53675
2026-06-10,1638.64,1667.31,1602.05,1620.72,5574012.277,9101592782.72717
2026-06-11,1620.72,1693.38,1620.72,1672.57,5159676.42,8557618159.26419
2026-06-12,1672.57,1690.51,1651.17,1665.48,3688161.682,6159375748.15496
2026-06-13,1665.49,1698.1,1661.2,1680.41,1848794.28,3098385514.20634
2026-06-14,1680.42,1732.0,1653.36,1724.74,2885468.86,4869332773.45763
2026-06-15,1724.74,1848.78,1708.45,1795.16,6403694.775,11415816381.02132
2026-06-16,1795.15,1839.54,1757.36,1792.32,5345782.795,9563756046.06
2026-06-17,1792.33,1809.67,1724.22,1749.56,5589345.012,9864620729.3988
2026-06-18,1749.57,1762.34,1670.56,1710.18,5095465.457,8756836492.50293
2026-06-19,1710.18,1718.83,1678.17,1710.31,2862860.252,4861309484.30325
2026-06-20,1710.3,1749.13,1703.13,1740.0,2703250.129,4667576781.81196
2026-06-21,1740.0,1740.68,1700.37,1706.31,2178356.471,3755843017.43623
2026-06-22,1706.3,1779.0,1706.1,1727.32,4317853.751,7533670615.73773
2026-06-23,1727.32,1735.63,1633.33,1666.4,4415668.101,7386269511.65433
2026-06-24,1666.4,1692.0,1551.0,1621.54,6395632.341,10385390894.52356
2026-06-25,1621.55,1660.56,1530.0,1566.97,6905885.053,10998093210.55176
2026-06-26,1566.98,1594.89,1510.87,1577.86,6697526.651,10420348023.48775
2026-06-27,1577.85,1610.44,1561.69,1573.1,2256919.578,3579324490.74527
2026-06-28,1573.1,1588.27,1547.0,1571.1,2620011.381,4117603574.46833
2026-06-29,1571.11,1637.2,1549.08,1612.12,5502615.864,8727485059.7997
2026-06-30,1612.12,1613.56,1549.16,1571.47,3827647.387,6029814926.38176
2026-07-01,1571.48,1645.86,1552.03,1608.87,5439929.406,8694460651.72534
2026-07-02,1608.87,1725.0,1596.14,1699.9,6017445.264,10027027780.64599
2026-07-03,1699.89,1775.5,1693.68,1757.41,4211590.028,7304259552.97644
2026-07-04,1757.41,1808.0,1743.09,1779.94,2915139.488,5175967837.35655
2026-07-05,1779.94,1807.77,1747.27,1785.07,2751817.226,4878719338.55951
2026-07-06,1785.07,1833.0,1728.3,1798.84,5540382.936,9827395046.08717
2026-07-07,1798.84,1812.85,1756.62,1770.67,4370897.789,7788028201.87085
2026-07-08,1770.67,1784.16,1712.45,1742.68,4192853.427,7298476098.98838
2026-07-09,1742.67,1762.52,1720.53,1744.25,3052244.456,5322638544.72311
2026-07-10,1744.26,1811.23,1736.61,1796.03,3384049.117,6035968317.5746
2026-07-11,1796.03,1829.52,1785.0,1786.7,2361669.526,4271423198.19284
2026-07-12,1786.69,1826.2,1778.26,1805.92,2411677.076,4353707091.18831
2026-07-13,1805.92,1848.0,1748.0,1776.0,5083243.349,9076152857.27994
2026-07-14,1776.0,1896.86,1772.52,1891.12,5310465.083,9767271249.85603
2026-07-15,1891.12,1946.75,1863.32,1916.91,4752347.958,9068463403.21453
2026-07-16,1916.91,1928.69,1855.38,1863.73,4313799.484,8144210069.96647
2026-07-17,1863.73,1870.44,1802.46,1841.08,4278159.839,7849464070.00737
2026-07-18,1841.08,1867.0,1836.36,1861.75,1312675.904,2427308201.80217
2026-07-19,1861.75,1878.76,1850.95,1871.49,1944778.356,3631537624.92145
2026-07-20,1871.49,1917.92,1841.84,1903.5,4927740.738,9263743222.32922
2026-07-21,1903.51,1953.64,1899.44,1929.29,3487747.021,6729496891.35654
2026-07-22,1929.29,1958.75,1909.32,1933.31,3588085.006,6933869707.52863
2026-07-23,1933.31,1940.66,1868.18,1877.42,3473835.055,6607190691.17787
2026-07-24,1877.42,1909.32,1846.17,1860.57,3432295.181,6425601588.50683
2026-07-25,1860.58,1876.42,1850.26,1873.92,1096625.42,2044238533.1212
2026-07-26,1873.93,1966.97,1873.0,1953.79,2677956.839,5123450919.68906
2026-07-27,1953.8,1982.0,1881.16,1891.44,4750960.033,9228308685.01879
2026-07-28,1891.43,1928.9,1855.82,1921.13,4725347.515,8942284392.93945
2026-07-29,1921.13,1935.0,1870.26,1909.68,4781085.516,9109139841.41855
2026-07-30,1909.68,1936.57,1892.99,1917.31,3007123.87,5765640477.36114
2026-07-31,1917.31,1936.0,1847.28,1861.68,3994907.633,7517537304.44882
2026-08-01,1861.68,1874.44,1820.61,1844.17,1873612.61,3466959352.73297
2026-08-02,1844.17,1898.5,1843.03,1884.37,2672196.743,5000246440.02179
2026-08-03,1884.38,1885.16,1827.18,1859.78,3646115.389,6764218596.19507
2026-08-04,1859.78,1881.72,1847.5,1868.9,2907505.369,5428029350.829
2026-08-05,1868.9,1927.19,1854.51,1907.95,3773129.724,7113452202.68346
2026-08-06,1907.95,1920.92,1891.46,1903.12,2667178.926,5085441927.36283
2026-08-07,1903.11,1943.0,1893.37,1913.07,2900697.584,5556884631.18004
2026-08-08,1913.07,1925.85,1911.26,1915.98,725106.959,1391281636.69678
2026-08-09,1915.98,1937.67,1906.41,1909.57,1408390.8,2703784088.20286
2026-08-10,1909.56,1931.5,1866.14,1872.31,3374109.366,6407415105.85985
2026-08-11,1872.3,1897.3,1852.22,1881.8,2639181.895,4951898188.19022
2026-08-12,1881.79,1924.97,1872.0,1878.8,2931446.968,5559179864.53512
2026-08-13,1878.79,1899.6,1862.11,1885.39,2770118.573,5218467948.13854
2026-08-14,1885.38,1890.69,1863.2,1881.39,1854852.495,3481034035.01465
2026-08-15,1881.38,1886.0,1874.61,1881.73,629574.471,1184706377.78586
2026-08-16,1881.73,1891.93,1868.01,1875.22,1001667.251,1883513736.84228
2026-08-17,1875.21,1918.0,1871.61,1912.7,2640654.262,5020479048.1944
2026-08-18,1912.7,1922.72,1884.2,1917.1,2356398.51,4489808692.16187
2026-08-19,1917.09,2336.82,1905.2,2252.16,9693845.889,20296113028.69307
2026-08-20,2252.17,2359.68,2222.0,2326.18,7630449.904,17469091948.75315
2026-08-21,2326.18,2549.4,2323.83,2515.97,9142183.537,22027989963.12597
2026-08-22,2515.98,2529.98,2384.0,2427.37,3917279.992,9604486803.07943
