date,open,high,low,close,volume,quote_volume
2022-01-01 00:00:00,46210.57,46944.56,46210.55,46789.56,24921.419,1163591050.09468
2022-01-01 04:00:00,46789.55,47566.66,46605.0,47186.83,34840.019,1640482195.999
2022-01-01 08:00:00,47186.83,47338.0,46700.09,46755.01,29421.287,1383156997.95455
2022-01-01 12:00:00,46755.01,47488.64,46755.01,47194.78,28293.73,1332222394.70214
2022-01-01 16:00:00,47194.77,47943.77,47157.59,47326.98,38466.496,1828153448.54727
2022-01-01 20:00:00,47326.99,47813.43,47202.47,47704.35,23490.633,1114226574.35965
2022-01-02 00:00:00,47704.35,47745.61,47263.28,47330.75,20840.181,989097511.14833
2022-01-02 04:00:00,47330.76,47418.65,46749.99,47171.04,31316.56,1473758965.17063
2022-01-02 08:00:00,47171.39,47500.0,46963.66,47231.3,22208.407,1049329818.47115
2022-01-02 12:00:00,47231.29,47453.05,47002.47,47329.68,26792.14,1264352642.3155
2022-01-02 16:00:00,47329.68,48000.0,46605.68,46908.29,63863.45,3020978940.52806
2022-01-02 20:00:00,46908.66,47469.46,46815.75,47280.0,19774.355,932630445.97423
2022-01-03 00:00:00,47280.01,47288.28,46717.26,46802.86,26291.881,1235571591.32057
2022-01-03 04:00:00,46802.86,47217.37,46750.0,47041.11,21333.244,1001800159.18009
2022-01-03 08:00:00,47042.77,47436.26,46777.0,47364.11,33235.58,1565328519.14216
2022-01-03 12:00:00,47364.11,47575.22,46560.0,46689.99,57712.063,2716150308.05115
2022-01-03 16:00:00,46689.99,46800.0,46260.4,46364.55,49363.789,2296505484.69365
2022-01-03 20:00:00,46364.56,46579.28,45665.4,46445.81,56845.236,2619369721.63511
2022-01-04 00:00:00,46445.8,46550.0,45931.61,46313.95,30816.389,1424536968.74991
2022-01-04 04:00:00,46313.95,46550.89,46020.5,46521.68,28851.557,1334913841.96897
2022-01-04 08:00:00,46521.69,46750.0,46270.54,46709.98,37737.68,1756454193.45552
2022-01-04 12:00:00,46709.97,47524.36,46390.84,46925.28,68631.828,3226180011.0097
2022-01-04 16:00:00,46925.28,46986.54,45445.57,46058.09,92895.654,4299796195.94016
2022-01-04 20:00:00,46058.09,46430.38,45750.0,45833.42,33216.642,1531725545.04381
2022-01-05 00:00:00,45833.41,46580.0,45710.23,46409.76,28814.127,1331750446.40164
2022-01-05 04:00:00,46412.87,46537.0,46243.1,46399.33,18289.792,848328500.52649
2022-01-05 08:00:00,46399.34,47075.29,46095.4,46271.93,54891.578,2558394491.05609
2022-01-05 12:00:00,46271.93,46820.83,45900.0,46611.46,81299.27,3771082233.36816
2022-01-05 16:00:00,46611.47,46670.0,44128.22,44673.22,128210.848,5849568689.9225
2022-01-05 20:00:00,44671.93,44835.0,42270.0,43421.69,173971.954,7600764459.62277
2022-01-06 00:00:00,43421.7,43766.0,42801.0,42817.38,56177.064,2434706939.43685
2022-01-06 04:00:00,42821.05,43258.82,42566.73,43222.22,53675.887,2307221059.62148
2022-01-06 08:00:00,43222.22,43253.23,42385.83,42865.15,59278.161,2537895163.73292
2022-01-06 12:00:00,42865.14,43228.73,42629.75,42947.79,61959.766,2659539662.65219
2022-01-06 16:00:00,42947.78,43488.48,42742.0,43409.03,42221.222,1819810760.89444
2022-01-06 20:00:00,43409.03,43564.78,43000.0,43080.01,26197.751,1131750671.53818
2022-01-07 00:00:00,43080.01,43135.0,41500.0,41789.97,72499.775,3070495350.0536
2022-01-07 04:00:00,41789.97,41931.0,40900.0,41691.61,96980.039,4025733556.1838
2022-01-07 08:00:00,41699.41,42960.0,41601.96,42249.99,61787.693,2612113551.76355
2022-01-07 12:00:00,42250.0,42791.45,40456.56,41297.41,131096.797,5457300035.52209
2022-01-07 16:00:00,41297.14,42345.81,40900.0,41764.32,79067.223,3293127951.62823
2022-01-07 20:00:00,41763.67,42056.36,41300.0,41553.86,31783.322,1325136547.44778
2022-01-08 00:00:00,41553.87,42247.36,41553.86,41796.03,33066.323,1384322096.37654
2022-01-08 04:00:00,41796.03,41988.67,41711.35,41902.21,16857.004,705842439.07159
2022-01-08 08:00:00,41902.21,42191.84,41747.64,41918.02,32638.282,1369715152.04972
2022-01-08 12:00:00,41918.02,42040.23,41300.0,41600.72,39542.944,1651207274.23365
2022-01-08 16:00:00,41600.72,41729.6,40500.0,40837.51,100299.812,4115480852.5361
2022-01-08 20:00:00,40837.5,42335.0,40722.22,41688.05,61332.859,2553354753.1362
2022-01-09 00:00:00,41688.05,42168.0,41380.0,41835.6,36586.352,1528430137.43137
2022-01-09 04:00:00,41835.6,42092.95,41666.0,41784.63,22050.977,923086223.4724
2022-01-09 08:00:00,41784.62,42000.0,41400.0,41854.25,34959.754,1457256863.65942
2022-01-09 12:00:00,41854.26,41918.0,41170.0,41611.09,40736.574,1693967886.65478
2022-01-09 16:00:00,41611.09,42735.0,41550.0,42678.95,54244.795,2285566131.06154
2022-01-09 20:00:00,42678.96,42773.85,41755.0,41851.22,34556.5,1459452045.20937
2022-01-10 00:00:00,41851.22,42025.0,41572.0,41946.05,29063.854,1215138000.04988
2022-01-10 04:00:00,41946.05,42219.84,41801.63,42034.99,27296.153,1146918078.67058
2022-01-10 08:00:00,42035.0,42098.52,41422.0,41564.26,38659.985,1613853071.13754
2022-01-10 12:00:00,41564.26,41612.0,39610.0,40973.56,191731.906,7787278155.45177
2022-01-10 16:00:00,40973.56,42140.28,40502.1,41280.45,129699.635,5365351323.14774
2022-01-10 20:00:00,41280.45,41990.0,41144.14,41801.55,37192.583,1548231641.87795
2022-01-11 00:00:00,41801.55,42369.99,41537.0,42251.59,38923.481,1634460285.16161
2022-01-11 04:00:00,42251.6,42350.0,41950.0,42191.79,28211.101,1189217878.38291
2022-01-11 08:00:00,42191.81,42698.34,41561.25,41800.95,54600.484,2292224656.71209
2022-01-11 12:00:00,41800.07,42200.0,41255.0,41716.42,70410.719,2935291575.60739
2022-01-11 16:00:00,41716.41,43118.0,41662.16,42938.55,105655.963,4496035485.53209
2022-01-11 20:00:00,42938.55,43080.52,42586.58,42700.68,25958.943,1109920896.20735
2022-01-12 00:00:00,42700.69,42949.97,42415.0,42592.92,25398.301,1082890454.04636
2022-01-12 04:00:00,42592.91,42864.0,42450.0,42550.09,24257.707,1033952749.99355
2022-01-12 08:00:00,42550.1,43444.0,42487.74,42906.98,55508.866,2382438081.99083
2022-01-12 12:00:00,42906.98,44091.93,42848.38,43549.99,103073.726,4491160041.62106
2022-01-12 16:00:00,43550.0,43870.0,43300.0,43707.2,38298.922,1670608369.70808
2022-01-12 20:00:00,43708.98,44300.0,43604.0,43880.72,34801.772,1528297966.66145
2022-01-13 00:00:00,43880.72,44034.98,43419.11,43501.19,25184.537,1099340533.88829
2022-01-13 04:00:00,43501.18,43777.0,43480.37,43682.7,18454.877,805596568.28157
2022-01-13 08:00:00,43682.7,43998.0,43466.76,43592.1,35161.982,1539138482.27247
2022-01-13 12:00:00,43592.1,44396.68,42847.86,43170.0,101156.462,4414264654.0517
2022-01-13 16:00:00,43170.0,43500.0,42511.49,42690.02,72060.145,3091387152.53163
2022-01-13 20:00:00,42690.01,42862.05,42301.16,42534.32,37271.177,1587189564.54611
2022-01-14 00:00:00,42538.72,42764.51,42350.0,42611.77,26118.078,1112540107.47123
2022-01-14 04:00:00,42611.04,42950.7,42557.83,42635.62,25171.362,1076307201.09429
2022-01-14 08:00:00,42635.64,42687.35,41807.22,41983.12,61165.784,2582775460.42137
2022-01-14 12:00:00,41983.12,43350.0,41666.0,43082.57,94050.754,4005064701.74866
2022-01-14 16:00:00,43082.58,43388.0,42758.46,43055.09,41991.268,1807126457.41054
2022-01-14 20:00:00,43055.1,43450.0,42976.94,43042.4,24019.831,1036947710.53199
2022-01-15 00:00:00,43042.4,43161.54,42846.58,42918.27,18172.76,781598232.99237
2022-01-15 04:00:00,42918.27,43091.24,42676.19,43073.99,21502.38,922628336.1437
2022-01-15 08:00:00,43073.99,43279.93,42856.31,42995.23,24779.19,1067033734.00165
2022-01-15 12:00:00,42998.2,43389.66,42530.64,43370.01,53299.809,2289480033.35133
2022-01-15 16:00:00,43370.0,43570.0,43200.34,43496.85,30500.863,1322174625.37202
2022-01-15 20:00:00,43496.85,43800.0,43058.57,43070.51,36394.155,1579710099.7696
2022-01-16 00:00:00,43070.51,43136.68,42816.0,42966.51,21680.661,932064578.89947
2022-01-16 04:00:00,42966.51,43229.83,42835.0,43173.02,19685.639,847683024.08617
2022-01-16 08:00:00,43173.02,43274.82,42750.0,42960.0,26377.981,1134583482.08898
2022-01-16 12:00:00,42960.0,43409.42,42531.69,43207.81,57634.189,2480667765.32797
2022-01-16 16:00:00,43208.01,43464.71,42768.87,42817.01,29378.379,1267145751.48
2022-01-16 20:00:00,42817.01,43250.0,42731.07,43060.66,22693.626,976648121.55281
2022-01-17 00:00:00,43060.66,43159.32,42606.0,42635.91,27198.485,1165602898.24702
2022-01-17 04:00:00,42636.3,42951.92,42222.0,42639.51,38889.007,1657607310.2197
2022-01-17 08:00:00,42638.1,42887.63,42555.01,42656.61,26231.901,1121136813.47677
2022-01-17 12:00:00,42656.61,42768.95,42345.78,42467.49,37730.884,1606497398.85769
2022-01-17 16:00:00,42467.49,42527.0,41826.0,42221.15,57281.534,2414594663.82012
2022-01-17 20:00:00,42221.14,42368.0,41523.68,42176.34,45416.534,1905301654.99948
2022-01-18 00:00:00,42176.34,42413.0,41953.9,42027.18,26401.352,1114487800.55658
2022-01-18 04:00:00,42027.18,42321.4,41855.0,42040.0,28273.791,1189651205.69913
2022-01-18 08:00:00,42040.0,42040.0,41379.39,41842.4,53114.385,2220003156.39452
2022-01-18 12:00:00,41842.4,41937.49,41260.0,41574.09,74084.757,3079528578.76967
2022-01-18 16:00:00,41574.09,41777.99,41370.64,41680.93,39393.236,1637470998.95521
2022-01-18 20:00:00,41680.94,42680.0,41486.0,42337.58,46204.944,1948529698.97273
2022-01-19 00:00:00,42337.58,42498.87,41550.0,41690.59,45861.101,1930945295.44886
2022-01-19 04:00:00,41690.61,41835.97,41133.73,41271.21,44726.027,1857306994.67813
2022-01-19 08:00:00,41271.21,42154.99,41115.64,42023.15,70232.904,2923260392.01414
2022-01-19 12:00:00,42023.97,42545.0,41828.0,41971.31,81370.997,3433311341.59118
2022-01-19 16:00:00,41971.31,42366.95,41683.33,41864.47,61136.253,2566204638.98956
2022-01-19 20:00:00,41864.46,41986.76,41557.0,41657.89,30624.813,1278797735.39101
2022-01-20 00:00:00,41656.9,42068.12,41631.3,41915.36,24616.155,1030023869.20376
2022-01-20 04:00:00,41915.35,42145.71,41756.64,42039.99,21627.88,906986820.96961
2022-01-20 08:00:00,42040.0,42217.91,41803.0,42117.31,32685.076,1373312847.34945
2022-01-20 12:00:00,42117.32,43440.0,41923.0,43275.74,112378.669,4803229680.2862
2022-01-20 16:00:00,43275.75,43495.0,42810.0,42909.99,62557.723,2696796909.50586
2022-01-20 20:00:00,42909.99,42975.3,40550.0,40661.69,145952.549,6057118246.99174
2022-01-21 00:00:00,40662.06,41095.76,38200.0,38447.91,190332.367,7555084665.32749
2022-01-21 04:00:00,38447.92,39157.25,38419.12,39106.42,68697.007,2665002590.95079
2022-01-21 08:00:00,39106.43,39272.13,38645.16,38878.71,51331.454,2000364175.56224
2022-01-21 12:00:00,38878.72,39029.55,37648.16,38831.88,164801.884,6327247000.26433
2022-01-21 16:00:00,38831.88,39045.0,37805.0,37967.04,88881.025,3414921134.04027
2022-01-21 20:00:00,37967.04,38471.92,35380.92,36425.98,226277.172,8339996977.7662
2022-01-22 00:00:00,36426.46,36817.74,35947.2,36319.99,81267.516,2957354031.43237
2022-01-22 04:00:00,36319.99,36411.75,35101.0,35374.14,100575.875,3596300236.77217
2022-01-22 08:00:00,35377.17,35930.16,33950.0,35385.59,188021.304,6597089530.3531
2022-01-22 12:00:00,35383.04,36181.08,34800.0,34829.93,106490.777,3777259252.81405
2022-01-22 16:00:00,34829.93,35488.0,34211.5,34506.47,118674.765,4127232294.00018
2022-01-22 20:00:00,34506.48,35756.0,34404.63,35043.73,81242.667,2851732497.65314
2022-01-23 00:00:00,35043.73,35502.0,34800.0,35032.09,43478.667,1528475434.73189
2022-01-23 04:00:00,35032.08,35742.0,34920.64,35553.2,52786.99,1864540500.17746
2022-01-23 08:00:00,35552.0,36118.05,35315.84,35671.57,73916.856,2642831389.7803
2022-01-23 12:00:00,35671.56,36055.0,35021.12,35265.33,65186.126,2314543967.21768
2022-01-23 16:00:00,35265.32,35443.83,34588.8,34763.65,57028.697,1998644078.78605
2022-01-23 20:00:00,34763.65,36496.92,34687.13,36230.01,76975.567,2748364873.06323
2022-01-24 00:00:00,36230.0,36249.53,35144.67,35315.02,54944.39,1958406443.979
2022-01-24 04:00:00,35315.03,35448.0,34798.2,34875.53,53335.384,1873629765.47477
2022-01-24 08:00:00,34875.54,35580.0,33005.33,33690.01,213651.211,7274377509.92695
2022-01-24 12:00:00,33690.0,34345.0,32853.83,34217.72,218066.539,7318299461.75687
2022-01-24 16:00:00,34218.81,36424.0,33758.49,36050.48,189038.451,6651716522.62442
2022-01-24 20:00:00,36050.46,37528.0,35936.65,36648.31,93964.727,3447388955.61515
2022-01-25 00:00:00,36648.3,36667.62,35942.59,36405.01,42911.754,1555367231.03844
2022-01-25 04:00:00,36402.55,36480.0,35693.0,36035.0,46686.852,1680640250.39516
2022-01-25 08:00:00,36033.41,36793.85,35993.84,36385.0,64687.349,2350239569.9602
2022-01-25 12:00:00,36384.99,37161.33,35950.41,36522.01,113892.414,4156544575.4692
2022-01-25 16:00:00,36526.33,37561.03,36480.52,37039.99,86729.467,3216711551.63589
2022-01-25 20:00:00,37039.99,37081.53,36404.17,36934.26,54627.681,2007971754.3199
2022-01-26 00:00:00,36934.26,37480.0,36536.0,37363.81,44102.324,1630397117.40214
2022-01-26 04:00:00,37363.81,37973.78,37125.0,37321.95,59484.763,2231381187.26966
2022-01-26 08:00:00,37321.96,38239.99,37311.81,38045.91,70811.35,2675006891.10858
2022-01-26 12:00:00,38045.92,38485.39,37566.0,37962.11,90755.824,3454687165.14188
2022-01-26 16:00:00,37962.11,38886.58,37363.22,37548.79,174483.135,6640973549.56368
2022-01-26 20:00:00,37548.79,37548.79,36232.42,36787.43,114819.988,4226426942.70719
2022-01-27 00:00:00,36787.42,37067.62,35471.53,35730.42,80090.886,2894889434.04092
2022-01-27 04:00:00,35730.42,36277.13,35673.67,36150.76,45168.023,1624810934.27979
2022-01-27 08:00:00,36151.81,36776.99,35788.02,36670.15,57824.352,2105193839.10587
2022-01-27 12:00:00,36670.14,37200.0,36451.61,36625.3,77370.159,2844590525.56731
2022-01-27 16:00:00,36625.29,36774.4,35850.0,36194.34,73057.779,2650150235.854
2022-01-27 20:00:00,36194.33,37200.0,35513.13,37131.0,88495.723,3208870652.8744
2022-01-28 00:00:00,37131.0,37451.0,36601.16,37341.84,55618.483,2061817433.17511
2022-01-28 04:00:00,37342.54,37488.99,36766.0,36788.86,49705.575,1845885188.64856
2022-01-28 08:00:00,36788.86,36884.88,36309.0,36433.29,56963.316,2082316841.59219
2022-01-28 12:00:00,36433.29,37293.22,36149.02,37169.99,100314.742,3687827780.84747
2022-01-28 16:00:00,37169.99,37359.0,36750.0,37205.88,54635.766,2023273425.03113
2022-01-28 20:00:00,37205.88,38000.0,37118.98,37696.21,50271.261,1893471230.83046
2022-01-29 00:00:00,37696.22,37979.0,37431.1,37715.0,30569.454,1151576285.2005
2022-01-29 04:00:00,37715.0,37939.0,37575.06,37822.15,26772.493,1010684208.29189
2022-01-29 08:00:00,37822.15,37925.0,37550.0,37723.57,23928.858,902315654.54905
2022-01-29 12:00:00,37723.57,38211.05,37252.0,37543.79,64654.344,2441845097.36362
2022-01-29 16:00:00,37543.79,37938.88,37297.34,37831.0,36527.6,1374453977.58023
2022-01-29 20:00:00,37832.37,38750.94,37807.9,38150.01,56205.015,2153301027.24797
2022-01-30 00:00:00,38150.0,38280.73,37716.38,37899.99,26640.056,1011101958.86458
2022-01-30 04:00:00,37900.0,38283.55,37880.06,38228.0,22596.856,861677593.67421
2022-01-30 08:00:00,38228.0,38420.3,37800.0,38095.46,34747.003,1322020681.28487
2022-01-30 12:00:00,38095.46,38146.53,37706.1,37962.13,35624.41,1350287395.75017
2022-01-30 16:00:00,37962.61,38082.15,37419.9,37505.73,34844.098,1315308265.65711
2022-01-30 20:00:00,37505.73,38240.0,37334.83,37870.01,40576.702,1532715545.41974
2022-01-31 00:00:00,37870.0,37938.0,36620.0,36998.67,59198.63,2193359248.085
2022-01-31 04:00:00,36998.67,37174.61,36794.81,37098.68,25195.949,931597509.86332
2022-01-31 08:00:00,37098.68,37338.33,36880.0,37245.0,33956.838,1261268943.50297
2022-01-31 12:00:00,37245.0,37880.0,36800.0,37694.46,78767.952,2941025548.2574
2022-01-31 16:00:00,37694.46,38741.73,37650.17,38400.0,90238.499,3455037063.75188
2022-01-31 20:00:00,38400.01,38725.6,38220.0,38439.04,31082.524,1194651904.74219
2022-02-01 00:00:00,38439.04,38630.0,38145.0,38570.11,30282.319,1162383300.98119
2022-02-01 04:00:00,38570.1,38625.0,38220.08,38420.65,27168.881,1043608064.04108
2022-02-01 08:00:00,38420.65,39100.0,37969.0,38402.86,83908.211,3228328185.96407
2022-02-01 12:00:00,38402.86,39049.43,38170.89,38604.97,101041.918,3898846374.99304
2022-02-01 16:00:00,38605.26,39260.26,38322.0,38356.04,79037.464,3066142922.71647
2022-02-01 20:00:00,38356.04,38884.6,38345.0,38680.51,31915.328,1233286935.60405
2022-02-02 00:00:00,38680.51,38834.18,38350.0,38540.29,25995.784,1002376245.65742
2022-02-02 04:00:00,38540.28,38540.29,38173.3,38268.32,32967.668,1264412890.6667
2022-02-02 08:00:00,38269.0,38580.0,38205.38,38473.75,26550.353,1020678148.67322
2022-02-02 12:00:00,38473.74,38725.5,37338.14,37419.51,111614.839,4236482120.87271
2022-02-02 16:00:00,37419.53,37646.09,37052.0,37538.91,70061.154,2615989125.23317
2022-02-02 20:00:00,37538.9,37630.0,36529.81,36892.03,70381.136,2608161339.5392
2022-02-03 00:00:00,36892.05,37040.0,36700.0,36801.12,31557.404,1163748005.28872
2022-02-03 04:00:00,36801.12,37074.0,36764.0,36995.5,26381.127,974522972.33104
2022-02-03 08:00:00,36995.5,37084.63,36250.0,36754.99,73514.476,2690089523.49516
2022-02-03 12:00:00,36754.99,36963.0,36204.3,36876.56,86926.339,3182351643.77214
2022-02-03 16:00:00,36876.56,37100.0,36431.79,36538.76,46202.179,1697157428.78321
2022-02-03 20:00:00,36538.76,37395.0,36256.0,37289.86,54074.703,1989219601.50499
2022-02-04 00:00:00,37287.33,37435.54,37011.0,37282.81,29031.865,1080899960.82431
2022-02-04 04:00:00,37282.8,38198.0,37226.41,37858.99,62919.964,2374771547.37729
2022-02-04 08:00:00,37859.0,38239.0,37778.88,37800.02,50036.92,1898285050.1706
2022-02-04 12:00:00,37800.02,39863.27,37278.93,39481.72,192162.067,7401040865.91601
2022-02-04 16:00:00,39481.72,40875.0,39426.91,40701.71,123507.677,4971081005.00356
2022-02-04 20:00:00,40703.33,41741.76,40357.04,41550.0,62447.277,2552577269.03169
2022-02-05 00:00:00,41550.0,41922.0,41155.45,41428.66,50762.567,2106008166.17857
2022-02-05 04:00:00,41428.67,41752.46,41352.85,41368.14,30117.916,1250183728.85935
2022-02-05 08:00:00,41367.74,41666.0,41194.62,41427.85,33173.44,1375141942.03933
2022-02-05 12:00:00,41427.85,41875.43,41300.0,41731.74,47248.057,1963840465.59575
2022-02-05 16:00:00,41731.74,41837.98,40920.0,41532.76,56042.46,2320463621.82233
2022-02-05 20:00:00,41532.76,41765.0,41316.72,41374.69,24839.63,1032330097.45457
2022-02-06 00:00:00,41374.68,41633.08,41313.01,41429.06,15577.328,646285789.11941
2022-02-06 04:00:00,41429.06,41700.0,41300.0,41588.0,20909.245,867692534.3023
2022-02-06 08:00:00,41586.94,41685.0,41438.81,41510.72,19093.225,793764829.61719
2022-02-06 12:00:00,41510.71,42400.0,41100.0,41494.99,82359.264,3424236470.18572
2022-02-06 16:00:00,41494.99,41734.11,41385.56,41692.8,25959.495,1079270382.80269
2022-02-06 20:00:00,41692.8,42656.8,41458.15,42361.35,51425.393,2161796756.84906
2022-02-07 00:00:00,42361.34,42933.82,41609.76,42784.68,75383.81,3185239634.58675
2022-02-07 04:00:00,42784.68,43092.0,42540.65,42712.8,36380.325,1555218610.89623
2022-02-07 08:00:00,42712.79,42757.12,42201.68,42692.25,42599.829,1810837951.09996
2022-02-07 12:00:00,42692.25,43887.81,42450.64,43805.26,104841.085,4526649789.91735
2022-02-07 16:00:00,43805.26,44541.16,43470.09,44243.0,114083.185,5017491749.24524
2022-02-07 20:00:00,44243.0,44438.39,43725.0,43829.99,44765.54,1971297453.46657
2022-02-08 00:00:00,43829.99,44171.3,43550.0,44162.22,32645.437,1432933782.73824
2022-02-08 04:00:00,44162.22,45600.0,44063.38,44842.26,85672.728,3837393787.15757
2022-02-08 08:00:00,44842.27,44910.0,43520.0,43978.64,97055.673,4267855658.28741
2022-02-08 12:00:00,43978.64,43978.64,42822.0,43406.53,101164.232,4390203358.4864
2022-02-08 16:00:00,43406.53,43690.0,42641.0,42985.41,85265.726,3672442484.85873
2022-02-08 20:00:00,42985.41,44395.0,42929.35,44021.57,66211.625,2909579644.59928
2022-02-09 00:00:00,44021.58,44325.52,43089.08,43321.58,46646.688,2037070462.85484
2022-02-09 04:00:00,43321.57,43910.0,43111.0,43798.9,38291.094,1666800119.88468
2022-02-09 08:00:00,43798.9,43934.0,43164.79,43686.65,51492.68,2240534111.37418
2022-02-09 12:00:00,43685.62,44436.44,43600.0,43855.17,72521.238,3193463837.65891
2022-02-09 16:00:00,43855.18,44704.0,43600.0,44455.07,56171.968,2480127385.06488
2022-02-09 20:00:00,44455.13,44826.0,44200.0,44358.08,35146.394,1564559386.10877
2022-02-10 00:00:00,44358.09,44386.48,43550.0,43748.78,38691.373,1701476231.07906
2022-02-10 04:00:00,43748.77,44106.45,43531.1,44066.19,32297.56,1415449846.95066
2022-02-10 08:00:00,44066.19,45172.65,44030.0,44815.74,70518.552,3145051259.52074
2022-02-10 12:00:00,44815.73,45700.0,43136.96,44936.02,228288.504,10125167822.38392
2022-02-10 16:00:00,44936.81,45847.5,44311.39,44355.73,118729.233,5358088567.42527
2022-02-10 20:00:00,44355.72,44579.91,43288.36,43471.29,75396.853,3311677660.16367
2022-02-11 00:00:00,43471.3,43739.89,42555.0,43310.87,76810.946,3314102266.60045
2022-02-11 04:00:00,43310.87,43399.0,42777.0,43330.46,34134.604,1471311076.05507
2022-02-11 08:00:00,43329.87,43607.1,42811.42,43332.95,53524.527,2320445477.27179
2022-02-11 12:00:00,43332.94,43900.0,43226.21,43648.87,75153.488,3276202517.11351
2022-02-11 16:00:00,43648.86,43746.52,42046.11,42725.35,109487.572,4700410792.89681
2022-02-11 20:00:00,42727.97,42859.36,41914.23,42366.0,65535.056,2777495440.00457
2022-02-12 00:00:00,42365.99,42491.19,42150.0,42279.98,22443.791,950167354.43743
2022-02-12 04:00:00,42279.99,42418.0,41711.0,42090.76,36733.607,1546249201.85847
2022-02-12 08:00:00,42090.75,42440.73,41838.68,42385.66,44270.171,1869685627.18401
2022-02-12 12:00:00,42386.01,42424.79,41756.57,42115.6,48108.457,2024591863.62697
2022-02-12 16:00:00,42115.61,42980.0,41981.72,42644.67,58651.074,2499709865.7386
2022-02-12 20:00:00,42644.66,42739.18,41540.0,42199.87,46062.225,1940610191.49611
2022-02-13 00:00:00,42199.88,42491.85,42035.6,42214.65,23847.546,1007938462.16813
2022-02-13 04:00:00,42214.65,42438.0,42101.83,42385.69,17997.913,761054752.89615
2022-02-13 08:00:00,42385.69,42647.25,42222.0,42462.0,26909.072,1142466373.98816
2022-02-13 12:00:00,42462.0,42755.97,42158.01,42548.47,42536.442,1807283928.15054
2022-02-13 16:00:00,42549.59,42570.0,41850.0,42015.27,50126.475,2113835299.84665
2022-02-13 20:00:00,42015.26,42477.0,41922.53,42041.13,30650.564,1294530491.8919
2022-02-14 00:00:00,42041.12,42169.02,41526.0,41892.95,43798.733,1831948516.7526
2022-02-14 04:00:00,41892.94,42357.91,41720.23,42290.41,31531.644,1324953599.7228
2022-02-14 08:00:00,42290.41,42400.0,41906.44,42107.81,39708.867,1673451420.73766
2022-02-14 12:00:00,42107.81,42846.84,41950.0,42565.0,82094.764,3486564585.11686
2022-02-14 16:00:00,42565.0,42888.0,41783.11,42102.29,71326.145,3019944014.52896
2022-02-14 20:00:00,42102.28,42784.1,41971.57,42525.14,35530.78,1507083605.52695
2022-02-15 00:00:00,42525.14,43679.71,42406.23,43535.1,53247.791,2301925321.67948
2022-02-15 04:00:00,43535.1,43777.0,43368.1,43665.7,27010.686,1176775012.09371
2022-02-15 08:00:00,43665.8,44442.3,43579.4,44214.4,66566.243,2931471794.64154
2022-02-15 12:00:00,44214.3,44489.0,44000.1,44190.3,56126.27,2483054584.83709
2022-02-15 16:00:00,44190.3,44249.0,43850.0,43989.6,38558.184,1697687908.75342
2022-02-15 20:00:00,43989.7,44777.0,43939.2,44529.6,35226.247,1560084521.32929
2022-02-16 00:00:00,44529.7,44536.8,43885.0,43970.9,31320.914,1381878345.33476
2022-02-16 04:00:00,43970.9,44183.6,43650.4,44165.5,33867.667,1488352690.67555
2022-02-16 08:00:00,44165.6,44313.1,43860.0,44160.6,32542.713,1436039647.25856
2022-02-16 12:00:00,44160.7,44205.0,43277.8,43588.5,71318.908,3116844083.29712
2022-02-16 16:00:00,43591.6,44330.0,43336.5,44202.2,58647.276,2570254193.98457
2022-02-16 20:00:00,44202.1,44377.0,43820.0,43860.7,28092.809,1238179936.79773
2022-02-17 00:00:00,43860.8,44150.0,43555.7,43574.3,31513.32,1383659726.58602
2022-02-17 04:00:00,43574.3,43941.0,43320.1,43902.4,36810.479,1605925939.6843
2022-02-17 08:00:00,43902.3,44020.0,42890.0,43158.2,66102.146,2863417214.51422
2022-02-17 12:00:00,43158.3,43347.8,41664.0,41907.7,116895.344,4949673996.15659
2022-02-17 16:00:00,41907.8,42089.8,40711.0,41177.1,106116.646,4397393036.86413
2022-02-17 20:00:00,41177.1,41177.1,40020.1,40491.7,76521.049,3106644772.53926
2022-02-18 00:00:00,40491.8,40944.1,40273.0,40677.0,39384.765,1599654232.6873
2022-02-18 04:00:00,40677.0,40759.0,40467.0,40637.0,22165.491,900358092.86925
2022-02-18 08:00:00,40637.1,40938.0,40073.1,40167.2,48186.807,1952656979.96387
2022-02-18 12:00:00,40167.2,40782.9,39605.8,39805.1,135316.386,5429988835.95642
2022-02-18 16:00:00,39805.2,40429.7,39422.0,40196.2,100326.422,4014056385.09512
2022-02-18 20:00:00,40196.2,40269.2,39712.7,39966.8,32299.911,1291375383.16277
2022-02-19 00:00:00,39966.8,40295.2,39896.8,40107.6,20450.295,820707521.1706
2022-02-19 04:00:00,40107.7,40438.7,40053.0,40245.8,20114.636,809850187.41216
2022-02-19 08:00:00,40246.1,40278.8,39620.3,39822.8,44978.13,1794877508.478
2022-02-19 12:00:00,39822.8,40050.0,39610.3,39950.1,41785.86,1665465372.31836
2022-02-19 16:00:00,39950.1,40341.5,39811.2,39959.0,39707.42,1591201024.8477
2022-02-19 20:00:00,39957.9,40119.0,39777.0,40052.6,18588.334,742807058.90287
2022-02-20 00:00:00,40052.6,40100.1,39660.3,39778.1,23054.423,919228937.73878
2022-02-20 04:00:00,39778.1,39828.5,38553.5,38770.4,87319.496,3413712977.65332
2022-02-20 08:00:00,38770.3,38830.0,37905.0,38316.0,80018.535,3062822132.92417
2022-02-20 12:00:00,38316.0,38594.0,38000.0,38308.9,56242.356,2151911640.97177
2022-02-20 16:00:00,38309.0,38479.9,38162.0,38379.1,29253.352,1121455359.65591
2022-02-20 20:00:00,38379.2,38958.2,38026.2,38368.1,53852.282,2072113993.87816
2022-02-21 00:00:00,38367.9,39385.0,38177.0,38900.1,68441.788,2661668897.84925
2022-02-21 04:00:00,38900.0,39510.0,38883.6,39266.2,39550.103,1550050589.68584
2022-02-21 08:00:00,39266.0,39335.0,37314.5,37549.9,101600.8,3890046294.12828
2022-02-21 12:00:00,37550.0,39300.0,37171.2,38804.5,181683.274,6934008857.68412
2022-02-21 16:00:00,38804.5,39138.0,37530.0,38114.5,138733.605,5293360646.5539
2022-02-21 20:00:00,38114.5,38450.0,36762.0,36986.4,116382.245,4356405965.71709
2022-02-22 00:00:00,36986.4,37449.4,36310.1,36580.0,85764.986,3164346338.15966
2022-02-22 04:00:00,36580.1,37250.0,36500.0,36748.6,66126.344,2431736581.19557
2022-02-22 08:00:00,36748.7,37868.0,36727.1,37504.7,75416.597,2816356786.97006
2022-02-22 12:00:00,37504.7,38318.0,37260.0,37744.7,107726.302,4067039219.57036
2022-02-22 16:00:00,37744.6,38142.3,37350.0,38039.6,81747.993,3082469786.71627
2022-02-22 20:00:00,38039.7,38450.0,37736.0,38212.0,48531.275,1846377808.29916
2022-02-23 00:00:00,38212.1,38335.2,37500.4,37730.4,47089.349,1785470088.10671
2022-02-23 04:00:00,37730.4,38190.0,37687.7,38121.6,38072.803,1445680899.77867
2022-02-23 08:00:00,38121.5,39148.0,38052.8,38757.2,80640.954,3121966215.61615
2022-02-23 12:00:00,38757.3,39250.0,38433.0,38504.9,77306.212,2999252190.27092
2022-02-23 16:00:00,38505.0,38770.0,37522.0,37602.8,94397.828,3600363005.15572
2022-02-23 20:00:00,37600.9,37775.0,36963.2,37227.8,70549.109,2641411672.96063
2022-02-24 00:00:00,37227.9,37400.0,34673.1,34907.8,162571.113,5846856294.77816
2022-02-24 04:00:00,34907.8,35569.9,34303.7,35282.3,173189.378,6031190355.75334
2022-02-24 08:00:00,35282.3,35870.0,34763.2,35425.4,132369.489,4677123735.6247
2022-02-24 12:00:00,35425.4,36126.1,35036.7,35892.2,144996.937,5150844534.66531
2022-02-24 16:00:00,35892.2,37365.1,35700.1,37272.3,149591.851,5436574941.43504
2022-02-24 20:00:00,37272.3,40376.1,37252.8,38315.1,157102.139,6036661194.59386
2022-02-25 00:00:00,38316.2,39000.0,38116.3,38899.4,61487.741,2371623193.53734
2022-02-25 04:00:00,38899.0,38912.7,38260.0,38462.5,43619.074,1683059248.12042
2022-02-25 08:00:00,38462.5,38878.5,37999.2,38730.0,67379.295,2589979136.75144
2022-02-25 12:00:00,38730.0,39750.0,38669.6,39388.5,127808.421,5006978313.22635
2022-02-25 16:00:00,39388.5,39584.2,38519.2,38667.3,69050.423,2691694018.14194
2022-02-25 20:00:00,38667.3,39594.6,38585.0,39205.4,46971.412,1838059861.38223
2022-02-26 00:00:00,39205.4,40441.1,39053.4,39380.0,55893.631,2216594292.54666
2022-02-26 04:00:00,39380.0,39467.5,38935.6,39199.8,30895.399,1210223249.14024
2022-02-26 08:00:00,39199.8,39577.0,38561.7,38921.0,57873.226,2253870012.67966
2022-02-26 12:00:00,38921.0,39409.7,38757.2,39192.0,37963.774,1484018443.75205
2022-02-26 16:00:00,39192.0,39447.4,38800.0,39238.4,34047.193,1332162307.27128
2022-02-26 20:00:00,39238.4,39700.0,38888.0,39099.3,35218.978,1382355293.05207
2022-02-27 00:00:00,39099.3,39244.0,38162.0,38584.1,47846.479,1845998363.65607
2022-02-27 04:00:00,38584.2,38864.5,38434.6,38770.3,25455.641,984129906.8571
2022-02-27 08:00:00,38769.8,39549.9,38605.0,39463.4,55589.691,2174601473.51417
2022-02-27 12:00:00,39463.4,39868.6,38500.0,39329.1,115539.758,4524117403.15421
2022-02-27 16:00:00,39330.1,39447.7,37460.3,37574.7,71921.082,2773873464.95348
2022-02-27 20:00:00,37574.7,38300.0,36934.6,37672.0,106844.596,4014830301.08792
2022-02-28 00:00:00,37672.1,38400.0,37414.4,37771.7,61394.924,2323510907.27839
2022-02-28 04:00:00,37773.5,38460.0,37418.2,38317.1,62198.277,2360044254.26853
2022-02-28 08:00:00,38317.4,38666.6,38052.7,38310.4,54388.305,2084359891.81843
2022-02-28 12:00:00,38310.4,40900.0,37891.0,40792.8,178721.525,7040773308.30924
2022-02-28 16:00:00,40792.8,41489.0,40674.6,41306.4,118561.524,4868192708.83049
2022-02-28 20:00:00,41306.5,44341.0,41220.7,43155.0,140126.606,5982919666.80928
2022-03-01 00:00:00,43155.0,43790.0,42850.0,43140.8,60518.915,2618513742.60353
2022-03-01 04:00:00,43140.9,43555.0,43023.2,43471.7,37006.847,1602260832.54674
2022-03-01 08:00:00,43471.7,44000.0,42765.4,43599.9,74110.717,3216456073.88466
2022-03-01 12:00:00,43600.0,44935.0,43324.8,43625.9,163585.943,7228477846.09597
2022-03-01 16:00:00,43626.0,44120.5,43202.1,43693.7,70038.141,3053963213.87383
2022-03-01 20:00:00,43693.8,44500.0,43666.0,44394.1,43223.083,1902398147.80911
2022-03-02 00:00:00,44393.6,44744.0,43817.0,44319.0,53499.181,2365027615.12898
2022-03-02 04:00:00,44320.3,44525.0,43646.0,43963.0,41657.857,1836227447.54932
2022-03-02 08:00:00,43962.8,44344.5,43728.8,44099.8,53375.749,2350088615.8443
2022-03-02 12:00:00,44099.9,45350.0,43321.0,44116.1,167740.842,7422073431.56899
2022-03-02 16:00:00,44116.1,44487.7,43412.0,43690.3,59121.346,2599634884.79471
2022-03-02 20:00:00,43690.4,44345.0,43661.8,43885.7,32208.746,1415619386.10801
2022-03-03 00:00:00,43885.8,44048.7,43165.1,43312.7,36168.687,1580015913.28778
2022-03-03 04:00:00,43312.8,43700.0,42858.0,43468.0,44952.237,1947519130.05635
2022-03-03 08:00:00,43468.0,43616.0,43056.2,43377.2,40145.83,1739980336.1852
2022-03-03 12:00:00,43377.3,44080.0,42333.0,42549.5,102603.821,4438153593.81781
2022-03-03 16:00:00,42549.5,42761.4,42051.0,42220.6,84431.57,3579306637.70777
2022-03-03 20:00:00,42220.6,42700.0,41831.0,42449.5,57263.687,2416898379.85244
2022-03-04 00:00:00,42449.6,42525.3,41050.0,41441.1,74477.161,3094717809.12339
2022-03-04 04:00:00,41441.1,41489.8,41069.7,41427.6,32946.002,1361466967.48651
2022-03-04 08:00:00,41427.7,41887.5,40800.0,41639.6,74542.746,3091487739.79706
2022-03-04 12:00:00,41643.4,41825.8,40540.0,40694.6,112845.938,4640736074.1255
2022-03-04 16:00:00,40694.6,40954.6,39650.0,39785.4,80557.285,3258632908.19708
2022-03-04 20:00:00,39785.3,39888.7,38521.0,39127.7,93769.242,3677019206.69589
2022-03-05 00:00:00,39127.7,39176.3,38547.6,39029.1,38296.958,1490265226.54413
2022-03-05 04:00:00,39029.1,39124.7,38702.2,39003.9,27670.341,1077572514.48658
2022-03-05 08:00:00,39004.0,39282.0,38754.5,39106.1,38882.501,1518237029.78022
2022-03-05 12:00:00,39106.5,39350.0,38866.1,39133.8,32945.096,1287275754.50181
2022-03-05 16:00:00,39133.8,39580.0,39104.1,39416.6,37526.047,1477784313.12127
2022-03-05 20:00:00,39416.7,39578.9,39267.0,39375.1,23426.95,923515638.85626
2022-03-06 00:00:00,39375.0,39690.0,39250.2,39281.9,23293.051,919137422.95678
2022-03-06 04:00:00,39282.0,39645.9,38766.0,39369.6,45556.074,1789602831.91163
2022-03-06 08:00:00,39369.7,39369.7,38056.0,38330.9,80127.946,3089720203.93229
2022-03-06 12:00:00,38329.1,39038.0,38266.0,38845.0,66448.93,2571445462.68463
2022-03-06 16:00:00,38845.0,39340.0,38474.6,38649.4,48289.587,1882736032.53245
2022-03-06 20:00:00,38649.4,39250.0,38111.0,38401.1,47989.672,1857191971.15341
2022-03-07 00:00:00,38401.1,38547.6,37529.9,37848.8,74983.678,2852760411.23973
2022-03-07 04:00:00,37848.9,38222.2,37738.1,37878.2,37339.642,1418790633.94067
2022-03-07 08:00:00,37878.2,38392.0,37630.6,38314.1,56249.761,2142310538.64095
2022-03-07 12:00:00,38314.3,39267.0,38314.3,39062.3,104505.192,4060712218.31937
2022-03-07 16:00:00,39062.3,39550.0,37150.8,37288.7,128966.328,4948193570.5405
2022-03-07 20:00:00,37290.0,38529.1,37134.0,37963.8,88209.915,3341958488.05466
2022-03-08 00:00:00,37963.7,38931.1,37853.0,38678.5,52210.899,2004556816.9461
2022-03-08 04:00:00,38678.6,38805.1,38000.0,38530.4,54181.591,2080078174.72569
2022-03-08 08:00:00,38530.4,39185.5,38450.0,38967.8,65088.915,2529418198.33002
2022-03-08 12:00:00,38967.8,39200.0,38259.0,38648.9,102811.627,3985138437.09112
2022-03-08 16:00:00,38649.8,39340.5,38117.9,38741.5,115241.489,4464423488.32097
2022-03-08 20:00:00,38741.4,38888.0,38358.7,38709.9,31927.846,1231823449.09022
2022-03-09 00:00:00,38709.9,41440.6,38638.7,41198.5,108319.652,4329524551.82568
2022-03-09 04:00:00,41198.4,41893.5,41194.9,41773.8,82800.208,3439453179.0487
2022-03-09 08:00:00,41770.6,42450.0,41605.0,42150.1,83163.06,3498182813.58121
2022-03-09 12:00:00,42150.0,42647.5,41642.9,42509.0,96730.457,4073476257.30334
2022-03-09 16:00:00,42508.9,42552.0,41760.0,42200.2,56088.316,2364872152.47398
2022-03-09 20:00:00,42200.2,42326.0,41671.1,41937.5,34958.118,1465587109.88413
2022-03-10 00:00:00,41939.5,42034.3,40500.0,40765.4,72554.24,2983549914.40266
2022-03-10 04:00:00,40765.4,40839.3,38652.9,39219.9,119058.249,4708378290.67861
2022-03-10 08:00:00,39220.0,39300.0,38740.1,39055.4,63543.3,2483605772.89438
2022-03-10 12:00:00,39055.3,40288.7,38512.0,39155.7,168079.602,6595947079.51987
2022-03-10 16:00:00,39154.3,39580.0,38869.2,39405.5,62782.382,2457129772.88196
2022-03-10 20:00:00,39405.6,39662.5,39000.0,39407.2,34627.413,1364354099.49189
2022-03-11 00:00:00,39407.1,39426.2,38200.1,38703.1,69355.961,2683599696.7186
2022-03-11 04:00:00,38703.1,39344.3,38310.8,39111.8,61525.339,2387960572.22975
2022-03-11 08:00:00,39111.6,40200.0,38780.0,39878.4,103949.336,4091557923.62606
2022-03-11 12:00:00,39878.3,40242.0,38888.0,39070.0,129527.86,5109946389.50357
2022-03-11 16:00:00,39070.0,39085.9,38500.1,38776.1,56629.129,2193401508.62923
2022-03-11 20:00:00,38776.0,39167.1,38287.0,38713.0,46091.267,1785042179.82674
2022-03-12 00:00:00,38713.1,39289.6,38630.0,39073.5,28631.993,1118591583.93057
2022-03-12 04:00:00,39073.6,39245.7,38909.5,39092.8,21680.147,847444203.58794
2022-03-12 08:00:00,39092.7,39274.4,38929.9,39054.1,27209.838,1064321978.97877
2022-03-12 12:00:00,39054.1,39248.3,38637.9,39018.3,44094.489,1719393529.94936
2022-03-12 16:00:00,39019.6,39578.4,38900.0,39006.7,33925.401,1327051161.79304
2022-03-12 20:00:00,39006.8,39195.4,38700.0,38792.6,16952.957,661606847.88155
2022-03-13 00:00:00,38792.7,39300.0,38667.5,39170.9,29586.864,1154510176.45691
2022-03-13 04:00:00,39170.5,39300.0,39051.6,39075.4,14572.88,570313350.39103
2022-03-13 08:00:00,39075.4,39120.0,38511.8,38727.4,37774.363,1469096811.59118
2022-03-13 12:00:00,38727.3,39053.3,38333.0,38913.7,66028.279,2557060167.18652
2022-03-13 16:00:00,38913.3,39050.0,38828.7,38843.4,23770.682,925389877.08948
2022-03-13 20:00:00,38843.4,38843.4,37500.0,37743.7,64890.626,2475374743.95399
2022-03-14 00:00:00,37743.0,38338.0,37522.1,38121.8,43254.049,1642448792.76201
2022-03-14 04:00:00,38121.7,39176.8,38100.9,39062.2,70825.957,2740458958.47416
2022-03-14 08:00:00,39062.2,39287.4,38816.2,38885.1,48663.799,1899903628.2751
2022-03-14 12:00:00,38885.0,39160.5,38602.9,38940.9,72733.719,2828468865.31101
2022-03-14 16:00:00,38939.3,39035.0,38400.0,38795.0,57145.711,2211786172.00304
2022-03-14 20:00:00,38795.0,39989.0,38579.9,39653.8,67435.123,2648330700.71853
2022-03-15 00:00:00,39651.6,39800.0,38597.9,38746.5,60136.865,2350740701.29632
2022-03-15 04:00:00,38746.4,39000.0,38073.8,38428.0,43326.982,1670629735.22609
2022-03-15 08:00:00,38428.1,38788.0,38236.6,38630.5,42225.669,1627158630.78466
2022-03-15 12:00:00,38630.5,39250.0,38437.0,39000.8,79937.193,3108695946.40197
2022-03-15 16:00:00,39000.8,39799.9,38910.0,39730.7,65332.605,2571821766.16198
2022-03-15 20:00:00,39730.7,39901.8,39209.8,39271.0,54059.929,2135897914.58295
2022-03-16 00:00:00,39270.9,41804.0,38700.0,39137.9,163761.876,6574563784.89658
2022-03-16 04:00:00,39137.9,39659.9,38900.2,39561.0,57419.128,2255663364.67672
2022-03-16 08:00:00,39560.9,40760.0,39538.0,40492.8,93404.937,3761073861.60382
2022-03-16 12:00:00,40492.9,41188.0,40232.3,40609.0,88466.478,3597382122.76066
2022-03-16 16:00:00,40609.0,40951.4,39270.0,40868.3,187248.971,7519331673.35163
2022-03-16 20:00:00,40868.4,41473.6,40750.0,41105.8,60288.271,2479338541.17057
2022-03-17 00:00:00,41105.9,41389.0,40807.3,40999.0,33109.184,1359137937.53248
2022-03-17 04:00:00,40999.0,41498.4,40540.1,40720.6,54705.057,2240133609.07645
2022-03-17 08:00:00,40720.6,40900.0,40442.8,40743.4,36224.686,1475408958.34749
2022-03-17 12:00:00,40743.4,41250.0,40700.0,40788.0,67124.294,2748941136.4698
2022-03-17 16:00:00,40788.3,40887.6,40530.0,40859.2,32809.091,1337194708.41041
2022-03-17 20:00:00,40859.3,41071.5,40618.6,40898.1,20016.482,817387370.00353
2022-03-18 00:00:00,40898.0,40914.0,40170.1,40500.6,37338.343,1512796012.96627
2022-03-18 04:00:00,40500.5,40900.0,40411.0,40560.7,27054.174,1100708383.24783
2022-03-18 08:00:00,40562.1,40750.0,40084.2,40380.7,44095.082,1784281199.64811
2022-03-18 12:00:00,40380.7,41086.0,40265.3,40902.2,69200.849,2811412098.36188
2022-03-18 16:00:00,40902.2,42091.8,40874.2,42020.3,80635.529,3344926758.60654
2022-03-18 20:00:00,42020.3,42322.8,41622.0,41751.5,40810.466,1709311956.59371
2022-03-19 00:00:00,41751.6,41988.0,41500.0,41785.0,27757.307,1159133029.39385
2022-03-19 04:00:00,41785.1,41938.5,41519.3,41605.1,22803.948,951229820.28991
2022-03-19 08:00:00,41605.0,41791.8,41563.5,41718.6,19320.905,805440966.3278
2022-03-19 12:00:00,41718.6,42086.7,41627.9,41909.0,38527.754,1611837832.10355
2022-03-19 16:00:00,41909.0,42150.0,41780.0,42008.4,30786.28,1290950367.35043
2022-03-19 20:00:00,42008.5,42446.6,41702.8,42188.2,47263.76,1988484581.4801
2022-03-20 00:00:00,42188.2,42269.3,41755.5,41922.2,32053.556,1344358087.33101
2022-03-20 04:00:00,41922.2,41998.0,41728.8,41848.7,20874.541,873901896.92021
2022-03-20 08:00:00,41848.7,41928.0,41555.0,41587.9,34169.603,1425914193.58234
2022-03-20 12:00:00,41587.9,41688.0,41200.0,41334.2,57048.566,2365569344.34103
2022-03-20 16:00:00,41334.2,41490.9,40900.0,41364.5,52616.638,2167224832.33009
2022-03-20 20:00:00,41364.5,41666.0,41065.0,41261.0,39011.225,1612579008.87705
2022-03-21 00:00:00,41261.0,41443.8,40430.0,40811.3,54067.529,2210966382.57416
2022-03-21 04:00:00,40811.7,41129.9,40676.94,41076.4,37195.035,1521569126.96371
2022-03-21 08:00:00,41076.5,41481.1,41055.8,41218.7,38733.02,1597731045.61869
2022-03-21 12:00:00,41218.8,41544.4,40727.7,41198.3,90353.677,3711189443.41508
2022-03-21 16:00:00,41198.3,41213.9,40730.1,41168.0,58618.963,2400950428.76277
2022-03-21 20:00:00,41168.1,41350.0,40933.0,40982.0,29428.236,1211254802.25159
2022-03-22 00:00:00,40982.0,42500.0,40852.0,42230.0,81952.561,3422266960.95684
2022-03-22 04:00:00,42230.0,43517.7,41995.3,42197.9,102801.768,4383716856.98593
2022-03-22 08:00:00,42198.0,43027.9,42063.3,42977.0,57475.719,2450247652.53982
2022-03-22 12:00:00,42976.9,43188.0,42552.0,42567.2,63496.691,2720715603.62795
2022-03-22 16:00:00,42567.1,42710.0,42200.0,42268.2,33967.114,1444503552.97258
2022-03-22 20:00:00,42268.3,42870.0,42224.3,42349.8,34603.821,1471243761.57374
2022-03-23 00:00:00,42349.9,42518.0,41842.4,42058.7,42605.861,1798952361.4013
2022-03-23 04:00:00,42058.7,42240.0,41731.3,42094.1,42770.231,1795696592.16598
2022-03-23 08:00:00,42094.2,42341.2,41852.0,42028.8,37988.761,1599616917.09454
2022-03-23 12:00:00,42028.7,42724.0,41860.9,42588.7,74521.475,3150231932.94646
2022-03-23 16:00:00,42588.7,42754.8,42025.0,42192.8,52088.877,2204853631.46371
2022-03-23 20:00:00,42192.9,43051.0,42160.5,42867.9,32656.535,1389463434.05159
2022-03-24 00:00:00,42867.8,43296.0,42622.2,42696.4,50478.932,2165937774.89179
2022-03-24 04:00:00,42696.3,43500.0,42696.3,43061.0,50125.651,2157611587.17267
2022-03-24 08:00:00,43060.9,43206.7,42800.0,42949.5,39573.169,1701664873.9481
2022-03-24 12:00:00,42949.5,44020.0,42525.0,43967.0,113201.493,4910056867.82385
2022-03-24 16:00:00,43970.7,44200.0,43741.8,43891.1,55798.968,2452741435.65754
2022-03-24 20:00:00,43891.0,44087.5,43782.3,43973.4,22261.844,977647663.32779
2022-03-25 00:00:00,43973.2,44444.0,43831.4,43961.8,39722.817,1749619540.26555
2022-03-25 04:00:00,43961.8,44195.0,43880.0,43902.4,29589.881,1302970511.73522
2022-03-25 08:00:00,43902.4,44644.0,43575.1,44554.5,71018.436,3134228909.87548
2022-03-25 12:00:00,44554.5,45142.0,44188.0,44320.2,118133.222,5280633717.95256
2022-03-25 16:00:00,44320.2,44580.0,44000.0,44428.8,68740.177,3045374565.52126
2022-03-25 20:00:00,44428.7,44600.0,44210.7,44290.6,21415.589,950814210.07715
2022-03-26 00:00:00,44290.6,44438.0,44041.0,44374.0,23277.021,1030619086.1881
2022-03-26 04:00:00,44374.0,44529.7,44322.2,44482.8,17136.754,761367594.61113
2022-03-26 08:00:00,44482.8,44569.7,44300.1,44323.6,15494.729,688503070.98926
2022-03-26 12:00:00,44323.6,44393.9,44118.3,44193.6,27731.177,1227178891.62406
2022-03-26 16:00:00,44193.6,44443.8,44128.0,44340.9,20238.357,896607667.91902
2022-03-26 20:00:00,44340.9,44785.0,44210.1,44489.2,36834.549,1639131021.54446
2022-03-27 00:00:00,44489.3,44987.4,44456.5,44691.0,29609.91,1323406748.20937
2022-03-27 04:00:00,44691.0,44746.1,44509.9,44719.9,13597.896,607043763.26971
2022-03-27 08:00:00,44719.9,44729.9,44470.0,44556.5,15735.677,701564176.92022
2022-03-27 12:00:00,44556.4,44922.0,44416.0,44836.1,41931.347,1872269770.25153
2022-03-27 16:00:00,44836.1,45100.0,44653.1,44813.6,37088.116,1663454105.15094
2022-03-27 20:00:00,44813.5,47047.0,44700.0,46820.8,131317.282,6070653600.10148
2022-03-28 00:00:00,46820.9,47731.2,46651.2,47042.8,60037.976,2822838812.12472
2022-03-28 04:00:00,47042.9,47400.0,46755.2,46984.5,36122.177,1698648400.86016
2022-03-28 08:00:00,46984.5,47417.0,46834.8,47250.0,33601.066,1584096263.90691
2022-03-28 12:00:00,47249.9,47948.0,47100.1,47410.9,73893.933,3510840233.30643
2022-03-28 16:00:00,47410.9,48200.0,47292.5,47923.0,60928.768,2910154494.87603
2022-03-28 20:00:00,47922.5,48085.2,46855.0,47121.9,52981.862,2516661734.0715
2022-03-29 00:00:00,47121.8,47605.0,47042.5,47328.0,31100.595,1473988987.22267
2022-03-29 04:00:00,47328.0,47752.2,47309.8,47330.1,25680.25,1220326120.07789
2022-03-29 08:00:00,47330.0,47972.2,47320.0,47873.3,37411.748,1782524667.30562
2022-03-29 12:00:00,47873.4,48100.0,47312.0,47424.0,69202.8,3305388879.1463
2022-03-29 16:00:00,47424.0,47880.0,47112.0,47704.0,59925.539,2842750840.9273
2022-03-29 20:00:00,47704.7,47721.1,46911.0,47418.5,35719.903,1690688021.52576
2022-03-30 00:00:00,47418.5,47444.0,46535.0,47408.1,48241.089,2269854253.02115
2022-03-30 04:00:00,47408.1,47585.4,47125.4,47371.6,25926.861,1228860565.81413
2022-03-30 08:00:00,47371.5,47506.4,47048.0,47318.1,34206.87,1618619848.63251
2022-03-30 12:00:00,47318.0,47345.5,46850.0,47153.7,44306.798,2086256282.63251
2022-03-30 16:00:00,47151.0,47688.6,46819.9,47061.2,56866.462,2687856960.01092
2022-03-30 20:00:00,47061.1,47283.6,46826.4,47053.2,25461.812,1197938870.9377
2022-03-31 00:00:00,47053.1,47408.7,46950.0,47088.4,19812.873,935264249.63997
2022-03-31 04:00:00,47088.3,47160.0,46890.0,47140.0,20626.002,970353668.71939
2022-03-31 08:00:00,47140.0,47385.5,47066.5,47146.5,25693.015,1212932717.30374
2022-03-31 12:00:00,47146.5,47619.4,46200.0,46450.0,110215.774,5159413221.36875
2022-03-31 16:00:00,46450.1,46495.6,45469.3,45578.1,89155.681,4090424007.0993
2022-03-31 20:00:00,45578.1,45852.2,45185.0,45506.0,34334.265,1565044124.69607
2022-04-01 00:00:00,45505.9,45638.9,44206.2,44585.0,89363.39,4006923436.96351
2022-04-01 04:00:00,44584.9,45084.2,44530.8,44993.8,38742.921,1733590643.82518
2022-04-01 08:00:00,44993.7,45307.9,44965.0,45045.2,40632.63,1833740810.8642
2022-04-01 12:00:00,45045.1,46700.0,44680.9,46523.5,118137.026,5404691777.37453
2022-04-01 16:00:00,46523.6,46585.3,45883.9,46349.4,53206.891,2463862336.36992
2022-04-01 20:00:00,46349.5,46427.4,46056.6,46266.2,20651.695,955298288.20075
2022-04-02 00:00:00,46266.2,47236.8,46056.8,46587.5,52165.385,2433337316.72242
2022-04-02 04:00:00,46587.4,46655.9,46395.7,46578.0,15133.621,704176429.78617
2022-04-02 08:00:00,46577.9,46745.1,46469.1,46534.5,17724.764,825981594.95848
2022-04-02 12:00:00,46534.4,46947.8,46112.5,46284.1,59272.368,2760226032.50691
2022-04-02 16:00:00,46284.0,46499.0,45600.0,46099.0,51207.088,2357424786.70934
2022-04-02 20:00:00,46099.1,46400.0,45720.0,45794.6,30910.131,1425251448.22284
2022-04-03 00:00:00,45792.3,46058.0,45501.0,45930.2,30873.693,1413939484.42409
2022-04-03 04:00:00,45930.2,46586.1,45911.1,46363.7,26302.141,1217735779.72005
2022-04-03 08:00:00,46363.7,46448.3,46068.5,46237.1,23653.506,1094045195.63803
2022-04-03 12:00:00,46237.1,46715.0,46169.6,46397.9,35409.566,1645155209.55106
2022-04-03 16:00:00,46398.0,46771.0,46192.2,46388.0,28698.181,1332517822.03998
2022-04-03 20:00:00,46388.0,47448.0,46222.0,46392.4,67651.926,3165654690.2935
2022-04-04 00:00:00,46392.3,46445.6,45735.0,45990.2,42374.023,1949670067.93071
2022-04-04 04:00:00,45990.3,46288.0,45800.0,46158.3,23490.619,1082995727.37426
2022-04-04 08:00:00,46158.3,46280.0,45780.0,46149.9,36542.874,1681509528.28144
2022-04-04 12:00:00,46149.9,46350.0,45532.0,45627.0,55233.473,2536929119.42133
2022-04-04 16:00:00,45627.0,45936.0,45094.0,45905.6,51616.296,2349362142.95782
2022-04-04 20:00:00,45905.7,46895.5,45700.0,46580.9,63539.256,2949538848.22277
2022-04-05 00:00:00,46580.9,46771.9,46404.8,46630.0,21984.062,1024149609.4823
2022-04-05 04:00:00,46630.1,46878.0,46533.9,46705.4,19602.092,915441978.9266
2022-04-05 08:00:00,46705.4,46736.7,46501.0,46673.4,18116.502,844639454.45823
2022-04-05 12:00:00,46673.3,47188.0,45622.0,45740.5,110629.437,5126524454.96436
2022-04-05 16:00:00,45740.5,46180.0,45422.0,46019.5,52387.947,2401615381.80281
2022-04-05 20:00:00,46019.5,46099.9,45300.0,45477.4,34804.599,1592900581.27551
2022-04-06 00:00:00,45477.5,45494.2,44349.7,45200.0,64058.744,2883747294.16574
2022-04-06 04:00:00,45199.9,45485.8,45100.3,45255.0,23516.974,1066155135.70401
2022-04-06 08:00:00,45254.9,45449.3,44630.0,44802.5,50709.741,2284428062.86859
2022-04-06 12:00:00,44802.5,44977.0,43666.0,44159.4,100038.925,4428689017.22742
2022-04-06 16:00:00,44159.4,44297.6,43100.0,43751.2,113075.044,4945347626.66481
2022-04-06 20:00:00,43751.2,44040.7,43110.0,43159.7,32959.947,1437242209.65849
2022-04-07 00:00:00,43159.8,43550.5,42685.0,43292.0,52924.039,2283457484.80333
2022-04-07 04:00:00,43292.5,43523.0,43200.0,43416.6,22854.326,991279064.21535
2022-04-07 08:00:00,43416.6,43824.4,43250.0,43739.9,34927.552,1519632512.32786
2022-04-07 12:00:00,43739.9,43888.0,42996.0,43305.0,58847.55,2556990266.66494
2022-04-07 16:00:00,43305.0,43816.3,43251.2,43367.5,37113.879,1615786031.50396
2022-04-07 20:00:00,43370.9,43724.9,43173.0,43417.1,22900.634,995518058.08012
2022-04-08 00:00:00,43417.1,43677.8,43279.5,43582.2,19156.89,833488255.68304
2022-04-08 04:00:00,43582.2,43765.1,43392.0,43742.5,22954.279,999860156.22876
2022-04-08 08:00:00,43742.4,43968.1,43238.3,43289.8,43587.431,1901051570.27963
2022-04-08 12:00:00,43289.9,43956.0,42728.0,43636.3,95764.621,4153998522.41995
2022-04-08 16:00:00,43636.3,43707.2,42298.2,42722.1,86392.167,3710678127.16794
2022-04-08 20:00:00,42722.0,42860.9,42074.0,42229.2,42240.441,1792984528.57245
2022-04-09 00:00:00,42229.1,42449.1,42100.3,42357.9,27424.741,1160102743.03312
2022-04-09 04:00:00,42357.9,42630.0,42319.1,42466.5,17040.358,723466773.74545
2022-04-09 08:00:00,42466.4,42534.8,42300.0,42435.5,12745.498,540823202.63571
2022-04-09 12:00:00,42435.5,42509.1,42150.0,42243.9,21128.22,895074392.25974
2022-04-09 16:00:00,42243.9,42629.0,42164.0,42490.4,21970.226,932694713.01025
2022-04-09 20:00:00,42490.3,42796.7,42365.0,42727.7,19413.611,826901032.55945
2022-04-10 00:00:00,42727.8,42888.2,42562.2,42761.2,15094.614,645039564.32947
2022-04-10 04:00:00,42761.2,42778.7,42555.0,42610.1,12944.429,552507330.34981
2022-04-10 08:00:00,42610.1,42710.0,42419.9,42666.1,18217.85,775547439.47664
2022-04-10 12:00:00,42666.1,42850.0,42500.1,42722.6,25651.329,1094258669.64623
2022-04-10 16:00:00,42722.5,43338.0,42650.0,43217.2,36181.119,1557226045.58301
2022-04-10 20:00:00,43217.2,43399.4,41838.0,42140.4,73815.129,3133321384.33909
2022-04-11 00:00:00,42140.3,42399.9,41650.0,42105.1,53350.521,2245525757.63301
2022-04-11 04:00:00,42105.1,42337.3,42072.7,42282.6,19804.084,836241695.01442
2022-04-11 08:00:00,42282.5,42338.5,40933.6,41055.1,94103.342,3905673731.99052
2022-04-11 12:00:00,41055.1,41245.9,40536.0,40575.7,74701.844,3058198697.68921
2022-04-11 16:00:00,40575.6,40892.07,39730.2,39961.7,95324.57,3845947703.6215
2022-04-11 20:00:00,39961.0,40251.5,39136.7,39505.6,102245.659,4055970708.62391
2022-04-12 00:00:00,39505.6,39826.5,39250.0,39719.8,47188.903,1866022029.47159
2022-04-12 04:00:00,39719.7,40174.4,39600.0,40154.9,43312.372,1730086437.3984
2022-04-12 08:00:00,40154.9,40447.9,40017.6,40354.5,40962.827,1646669489.84526
2022-04-12 12:00:00,40356.0,40700.0,39761.3,40163.9,107357.185,4324886319.32305
2022-04-12 16:00:00,40163.9,40366.5,39231.1,39281.1,59002.292,2347651212.19209
2022-04-12 20:00:00,39286.1,40410.0,39224.0,40060.7,52060.052,2067721194.80113
2022-04-13 00:00:00,40060.7,40272.0,39569.8,40059.3,37966.028,1516733483.99251
2022-04-13 04:00:00,40059.2,40211.0,39831.1,40112.0,26879.019,1076473463.84461
2022-04-13 08:00:00,40112.0,40200.0,39657.0,39697.7,40381.975,1613160762.34672
2022-04-13 12:00:00,39697.6,41400.0,39600.6,41134.5,128150.718,5198982169.1581
2022-04-13 16:00:00,41134.4,41580.0,40800.0,41041.5,61932.082,2547171962.27916
2022-04-13 20:00:00,41041.4,41388.0,40960.5,41129.8,29601.109,1218770092.5339
2022-04-14 00:00:00,41129.8,41474.8,41041.9,41303.9,25206.638,1040902115.02219
2022-04-14 04:00:00,41303.9,41393.6,41130.0,41245.0,20750.631,855933432.97905
2022-04-14 08:00:00,41244.9,41310.0,40822.7,40913.5,36339.161,1492417041.45759
2022-04-14 12:00:00,40913.5,41288.0,39908.0,39943.2,99058.056,4018002314.01609
2022-04-14 16:00:00,39943.2,40054.5,39522.0,39752.6,57564.378,2293533676.17584
2022-04-14 20:00:00,39752.7,39994.4,39633.9,39915.9,23047.527,918194939.91235
2022-04-15 00:00:00,39915.9,40250.0,39734.2,40180.0,27216.985,1088061066.21719
2022-04-15 04:00:00,40180.0,40465.9,39930.9,40225.6,32665.577,1311401440.75091
2022-04-15 08:00:00,40225.6,40400.0,40005.6,40207.6,32665.676,1312737323.18609
2022-04-15 12:00:00,40207.6,40888.0,39849.2,40397.9,59353.456,2394137712.81404
2022-04-15 16:00:00,40397.9,40631.0,40188.0,40296.6,29936.593,1208861989.04118
2022-04-15 20:00:00,40296.5,40586.8,40260.9,40529.5,12842.384,518969762.2395
2022-04-16 00:00:00,40529.6,40700.0,40384.2,40417.2,17329.861,701963580.68821
2022-04-16 04:00:00,40417.1,40544.1,40350.0,40376.0,13496.445,545636600.5907
2022-04-16 08:00:00,40376.0,40496.5,40263.0,40403.3,17934.88,724188173.27918
2022-04-16 12:00:00,40403.2,40569.0,39944.9,40039.8,37601.945,1513621502.81777
2022-04-16 16:00:00,40039.7,40250.0,39981.9,40189.5,18062.646,724970244.20027
2022-04-16 20:00:00,40189.4,40697.3,40162.7,40361.0,23279.28,941516653.29665
2022-04-17 00:00:00,40360.9,40409.7,40094.3,40215.8,17963.213,723025618.00928
2022-04-17 04:00:00,40215.7,40428.5,40207.4,40271.9,11893.997,479379267.40415
2022-04-17 08:00:00,40271.9,40520.0,40262.1,40454.6,16004.743,646744811.1955
2022-04-17 12:00:00,40454.6,40574.1,40164.0,40430.7,31384.873,1267685496.01895
2022-04-17 16:00:00,40430.6,40461.8,39768.0,40357.8,44606.041,1790845596.02439
2022-04-17 20:00:00,40357.9,40437.3,39510.0,39649.1,48478.957,1937247785.94998
2022-04-18 00:00:00,39649.1,39870.0,39550.0,39788.4,24145.388,959229723.15358
2022-04-18 04:00:00,39788.3,39826.7,38465.7,38902.1,78716.662,3065758891.65938
2022-04-18 08:00:00,38902.2,39099.0,38780.0,38975.3,31897.029,1242455219.23032
2022-04-18 12:00:00,38975.4,39600.0,38975.3,39239.2,67980.812,2673607150.27412
2022-04-18 16:00:00,39239.2,41310.0,39022.1,40670.4,120338.235,4838670931.45641
2022-04-18 20:00:00,40670.4,41094.0,40607.1,40785.6,39357.193,1606112996.96468
2022-04-19 00:00:00,40785.7,41306.0,40575.0,40683.2,37223.733,1520712770.24365
2022-04-19 04:00:00,40683.2,40873.7,40543.7,40671.6,19436.105,791205930.74569
2022-04-19 08:00:00,40671.6,41044.0,40550.0,40661.5,28292.543,1152675928.71913
2022-04-19 12:00:00,40661.5,41788.0,40629.6,41433.3,81780.723,3376765010.71552
2022-04-19 16:00:00,41432.1,41530.6,41143.7,41400.1,28934.136,1196768867.59561
2022-04-19 20:00:00,41400.0,41524.5,41187.3,41472.9,18737.031,774582262.64052
2022-04-20 00:00:00,41472.9,41528.7,41211.6,41372.6,15643.503,646771040.3697
2022-04-20 04:00:00,41372.5,41639.9,41250.0,41325.6,22115.177,915270256.0058
2022-04-20 08:00:00,41325.6,42166.8,41281.7,42070.8,56941.934,2378000923.04776
2022-04-20 12:00:00,42070.7,42160.0,41037.3,41247.1,84586.898,3519914711.27981
2022-04-20 16:00:00,41247.0,41444.0,40800.0,41177.6,51498.554,2119906238.54774
2022-04-20 20:00:00,41177.5,41660.0,41118.2,41327.7,26596.361,1100799661.32352
2022-04-21 00:00:00,41326.0,41768.0,41292.0,41673.9,22093.892,918384821.89589
2022-04-21 04:00:00,41673.9,41940.0,41398.0,41833.7,26747.921,1112787326.67753
2022-04-21 08:00:00,41833.7,42700.0,41716.4,42418.0,80675.975,3401303767.31885
2022-04-21 12:00:00,42418.0,42966.0,42100.0,42129.2,88503.323,3767239444.14625
2022-04-21 16:00:00,42129.2,42171.9,41204.0,41209.9,83638.792,3485102512.8932
2022-04-21 20:00:00,41208.6,41306.8,39630.0,40449.8,91490.053,3709898376.62723
2022-04-22 00:00:00,40449.7,40647.2,40200.7,40470.4,37718.237,1525285253.77461
2022-04-22 04:00:00,40470.5,40786.1,40264.6,40687.1,38209.33,1550109249.29178
2022-04-22 08:00:00,40687.1,40760.0,40111.0,40558.0,42201.25,1705206050.29088
2022-04-22 12:00:00,40558.1,40631.4,39300.1,39414.6,105294.481,4209882761.74896
2022-04-22 16:00:00,39414.5,39760.8,39133.0,39482.6,64193.064,2531190186.95373
2022-04-22 20:00:00,39482.6,39799.0,39377.8,39674.2,27319.391,1081725603.58397
2022-04-23 00:00:00,39674.3,39845.0,39371.3,39438.7,20340.094,804878287.87013
2022-04-23 04:00:00,39439.8,39656.7,39259.0,39578.2,19881.618,785175158.93212
2022-04-23 08:00:00,39578.2,39667.6,39469.6,39583.2,15741.46,623038040.02422
2022-04-23 12:00:00,39583.3,39797.9,39506.2,39759.9,23388.862,928232785.68619
2022-04-23 16:00:00,39759.9,40000.0,39630.0,39734.9,22873.032,910222559.25725
2022-04-23 20:00:00,39734.8,39937.3,39275.5,39415.1,22821.751,904692660.33919
2022-04-24 00:00:00,39413.8,39800.0,39384.4,39750.1,21686.005,858529672.39278
2022-04-24 04:00:00,39750.1,39789.8,39602.8,39725.7,12268.867,487102434.76811
2022-04-24 08:00:00,39725.7,39777.0,39524.1,39591.2,15957.447,632897878.94805
2022-04-24 12:00:00,39591.3,39930.6,39320.0,39640.0,46663.58,1848015568.13928
2022-04-24 16:00:00,39639.9,39786.0,38884.1,39675.9,60310.872,2376884451.34164
2022-04-24 20:00:00,39675.9,39750.0,39401.7,39433.4,23484.991,929008706.0841
2022-04-25 00:00:00,39433.4,39488.8,38620.0,39226.2,62235.335,2429104012.97999
2022-04-25 04:00:00,39226.1,39231.0,38111.0,38437.2,70508.172,2727502915.95722
2022-04-25 08:00:00,38437.2,38940.0,38170.0,38810.6,63612.89,2452542967.75609
2022-04-25 12:00:00,38810.6,39429.7,38604.1,38967.4,110655.76,4316110390.13384
2022-04-25 16:00:00,38967.4,40390.0,38900.0,40204.0,105046.14,4173836746.92221
2022-04-25 20:00:00,40204.0,40650.0,40026.8,40411.0,36819.596,1483408264.01259
2022-04-26 00:00:00,40411.0,40800.0,40366.1,40520.0,31726.344,1285720719.67315
2022-04-26 04:00:00,40520.0,40687.9,40354.2,40573.2,26866.442,1089396583.74469
2022-04-26 08:00:00,40573.1,40799.0,40200.0,40452.2,36332.152,1470191847.34463
2022-04-26 12:00:00,40452.3,40628.6,38530.2,38546.9,144252.423,5710532641.12031
2022-04-26 16:00:00,38547.0,38855.0,37782.2,38250.8,144520.941,5546099162.80072
2022-04-26 20:00:00,38250.6,38439.0,37671.8,38093.7,69433.896,2643722569.34424
2022-04-27 00:00:00,38093.7,38460.8,37844.5,38324.9,32985.371,1260911764.0908
2022-04-27 04:00:00,38324.8,39070.0,38282.2,39064.8,39998.148,1544237413.96522
2022-04-27 08:00:00,39070.0,39215.7,38614.3,38998.5,81545.943,3176121090.95875
2022-04-27 12:00:00,38998.5,39470.0,38402.0,38990.3,135632.996,5277532364.89334
2022-04-27 16:00:00,38990.3,39296.0,38650.0,38836.8,62748.903,2447927830.6703
2022-04-27 20:00:00,38837.8,39393.9,38810.1,39209.0,32734.004,1280713662.79265
2022-04-28 00:00:00,39209.0,39690.0,39127.0,39332.9,43229.672,1702680907.22521
2022-04-28 04:00:00,39333.0,39646.0,39200.5,39365.0,28178.268,1109800159.37324
2022-04-28 08:00:00,39365.0,39878.0,39340.0,39666.7,46692.623,1852117446.20843
2022-04-28 12:00:00,39666.6,40334.0,38861.8,39428.2,170791.947,6743632006.59597
2022-04-28 16:00:00,39428.1,40376.6,39301.1,39973.2,83320.484,3328172618.96581
2022-04-28 20:00:00,39974.7,40215.6,39597.4,39732.5,41330.414,1647164635.939
2022-04-29 00:00:00,39732.5,39924.8,39249.6,39528.2,33566.822,1330423206.98075
2022-04-29 04:00:00,39528.2,39646.6,39360.0,39583.9,25990.175,1026872636.43782
2022-04-29 08:00:00,39584.0,39619.5,38586.7,38737.7,63221.924,2468227812.19076
2022-04-29 12:00:00,38737.8,39388.0,38612.0,38988.1,84207.712,3283937290.46785
2022-04-29 16:00:00,38988.0,39073.5,38160.0,38314.2,77897.928,3002116855.90991
2022-04-29 20:00:00,38315.2,38645.5,38284.0,38572.2,23231.814,894476814.69464
2022-04-30 00:00:00,38572.2,38782.6,38530.0,38641.5,21437.764,828663038.90315
2022-04-30 04:00:00,38641.4,38765.0,38471.6,38634.9,15931.255,615393206.79881
2022-04-30 08:00:00,38634.9,38678.8,38514.0,38564.9,17060.919,658326580.45269
2022-04-30 12:00:00,38564.9,38625.0,38135.0,38439.9,45274.679,1739098722.32226
2022-04-30 16:00:00,38439.8,38587.4,38180.0,38447.7,29622.994,1136354783.49733
2022-04-30 20:00:00,38447.8,38447.8,37550.0,37614.5,52482.771,1990253844.30796
2022-05-01 00:00:00,37614.4,38057.1,37350.0,38021.2,53051.764,2002852875.44002
2022-05-01 04:00:00,38021.3,38159.0,37868.8,37944.1,21135.285,803132526.75255
2022-05-01 08:00:00,37944.0,38084.9,37834.2,37922.1,18692.953,709875223.10476
2022-05-01 12:00:00,37922.0,38680.6,37812.0,38470.2,43973.391,1677653806.99886
2022-05-01 16:00:00,38470.4,38666.0,37713.8,37790.0,54591.569,2086323239.3998
2022-05-01 20:00:00,37789.9,38600.0,37625.0,38440.5,45104.5,1724872986.96458
2022-05-02 00:00:00,38440.2,38809.0,38340.0,38653.7,35971.297,1388129511.78312
2022-05-02 04:00:00,38653.6,39155.0,38572.8,38869.6,43496.716,1692891283.07973
2022-05-02 08:00:00,38869.6,39073.0,38460.0,38516.0,45329.458,1757573327.9891
2022-05-02 12:00:00,38515.9,39222.0,38218.0,38692.1,105912.341,4103959063.28054
2022-05-02 16:00:00,38692.2,38877.0,38032.2,38551.9,72610.928,2788382019.3558
2022-05-02 20:00:00,38552.0,38911.6,38267.3,38525.6,33524.625,1293384758.11761
2022-05-03 00:00:00,38525.5,38674.7,38315.1,38522.7,27785.974,1069162330.29798
2022-05-03 04:00:00,38522.6,38577.0,38386.6,38553.1,19824.995,763156268.02449
2022-05-03 08:00:00,38553.0,38659.7,38250.0,38561.9,31656.97,1218351199.12446
2022-05-03 12:00:00,38561.9,38612.9,38126.0,38327.3,55595.245,2131706941.36511
2022-05-03 16:00:00,38327.2,38397.0,37500.1,37707.3,77026.729,2916569026.36227
2022-05-03 20:00:00,37707.3,38040.0,37515.1,37712.9,37096.309,1399952617.42866
2022-05-04 00:00:00,37713.0,38100.0,37655.2,37996.2,25725.367,975318848.52106
2022-05-04 04:00:00,37996.3,38770.0,37923.7,38673.1,49227.772,1886941155.29092
2022-05-04 08:00:00,38673.1,39091.1,38643.8,38987.5,70896.667,2757918690.20896
2022-05-04 12:00:00,38987.5,39200.0,38650.0,38969.0,73704.545,2866392551.77522
2022-05-04 16:00:00,38969.1,40071.7,38600.0,39855.2,175250.153,6879064724.63563
2022-05-04 20:00:00,39855.2,39937.9,39608.1,39684.0,29694.314,1180786764.33691
2022-05-05 00:00:00,39684.1,39794.0,39550.3,39731.4,22124.848,877913444.88492
2022-05-05 04:00:00,39731.3,39845.0,39515.8,39585.4,22147.53,877919938.46779
2022-05-05 08:00:00,39585.4,39636.0,39410.0,39499.0,25671.699,1014553190.26759
2022-05-05 12:00:00,39499.0,39550.0,35535.1,36886.4,242107.223,9161055726.57966
2022-05-05 16:00:00,36886.5,37332.3,35388.0,36284.0,186123.835,6783833759.47855
2022-05-05 20:00:00,36281.3,36589.5,36107.1,36534.7,49033.865,1783421633.27597
2022-05-06 00:00:00,36533.7,36679.3,36128.8,36441.4,33726.308,1227328378.34183
2022-05-06 04:00:00,36442.5,36535.9,35800.0,36359.3,48495.881,1756315544.6751
2022-05-06 08:00:00,36359.3,36510.8,35550.0,35766.0,78237.25,2819680221.97608
2022-05-06 12:00:00,35765.9,36426.4,35200.0,35989.1,187779.732,6735941349.79505
2022-05-06 16:00:00,35989.1,36234.6,35800.0,35980.3,61135.759,2201377506.12498
2022-05-06 20:00:00,35981.5,36099.0,35843.8,35995.3,22604.31,813194184.91947
2022-05-07 00:00:00,35995.2,36044.7,35730.0,35796.1,19443.036,698290460.10497
2022-05-07 04:00:00,35796.1,35937.0,35702.9,35900.0,21211.6,759906787.52304
2022-05-07 08:00:00,35900.0,36138.0,35860.6,36042.3,21843.962,786596585.01231
2022-05-07 12:00:00,36042.3,36079.2,35840.2,35947.1,21134.147,759759129.4687
2022-05-07 16:00:00,35947.1,35986.9,35831.6,35858.4,13519.464,485433071.27592
2022-05-07 20:00:00,35858.3,35858.3,34700.0,35466.7,103112.624,3640613885.06442
2022-05-08 00:00:00,35466.7,35504.0,34150.0,34475.7,117058.276,4063959216.25711
2022-05-08 04:00:00,34475.7,34957.6,34316.9,34593.0,49870.222,1726185385.76139
2022-05-08 08:00:00,34592.9,34872.8,34500.0,34781.2,33011.382,1144141255.86238
2022-05-08 12:00:00,34780.5,34842.7,34256.5,34360.6,56965.243,1966039862.50685
2022-05-08 16:00:00,34360.6,34765.0,33665.0,34585.5,122422.882,4182008703.99897
2022-05-08 20:00:00,34585.5,34636.5,33870.0,34032.0,47544.579,1628242921.12056
2022-05-09 00:00:00,34032.1,34243.3,33255.0,33567.0,82584.636,2783102504.7978
2022-05-09 04:00:00,33567.0,33842.9,33327.7,33509.7,51110.977,1716578843.24162
2022-05-09 08:00:00,33509.7,33789.2,32620.0,33107.9,157966.313,5236166155.31071
2022-05-09 12:00:00,33108.0,33435.3,32044.0,32339.9,205646.254,6729575281.92048
2022-05-09 16:00:00,32340.0,32599.3,30300.0,30923.8,370990.762,11585677807.58703
2022-05-09 20:00:00,30930.2,31888.5,30003.6,30056.6,210480.77,6533984425.55604
2022-05-10 00:00:00,30056.0,31488.0,29701.4,30640.9,193239.648,5921012967.31987
2022-05-10 04:00:00,30640.8,32650.0,30591.8,31603.1,160984.632,5118093419.09005
2022-05-10 08:00:00,31602.8,32035.1,31231.0,31623.1,111076.978,3508949005.0695
2022-05-10 12:00:00,31623.1,32387.4,30828.1,31314.3,188046.309,5940898654.38616
2022-05-10 16:00:00,31314.3,31788.0,30949.8,31318.0,89761.771,2820319036.27171
2022-05-10 20:00:00,31318.0,31346.4,30129.6,31002.1,120069.623,3693519240.85467
2022-05-11 00:00:00,31002.1,31682.0,30612.2,31190.0,74659.367,2326642640.46096
2022-05-11 04:00:00,31190.0,31908.8,30188.0,30598.9,120154.604,3719748767.82041
2022-05-11 08:00:00,30598.9,32197.6,30366.5,31517.1,143866.722,4518644060.46645
2022-05-11 12:00:00,31517.1,32067.9,29000.0,30971.3,384537.729,11749878861.84316
2022-05-11 16:00:00,30971.4,31129.9,29156.5,29360.5,178618.81,5363860720.53596
2022-05-11 20:00:00,29360.5,29655.0,27651.0,29074.7,200038.74,5753884553.54387
2022-05-12 00:00:00,29077.9,30257.0,28333.0,28380.9,129993.771,3804347918.71945
2022-05-12 04:00:00,28380.8,28600.0,26631.0,28151.9,277899.131,7650558957.87022
2022-05-12 08:00:00,28151.4,29269.0,27450.0,28460.5,156759.38,4432928028.0453
2022-05-12 12:00:00,28460.5,29799.0,27888.8,29015.1,190330.787,5467591581.3107
2022-05-12 16:00:00,29015.0,29959.8,28161.3,28622.7,140723.741,4085584816.4655
2022-05-12 20:00:00,28622.2,29299.8,27968.6,29020.7,68768.779,1971602652.17043
2022-05-13 00:00:00,29020.8,30796.0,28730.4,30564.3,110267.016,3292505550.40608
2022-05-13 04:00:00,30564.4,31072.6,30153.0,30172.3,76486.077,2336589737.19876
2022-05-13 08:00:00,30172.4,30755.1,30160.6,30650.5,67835.381,2062876693.03237
2022-05-13 12:00:00,30652.1,31020.0,30200.0,30327.4,95355.476,2921973185.96411
2022-05-13 16:00:00,30327.5,30516.3,29369.7,30076.0,108752.998,3254149039.68941
2022-05-13 20:00:00,30076.0,30132.7,29180.1,29274.3,48923.157,1453346438.82882
2022-05-14 00:00:00,29274.2,29799.9,29209.8,29563.4,40050.66,1183526354.92899
2022-05-14 04:00:00,29563.4,29600.0,29203.3,29414.1,31048.855,913614410.20171
2022-05-14 08:00:00,29414.0,29589.0,28812.4,29065.0,52594.926,1536652411.40894
2022-05-14 12:00:00,29065.3,29249.9,28644.0,28812.6,57131.969,1652090799.14595
2022-05-14 16:00:00,28812.5,29934.7,28602.3,29325.8,84282.613,2476902423.18304
2022-05-14 20:00:00,29325.8,30352.2,29271.2,30079.8,50647.872,1510837286.41598
2022-05-15 00:00:00,30079.5,30262.7,29533.1,29715.9,38849.805,1161172765.09633
2022-05-15 04:00:00,29716.0,30050.0,29448.0,29811.6,37827.052,1126298277.5443
2022-05-15 08:00:00,29811.5,30321.9,29525.1,30224.8,51358.098,1533767235.17762
2022-05-15 12:00:00,30225.9,30555.0,29747.6,30003.5,76900.44,2318492782.39947
2022-05-15 16:00:00,30003.4,30500.0,29919.5,30452.2,48951.78,1477316779.29249
2022-05-15 20:00:00,30452.1,31462.0,30346.4,31324.4,82885.964,2572009656.17155
2022-05-16 00:00:00,31324.3,31327.4,30201.0,30315.0,55931.697,1716899984.73421
2022-05-16 04:00:00,30314.9,30461.3,29280.0,29572.8,90895.415,2711115364.3703
2022-05-16 08:00:00,29572.7,30196.1,29417.3,29937.5,81539.021,2430919843.67598
2022-05-16 12:00:00,29939.6,30288.0,29309.5,29663.1,133342.385,3964527298.66447
2022-05-16 16:00:00,29663.1,29980.3,29052.3,29564.3,93245.148,2757649030.05759
2022-05-16 20:00:00,29564.3,30257.0,29530.0,29866.7,52289.5,1567212678.84562
2022-05-17 00:00:00,29866.4,30500.0,29750.1,30341.6,53785.837,1619330154.06742
2022-05-17 04:00:00,30341.6,30576.4,30223.0,30394.3,41165.689,1251035538.06337
2022-05-17 08:00:00,30394.2,30794.0,30258.3,30302.0,57387.036,1751326145.60567
2022-05-17 12:00:00,30302.0,30739.3,29928.0,30130.7,97153.144,2945773009.62247
2022-05-17 16:00:00,30130.7,30300.0,29420.0,30081.2,107114.574,3207538437.08957
2022-05-17 20:00:00,30081.2,30684.8,30027.0,30437.0,42018.239,1275563741.95368
2022-05-18 00:00:00,30437.0,30700.0,29700.0,29815.2,55307.323,1669806148.49348
2022-05-18 04:00:00,29815.3,30080.7,29633.4,29893.7,49436.063,1476267970.73283
2022-05-18 08:00:00,29893.7,30038.2,29724.0,29818.1,43024.315,1285205059.7452
2022-05-18 12:00:00,29818.1,29890.0,28850.0,28971.9,121263.956,3557341259.01528
2022-05-18 16:00:00,28971.9,29534.4,28726.7,29257.6,97700.501,2842181726.672
2022-05-18 20:00:00,29257.5,29395.2,28629.6,28700.6,59968.299,1741099121.61592
2022-05-19 00:00:00,28700.6,29339.5,28670.5,29179.6,61412.793,1781057011.00587
2022-05-19 04:00:00,29179.5,29438.0,29014.2,29181.9,40690.292,1187510211.79842
2022-05-19 08:00:00,29182.0,29525.1,28838.8,29482.2,67650.277,1971423074.15163
2022-05-19 12:00:00,29482.2,30550.0,29345.0,30386.4,154452.064,4608527112.14411
2022-05-19 16:00:00,30386.4,30446.5,29953.2,29959.2,83371.963,2516215966.13608
2022-05-19 20:00:00,29959.3,30492.0,29932.0,30319.9,41279.335,1248308900.5379
2022-05-20 00:00:00,30319.9,30784.4,30121.4,30172.6,58522.199,1778292837.53459
2022-05-20 04:00:00,30172.5,30360.0,29839.3,30251.5,53881.596,1621412248.38341
2022-05-20 08:00:00,30251.6,30540.0,30105.8,30412.5,56094.454,1700598609.06619
2022-05-20 12:00:00,30412.4,30448.9,29058.5,29142.0,153032.453,4551804243.44205
2022-05-20 16:00:00,29141.4,29338.0,28702.0,29271.7,125748.866,3641602584.91024
2022-05-20 20:00:00,29269.5,29380.0,29110.0,29188.9,38159.603,1115752058.56644
2022-05-21 00:00:00,29188.9,29331.7,28927.0,29246.8,31974.304,932288822.3436
2022-05-21 04:00:00,29246.7,29555.0,29187.4,29411.1,30205.379,886577145.63601
2022-05-21 08:00:00,29411.1,29466.4,29131.8,29272.0,35202.23,1031823802.58795
2022-05-21 12:00:00,29271.9,29650.0,29167.1,29531.5,50185.967,1473763242.94152
2022-05-21 16:00:00,29531.4,29646.0,29375.9,29452.2,34685.962,1023093371.65979
2022-05-21 20:00:00,29452.2,29515.0,29295.5,29427.4,20550.247,604284356.86826
2022-05-22 00:00:00,29427.4,29537.5,29308.3,29343.9,19324.922,568615060.95655
2022-05-22 04:00:00,29343.8,29446.6,29223.6,29430.1,18871.105,553809021.48218
2022-05-22 08:00:00,29430.1,30330.0,29400.0,29891.1,106993.651,3205191503.82682
2022-05-22 12:00:00,29891.1,30236.0,29664.6,29834.8,65218.648,1955042086.90585
2022-05-22 16:00:00,29834.8,30181.6,29730.6,29932.7,41970.625,1257230571.62246
2022-05-22 20:00:00,29932.7,30500.0,29900.0,30284.0,44737.489,1352290011.60089
2022-05-23 00:00:00,30284.0,30450.0,30040.1,30165.3,33480.228,1011448528.20498
2022-05-23 04:00:00,30165.2,30658.0,30100.0,30446.7,53478.268,1626819607.8818
2022-05-23 08:00:00,30446.8,30620.0,30271.2,30393.8,55361.212,1684610334.00736
2022-05-23 12:00:00,30393.8,30624.9,29907.2,30358.8,119952.262,3636176674.19704
2022-05-23 16:00:00,30358.8,30531.8,29050.0,29062.8,127047.223,3778722813.23771
2022-05-23 20:00:00,29062.6,29470.0,28840.7,29097.7,86401.557,2521682885.32599
2022-05-24 00:00:00,29097.8,29318.5,29040.0,29288.2,32491.136,948741582.09912
2022-05-24 04:00:00,29288.1,29431.6,29229.4,29387.3,32242.468,946196809.85222
2022-05-24 08:00:00,29387.3,29420.0,29100.8,29280.4,44269.441,1296093771.31137
2022-05-24 12:00:00,29280.3,29672.0,28637.6,29373.9,148995.37,4333656127.77864
2022-05-24 16:00:00,29374.0,29581.9,29080.0,29378.8,78913.332,2314240107.3803
2022-05-24 20:00:00,29378.8,29887.3,29250.0,29643.1,45212.702,1336881171.25362
2022-05-25 00:00:00,29643.0,30246.7,29539.3,30188.9,63679.27,1906665410.12269
2022-05-25 04:00:00,30189.0,30209.3,29658.4,29695.6,58500.166,1748908332.66897
2022-05-25 08:00:00,29695.7,29949.2,29338.3,29403.5,71565.846,2121082732.36886
2022-05-25 12:00:00,29403.5,29900.0,29330.0,29616.1,92207.869,2734995752.29858
2022-05-25 16:00:00,29616.0,30046.0,29415.7,29584.0,94318.17,2805492472.87919
2022-05-25 20:00:00,29584.0,29867.2,29525.5,29536.7,33188.163,985634977.40333
2022-05-26 00:00:00,29536.7,29877.0,29480.1,29826.3,40614.383,1208189715.71559
2022-05-26 04:00:00,29826.4,29872.5,29505.1,29714.9,48790.439,1448356610.44184
2022-05-26 08:00:00,29715.0,29729.8,28840.0,28992.8,119624.382,3483246462.33913
2022-05-26 12:00:00,28992.9,29519.0,27952.1,29374.4,254144.426,7329226452.31267
2022-05-26 16:00:00,29374.5,29788.0,29351.5,29374.8,89840.999,2654933209.21954
2022-05-26 20:00:00,29374.8,29680.7,29164.1,29194.0,49122.457,1446594787.65315
2022-05-27 00:00:00,29194.0,29387.0,28825.6,29004.7,73459.257,2133569650.04877
2022-05-27 04:00:00,29004.8,29236.5,28617.8,28977.0,93288.844,2694613587.7339
2022-05-27 08:00:00,28977.9,29137.6,28750.5,28902.1,59463.605,1721792999.20439
2022-05-27 12:00:00,28902.0,29369.8,28621.9,28835.5,126052.469,3656833367.8279
2022-05-27 16:00:00,28835.6,29043.5,28259.6,28870.0,110110.565,3146522109.78931
2022-05-27 20:00:00,28869.9,29009.0,28512.4,28623.2,44264.144,1273901200.58707
2022-05-28 00:00:00,28623.3,28830.0,28520.0,28805.2,40358.153,1157547731.28171
2022-05-28 04:00:00,28805.3,28937.5,28735.5,28870.9,29003.677,836485367.18309
2022-05-28 08:00:00,28871.0,28919.9,28755.0,28817.8,26175.284,754700305.9864
2022-05-28 12:00:00,28817.8,29265.7,28782.8,28974.7,53265.841,1545124897.20264
2022-05-28 16:00:00,28974.7,29060.8,28800.0,29013.5,26281.861,760589872.73997
2022-05-28 20:00:00,29013.4,29150.0,28942.0,29018.8,18559.467,538705903.95441
2022-05-29 00:00:00,29018.8,29034.9,28825.0,28969.9,24536.361,709899207.63061
2022-05-29 04:00:00,28969.9,29058.6,28905.2,29000.4,17880.09,518343797.69714
2022-05-29 08:00:00,29000.4,29228.9,28941.0,29204.0,50680.288,1474838032.44022
2022-05-29 12:00:00,29204.0,29500.0,29150.0,29210.5,56149.723,1646116147.78568
2022-05-29 16:00:00,29210.6,29351.7,29067.9,29119.4,28222.679,824564335.92112
2022-05-29 20:00:00,29119.4,29595.2,29073.4,29452.8,37670.793,1105183584.20558
2022-05-30 00:00:00,29452.6,30448.0,29301.1,30345.6,87554.686,2623079259.79278
2022-05-30 04:00:00,30345.6,30983.0,30225.4,30625.3,83838.223,2560410713.1193
2022-05-30 08:00:00,30625.3,30761.5,30557.5,30659.1,51045.518,1564651417.03367
2022-05-30 12:00:00,30659.0,30964.6,30255.0,30617.9,92312.094,2819136274.22813
2022-05-30 16:00:00,30618.0,30892.1,30555.6,30629.4,39023.889,1197057236.27522
2022-05-30 20:00:00,30629.5,32307.6,30533.0,31726.5,148937.766,4694963600.70518
2022-05-31 00:00:00,31726.5,31848.7,31425.1,31763.3,49490.258,1566464929.19346
2022-05-31 04:00:00,31763.3,31799.0,31431.6,31570.4,33402.42,1055671554.23688
2022-05-31 08:00:00,31570.5,31832.5,31494.9,31756.0,43761.927,1385238692.79194
2022-05-31 12:00:00,31755.5,32189.9,31222.0,32045.9,124764.281,3945605244.21444
2022-05-31 16:00:00,32045.9,32427.5,31562.0,31618.9,103291.937,3303621744.71487
2022-05-31 20:00:00,31618.5,31932.3,31586.2,31797.8,28977.442,920744883.75473
2022-06-01 00:00:00,31797.9,31986.1,31610.1,31624.0,37326.652,1186898934.13476
2022-06-01 04:00:00,31624.0,31666.0,31358.0,31479.6,43663.505,1377077849.13874
2022-06-01 08:00:00,31479.6,31700.0,31427.5,31596.0,44477.213,1404169096.07748
2022-06-01 12:00:00,31596.0,31888.0,30710.1,30733.7,146447.073,4582743623.18963
2022-06-01 16:00:00,30733.6,30745.0,29874.4,30116.5,181741.873,5503886752.7634
2022-06-01 20:00:00,30116.5,30151.2,29300.0,29796.9,103336.44,3071955016.52457
2022-06-02 00:00:00,29796.9,29899.9,29566.1,29718.4,41282.867,1228044802.27111
2022-06-02 04:00:00,29718.5,30113.5,29633.2,29952.8,37033.707,1105959917.53513
2022-06-02 08:00:00,29952.8,30197.0,29845.2,30157.8,45168.227,1354720354.86166
2022-06-02 12:00:00,30157.8,30380.0,29579.9,30194.4,145003.095,4348512030.4674
2022-06-02 16:00:00,30194.4,30399.8,29948.6,30272.2,56471.275,1706212645.42599
2022-06-02 20:00:00,30272.2,30750.0,30215.0,30437.1,45965.516,1399937737.60067
2022-06-03 00:00:00,30437.1,30693.2,30330.4,30510.5,37266.905,1136886964.98105
2022-06-03 04:00:00,30510.4,30545.1,30256.9,30424.3,31337.681,953480345.46237
2022-06-03 08:00:00,30424.2,30520.0,29653.4,29744.0,89532.065,2687744936.7111
2022-06-03 12:00:00,29744.0,29880.0,29220.0,29486.7,123783.417,3660878577.56676
2022-06-03 16:00:00,29486.8,29677.0,29381.6,29560.5,41404.948,1221980650.90782
2022-06-03 20:00:00,29560.4,29878.1,29545.4,29682.8,33785.361,1003956240.67028
2022-06-04 00:00:00,29682.8,29750.9,29465.0,29543.2,28745.555,850608860.54351
2022-06-04 04:00:00,29543.3,29732.1,29529.7,29690.5,21037.706,624056036.02395
2022-06-04 08:00:00,29690.4,29794.1,29575.0,29669.7,24996.716,742538135.17499
2022-06-04 12:00:00,29669.8,29988.0,29456.0,29839.9,59768.926,1774938265.6136
2022-06-04 16:00:00,29839.9,29844.9,29592.4,29642.6,28069.119,833964501.03694
2022-06-04 20:00:00,29642.6,29968.7,29615.4,29848.4,24902.512,742124043.57373
2022-06-05 00:00:00,29848.5,29884.9,29663.0,29756.2,20643.09,614276641.74569
2022-06-05 04:00:00,29755.8,29809.7,29630.3,29630.6,20043.255,596010672.58872
2022-06-05 08:00:00,29630.6,29733.1,29524.0,29700.7,30390.842,900716243.57653
2022-06-05 12:00:00,29700.7,29975.0,29611.3,29958.3,39272.629,1169539812.34533
2022-06-05 16:00:00,29958.4,30250.0,29746.4,30036.3,59603.34,1787427498.44437
2022-06-05 20:00:00,30036.3,30123.8,29794.6,29909.9,35432.675,1061302573.81999
2022-06-06 00:00:00,29910.0,31292.0,29876.2,31235.0,107749.284,3310786031.17001
2022-06-06 04:00:00,31235.0,31473.9,31130.7,31277.9,54711.469,1709335654.17652
2022-06-06 08:00:00,31277.8,31594.6,31261.2,31392.0,55046.401,1729525354.26885
2022-06-06 12:00:00,31392.1,31780.0,31138.4,31529.8,111901.784,3519859355.45984
2022-06-06 16:00:00,31529.7,31548.7,31053.0,31466.9,70328.152,2201555576.06314
2022-06-06 20:00:00,31466.9,31596.0,31269.8,31361.2,36785.784,1156227883.89188
2022-06-07 00:00:00,31361.2,31373.9,29190.0,29547.5,207983.991,6228577793.26239
2022-06-07 04:00:00,29547.5,29615.8,29370.6,29569.0,44895.538,1324446234.35137
2022-06-07 08:00:00,29569.1,29720.0,29320.0,29504.5,53380.304,1577182546.40795
2022-06-07 12:00:00,29504.6,30050.0,29384.5,29876.0,96227.315,2859775706.99247
2022-06-07 16:00:00,29876.0,31428.8,29730.0,31050.5,110428.8,3369862514.73371
2022-06-07 20:00:00,31050.4,31599.0,30303.3,31118.1,178799.037,5578755280.43537
2022-06-08 00:00:00,31118.0,31325.0,29825.0,30006.0,134352.178,4114515408.34421
2022-06-08 04:00:00,30006.0,30689.5,29856.1,30547.9,81896.542,2485025698.64066
2022-06-08 08:00:00,30547.9,30604.3,30321.0,30399.2,40885.219,1244990686.63971
2022-06-08 12:00:00,30399.2,30888.0,30031.6,30458.0,107853.755,3284328070.95382
2022-06-08 16:00:00,30461.0,30536.6,29900.0,30127.6,62697.668,1895591350.08456
2022-06-08 20:00:00,30126.2,30515.8,30090.0,30192.5,28001.275,847803584.10331
2022-06-09 00:00:00,30192.6,30312.6,30055.3,30283.0,30853.227,931352339.50158
2022-06-09 04:00:00,30283.0,30479.7,30217.2,30477.3,28021.8,850211324.19134
2022-06-09 08:00:00,30477.4,30691.9,30256.7,30286.7,56673.429,1726826171.57356
2022-06-09 12:00:00,30286.7,30386.2,29914.5,30285.8,106526.459,3211789387.67528
2022-06-09 16:00:00,30285.9,30456.2,29956.0,30003.8,47315.057,1430063368.46778
2022-06-09 20:00:00,30003.8,30244.2,29952.6,30093.3,37922.203,1140893630.58889
2022-06-10 00:00:00,30093.4,30374.1,29470.5,30102.0,75329.617,2255000859.33857
2022-06-10 04:00:00,30102.0,30240.0,30025.3,30041.6,27697.396,833822815.34944
2022-06-10 08:00:00,30041.6,30105.7,29853.2,30005.5,43915.463,1316601561.57824
2022-06-10 12:00:00,30005.4,30177.4,29200.0,29438.2,167438.993,4948260197.18363
2022-06-10 16:00:00,29438.2,29470.2,28805.0,28970.5,95878.044,2785452871.45548
2022-06-10 20:00:00,28970.6,29398.8,28953.1,29077.7,35669.146,1040314987.92742
2022-06-11 00:00:00,29077.7,29300.0,29033.7,29258.4,22825.746,666595216.0691
2022-06-11 04:00:00,29258.5,29427.9,29234.1,29309.0,22706.213,665644183.82841
2022-06-11 08:00:00,29309.0,29329.8,28550.0,28723.9,103243.737,2987668679.57932
2022-06-11 12:00:00,28723.9,28865.4,28227.7,28392.3,129264.554,3689409538.60821
2022-06-11 16:00:00,28392.6,28786.9,28080.0,28581.0,76696.495,2181720034.95936
2022-06-11 20:00:00,28581.1,28684.6,28238.0,28416.7,36631.069,1043107174.38579
2022-06-12 00:00:00,28416.6,28530.3,27244.9,27538.2,112863.926,3139753449.43665
2022-06-12 04:00:00,27538.2,27673.4,27162.7,27629.4,69180.569,1896465308.63307
2022-06-12 08:00:00,27629.5,27698.0,27324.5,27443.8,50142.276,1378968500.70885
2022-06-12 12:00:00,27443.9,28337.7,26850.0,28077.8,152771.167,4222476813.54098
2022-06-12 16:00:00,28077.8,28234.4,27404.0,27410.0,75610.28,2108308848.91612
2022-06-12 20:00:00,27410.0,27545.4,26538.7,26564.7,100265.913,2716405169.56885
2022-06-13 00:00:00,26564.7,26877.0,24864.2,25500.0,287621.507,7426558494.064
2022-06-13 04:00:00,25499.9,26241.5,24552.0,24801.2,223032.813,5670413422.84802
2022-06-13 08:00:00,24801.1,24934.3,23464.3,23718.3,345225.993,8339190798.42876
2022-06-13 12:00:00,23718.2,24357.6,22559.7,23253.1,375411.507,8783773341.97681
2022-06-13 16:00:00,23255.3,24193.7,23094.0,23200.1,213129.615,5024131610.48581
2022-06-13 20:00:00,23200.1,23780.0,21900.0,22471.5,178100.125,4044967709.33168
2022-06-14 00:00:00,22471.4,22785.5,20823.0,22106.5,339820.328,7337829629.62167
2022-06-14 04:00:00,22106.5,23424.2,21755.4,22863.2,278050.561,6257068469.20809
2022-06-14 08:00:00,22863.3,22980.0,21712.0,21980.0,150177.78,3356241707.8002
2022-06-14 12:00:00,21980.0,22793.0,21797.7,22672.6,231421.003,5162707855.09466
2022-06-14 16:00:00,22672.6,22770.0,22111.0,22182.0,113788.647,2553742137.51441
2022-06-14 20:00:00,22182.0,22350.0,21350.0,22122.7,134351.477,2932000927.56809
2022-06-15 00:00:00,22122.7,22290.0,21400.0,21442.3,107872.735,2362304005.34565
2022-06-15 04:00:00,21442.3,21481.7,20617.2,20707.5,247622.016,5223254455.07456
2022-06-15 08:00:00,20707.5,21275.9,20100.2,21163.8,305479.509,6268235236.5907
2022-06-15 12:00:00,21163.8,21794.7,21030.4,21408.8,230516.134,4924340505.48159
2022-06-15 16:00:00,21408.8,22440.0,20179.9,21617.3,467297.892,9889701080.68611
2022-06-15 20:00:00,21616.8,22800.0,21428.8,22567.5,150512.883,3338711376.40309
2022-06-16 00:00:00,22567.5,23000.0,22152.5,22197.5,104620.331,2359445703.86827
2022-06-16 04:00:00,22197.5,22353.5,21635.3,21748.9,93075.521,2041261940.60741
2022-06-16 08:00:00,21748.9,21883.7,20852.0,21028.1,195883.211,4167269401.23564
2022-06-16 12:00:00,21028.2,21490.0,20739.0,21067.0,213956.492,4512691221.69681
2022-06-16 16:00:00,21067.7,21483.0,20800.0,20862.2,144247.827,3040568230.50828
2022-06-16 20:00:00,20862.2,21040.0,20222.0,20387.4,130850.838,2692601961.922
2022-06-17 00:00:00,20387.4,21052.5,20228.0,20369.0,161879.595,3332122796.86114
2022-06-17 04:00:00,20369.1,21288.0,20305.6,21087.5,147586.025,3073282119.58166
2022-06-17 08:00:00,21087.9,21388.0,20833.0,20963.9,136853.278,2882803220.46846
2022-06-17 12:00:00,20963.9,21036.6,20375.5,20656.0,186987.444,3862918704.90273
2022-06-17 16:00:00,20656.0,20785.5,20430.3,20506.6,83908.202,1727585016.8502
2022-06-17 20:00:00,20506.6,20721.7,20350.0,20457.3,58938.713,1210021181.5704
2022-06-18 00:00:00,20457.3,20768.4,20300.8,20450.0,81381.337,1668083204.63229
2022-06-18 04:00:00,20449.9,20532.5,19000.0,19244.9,213559.941,4173171083.64042
2022-06-18 08:00:00,19245.0,19529.5,18690.0,19237.0,242483.135,4643766356.55626
2022-06-18 12:00:00,19237.0,19278.3,18904.0,18946.6,101852.568,1948428041.49379
2022-06-18 16:00:00,18946.7,19090.0,18020.9,18059.4,251644.647,4651877912.15279
2022-06-18 20:00:00,18059.5,19500.0,17593.2,18959.7,377669.76,6953222604.98706
2022-06-19 00:00:00,18959.7,19189.9,18215.8,18299.8,164915.866,3077147655.08114
2022-06-19 04:00:00,18299.8,18615.4,17935.9,18297.2,148750.988,2721039784.76469
2022-06-19 08:00:00,18297.1,20100.0,18255.5,19685.4,268577.781,5186874677.5904
2022-06-19 12:00:00,19685.4,19937.7,19111.0,19816.3,188811.137,3683945052.36338
2022-06-19 16:00:00,19816.3,20348.4,19363.8,20111.2,159055.026,3152049795.00996
2022-06-19 20:00:00,20111.1,20821.0,20036.8,20564.2,159164.876,3259135166.41902
2022-06-20 00:00:00,20564.3,20653.7,19630.0,19966.7,153679.43,3073406540.02965
2022-06-20 04:00:00,19966.7,20276.0,19763.0,20076.7,102586.475,2050500866.03342
2022-06-20 08:00:00,20076.7,21050.0,20010.0,20791.0,220888.31,4556224273.68982
2022-06-20 12:00:00,20790.9,21099.9,20352.0,20815.4,180288.243,3721411628.4172
2022-06-20 16:00:00,20815.4,20817.7,19814.8,20064.3,165811.225,3350667543.21283
2022-06-20 20:00:00,20064.4,20780.0,19996.5,20570.1,112562.447,2299819962.0788
2022-06-21 00:00:00,20570.0,20780.0,20337.8,20604.4,100187.917,2058172262.5043
2022-06-21 04:00:00,20604.4,21354.0,20466.1,21107.7,156957.323,3286475402.6234
2022-06-21 08:00:00,21107.8,21466.8,20905.0,20953.2,139170.758,2951576805.87162
2022-06-21 12:00:00,20953.3,21740.0,20841.3,21382.8,194948.424,4162656113.92376
2022-06-21 16:00:00,21382.9,21540.0,20863.6,20879.5,99932.54,2121970675.17449
2022-06-21 20:00:00,20879.6,21056.7,20535.2,20713.1,95976.974,1996907108.24935
2022-06-22 00:00:00,20713.1,20729.7,20246.5,20309.0,92584.065,1898460810.97017
2022-06-22 04:00:00,20309.0,20592.5,19920.0,20091.6,125554.155,2539887902.22316
2022-06-22 08:00:00,20091.6,20680.0,20032.7,20497.5,107119.53,2182600989.03176
2022-06-22 12:00:00,20497.6,20888.0,20023.1,20075.4,216205.137,4428130729.15712
2022-06-22 16:00:00,20075.4,20373.8,19830.0,20103.0,168382.161,3391464126.58117
2022-06-22 20:00:00,20103.0,20234.9,19745.7,19977.4,102339.145,2044959817.41784
2022-06-23 00:00:00,19977.5,20600.0,19874.0,20202.9,108125.938,2197320644.09619
2022-06-23 04:00:00,20202.9,20666.0,20152.0,20446.2,86741.862,1770608753.69328
2022-06-23 08:00:00,20446.2,20806.9,20433.8,20629.5,112454.988,2320736507.76333
2022-06-23 12:00:00,20629.5,20855.0,20264.7,20339.9,140045.442,2873827028.81607
2022-06-23 16:00:00,20339.9,20950.0,20158.1,20900.5,117339.124,2404093465.71583
2022-06-23 20:00:00,20900.4,21250.0,20655.0,21096.6,134045.686,2805811842.59794
2022-06-24 00:00:00,21096.6,21379.2,20963.0,21066.3,83233.608,1758484779.78017
2022-06-24 04:00:00,21066.4,21168.9,20732.5,20903.9,86212.667,1805518982.53453
2022-06-24 08:00:00,20903.8,21325.0,20736.0,21165.0,110412.275,2321332900.19366
2022-06-24 12:00:00,21165.0,21491.4,20807.0,20875.4,164350.516,3477906234.45136
2022-06-24 16:00:00,20875.5,21259.7,20771.5,21241.9,111113.727,2337316095.68632
2022-06-24 20:00:00,21241.8,21563.5,21130.2,21231.2,90127.985,1920776714.27864
2022-06-25 00:00:00,21231.2,21369.3,21110.0,21295.0,71447.042,1517330014.7421
2022-06-25 04:00:00,21295.0,21627.6,21170.0,21495.5,74474.74,1590764054.38654
2022-06-25 08:00:00,21495.5,21549.8,21308.0,21329.1,52891.918,1132751080.8726
2022-06-25 12:00:00,21329.2,21366.9,20894.0,20958.9,108646.855,2295798847.01709
2022-06-25 16:00:00,20959.0,21280.0,20907.5,21195.5,60691.493,1280323719.3944
2022-06-25 20:00:00,21195.4,21600.0,21130.0,21481.9,65965.399,1411774288.87518
2022-06-26 00:00:00,21481.9,21539.7,21263.7,21415.1,49149.297,1052286397.0934
2022-06-26 04:00:00,21415.1,21520.0,21324.5,21390.1,45236.458,969153921.8775
2022-06-26 08:00:00,21390.1,21816.0,21355.0,21699.5,66665.057,1433916387.21014
2022-06-26 12:00:00,21699.4,21888.0,21180.0,21314.2,139640.053,2998664404.37084
2022-06-26 16:00:00,21314.2,21431.2,21116.5,21273.6,62348.234,1324925887.5211
2022-06-26 20:00:00,21273.6,21420.1,20952.0,21029.1,79748.637,1688616442.81289
2022-06-27 00:00:00,21029.1,21180.0,20908.8,21160.9,59311.202,1249486426.0043
2022-06-27 04:00:00,21160.9,21387.0,21127.2,21354.9,58748.254,1248412783.49098
2022-06-27 08:00:00,21354.9,21560.0,21277.0,21298.2,75321.574,1612698979.57726
2022-06-27 12:00:00,21298.1,21338.0,20575.0,20744.0,188997.844,3945655872.90217
2022-06-27 16:00:00,20744.0,20950.0,20500.0,20845.8,96729.392,2008209776.18368
2022-06-27 20:00:00,20845.8,20966.0,20666.0,20730.0,60226.743,1254595967.9364
2022-06-28 00:00:00,20730.0,20868.2,20510.0,20722.6,74327.842,1537104415.08066
2022-06-28 04:00:00,20722.6,20920.0,20691.9,20868.2,60006.808,1248983559.28674
2022-06-28 08:00:00,20868.3,21198.0,20855.8,20987.9,112085.876,2358179132.97539
2022-06-28 12:00:00,20987.8,21138.7,20575.2,20595.4,134940.377,2816165136.44577
2022-06-28 16:00:00,20595.7,20757.9,20209.1,20246.6,129503.779,2651340703.73061
2022-06-28 20:00:00,20246.7,20450.0,20188.0,20268.6,72051.426,1462791734.1671
2022-06-29 00:00:00,20268.7,20385.1,20140.5,20275.9,62400.474,1266701601.1055
2022-06-29 04:00:00,20275.9,20366.0,19887.1,20080.6,128029.977,2576048382.23352
2022-06-29 08:00:00,20080.5,20235.6,19817.2,20096.9,116544.781,2337003509.5986
2022-06-29 12:00:00,20096.9,20180.0,19882.6,20076.3,141521.865,2839095015.0185
2022-06-29 16:00:00,20076.3,20270.1,19920.0,20214.1,74336.735,1490963715.0169
2022-06-29 20:00:00,20212.8,20430.0,20037.7,20109.9,86072.158,1741129212.52207
2022-06-30 00:00:00,20109.9,20165.0,19932.4,20062.6,58234.411,1167599670.5485
2022-06-30 04:00:00,20062.5,20077.0,19300.0,19423.5,135409.211,2657888498.26249
2022-06-30 08:00:00,19423.1,19429.9,18902.0,19088.7,180156.683,3443728177.64754
2022-06-30 12:00:00,19088.7,19338.0,18702.0,19133.5,193562.819,3690162938.23834
2022-06-30 16:00:00,19133.4,19300.0,18843.0,18921.3,102335.838,1950247642.60486
2022-06-30 20:00:00,18921.3,19965.6,18563.0,19923.5,190282.453,3638599841.54759
2022-07-01 00:00:00,19923.3,20926.4,19649.5,19720.1,256703.703,5190835547.04714
2022-07-01 04:00:00,19720.6,19748.5,19303.0,19566.1,165563.996,3229313489.99882
2022-07-01 08:00:00,19566.1,19794.8,18948.8,19180.0,157457.563,3046336885.13432
2022-07-01 12:00:00,19179.9,19666.0,19115.1,19279.5,169455.629,3280647771.86417
2022-07-01 16:00:00,19279.4,19535.0,19237.6,19380.1,86300.974,1673405304.64
2022-07-01 20:00:00,19379.3,19686.8,19207.6,19272.0,79917.498,1552738788.36359
2022-07-02 00:00:00,19272.0,19383.2,19043.6,19121.7,71071.844,1365110805.3713
2022-07-02 04:00:00,19121.8,19296.2,19096.7,19119.9,51960.677,997684160.3903
2022-07-02 08:00:00,19120.0,19280.3,18959.0,19188.6,75303.773,1441682342.11809
2022-07-02 12:00:00,19188.7,19456.0,19136.2,19219.9,88740.018,1710406012.1047
2022-07-02 16:00:00,19219.9,19400.0,19181.6,19263.6,55461.923,1069535086.5208
2022-07-02 20:00:00,19263.6,19375.3,19183.4,19240.9,40313.29,777179499.2186
2022-07-03 00:00:00,19241.0,19300.0,19150.1,19254.6,36842.209,708488443.9278
2022-07-03 04:00:00,19254.6,19392.6,18780.1,19127.8,129678.976,2478732164.67225
2022-07-03 08:00:00,19127.7,19147.0,18921.9,19080.0,64058.229,1219792486.93368
2022-07-03 12:00:00,19080.1,19114.0,18955.0,19035.3,57015.023,1085482589.9227
2022-07-03 16:00:00,19035.3,19562.2,19008.7,19483.3,76212.84,1467597493.03888
2022-07-03 20:00:00,19483.5,19645.4,19200.0,19305.9,85701.054,1662357307.61099
2022-07-04 00:00:00,19306.0,19333.1,19046.3,19094.0,59479.086,1140485469.5293
2022-07-04 04:00:00,19094.0,19179.4,19071.6,19115.2,38446.371,735047047.941
2022-07-04 08:00:00,19115.1,19838.0,19102.3,19794.2,149700.773,2913464919.99667
2022-07-04 12:00:00,19794.2,20123.0,19494.4,19792.4,181557.409,3585320569.8128
2022-07-04 16:00:00,19792.4,20061.9,19666.3,19823.9,101114.027,2006508252.9053
2022-07-04 20:00:00,19824.0,20350.0,19719.5,20226.6,103012.521,2064865654.82516
2022-07-05 00:00:00,20226.3,20474.0,20150.0,20302.8,86131.787,1747899251.9844
2022-07-05 04:00:00,20302.8,20448.6,20159.0,20207.7,77724.731,1577687644.5298
2022-07-05 08:00:00,20207.8,20209.2,19461.9,19514.3,166940.042,3306404817.33376
2022-07-05 12:00:00,19514.3,19585.7,19291.6,19507.0,173192.649,3366359339.8691
2022-07-05 16:00:00,19507.0,20525.4,19478.0,20392.8,192925.414,3847888362.75756
2022-07-05 20:00:00,20392.9,20749.2,20102.0,20170.0,157324.244,3210823958.47823
2022-07-06 00:00:00,20170.1,20396.7,19753.0,19940.4,115695.634,2316628052.81432
2022-07-06 04:00:00,19940.4,20316.3,19850.0,20150.9,132223.451,2656255406.55985
2022-07-06 08:00:00,20151.0,20295.0,20033.8,20098.7,92750.207,1869313281.5238
2022-07-06 12:00:00,20098.7,20372.1,19950.0,20140.1,135567.596,2730714651.36307
2022-07-06 16:00:00,20140.1,20477.0,20125.3,20319.8,125018.559,2537766578.087
2022-07-06 20:00:00,20319.8,20667.6,20259.2,20554.1,80821.011,1654264102.89376
2022-07-07 00:00:00,20554.2,20588.0,20373.6,20474.0,52230.802,1069468327.3399
2022-07-07 04:00:00,20474.0,20487.5,20244.9,20432.8,59811.02,1218259827.00998
2022-07-07 08:00:00,20432.8,20619.1,20384.5,20504.3,74776.458,1532696121.80326
2022-07-07 12:00:00,20504.3,21050.0,20367.9,20881.9,171393.624,3549893756.64926
2022-07-07 16:00:00,20882.0,21830.0,20816.2,21797.8,230249.691,4893398788.43435
2022-07-07 20:00:00,21797.9,21821.1,21515.0,21613.4,111380.021,2409811994.78
2022-07-08 00:00:00,21614.5,22579.9,21570.4,22119.7,148760.804,3277182240.56673
2022-07-08 04:00:00,22119.7,22243.7,21707.0,21791.3,95950.181,2103465349.79556
2022-07-08 08:00:00,21791.3,21814.1,21309.0,21577.7,152079.958,3277095454.77787
2022-07-08 12:00:00,21577.8,22127.7,21175.2,21947.3,254130.85,5489304425.84595
2022-07-08 16:00:00,21947.4,21961.6,21515.0,21805.6,122365.576,2660733423.10918
2022-07-08 20:00:00,21805.5,22048.0,21568.0,21587.9,74857.126,1634212392.26404
2022-07-09 00:00:00,21587.8,21687.3,21400.0,21605.9,73341.006,1580080964.76056
2022-07-09 04:00:00,21606.0,21740.4,21477.4,21644.7,54604.242,1178577835.51267
2022-07-09 08:00:00,21644.7,21785.0,21309.6,21437.4,66473.796,1437189192.64651
2022-07-09 12:00:00,21437.4,21721.7,21373.2,21538.7,71625.682,1544278150.84278
2022-07-09 16:00:00,21538.6,22000.0,21503.1,21613.3,86821.469,1886889520.3189
2022-07-09 20:00:00,21613.2,21746.4,21530.0,21580.0,40506.171,876811958.5169
2022-07-10 00:00:00,21580.0,21594.2,21095.4,21288.6,82344.671,1758583146.46916
2022-07-10 04:00:00,21288.6,21365.6,21152.8,21329.9,51200.937,1089245300.0716
2022-07-10 08:00:00,21329.9,21433.3,21161.6,21296.1,52095.251,1108834237.1474
2022-07-10 12:00:00,21294.6,21339.8,20808.2,20892.5,113767.568,2391188124.85683
2022-07-10 16:00:00,20892.5,21046.6,20600.0,20913.1,90635.921,1887825977.99114
2022-07-10 20:00:00,20913.0,21170.0,20670.7,20853.8,78132.191,1634654103.62086
2022-07-11 00:00:00,20853.8,20853.9,20449.3,20540.0,93710.541,1931668113.94474
2022-07-11 04:00:00,20540.0,20597.9,20345.8,20429.3,70535.804,1443252819.6497
2022-07-11 08:00:00,20429.3,20625.0,20405.8,20465.0,69976.612,1436013313.2331
2022-07-11 12:00:00,20465.1,20778.1,20260.0,20430.1,132353.603,2706841043.58177
2022-07-11 16:00:00,20430.2,20733.8,20384.0,20499.8,81859.339,1680488243.62519
2022-07-11 20:00:00,20499.9,20550.0,19870.0,19954.3,112810.088,2270893407.05559
2022-07-12 00:00:00,19954.3,19994.8,19780.0,19934.3,75346.94,1498874445.03085
2022-07-12 04:00:00,19934.2,20048.9,19618.2,19722.9,105992.07,2101481403.19742
2022-07-12 08:00:00,19722.9,19843.0,19552.4,19765.1,106267.951,2093076864.2315
2022-07-12 12:00:00,19765.0,19999.5,19680.8,19876.9,132675.241,2635610506.9372
2022-07-12 16:00:00,19876.9,19993.0,19252.5,19383.6,132420.341,2598526994.22612
2022-07-12 20:00:00,19383.7,19544.3,19228.3,19322.9,87858.18,1704616149.2559
2022-07-13 00:00:00,19322.9,19578.1,19260.0,19462.7,61122.08,1187450955.3373
2022-07-13 04:00:00,19462.7,19890.0,19410.3,19699.5,77968.177,1526972484.44107
2022-07-13 08:00:00,19699.8,19928.0,19660.0,19833.0,98019.46,1940712656.684
2022-07-13 12:00:00,19833.0,20150.0,18901.0,19445.1,425365.258,8239832359.46576
2022-07-13 16:00:00,19445.1,20106.6,19228.1,19644.7,190623.822,3752613165.88414
2022-07-13 20:00:00,19644.7,20401.6,19575.5,20220.1,122839.368,2452119597.51254
2022-07-14 00:00:00,20220.1,20436.6,20153.3,20215.3,94239.348,1910532292.384
2022-07-14 04:00:00,20215.3,20270.4,19894.0,19981.3,88149.619,1768731945.97837
2022-07-14 08:00:00,19981.3,20047.0,19617.4,19728.0,109721.677,2171391345.36737
2022-07-14 12:00:00,19728.1,20463.3,19600.0,20379.3,212665.816,4245114787.89334
2022-07-14 16:00:00,20379.4,20900.0,20130.0,20602.9,195480.497,4010228982.02543
2022-07-14 20:00:00,20603.0,20713.2,20425.6,20578.6,65732.573,1351230067.80246
2022-07-15 00:00:00,20578.6,20825.0,20364.3,20601.4,99723.286,2050928864.9963
2022-07-15 04:00:00,20601.4,20940.0,20481.2,20823.4,95645.304,1978316245.49424
2022-07-15 08:00:00,20823.3,21054.0,20711.3,20764.2,113397.671,2367604444.19869
2022-07-15 12:00:00,20764.3,21090.0,20754.1,20785.1,131185.242,2742702583.02488
2022-07-15 16:00:00,20785.1,21197.0,20622.0,21156.7,116440.097,2430362451.59381
2022-07-15 20:00:00,21156.7,21200.0,20755.0,20823.1,70372.092,1473609395.18094
2022-07-16 00:00:00,20823.1,20854.2,20600.0,20727.3,52241.851,1081899761.20383
2022-07-16 04:00:00,20727.4,20750.8,20471.0,20541.0,62235.67,1281872238.51694
2022-07-16 08:00:00,20541.0,20680.0,20534.3,20604.6,40441.41,833660369.412
2022-07-16 12:00:00,20604.7,20950.0,20583.6,20935.0,90829.26,1888299686.21184
2022-07-16 16:00:00,20934.9,21580.0,20919.1,21184.3,207108.221,4410533846.94516
2022-07-16 20:00:00,21184.3,21343.4,20900.0,21183.5,86350.458,1825560156.26039
2022-07-17 00:00:00,21183.6,21449.1,21071.7,21314.1,64744.701,1375911586.19314
2022-07-17 04:00:00,21314.1,21674.1,21222.0,21460.0,82656.016,1772659727.54912
2022-07-17 08:00:00,21460.0,21545.7,21210.1,21450.7,92398.545,1974415928.5148
2022-07-17 12:00:00,21450.7,21495.0,21070.0,21158.0,95511.282,2028660306.90769
2022-07-17 16:00:00,21158.0,21349.2,20810.4,21020.9,98795.304,2081040351.31364
2022-07-17 20:00:00,21020.9,21070.0,20742.0,20794.4,51431.88,1076138375.3027
2022-07-18 00:00:00,20794.4,21371.9,20764.4,21274.0,87705.945,1849809223.49219
2022-07-18 04:00:00,21274.1,22401.4,21158.7,22243.4,212697.006,4652252107.33103
2022-07-18 08:00:00,22243.3,22524.3,21972.0,22130.0,157527.528,3506032047.15716
2022-07-18 12:00:00,22129.9,22800.0,21900.7,22674.2,187389.4,4163782813.68064
2022-07-18 16:00:00,22673.6,22706.7,21385.7,21614.8,197850.704,4351197721.5232
2022-07-18 20:00:00,21614.9,22650.0,21420.0,22423.9,139697.151,3058778849.46056
2022-07-19 00:00:00,22423.5,22950.0,21800.0,21897.9,192530.541,4297455209.33892
2022-07-19 04:00:00,21898.0,22124.6,21575.0,21761.0,120021.377,2623177108.29879
2022-07-19 08:00:00,21760.9,22237.6,21686.3,21967.6,106687.834,2343599246.47365
2022-07-19 12:00:00,21967.6,23200.0,21967.5,23116.2,320286.054,7227339555.30385
2022-07-19 16:00:00,23117.1,23739.0,22942.4,23391.5,252335.512,5883719755.40432
2022-07-19 20:00:00,23390.6,23817.9,23146.5,23385.9,132167.764,3095502525.31042
2022-07-20 00:00:00,23385.9,23517.0,22922.0,23433.8,115584.304,2686291305.05677
2022-07-20 04:00:00,23433.9,23861.0,23300.0,23376.7,111668.484,2632017910.94947
2022-07-20 08:00:00,23377.0,23888.0,23298.5,23720.0,143898.221,3391470298.4985
2022-07-20 12:00:00,23720.1,24277.0,23556.9,24153.4,216817.447,5189144033.84412
2022-07-20 16:00:00,24153.5,24182.9,23420.0,23650.6,169500.029,4021893587.02304
2022-07-20 20:00:00,23650.6,23799.0,22912.4,23221.5,189179.33,4408607083.71103
2022-07-21 00:00:00,23221.5,23441.1,22662.8,22774.4,117420.42,2703538934.67179
2022-07-21 04:00:00,22774.4,23088.0,22636.0,22926.7,99143.866,2267979340.00058
2022-07-21 08:00:00,22926.6,23069.0,22444.0,22605.4,115941.577,2643319857.63808
2022-07-21 12:00:00,22605.5,22842.7,22340.2,22633.7,157575.77,3562628260.65835
2022-07-21 16:00:00,22633.7,23196.0,22625.3,23193.0,154628.552,3552389164.42574
2022-07-21 20:00:00,23193.0,23295.5,22930.3,23144.5,78833.281,1823390626.11052
2022-07-22 00:00:00,23144.5,23342.2,22850.0,22903.5,61593.966,1423275516.19454
2022-07-22 04:00:00,22903.5,23318.4,22803.0,23109.2,79589.288,1836664859.70971
2022-07-22 08:00:00,23109.3,23623.6,23060.0,23600.8,112893.693,2642152182.24804
2022-07-22 12:00:00,23600.7,23750.0,23217.0,23286.7,169406.621,3981401045.44804
2022-07-22 16:00:00,23286.7,23335.0,22531.9,22578.9,147305.314,3383561987.1287
2022-07-22 20:00:00,22579.0,22775.0,22500.0,22675.1,63119.052,1429947427.3769
2022-07-23 00:00:00,22675.0,22890.0,22540.1,22796.4,47116.6,1073003401.9819
2022-07-23 04:00:00,22796.4,22990.0,22654.7,22764.2,69690.11,1591763416.38248
2022-07-23 08:00:00,22764.2,22871.0,22204.2,22226.3,131399.986,2960764704.74583
2022-07-23 12:00:00,22226.8,22381.0,22032.0,22209.9,96487.398,2144922761.6762
2022-07-23 16:00:00,22209.9,22325.0,21933.5,22268.8,101377.464,2243842156.48635
2022-07-23 20:00:00,22266.5,22548.0,22210.0,22440.2,59816.115,1339120150.30863
2022-07-24 00:00:00,22440.1,22663.1,22286.0,22326.5,60618.983,1362259955.6568
2022-07-24 04:00:00,22326.4,22828.8,22256.4,22692.4,88436.062,2001265272.69841
2022-07-24 08:00:00,22692.4,22812.0,22470.0,22648.2,79453.307,1798999713.9274
2022-07-24 12:00:00,22648.1,22935.0,22428.1,22837.0,96659.445,2191456707.16119
2022-07-24 16:00:00,22837.0,22868.9,22626.0,22695.1,59302.403,1348145846.992
2022-07-24 20:00:00,22695.1,22999.0,22503.0,22570.6,78488.753,1784745330.95148
2022-07-25 00:00:00,22570.6,22656.8,21763.3,21858.0,132346.3,2929452564.29034
2022-07-25 04:00:00,21858.1,21988.4,21734.1,21951.3,75898.142,1659855881.42626
2022-07-25 08:00:00,21951.2,22095.0,21860.2,21931.5,69946.378,1538774319.36856
2022-07-25 12:00:00,21931.6,21996.1,21650.0,21884.3,140631.397,3071997530.97967
2022-07-25 16:00:00,21884.4,22000.0,21544.5,21879.5,105432.332,2299212597.29372
2022-07-25 20:00:00,21879.6,22252.6,21232.0,21300.0,171516.106,3742637885.03641
2022-07-26 00:00:00,21300.0,21334.4,20820.8,21130.2,130755.612,2757504535.71875
2022-07-26 04:00:00,21130.2,21250.0,21000.0,21053.7,52267.748,1103396632.021
2022-07-26 08:00:00,21053.7,21147.7,20922.5,21078.9,51550.794,1086040045.7615
2022-07-26 12:00:00,21078.9,21181.6,20689.6,20737.6,135871.682,2842850968.93704
2022-07-26 16:00:00,20737.6,21073.0,20730.3,20907.9,87956.232,1838886766.7887
2022-07-26 20:00:00,20907.8,21294.0,20803.6,21241.0,94096.835,1978781313.44975
2022-07-27 00:00:00,21241.0,21268.1,21031.0,21065.1,55115.866,1165815685.8912
2022-07-27 04:00:00,21065.2,21442.0,21054.4,21335.0,73775.917,1568112183.74784
2022-07-27 08:00:00,21335.0,21431.6,21102.5,21193.2,64188.633,1367301481.1338
2022-07-27 12:00:00,21193.2,21531.8,21151.9,21516.4,86649.905,1852795998.0678
2022-07-27 16:00:00,21516.5,23100.0,21431.0,22763.8,371373.751,8245547714.30991
2022-07-27 20:00:00,22763.8,22996.2,22570.7,22941.1,102266.231,2328956805.15658
2022-07-28 00:00:00,22941.1,23480.0,22691.0,23126.7,101139.632,2332094288.70116
2022-07-28 04:00:00,23126.8,23260.0,22880.0,22916.9,70065.109,1616926808.16778
2022-07-28 08:00:00,22916.4,23150.9,22809.8,23106.0,69181.001,1589104306.67837
2022-07-28 12:00:00,23106.0,23999.6,22583.1,23739.4,285080.094,6602767569.7327
2022-07-28 16:00:00,23739.4,24094.5,23661.7,23790.4,132080.804,3149571814.86095
2022-07-28 20:00:00,23790.4,24194.6,23720.0,23836.2,99195.196,2375035586.33983
2022-07-29 00:00:00,23836.2,23947.8,23700.0,23905.8,58752.193,1399614473.9169
2022-07-29 04:00:00,23905.6,24500.0,23818.2,23938.0,105626.491,2539785961.47856
2022-07-29 08:00:00,23938.0,24135.0,23548.0,23717.2,101928.68,2433500435.18764
2022-07-29 12:00:00,23717.2,24220.0,23426.3,24003.0,184078.363,4386735390.68163
2022-07-29 16:00:00,24003.0,24038.0,23600.0,23889.9,114250.442,2720942850.48507
2022-07-29 20:00:00,23891.2,24129.9,23691.1,23771.1,77700.882,1856733614.52552
2022-07-30 00:00:00,23771.0,23965.0,23667.8,23800.7,59039.607,1406671945.452
2022-07-30 04:00:00,23800.7,23900.0,23621.8,23869.8,39139.129,930808297.96294
2022-07-30 08:00:00,23869.8,24073.0,23726.0,23956.3,58671.975,1401250732.56493
2022-07-30 12:00:00,23956.4,24700.0,23911.0,24522.8,156601.767,3820660284.43696
2022-07-30 16:00:00,24522.8,24585.0,23841.6,23915.0,79980.578,1943748557.82105
2022-07-30 20:00:00,23914.9,24065.9,23505.0,23629.9,100391.76,2386134427.23276
2022-07-31 00:00:00,23630.0,23890.0,23511.3,23732.5,48508.909,1150858663.82032
2022-07-31 04:00:00,23732.5,23838.4,23656.2,23704.9,30995.465,736170771.3344
2022-07-31 08:00:00,23704.9,23850.0,23555.0,23788.4,49464.809,1172918973.7883
2022-07-31 12:00:00,23788.4,23856.4,23598.4,23764.2,48333.793,1146880140.7028
2022-07-31 16:00:00,23764.2,24187.3,23340.0,23832.8,126974.999,3018402463.65118
2022-07-31 20:00:00,23832.8,23887.0,23222.0,23290.1,81691.875,1917401988.65707
2022-08-01 00:00:00,23290.1,23458.3,23251.0,23366.3,39170.981,914920012.3181
2022-08-01 04:00:00,23366.2,23408.7,23100.0,23313.4,57129.944,1328372160.14621
2022-08-01 08:00:00,23313.3,23376.0,22933.5,23216.2,92024.39,2131206652.16247
2022-08-01 12:00:00,23216.2,23497.0,22955.0,23315.1,137584.923,3199974235.75823
2022-08-01 16:00:00,23315.1,23339.0,22836.2,22944.9,102738.543,2365606350.36906
2022-08-01 20:00:00,22945.0,23407.0,22900.0,23257.6,69729.511,1614301468.58064
2022-08-02 00:00:00,23257.6,23436.3,22777.0,22845.3,90849.368,2091437633.71825
2022-08-02 04:00:00,22845.3,22923.0,22700.0,22875.5,60603.986,1383644753.80771
2022-08-02 08:00:00,22875.5,22965.6,22603.0,22872.0,79906.674,1822039218.0458
2022-08-02 12:00:00,22872.0,23140.0,22657.0,22962.9,174906.063,3999266691.98377
2022-08-02 16:00:00,22962.8,23448.7,22846.3,22935.6,161782.725,3750162847.04999
2022-08-02 20:00:00,22935.7,23141.1,22897.3,22975.1,57179.096,1316482252.2751
2022-08-03 00:00:00,22975.1,23057.0,22665.3,22852.9,73558.518,1677425656.28175
2022-08-03 04:00:00,22852.9,23065.3,22793.0,22979.5,51680.698,1185692000.92968
2022-08-03 08:00:00,22979.6,23471.8,22979.2,23390.9,120689.258,2813123175.93295
2022-08-03 12:00:00,23391.0,23650.0,23200.0,23346.0,139399.872,3256729766.35358
2022-08-03 16:00:00,23345.9,23566.7,23246.0,23449.1,81547.67,1911283543.67594
2022-08-03 20:00:00,23450.2,23475.9,22707.0,22801.5,102385.752,2357393839.40886
2022-08-04 00:00:00,22801.5,23211.3,22780.8,23083.7,82489.427,1900833125.94169
2022-08-04 04:00:00,23083.7,23175.6,22810.0,22935.0,74751.639,1718077469.1484
2022-08-04 08:00:00,22934.9,22946.7,22750.0,22872.3,72066.733,1646987857.82445
2022-08-04 12:00:00,22872.3,23133.0,22728.5,22914.3,140599.183,3220801663.60966
2022-08-04 16:00:00,22914.2,22966.0,22370.0,22439.1,133919.196,3026397701.45875
2022-08-04 20:00:00,22439.1,22658.0,22435.0,22608.9,44442.638,1002048354.9393
2022-08-05 00:00:00,22608.9,23188.6,22580.6,23158.5,86942.109,1992750763.48304
2022-08-05 04:00:00,23158.5,23430.3,23055.0,23176.9,88102.335,2044961823.05794
2022-08-05 08:00:00,23176.9,23436.5,23087.0,23393.0,75731.757,1758884374.295
2022-08-05 12:00:00,23393.1,23450.0,22867.8,22979.1,191943.613,4439121069.42422
2022-08-05 16:00:00,22979.1,23098.6,22746.9,22922.7,83267.463,1907991541.60502
2022-08-05 20:00:00,22922.6,23318.8,22831.6,23298.1,68004.853,1572917225.53265
2022-08-06 00:00:00,23298.0,23341.8,23140.8,23161.8,46526.815,1080955424.1791
2022-08-06 04:00:00,23161.8,23230.0,23130.8,23196.5,27369.113,634363274.7778
2022-08-06 08:00:00,23196.4,23249.6,23083.2,23148.1,33006.319,764759968.9774
2022-08-06 12:00:00,23148.2,23227.4,23146.1,23191.2,25400.597,589033398.3447
2022-08-06 16:00:00,23191.2,23250.0,22975.0,23175.1,54899.805,1270141376.04034
2022-08-06 20:00:00,23175.1,23215.8,22883.6,22943.3,40456.745,932921285.43128
2022-08-07 00:00:00,22943.2,23034.6,22830.9,22979.7,48262.022,1106880338.62837
2022-08-07 04:00:00,22979.8,23015.7,22930.0,23000.0,22310.995,512681809.0727
2022-08-07 08:00:00,23000.0,23043.8,22878.1,23026.1,33873.876,777697556.927
2022-08-07 12:00:00,23026.2,23180.0,23000.0,23012.1,55373.037,1278758522.4498
2022-08-07 16:00:00,23012.2,23328.0,22984.0,23154.9,57978.263,1343913575.60094
2022-08-07 20:00:00,23155.0,23400.0,23042.2,23167.8,53713.869,1247724885.8081
2022-08-08 00:00:00,23167.9,23341.0,23153.1,23294.5,43076.056,1001651363.1102
2022-08-08 04:00:00,23294.5,23848.0,23267.7,23796.8,112409.014,2654011922.24734
2022-08-08 08:00:00,23796.8,24180.0,23757.4,24160.0,131696.12,3165969315.74802
2022-08-08 12:00:00,24159.9,24243.0,23880.0,23986.9,131317.203,3163323448.42757
2022-08-08 16:00:00,23986.8,24003.5,23775.2,23918.7,72218.514,1726595879.1983
2022-08-08 20:00:00,23918.9,24097.5,23666.0,23804.4,74367.312,1774393190.77242
2022-08-09 00:00:00,23804.3,23859.9,23617.6,23819.0,45588.24,1083590500.15864
2022-08-09 04:00:00,23819.0,23913.4,23744.5,23866.2,45536.396,1085362354.4679
2022-08-09 08:00:00,23866.2,23878.1,23165.0,23257.8,158171.309,3713732707.23283
2022-08-09 12:00:00,23257.7,23323.1,22850.0,23061.7,145926.846,3371816387.25772
2022-08-09 16:00:00,23061.6,23121.1,22963.0,23048.3,57483.095,1324635838.1919
2022-08-09 20:00:00,23048.3,23248.0,23042.1,23140.2,45581.057,1055741644.1087
2022-08-10 00:00:00,23140.1,23140.2,22608.0,22850.2,102497.551,2341989882.80218
2022-08-10 04:00:00,22850.2,22997.0,22819.9,22951.2,48937.392,1121609976.13768
2022-08-10 08:00:00,22951.2,23190.0,22951.2,23108.3,69457.088,1601845195.59181
2022-08-10 12:00:00,23108.3,24179.0,22993.7,23983.6,319236.099,7600521408.6293
2022-08-10 16:00:00,23983.6,24079.0,23454.0,23626.3,116105.454,2758084534.02565
2022-08-10 20:00:00,23626.3,24235.2,23612.0,23940.9,104504.62,2496990666.02587
2022-08-11 00:00:00,23941.0,24480.7,23907.6,24313.7,135180.805,3277119356.00345
2022-08-11 04:00:00,24313.6,24760.0,24277.1,24429.5,131739.622,3230751507.66211
2022-08-11 08:00:00,24429.4,24668.0,24344.6,24547.3,75880.827,1858145407.5515
2022-08-11 12:00:00,24547.2,24972.0,24261.8,24336.6,228432.712,5624614003.25698
2022-08-11 16:00:00,24336.4,24413.7,24069.7,24213.7,103530.295,2510151811.14196
2022-08-11 20:00:00,24214.2,24325.0,23840.6,23917.2,85690.984,2061405282.34729
2022-08-12 00:00:00,23917.3,24088.0,23750.0,23997.7,77511.681,1853952645.02652
2022-08-12 04:00:00,23997.7,24053.0,23864.8,23949.2,40532.479,970551766.1539
2022-08-12 08:00:00,23949.2,24149.5,23560.0,23663.2,103313.015,2464717793.35232
2022-08-12 12:00:00,23663.2,23995.0,23642.4,23966.7,104057.733,2477608804.4596
2022-08-12 16:00:00,23966.7,24260.0,23938.5,24162.0,77550.579,1867945031.17129
2022-08-12 20:00:00,24162.0,24438.8,24031.0,24387.5,74768.558,1811558048.64447
2022-08-13 00:00:00,24387.5,24800.0,24319.3,24786.4,97910.91,2405315020.34061
2022-08-13 04:00:00,24786.5,24879.0,24540.8,24566.1,85905.954,2123614048.43581
2022-08-13 08:00:00,24566.1,24647.7,24267.5,24426.0,105318.07,2576952032.55177
2022-08-13 12:00:00,24425.9,24592.8,24282.0,24501.8,61755.172,1510097067.11466
2022-08-13 16:00:00,24501.8,24584.5,24321.6,24389.2,46937.126,1148494553.70468
2022-08-13 20:00:00,24389.2,24536.4,24309.7,24429.0,33266.427,812694933.4348
2022-08-14 00:00:00,24429.0,24632.6,24332.1,24554.3,51331.577,1258289637.70636
2022-08-14 04:00:00,24554.3,25065.0,24484.4,24867.1,94220.309,2335463393.14193
2022-08-14 08:00:00,24867.2,24872.6,24511.0,24554.2,94591.205,2335327778.81749
2022-08-14 12:00:00,24554.3,24579.5,24379.3,24512.1,61061.029,1494930586.97679
2022-08-14 16:00:00,24512.0,24548.8,24138.0,24273.8,87399.41,2123377654.32546
2022-08-14 20:00:00,24273.9,24420.0,24162.0,24294.1,48710.79,1183439857.231
2022-08-15 00:00:00,24294.1,25200.0,24150.0,24856.1,176947.9,4386304413.00125
2022-08-15 04:00:00,24856.2,24975.7,23916.7,24010.8,197596.855,4822515532.33248
2022-08-15 08:00:00,24010.7,24296.8,23860.2,24037.1,114243.758,2751989530.1215
2022-08-15 12:00:00,24037.2,24246.3,23890.1,24211.8,102011.544,2456948344.7031
2022-08-15 16:00:00,24211.8,24272.2,23951.0,23972.2,69416.497,1674439237.5833
2022-08-15 20:00:00,23972.2,24178.7,23762.0,24085.2,79174.167,1900138995.9377
2022-08-16 00:00:00,24085.2,24234.0,23843.8,24072.7,81978.074,1973131669.05875
2022-08-16 04:00:00,24072.6,24134.0,23788.0,24054.1,66146.749,1584469691.4168
2022-08-16 08:00:00,24054.4,24138.0,23954.6,24027.1,50490.746,1213981934.883
2022-08-16 12:00:00,24026.4,24079.0,23650.0,23886.3,127827.332,3047454785.74522
2022-08-16 16:00:00,23886.2,24050.0,23676.5,23919.6,98598.382,2351737061.8505
2022-08-16 20:00:00,23919.7,23978.0,23795.5,23843.0,35878.711,857160072.358
2022-08-17 00:00:00,23843.0,24071.4,23815.8,23996.9,65927.449,1580737687.05
2022-08-17 04:00:00,23997.0,24437.0,23754.0,23774.2,153483.068,3702755889.78107
2022-08-17 08:00:00,23774.2,23908.2,23672.0,23737.2,90827.839,2159734266.8352
2022-08-17 12:00:00,23737.1,23748.7,23312.9,23385.7,161103.31,3786875760.10844
2022-08-17 16:00:00,23385.7,23619.7,23231.9,23268.5,112692.329,2637628675.14954
2022-08-17 20:00:00,23268.5,23399.0,23170.0,23333.1,56566.908,1318404649.044
2022-08-18 00:00:00,23333.1,23505.2,23280.0,23423.8,45094.727,1056116784.0166
2022-08-18 04:00:00,23423.8,23458.6,23318.9,23402.5,39849.461,932246075.0469
2022-08-18 08:00:00,23402.5,23567.8,23336.1,23521.3,53349.177,1251969809.27764
2022-08-18 12:00:00,23521.2,23595.0,23340.9,23439.4,82442.819,1934663761.8587
2022-08-18 16:00:00,23439.5,23458.6,23220.7,23340.0,74187.967,1730742805.33666
2022-08-18 20:00:00,23339.9,23441.4,23101.0,23185.1,52774.855,1228997760.48351
2022-08-19 00:00:00,23185.0,23200.0,22702.0,22759.0,123098.889,2814934853.73989
2022-08-19 04:00:00,22759.0,22826.8,21220.0,21892.8,186167.069,4114542091.74634
2022-08-19 08:00:00,21892.9,21906.0,21235.8,21453.7,182850.917,3949485008.25039
2022-08-19 12:00:00,21453.7,21581.2,21250.0,21431.1,141320.365,3026879241.874
2022-08-19 16:00:00,21431.0,21646.1,21133.0,21319.4,117009.421,2504819888.59358
2022-08-19 20:00:00,21319.4,21370.9,20760.0,20824.9,156163.164,3289498219.69413
2022-08-20 00:00:00,20825.0,21180.0,20783.8,21128.5,86261.961,1814604537.33812
2022-08-20 04:00:00,21128.6,21368.9,21069.5,21295.1,77169.341,1636761085.2862
2022-08-20 08:00:00,21295.2,21301.1,21107.2,21220.1,56741.418,1202815016.3278
2022-08-20 12:00:00,21220.1,21328.8,21191.5,21291.7,57119.721,1214168864.0002
2022-08-20 16:00:00,21291.8,21350.0,20933.2,20981.7,98537.711,2084805570.3621
2022-08-20 20:00:00,20981.7,21249.0,20742.9,21127.8,114676.89,2409167247.32963
2022-08-21 00:00:00,21127.7,21320.4,21111.1,21198.3,47577.88,1009294125.9707
2022-08-21 04:00:00,21198.2,21271.2,21055.0,21241.7,48520.543,1026849205.2547
2022-08-21 08:00:00,21241.7,21580.1,21217.0,21514.3,98932.948,2116521075.86048
2022-08-21 12:00:00,21514.4,21573.0,21300.0,21407.7,63268.934,1355765498.9618
2022-08-21 16:00:00,21407.7,21545.7,21318.5,21498.8,49791.753,1067164012.0987
2022-08-21 20:00:00,21498.9,21804.6,21259.7,21505.6,116190.366,2500824989.46816
2022-08-22 00:00:00,21505.6,21520.5,21355.0,21406.5,46954.726,1006614145.586
2022-08-22 04:00:00,21406.5,21477.9,21038.6,21089.1,83216.917,1772703342.0021
2022-08-22 08:00:00,21089.2,21331.5,20858.6,21238.6,147398.793,3111706600.68879
2022-08-22 12:00:00,21238.6,21439.2,21071.5,21388.0,138339.68,2940052991.66474
2022-08-22 16:00:00,21388.0,21550.0,20950.0,21047.1,103772.069,2197453362.40098
2022-08-22 20:00:00,21047.1,21417.0,21030.0,21387.0,69082.412,1463825863.09244
2022-08-23 00:00:00,21387.0,21460.0,21213.1,21228.5,64213.857,1370210138.3203
2022-08-23 04:00:00,21228.5,21304.7,20874.8,21297.3,125701.499,2650504836.72188
2022-08-23 08:00:00,21297.2,21546.5,21279.0,21444.4,148075.53,3170083774.94654
2022-08-23 12:00:00,21444.4,21667.2,21319.6,21460.6,144902.651,3113665683.51002
2022-08-23 16:00:00,21460.7,21590.7,21350.0,21512.5,73618.116,1580550425.7631
2022-08-23 20:00:00,21512.6,21662.0,21418.9,21518.2,53233.617,1145498115.77198
2022-08-24 00:00:00,21518.2,21541.2,21132.3,21253.2,89527.788,1906962835.8914
2022-08-24 04:00:00,21253.1,21495.6,21224.1,21305.6,74717.861,1595674303.8256
2022-08-24 08:00:00,21305.6,21465.7,21254.2,21426.1,61558.392,1314466680.9627
2022-08-24 12:00:00,21426.1,21635.0,21364.6,21605.6,100064.737,2150186109.3913
2022-08-24 16:00:00,21605.6,21925.6,21596.1,21695.8,107029.148,2324905925.26688
2022-08-24 20:00:00,21695.9,21750.0,21350.0,21354.9,69830.272,1503692097.60854
2022-08-25 00:00:00,21355.0,21622.9,21295.3,21460.8,72236.763,1551054704.6407
2022-08-25 04:00:00,21460.8,21750.0,21455.4,21732.2,65842.252,1425067965.28084
2022-08-25 08:00:00,21732.2,21810.9,21601.0,21713.1,61377.23,1331504123.0235
2022-08-25 12:00:00,21713.2,21771.2,21475.0,21557.0,102528.866,2218045098.2235
2022-08-25 16:00:00,21557.0,21636.2,21385.5,21594.3,75917.003,1633361666.30606
2022-08-25 20:00:00,21594.4,21677.0,21504.0,21548.3,37855.878,817335268.5244
2022-08-26 00:00:00,21548.3,21603.7,21421.0,21542.0,44411.779,955522529.7231
2022-08-26 04:00:00,21541.9,21554.3,21311.0,21438.4,69239.787,1482956225.78708
2022-08-26 08:00:00,21438.3,21459.1,21000.0,21179.7,86131.281,1831769846.71939
2022-08-26 12:00:00,21179.6,21867.6,20560.0,20770.1,448846.774,9563377661.97292
2022-08-26 16:00:00,20769.6,20822.0,20518.0,20635.5,135342.449,2795531069.93334
2022-08-26 20:00:00,20635.5,20740.6,20100.0,20228.7,112502.286,2294487775.17804
2022-08-27 00:00:00,20228.7,20367.7,20125.0,20189.9,75409.491,1525708121.3975
2022-08-27 04:00:00,20189.9,20263.0,19901.0,20255.0,104997.504,2111000966.94735
2022-08-27 08:00:00,20255.0,20263.7,20126.2,20198.6,47373.908,956739068.7729
2022-08-27 12:00:00,20198.5,20230.0,19744.0,19966.1,112671.73,2257644735.87167
2022-08-27 16:00:00,19966.0,20088.1,19825.7,20007.1,75584.485,1508834691.4837
2022-08-27 20:00:00,20007.0,20088.9,19845.0,20023.9,53560.906,1070257492.6335
2022-08-28 00:00:00,20024.0,20155.0,19918.0,19978.7,52157.138,1044203855.92307
2022-08-28 04:00:00,19978.8,20075.4,19923.0,20045.0,34450.319,689127333.034
2022-08-28 08:00:00,20045.0,20098.0,19926.0,20021.9,42814.641,856605528.4707
2022-08-28 12:00:00,20021.9,20048.4,19793.8,20007.5,87656.315,1746870208.97615
2022-08-28 16:00:00,20007.6,20140.0,19942.0,19962.5,66919.213,1340197426.69627
2022-08-28 20:00:00,19962.6,20035.0,19508.0,19547.5,102407.569,2026473466.15769
2022-08-29 00:00:00,19547.5,19945.0,19539.4,19854.6,104276.439,2054726865.5147
2022-08-29 04:00:00,19854.1,19928.0,19732.0,19885.3,64282.31,1274528718.4889
2022-08-29 08:00:00,19885.3,19914.6,19754.1,19812.0,55771.54,1105154116.0521
2022-08-29 12:00:00,19812.0,20365.6,19795.1,20249.1,214173.514,4307540916.36149
2022-08-29 16:00:00,20249.1,20440.0,20070.4,20090.5,102318.652,2071037030.90287
2022-08-29 20:00:00,20090.5,20335.0,20069.3,20275.5,57254.214,1156502131.041
2022-08-30 00:00:00,20275.5,20282.4,20100.0,20261.3,53863.635,1087961124.0568
2022-08-30 04:00:00,20261.4,20574.0,20246.2,20423.3,108222.156,2211114171.87684
2022-08-30 08:00:00,20423.3,20496.6,20321.2,20395.8,66014.745,1347182183.5924
2022-08-30 12:00:00,20395.9,20440.0,19634.4,19743.8,252515.418,5052381647.59317
2022-08-30 16:00:00,19743.7,20085.0,19524.4,19937.1,201304.4,3983378060.87167
2022-08-30 20:00:00,19937.2,20046.8,19739.0,19803.1,85794.639,1705307153.77422
2022-08-31 00:00:00,19803.2,20449.0,19787.9,20392.6,131758.873,2661422070.96254
2022-08-31 04:00:00,20392.7,20496.0,20178.9,20247.5,85524.668,1737376386.5858
2022-08-31 08:00:00,20247.5,20397.1,20121.0,20308.0,95848.894,1941028665.4567
2022-08-31 12:00:00,20307.9,20419.0,19850.0,20130.5,199733.768,4029891990.29897
2022-08-31 16:00:00,20130.6,20329.0,19870.2,20217.7,130762.014,2626094206.72878
2022-08-31 20:00:00,20217.7,20288.7,19959.8,20041.5,68011.122,1369183836.9038
2022-09-01 00:00:00,20041.4,20198.3,19910.0,20016.9,87773.133,1760984858.9206
2022-09-01 04:00:00,20017.0,20127.9,19790.4,19885.7,84579.416,1688741998.91955
2022-09-01 08:00:00,19885.6,20115.1,19810.1,20060.9,90974.072,1814831348.277
2022-09-01 12:00:00,20061.0,20084.1,19644.7,19775.8,179308.754,3561151639.71582
2022-09-01 16:00:00,19775.7,19930.0,19555.0,19857.4,156176.105,3085440441.383
2022-09-01 20:00:00,19857.5,20171.0,19830.4,20122.5,92783.241,1859997010.66157
2022-09-02 00:00:00,20122.6,20264.8,19947.9,20145.1,72954.77,1466152937.0708
2022-09-02 04:00:00,20145.1,20290.0,20023.2,20100.5,59237.022,1192329664.3912
2022-09-02 08:00:00,20100.4,20168.8,19978.0,20082.4,58803.402,1180565058.0556
2022-09-02 12:00:00,20082.4,20434.3,20013.0,20344.8,205092.145,4157962353.22987
2022-09-02 16:00:00,20344.8,20368.0,19736.0,19899.3,222614.135,4441177942.90474
2022-09-02 20:00:00,19899.3,20018.7,19850.9,19941.0,50346.342,1003899882.484
2022-09-03 00:00:00,19941.0,20050.0,19854.3,19890.3,43419.74,865977432.8059
2022-09-03 04:00:00,19890.3,19957.5,19740.1,19808.2,46872.789,930785514.81012
2022-09-03 08:00:00,19808.1,19862.1,19700.6,19790.0,59778.967,1183364329.7369
2022-09-03 12:00:00,19789.9,19894.0,19740.1,19764.3,45476.908,900994663.1033
2022-09-03 16:00:00,19764.3,19826.4,19628.7,19702.9,59876.323,1182583704.5215
2022-09-03 20:00:00,19702.9,19840.0,19666.6,19820.7,29816.262,589073803.433
2022-09-04 00:00:00,19820.7,19847.9,19728.1,19766.0,27815.422,550536822.3864
2022-09-04 04:00:00,19766.0,19801.7,19600.0,19618.5,41328.581,814599803.8269
2022-09-04 08:00:00,19618.4,19850.4,19570.0,19843.0,83434.724,1645730213.8765
2022-09-04 12:00:00,19843.0,19930.0,19631.2,19781.6,103116.685,2038429883.0472
2022-09-04 16:00:00,19781.6,19947.6,19713.0,19872.7,84354.991,1674636661.7436
2022-09-04 20:00:00,19872.8,20022.4,19809.0,19992.7,56747.781,1129815683.5883
2022-09-05 00:00:00,19992.7,20046.7,19801.0,19871.9,63827.839,1269771755.8058
2022-09-05 04:00:00,19871.9,19900.0,19668.0,19740.0,75269.707,1486599702.19502
2022-09-05 08:00:00,19739.9,19794.7,19620.2,19692.9,68683.695,1353825559.9003
2022-09-05 12:00:00,19692.9,19944.0,19659.5,19848.1,105263.916,2085639158.1076
2022-09-05 16:00:00,19848.1,19904.5,19660.0,19700.9,80856.224,1597924450.2051
2022-09-05 20:00:00,19700.9,19850.0,19686.9,19784.9,52805.029,1043876211.1981
2022-09-06 00:00:00,19784.9,20174.7,19665.0,19780.2,186484.465,3709119974.07814
2022-09-06 04:00:00,19780.3,19940.0,19724.0,19900.7,79991.334,1586647339.7329
2022-09-06 08:00:00,19900.7,20023.2,19850.0,19909.2,90226.747,1798119337.6238
2022-09-06 12:00:00,19909.2,19987.5,19650.4,19810.1,160616.009,3179731924.1866
2022-09-06 16:00:00,19810.2,19847.1,18700.0,18813.0,317000.757,6072608853.18956
2022-09-06 20:00:00,18813.1,19066.6,18600.0,18781.5,111169.83,2098125293.13651
2022-09-07 00:00:00,18781.4,18861.9,18500.0,18736.3,110548.94,2068099370.55021
2022-09-07 04:00:00,18736.2,18833.0,18664.2,18791.5,58734.217,1101471898.2257
2022-09-07 08:00:00,18791.4,18848.0,18679.9,18729.5,48997.764,919113003.3964
2022-09-07 12:00:00,18729.4,18960.0,18663.6,18863.3,117302.112,2210477077.07046
2022-09-07 16:00:00,18863.3,19188.0,18844.8,18982.1,118730.56,2257728389.53899
2022-09-07 20:00:00,18982.1,19455.0,18980.0,19287.0,141323.1,2726623905.15189
2022-09-08 00:00:00,19287.0,19373.8,19139.4,19209.1,57668.302,1110451707.4917
2022-09-08 04:00:00,19209.1,19370.0,19047.9,19164.0,81988.462,1575259619.4435
2022-09-08 08:00:00,19164.0,19400.0,19133.6,19303.1,72229.691,1390745414.3811
2022-09-08 12:00:00,19303.1,19370.6,19003.8,19240.4,192764.562,3701668086.5626
2022-09-08 16:00:00,19240.5,19342.4,19080.0,19341.7,84694.505,1624898356.6577
2022-09-08 20:00:00,19341.7,19450.0,19245.5,19309.3,47923.122,926873876.4023
2022-09-09 00:00:00,19309.3,19965.8,19283.0,19936.0,113228.819,2222359255.15223
2022-09-09 04:00:00,19936.0,20804.9,19916.5,20623.6,272891.074,5578999669.83734
2022-09-09 08:00:00,20623.6,21188.0,20618.5,20931.7,199066.741,4154337430.63257
2022-09-09 12:00:00,20931.7,21345.0,20912.2,21258.5,177041.84,3736521837.86757
2022-09-09 16:00:00,21258.5,21438.0,21117.0,21280.0,135340.194,2876746077.76454
2022-09-09 20:00:00,21280.1,21666.0,21178.0,21352.0,94928.432,2026441981.31594
2022-09-10 00:00:00,21352.0,21382.3,21153.6,21294.5,56809.384,1208270425.691
2022-09-10 04:00:00,21294.4,21670.0,21240.0,21274.9,101079.462,2169936569.2983
2022-09-10 08:00:00,21275.0,21384.0,21246.0,21279.0,44186.616,942240543.6145
2022-09-10 12:00:00,21278.9,21355.6,21112.2,21213.3,74767.461,1587472619.6435
2022-09-10 16:00:00,21213.3,21637.7,21166.5,21569.4,96842.059,2072817620.3173
2022-09-10 20:00:00,21569.4,21825.0,21349.9,21639.5,117858.224,2548144177.37256
2022-09-11 00:00:00,21639.5,21673.0,21436.8,21537.4,55267.276,1191915881.5967
2022-09-11 04:00:00,21537.4,21632.0,21336.0,21599.9,62358.688,1341348953.15294
2022-09-11 08:00:00,21600.0,21726.0,21550.0,21601.9,58186.856,1258667844.103
2022-09-11 12:00:00,21601.9,21761.5,21450.1,21633.9,72608.41,1567335927.88126
2022-09-11 16:00:00,21634.0,21883.4,21518.2,21610.5,77800.344,1685306278.1043
2022-09-11 20:00:00,21610.5,21848.8,21438.5,21820.3,94757.752,2049015285.9555
2022-09-12 00:00:00,21820.3,22388.0,21540.0,21649.2,231080.904,5055418646.16761
2022-09-12 04:00:00,21649.2,22222.0,21617.1,22180.9,101572.197,2225493287.41776
2022-09-12 08:00:00,22180.8,22450.0,21961.1,22301.0,166535.267,3698415551.35363
2022-09-12 12:00:00,22301.0,22471.0,22003.9,22106.0,154970.82,3455358516.35116
2022-09-12 16:00:00,22105.9,22446.0,22010.0,22415.0,99333.273,2210319426.51713
2022-09-12 20:00:00,22414.9,22474.0,22244.0,22386.0,65109.471,1455457444.09288
2022-09-13 00:00:00,22386.0,22440.0,22048.4,22225.7,84001.661,1864866453.65599
2022-09-13 04:00:00,22225.7,22659.9,22172.8,22267.8,113936.313,2548512757.63071
2022-09-13 08:00:00,22267.9,22706.0,22181.5,22516.3,128969.522,2896134107.2991
2022-09-13 12:00:00,22516.2,22850.0,20729.0,20823.9,492978.934,10611161781.80876
2022-09-13 16:00:00,20823.9,20920.6,20030.5,20272.0,269096.89,5516930176.13304
2022-09-13 20:00:00,20272.0,20408.4,19840.0,20162.5,129786.607,2617515285.5289
2022-09-14 00:00:00,20162.6,20528.5,20031.1,20313.2,108109.35,2195136423.90449
2022-09-14 04:00:00,20313.2,20395.2,20124.6,20235.3,57924.968,1174747116.9869
2022-09-14 08:00:00,20235.4,20413.1,20050.0,20219.8,79529.92,1612911564.18457
2022-09-14 12:00:00,20219.9,20380.3,20061.8,20165.6,142764.284,2888403631.9979
2022-09-14 16:00:00,20165.6,20228.9,19600.0,19935.1,187325.632,3732038987.92515
2022-09-14 20:00:00,19935.1,20384.4,19843.9,20217.0,86148.443,1734843466.69206
2022-09-15 00:00:00,20217.0,20258.7,19903.5,20015.9,81335.875,1633460447.1572
2022-09-15 04:00:00,20015.9,20315.0,19947.4,20195.2,117038.725,2354315566.0942
2022-09-15 08:00:00,20195.1,20213.3,20010.2,20140.9,72756.597,1463736503.9599
2022-09-15 12:00:00,20140.9,20188.7,19453.0,19728.8,233718.455,4641243881.67648
2022-09-15 16:00:00,19728.8,19936.3,19640.0,19774.9,99238.016,1963665500.1104
2022-09-15 20:00:00,19774.9,19880.8,19561.5,19690.8,61774.399,1218949821.9901
2022-09-16 00:00:00,19690.8,19810.0,19573.1,19738.4,56205.319,1107924379.1846
2022-09-16 04:00:00,19738.3,19849.6,19715.1,19730.5,40737.357,805612191.2694
2022-09-16 08:00:00,19730.4,19878.0,19603.0,19856.0,72924.908,1440224546.8881
2022-09-16 12:00:00,19856.1,19863.1,19385.2,19653.3,178152.124,3502241535.70746
2022-09-16 16:00:00,19653.3,19653.3,19300.0,19605.9,139063.128,2709481733.8199
2022-09-16 20:00:00,19605.9,19819.5,19602.8,19792.5,57525.968,1134422333.35695
2022-09-17 00:00:00,19792.4,20068.8,19757.6,19875.0,77056.764,1535895949.05445
2022-09-17 04:00:00,19875.1,19985.0,19775.0,19834.0,46289.95,919325439.4348
2022-09-17 08:00:00,19834.1,19907.5,19800.0,19800.8,30845.15,612453568.5747
2022-09-17 12:00:00,19800.8,20019.0,19739.4,19951.6,59023.908,1173653430.5934
2022-09-17 16:00:00,19951.7,20182.6,19926.0,20001.2,79403.517,1593876155.12407
2022-09-17 20:00:00,20001.1,20137.0,19930.0,20102.0,42059.269,843442008.0746
2022-09-18 00:00:00,20102.0,20105.3,19938.4,19990.9,42846.441,856878261.7567
2022-09-18 04:00:00,19991.0,20087.6,19941.6,20041.2,26556.607,532005541.2599
2022-09-18 08:00:00,20041.3,20093.9,19750.1,19915.2,98907.568,1970170068.06045
2022-09-18 12:00:00,19915.2,20019.0,19707.0,19804.5,91600.816,1820061437.6996
2022-09-18 16:00:00,19804.4,19869.9,19556.7,19715.6,125781.74,2475772816.8262
2022-09-18 20:00:00,19715.5,19742.5,19325.8,19404.5,114223.302,2224418499.00418
2022-09-19 00:00:00,19404.5,19507.0,18655.0,18766.2,163689.789,3104246838.3931
2022-09-19 04:00:00,18766.2,18863.9,18215.0,18459.6,175552.28,3251557518.95078
2022-09-19 08:00:00,18459.7,18788.0,18360.0,18672.6,120769.619,2243595575.95525
2022-09-19 12:00:00,18672.6,19424.4,18665.0,19071.1,257844.368,4923880377.5704
2022-09-19 16:00:00,19071.1,19572.1,18868.2,19504.7,169575.881,3254648551.40879
2022-09-19 20:00:00,19504.7,19686.3,19408.0,19528.6,106344.415,2077714723.5463
2022-09-20 00:00:00,19528.6,19625.0,19148.4,19353.7,92307.733,1790905887.56313
2022-09-20 04:00:00,19353.8,19581.5,19223.0,19349.9,93723.273,1816613712.80736
2022-09-20 08:00:00,19349.9,19417.6,19148.2,19209.6,95198.489,1834381020.49433
2022-09-20 12:00:00,19209.6,19256.9,18759.7,19225.6,250377.906,4756927370.2712
2022-09-20 16:00:00,19225.7,19316.7,18690.1,18985.2,195711.78,3713016477.04298
2022-09-20 20:00:00,18985.3,19087.5,18777.6,18866.8,67304.751,1273900836.8621
2022-09-21 00:00:00,18866.7,19050.0,18824.9,19011.8,51612.643,977751427.0104
2022-09-21 04:00:00,19011.7,19123.0,18784.2,18938.8,89008.67,1684429308.2445
2022-09-21 08:00:00,18938.7,19198.0,18811.4,19155.6,92042.006,1749925161.9362
2022-09-21 12:00:00,19155.5,19476.2,19077.0,19182.5,191477.797,3687373954.79043
2022-09-21 16:00:00,19182.6,20154.1,18343.0,18990.3,519529.59,10013397053.45797
2022-09-21 20:00:00,18990.3,19063.9,18084.3,18447.5,224398.273,4165325385.77956
2022-09-22 00:00:00,18447.5,18777.6,18345.2,18677.6,111993.338,2076205882.27285
2022-09-22 04:00:00,18677.7,18962.1,18610.1,18923.8,107802.202,2022963904.66478
2022-09-22 08:00:00,18923.8,19279.2,18897.3,19220.1,173819.785,3325472475.16882
2022-09-22 12:00:00,19220.0,19310.0,18782.7,18975.5,212238.703,4038273678.99498
2022-09-22 16:00:00,18975.5,19483.1,18767.6,19304.2,161690.371,3090709518.53743
2022-09-22 20:00:00,19304.2,19504.8,19150.0,19392.5,85353.992,1649973233.0741
2022-09-23 00:00:00,19392.5,19459.6,19218.0,19384.0,65865.255,1273888309.5576
2022-09-23 04:00:00,19384.0,19492.0,19191.1,19216.4,67577.698,1307392095.5449
2022-09-23 08:00:00,19216.5,19265.4,18828.0,18854.5,141674.976,2695358336.31388
2022-09-23 12:00:00,18854.4,19063.2,18518.5,18704.4,250866.281,4707341704.35695
2022-09-23 16:00:00,18704.4,18840.7,18561.1,18798.7,172798.304,3232863874.6619
2022-09-23 20:00:00,18798.3,19398.0,18791.2,19280.7,139711.232,2669246505.36151
2022-09-24 00:00:00,19280.7,19304.5,19020.0,19113.3,76246.033,1459502642.9405
2022-09-24 04:00:00,19113.4,19177.0,18914.4,18985.6,56593.805,1078518772.0989
2022-09-24 08:00:00,18985.6,19113.0,18931.8,19044.7,56140.75,1067914582.6438
2022-09-24 12:00:00,19044.8,19217.0,19000.9,19115.2,71862.12,1373086502.1581
2022-09-24 16:00:00,19115.2,19187.8,19042.5,19093.0,40480.895,773414391.9995
2022-09-24 20:00:00,19093.0,19140.8,18798.0,18911.0,75834.612,1435679992.59008
2022-09-25 00:00:00,18910.9,19052.0,18902.1,19044.5,38381.521,727997380.5161
2022-09-25 04:00:00,19044.4,19121.9,18929.2,19089.2,41130.612,782756466.7733
2022-09-25 08:00:00,19089.1,19196.0,18973.5,19108.0,47830.036,912446134.7179
2022-09-25 12:00:00,19108.1,19135.0,18834.0,18978.3,93704.479,1776466362.8395
2022-09-25 16:00:00,18978.4,19115.9,18856.0,18906.5,93131.352,1765488823.0203
2022-09-25 20:00:00,18906.6,18943.0,18621.0,18799.7,96283.603,1809239367.07675
2022-09-26 00:00:00,18799.7,18939.7,18711.9,18862.7,82968.714,1563146151.41728
2022-09-26 04:00:00,18862.7,18924.1,18671.0,18902.3,96944.908,1822637315.0606
2022-09-26 08:00:00,18902.3,19311.5,18795.7,18864.7,220632.771,4209657252.25251
2022-09-26 12:00:00,18864.7,19273.1,18808.0,19103.9,206037.034,3933442361.32043
2022-09-26 16:00:00,19103.8,19255.0,18958.6,19191.0,113652.801,2172187028.6081
2022-09-26 20:00:00,19190.9,19245.5,19061.8,19216.3,57571.29,1102160654.8091
2022-09-27 00:00:00,19216.3,20296.1,19182.0,20091.9,270740.855,5357935659.20375
2022-09-27 04:00:00,20092.0,20368.0,19951.1,20174.2,145136.381,2923925675.47769
2022-09-27 08:00:00,20174.2,20332.0,20084.0,20221.1,105721.859,2135568984.5155
2022-09-27 12:00:00,20221.0,20375.0,19860.4,19885.3,224079.253,4520848489.6734
2022-09-27 16:00:00,19885.3,19948.1,18801.5,19068.7,467957.321,8981730933.03353
2022-09-27 20:00:00,19068.7,19159.2,18911.7,19070.1,86930.489,1654732401.0845
2022-09-28 00:00:00,19070.1,19228.3,18460.0,18736.0,201932.428,3797102904.03062
2022-09-28 04:00:00,18736.0,18870.8,18610.3,18770.6,104608.563,1960670634.8132
2022-09-28 08:00:00,18770.5,19140.0,18558.6,18947.6,232626.61,4383432384.57307
2022-09-28 12:00:00,18947.6,19496.6,18929.6,19477.9,273882.698,5264502748.29263
2022-09-28 16:00:00,19477.9,19667.0,19250.0,19534.7,221849.648,4324456648.40618
2022-09-28 20:00:00,19534.7,19787.6,19380.5,19407.3,106322.825,2079241957.3366
2022-09-29 00:00:00,19407.4,19596.0,19271.0,19497.3,97147.935,1889006296.3065
2022-09-29 04:00:00,19497.4,19620.0,19259.4,19353.1,111116.926,2154927542.1594
2022-09-29 08:00:00,19353.2,19537.0,19294.0,19454.3,104599.328,2031889973.1276
2022-09-29 12:00:00,19454.2,19467.1,18827.2,19280.7,365642.863,7001511026.76893
2022-09-29 16:00:00,19280.7,19648.8,19114.2,19399.3,245462.904,4755237171.46931
2022-09-29 20:00:00,19399.3,19620.0,19373.5,19582.5,67708.268,1319091998.50556
2022-09-30 00:00:00,19582.5,19698.6,19305.0,19394.0,104286.782,2031025979.6538
2022-09-30 04:00:00,19394.0,19633.6,19381.8,19560.8,78385.946,1528858190.2459
2022-09-30 08:00:00,19560.8,19625.0,19383.9,19430.3,83071.687,1620648245.6073
2022-09-30 12:00:00,19430.3,20172.7,19066.0,19749.4,448282.047,8807408021.70951
2022-09-30 16:00:00,19749.5,19865.2,19457.0,19467.0,229282.837,4513513888.78058
2022-09-30 20:00:00,19466.8,19531.4,19222.9,19411.7,128153.635,2484084140.4917
2022-10-01 00:00:00,19411.6,19474.0,19338.0,19408.0,41953.673,813822190.2081
2022-10-01 04:00:00,19408.0,19412.6,19254.9,19305.5,53323.626,1030184157.8939
2022-10-01 08:00:00,19305.5,19358.6,19140.0,19304.2,61805.766,1191887168.10533
2022-10-01 12:00:00,19304.3,19396.5,19230.3,19322.8,54809.529,1058568006.4057
2022-10-01 16:00:00,19322.9,19345.0,19200.0,19257.0,52287.761,1007580259.6059
2022-10-01 20:00:00,19257.0,19332.0,19190.4,19304.0,30276.654,583508515.2029
2022-10-02 00:00:00,19304.0,19338.8,19225.8,19301.2,29989.242,578563932.1604
2022-10-02 04:00:00,19301.2,19389.0,19213.6,19276.5,53818.32,1039442176.4818
2022-10-02 08:00:00,19276.5,19292.9,19025.0,19180.9,97677.512,1871352649.4479
2022-10-02 12:00:00,19181.0,19239.6,19060.0,19137.5,60035.509,1149418736.6739
2022-10-02 16:00:00,19137.1,19339.2,19121.9,19253.6,60304.973,1159177099.5563
2022-10-02 20:00:00,19253.6,19292.7,18896.0,19049.4,113144.895,2159504002.15087
2022-10-03 00:00:00,19049.3,19250.0,18950.8,19159.4,75723.076,1449110355.00523
2022-10-03 04:00:00,19159.4,19309.9,19054.1,19190.0,77211.692,1480969082.8206
2022-10-03 08:00:00,19190.0,19250.0,19116.3,19240.5,52350.24,1004262306.0636
2022-10-03 12:00:00,19240.5,19489.9,19126.8,19329.9,199685.964,3856917034.7568
2022-10-03 16:00:00,19330.0,19646.8,19300.1,19537.7,154201.7,3008078707.80288
2022-10-03 20:00:00,19537.8,19723.7,19503.7,19622.0,62643.657,1226957808.0873
2022-10-04 00:00:00,19621.9,19719.7,19480.1,19588.1,58416.008,1143662544.6188
2022-10-04 04:00:00,19588.0,19969.5,19546.4,19957.0,134730.279,2665307274.54445
2022-10-04 08:00:00,19957.0,20159.3,19805.4,19930.0,172341.01,3440983963.99087
2022-10-04 12:00:00,19930.0,20300.0,19899.1,20092.2,180082.997,3615496109.95707
2022-10-04 16:00:00,20092.2,20272.0,19871.0,20213.5,128713.939,2580013135.9322
2022-10-04 20:00:00,20213.6,20500.0,20142.3,20333.0,122394.529,2486097803.36099
2022-10-05 00:00:00,20332.9,20356.1,20136.6,20184.9,58837.835,1189483609.7371
2022-10-05 04:00:00,20185.0,20290.0,20071.1,20218.9,70202.85,1417279750.74337
2022-10-05 08:00:00,20218.8,20236.9,19953.0,20026.1,108903.501,2187034750.6279
2022-10-05 12:00:00,20026.1,20066.0,19707.0,19994.6,218781.293,4353984223.37665
2022-10-05 16:00:00,19994.6,20350.0,19946.0,20112.5,184262.388,3718376986.74396
2022-10-05 20:00:00,20112.5,20205.8,19964.3,20150.0,78589.282,1578761028.9007
2022-10-06 00:00:00,20149.9,20436.0,20134.6,20346.6,121380.742,2465318550.65959
2022-10-06 04:00:00,20346.6,20443.9,20154.0,20214.7,103246.762,2093662431.9606
2022-10-06 08:00:00,20214.7,20252.4,20077.1,20238.0,91881.924,1851740449.43127
2022-10-06 12:00:00,20238.0,20322.0,19867.5,20004.4,278377.51,5589847573.6074
2022-10-06 16:00:00,20004.3,20264.1,19934.0,20005.9,117930.634,2366203714.1896
2022-10-06 20:00:00,20005.9,20069.0,19843.3,19954.0,69217.097,1380354691.9695
2022-10-07 00:00:00,19954.0,20046.0,19936.9,19976.0,41357.938,827034485.8414
2022-10-07 04:00:00,19976.1,20004.3,19800.0,19916.8,70255.047,1398212688.15455
2022-10-07 08:00:00,19916.7,20017.7,19905.6,19990.3,56677.553,1131811725.7727
2022-10-07 12:00:00,19990.3,20067.0,19454.2,19574.1,322420.732,6343625282.13458
2022-10-07 16:00:00,19574.1,19599.7,19304.4,19453.0,127856.845,2483594850.0788
2022-10-07 20:00:00,19453.1,19635.7,19433.7,19520.9,54838.987,1071880639.1289
2022-10-08 00:00:00,19520.9,19619.6,19478.0,19494.5,35208.781,688326254.018
2022-10-08 04:00:00,19494.5,19537.2,19416.3,19489.8,37563.653,731704884.5731
2022-10-08 08:00:00,19489.8,19539.3,19441.1,19526.3,32793.206,639252392.0939
2022-10-08 12:00:00,19526.4,19532.6,19411.0,19480.0,38154.428,743079132.033
2022-10-08 16:00:00,19479.9,19522.8,19430.0,19460.1,31323.042,610145105.2193
2022-10-08 20:00:00,19460.0,19473.9,19200.0,19406.2,78214.091,1513213188.13093
2022-10-09 00:00:00,19406.3,19444.2,19320.4,19357.9,33291.778,645130437.1082
2022-10-09 04:00:00,19358.0,19429.0,19310.0,19398.2,33760.768,654519651.0827
2022-10-09 08:00:00,19398.3,19550.0,19365.0,19461.0,60965.687,1186549813.68536
2022-10-09 12:00:00,19460.9,19538.3,19452.7,19524.5,43892.201,855739613.6296
2022-10-09 16:00:00,19524.5,19543.0,19333.0,19459.8,52917.495,1029746473.2016
2022-10-09 20:00:00,19459.9,19493.9,19359.3,19430.0,42350.866,822470507.6416
2022-10-10 00:00:00,19430.0,19513.0,19390.0,19441.2,44385.314,863768850.0978
2022-10-10 04:00:00,19441.1,19467.3,19361.0,19401.3,41189.061,799489611.6543
2022-10-10 08:00:00,19401.3,19409.0,19113.7,19323.2,148874.515,2867307265.01213
2022-10-10 12:00:00,19323.3,19430.0,19214.0,19261.7,125651.743,2427489490.9198
2022-10-10 16:00:00,19261.7,19355.5,19100.0,19204.9,133824.422,2571786842.9505
2022-10-10 20:00:00,19205.0,19279.9,19000.0,19124.0,66995.849,1282441592.25449
2022-10-11 00:00:00,19124.1,19125.7,18935.7,19039.7,107038.24,2035857291.5824
2022-10-11 04:00:00,19039.6,19114.6,19005.0,19075.1,62329.442,1187540872.9012
2022-10-11 08:00:00,19075.1,19157.3,19025.0,19149.9,63209.053,1206655377.111
2022-10-11 12:00:00,19149.9,19260.0,18850.0,19137.6,229953.54,4386131206.87758
2022-10-11 16:00:00,19137.6,19175.7,18910.3,18991.3,106552.116,2030254661.0273
2022-10-11 20:00:00,18991.3,19059.5,18982.3,19055.0,34275.933,652093631.497
2022-10-12 00:00:00,19055.0,19122.4,19019.8,19041.5,46045.411,877847319.2949
2022-10-12 04:00:00,19041.5,19193.9,19037.6,19103.4,63730.827,1218099134.7072
2022-10-12 08:00:00,19103.4,19190.0,19081.3,19107.2,52907.926,1012675329.9999
2022-10-12 12:00:00,19107.2,19179.9,18924.3,19130.5,141098.26,2691865193.287
2022-10-12 16:00:00,19130.6,19170.0,19030.6,19132.3,64084.028,1224590668.7066
2022-10-12 20:00:00,19132.3,19240.0,19122.4,19148.0,38903.836,745715912.69813
2022-10-13 00:00:00,19148.1,19166.7,19010.0,19080.7,47757.577,911770780.4744
2022-10-13 04:00:00,19080.7,19105.0,18945.0,19000.1,66592.964,1267327305.4546
2022-10-13 08:00:00,19000.0,19034.8,18550.0,18744.9,189234.962,3552175209.60633
2022-10-13 12:00:00,18745.0,19043.7,17917.8,18947.7,478454.75,8865512218.90723
2022-10-13 16:00:00,18947.7,19498.6,18892.8,19360.9,250946.963,4817391173.45503
2022-10-13 20:00:00,19360.9,19488.0,19320.0,19365.5,71627.785,1389578983.6837
2022-10-14 00:00:00,19365.4,19947.9,19330.1,19806.3,174440.622,3437742973.19643
2022-10-14 04:00:00,19806.2,19843.3,19560.5,19633.2,102892.09,2029647581.8412
2022-10-14 08:00:00,19633.2,19738.8,19520.0,19588.3,109831.582,2156522879.3079
2022-10-14 12:00:00,19588.4,19843.5,19300.0,19352.9,270952.058,5295164047.31246
2022-10-14 16:00:00,19352.9,19395.0,19096.5,19160.0,152580.485,2937222523.98753
2022-10-14 20:00:00,19160.1,19209.7,19059.6,19164.6,50756.373,971884587.9017
2022-10-15 00:00:00,19164.6,19218.8,19125.9,19190.7,30928.603,593190133.9278
2022-10-15 04:00:00,19190.7,19199.6,19120.2,19159.0,22708.939,435213242.0917
2022-10-15 08:00:00,19159.1,19176.9,19027.3,19160.8,61591.647,1176850470.3911
2022-10-15 12:00:00,19160.8,19188.0,19080.7,19119.5,45159.734,864278566.5872
2022-10-15 16:00:00,19119.5,19154.9,19045.0,19091.9,30572.858,584076186.7481
2022-10-15 20:00:00,19091.9,19122.3,18966.0,19060.4,50558.404,963187183.07359
2022-10-16 00:00:00,19060.4,19159.7,19058.0,19111.4,27654.674,528680400.1035
2022-10-16 04:00:00,19111.4,19150.0,19101.0,19124.2,19381.039,370700739.2995
2022-10-16 08:00:00,19124.1,19188.0,19080.0,19136.7,38237.868,731881614.7874
2022-10-16 12:00:00,19136.7,19168.6,19095.5,19148.6,28377.813,542883553.5568
2022-10-16 16:00:00,19148.7,19376.8,19108.4,19369.9,55795.802,1073007115.9304
2022-10-16 20:00:00,19369.8,19415.9,19092.0,19251.9,98473.996,1898104279.37
2022-10-17 00:00:00,19251.8,19296.6,19148.0,19178.4,38443.768,738289368.4259
2022-10-17 04:00:00,19178.3,19311.6,19156.0,19285.0,47855.009,920900101.706
2022-10-17 08:00:00,19285.0,19541.1,19237.0,19452.8,112876.41,2189793706.34178
2022-10-17 12:00:00,19452.8,19666.0,19414.5,19524.5,181721.274,3550444517.2055
2022-10-17 16:00:00,19524.4,19580.0,19430.4,19519.3,69640.272,1358136959.9763
2022-10-17 20:00:00,19519.3,19618.9,19463.0,19540.6,51783.026,1011744420.6331
2022-10-18 00:00:00,19540.7,19613.0,19475.9,19539.9,51391.637,1004173630.1042
2022-10-18 04:00:00,19539.9,19706.4,19524.5,19655.8,81734.35,1602357082.3654
2022-10-18 08:00:00,19655.8,19663.0,19457.5,19555.8,88688.122,1733357952.9034
2022-10-18 12:00:00,19555.7,19674.0,19275.0,19364.1,187486.665,3649365297.8732
2022-10-18 16:00:00,19364.1,19434.4,19081.0,19209.6,137666.952,2651502155.72663
2022-10-18 20:00:00,19209.6,19425.9,19190.0,19320.9,87375.428,1686834502.9553
2022-10-19 00:00:00,19320.9,19349.8,19210.0,19276.0,41315.246,796382682.0307
2022-10-19 04:00:00,19276.0,19300.0,19136.0,19210.0,58989.958,1134091819.415
2022-10-19 08:00:00,19210.0,19274.8,19133.4,19193.2,65403.305,1255155348.8985
2022-10-19 12:00:00,19193.2,19300.0,19050.0,19259.8,124872.491,2393709076.8826
2022-10-19 16:00:00,19259.8,19271.3,19082.0,19223.6,67703.251,1298032424.3541
2022-10-19 20:00:00,19223.7,19239.4,19070.8,19116.7,46086.207,882767745.959
2022-10-20 00:00:00,19116.6,19158.8,18882.4,19033.2,85056.904,1617024972.35067
2022-10-20 04:00:00,19033.2,19199.6,19031.7,19138.0,68876.025,1317395801.8977
2022-10-20 08:00:00,19138.0,19249.2,19098.0,19199.0,59101.242,1133126027.71273
2022-10-20 12:00:00,19198.9,19350.0,19120.0,19244.3,126988.352,2441976442.9031
2022-10-20 16:00:00,19244.2,19244.3,18954.7,19055.8,138535.695,2644138459.9595
2022-10-20 20:00:00,19055.8,19092.0,18912.4,19034.7,59068.83,1123402758.75108
2022-10-21 00:00:00,19034.8,19126.8,18991.7,19044.0,42920.968,818025878.2939
2022-10-21 04:00:00,19044.0,19075.1,18982.2,19019.4,38347.648,729894955.5094
2022-10-21 08:00:00,19019.4,19033.0,18885.3,18934.3,76281.011,1447095622.5671
2022-10-21 12:00:00,18934.2,19170.0,18600.0,19158.7,275533.924,5212982975.48593
2022-10-21 16:00:00,19158.6,19238.7,19080.0,19178.8,115282.479,2208449968.99483
2022-10-21 20:00:00,19178.8,19240.0,19128.0,19150.9,33512.875,642529409.4181
2022-10-22 00:00:00,19151.0,19175.6,19103.5,19142.0,25684.772,491600078.2552
2022-10-22 04:00:00,19142.0,19167.9,19124.7,19155.3,17041.655,326211030.9413
2022-10-22 08:00:00,19155.2,19178.6,19128.4,19168.9,20976.902,401771742.8863
2022-10-22 12:00:00,19168.9,19250.0,19143.3,19223.7,52378.099,1005799512.6806
2022-10-22 16:00:00,19223.8,19236.8,19122.0,19175.1,38570.393,739418430.8311
2022-10-22 20:00:00,19175.0,19217.1,19164.1,19195.1,19403.221,372392223.3065
2022-10-23 00:00:00,19195.1,19211.1,19155.0,19188.9,18722.742,359174853.97
2022-10-23 04:00:00,19188.8,19214.0,19136.0,19151.6,29127.474,558351017.5585
2022-10-23 08:00:00,19151.6,19177.1,19118.0,19142.0,27340.008,523571917.2761
2022-10-23 12:00:00,19142.1,19204.9,19050.0,19180.6,48995.342,938249391.6529
2022-10-23 16:00:00,19180.6,19527.0,19160.3,19492.2,125087.405,2426054053.60026
2022-10-23 20:00:00,19492.3,19690.0,19436.1,19560.7,109338.571,2138506291.44312
2022-10-24 00:00:00,19560.6,19593.3,19333.0,19384.0,86135.596,1674636449.7073
2022-10-24 04:00:00,19384.0,19384.0,19235.4,19318.4,80527.069,1554546650.8523
2022-10-24 08:00:00,19318.4,19435.8,19287.4,19412.6,65383.115,1266283927.5943
2022-10-24 12:00:00,19412.5,19439.8,19146.0,19291.7,148518.765,2864041365.52313
2022-10-24 16:00:00,19291.8,19415.2,19215.4,19335.9,60405.461,1166302223.885
2022-10-24 20:00:00,19335.9,19406.9,19289.4,19318.1,35706.53,690508910.7228
2022-10-25 00:00:00,19318.1,19356.0,19242.2,19332.7,39756.935,767221790.0461
2022-10-25 04:00:00,19332.7,19369.0,19264.0,19296.9,33635.521,649651274.3458
2022-10-25 08:00:00,19296.9,19315.0,19228.0,19291.0,45608.097,879140136.4041
2022-10-25 12:00:00,19291.0,19799.9,19250.0,19740.3,219375.722,4284306698.06606
2022-10-25 16:00:00,19740.3,20415.0,19711.9,20266.8,317676.364,6382210157.73656
2022-10-25 20:00:00,20266.7,20289.6,19970.6,20068.3,121253.895,2438019126.7494
2022-10-26 00:00:00,20068.3,20297.7,20041.1,20238.6,73247.237,1478354963.5567
2022-10-26 04:00:00,20238.6,20368.3,20126.0,20333.7,77757.055,1573800170.47809
2022-10-26 08:00:00,20333.6,20800.0,20270.0,20595.9,184513.166,3800258364.30053
2022-10-26 12:00:00,20596.0,21030.0,20329.1,20835.7,302453.835,6263547036.18921
2022-10-26 16:00:00,20835.6,20985.4,20631.7,20754.4,130454.115,2710528828.52953
2022-10-26 20:00:00,20754.5,20897.4,20688.6,20758.3,73439.574,1526201827.9987
2022-10-27 00:00:00,20758.4,20837.8,20561.5,20744.3,59498.206,1232910006.4535
2022-10-27 04:00:00,20744.3,20863.7,20670.0,20703.6,54132.429,1123969809.0546
2022-10-27 08:00:00,20703.6,20742.9,20450.0,20613.1,100770.956,2075338981.2523
2022-10-27 12:00:00,20613.1,20773.1,20420.0,20554.0,186001.906,3834181727.4003
2022-10-27 16:00:00,20554.1,20670.0,20488.3,20620.0,53178.772,1094717691.3934
2022-10-27 20:00:00,20620.0,20625.6,20170.0,20285.5,161327.776,3284285938.79769
2022-10-28 00:00:00,20285.6,20326.9,20150.0,20284.3,70996.898,1437648327.354
2022-10-28 04:00:00,20284.3,20299.8,20050.1,20069.9,73550.107,1484253380.16577
2022-10-28 08:00:00,20069.9,20238.0,20010.1,20163.4,83028.849,1672657132.59245
2022-10-28 12:00:00,20163.4,20585.0,19951.0,20473.2,214309.059,4365418372.45067
2022-10-28 16:00:00,20473.2,20740.0,20438.8,20597.3,114299.051,2357992358.69685
2022-10-28 20:00:00,20597.3,20725.0,20557.0,20582.8,39354.918,811795614.0066
2022-10-29 00:00:00,20582.7,20822.6,20547.8,20745.2,56988.576,1179271400.8414
2022-10-29 04:00:00,20745.2,20768.3,20608.9,20765.7,50548.165,1045905005.2121
2022-10-29 08:00:00,20765.8,21088.0,20637.0,20688.7,158669.605,3309522070.7135
2022-10-29 12:00:00,20688.6,20939.0,20669.3,20913.2,103487.031,2152966588.1396
2022-10-29 16:00:00,20913.2,20974.9,20743.2,20827.1,75043.026,1565080133.2665
2022-10-29 20:00:00,20827.1,20890.9,20696.0,20796.7,37480.767,779414292.7046
2022-10-30 00:00:00,20796.7,20828.0,20694.6,20767.7,27297.637,566557426.2531
2022-10-30 04:00:00,20767.7,20925.2,20731.5,20842.5,43880.541,914284079.6004
2022-10-30 08:00:00,20841.8,20876.0,20622.1,20760.2,72025.485,1492549906.7305
2022-10-30 12:00:00,20760.2,20771.0,20607.1,20667.6,58713.584,1214562170.0422
2022-10-30 16:00:00,20667.7,20693.4,20520.4,20637.3,51795.481,1068226748.13368
2022-10-30 20:00:00,20637.2,20739.4,20503.0,20615.6,41676.962,858785990.8696
2022-10-31 00:00:00,20615.5,20664.3,20416.0,20507.9,55164.521,1131564501.8643
2022-10-31 04:00:00,20507.8,20582.8,20445.2,20537.2,40321.312,827300888.9296
2022-10-31 08:00:00,20537.2,20838.7,20441.4,20722.1,100156.625,2071210619.7479
2022-10-31 12:00:00,20722.1,20746.3,20225.4,20390.4,178190.073,3642518982.34809
2022-10-31 16:00:00,20390.5,20523.5,20318.5,20358.8,71420.368,1457374151.2592
2022-10-31 20:00:00,20358.8,20514.1,20343.6,20482.0,33544.367,685335999.2747
2022-11-01 00:00:00,20482.1,20578.0,20429.6,20471.3,41397.455,848697222.684
2022-11-01 04:00:00,20471.3,20649.0,20455.8,20590.2,48087.0,988972981.2325
2022-11-01 08:00:00,20590.2,20687.0,20477.5,20511.7,63102.765,1298602835.23093
2022-11-01 12:00:00,20511.8,20558.4,20320.0,20435.6,99511.246,2033167274.95519
2022-11-01 16:00:00,20435.6,20511.0,20366.8,20438.6,42827.185,875312456.3394
2022-11-01 20:00:00,20438.6,20494.4,20419.4,20472.1,19750.536,404042321.3837
2022-11-02 00:00:00,20472.1,20549.9,20400.0,20511.0,35407.129,725400546.1206
2022-11-02 04:00:00,20511.0,20550.0,20343.4,20414.2,49841.428,1018908657.2772
2022-11-02 08:00:00,20414.2,20529.9,20323.0,20423.0,60009.619,1225749091.8673
2022-11-02 12:00:00,20423.0,20450.0,20352.3,20400.2,45694.925,932221471.0374
2022-11-02 16:00:00,20400.2,20796.0,20100.0,20241.1,376975.578,7725802741.25479
2022-11-02 20:00:00,20241.2,20273.6,20050.0,20140.1,83607.082,1684010603.9229
2022-11-03 00:00:00,20140.2,20334.0,20111.0,20299.4,55383.428,1121834224.5691
2022-11-03 04:00:00,20299.3,20400.0,20270.8,20293.8,51958.954,1056600049.58
2022-11-03 08:00:00,20293.7,20329.9,20038.6,20124.3,71215.533,1439210994.13795
2022-11-03 12:00:00,20124.3,20327.6,20026.0,20241.0,128488.783,2593248598.7862
2022-11-03 16:00:00,20241.1,20304.8,20169.2,20253.7,34370.149,695711476.9285
2022-11-03 20:00:00,20253.6,20260.7,20149.2,20199.7,30704.214,620311440.087
2022-11-04 00:00:00,20199.8,20316.0,20171.6,20309.2,35410.81,717814041.1944
2022-11-04 04:00:00,20309.3,20677.0,20296.0,20603.3,106949.307,2194099481.22068
2022-11-04 08:00:00,20603.3,20665.0,20533.2,20547.0,60734.001,1250822490.2272
2022-11-04 12:00:00,20547.1,21297.0,20350.0,20829.3,386297.687,8060892223.4577
2022-11-04 16:00:00,20829.2,21100.0,20660.0,21097.3,177529.745,3699230512.07989
2022-11-04 20:00:00,21097.2,21200.0,21040.6,21137.6,57593.665,1216458113.5294
2022-11-05 00:00:00,21137.6,21473.7,21071.1,21436.5,93221.318,1988401618.59721
2022-11-05 04:00:00,21436.4,21455.7,21352.6,21374.4,35559.701,760955277.9109
2022-11-05 08:00:00,21374.4,21426.0,21226.8,21395.5,64262.119,1370002202.6616
2022-11-05 12:00:00,21395.5,21412.0,21202.8,21289.7,57249.357,1218990523.2009
2022-11-05 16:00:00,21289.7,21339.0,21250.1,21321.5,29400.799,626265483.8938
2022-11-05 20:00:00,21321.6,21373.1,21227.0,21289.9,24290.078,517462683.2738
2022-11-06 00:00:00,21289.8,21355.8,21162.2,21226.9,40699.165,865064746.379
2022-11-06 04:00:00,21226.9,21243.2,21133.8,21185.3,29802.221,631140354.8658
2022-11-06 08:00:00,21185.2,21301.0,21166.1,21247.1,42651.174,905727108.2458
2022-11-06 12:00:00,21247.1,21278.9,21180.0,21233.7,35361.461,750831382.438
2022-11-06 16:00:00,21233.8,21272.3,21144.8,21186.7,44654.264,947149129.4398
2022-11-06 20:00:00,21186.6,21202.0,20863.3,20900.0,83980.361,1767684529.58636
2022-11-07 00:00:00,20900.0,21062.6,20811.0,20907.6,99825.86,2089091127.7958
2022-11-07 04:00:00,20907.6,20913.8,20606.0,20628.1,109342.628,2272728503.25775
2022-11-07 08:00:00,20628.1,20808.4,20563.2,20724.4,94293.748,1951785917.5733
2022-11-07 12:00:00,20724.4,20793.2,20620.0,20756.2,85160.521,1763374363.2737
2022-11-07 16:00:00,20756.3,20885.6,20641.6,20836.4,68633.777,1424187788.0526
2022-11-07 20:00:00,20836.4,20878.4,20374.0,20578.6,97151.782,2000419522.19108
2022-11-08 00:00:00,20578.5,20664.4,20111.1,20140.6,134243.871,2742206122.35746
2022-11-08 04:00:00,20140.6,20235.0,19335.0,19785.6,294507.597,5805944519.28833
2022-11-08 08:00:00,19785.6,19787.7,19560.0,19689.0,85159.375,1677922210.2088
2022-11-08 12:00:00,19688.9,19737.5,19200.0,19513.8,208044.958,4050907075.44885
2022-11-08 16:00:00,19513.8,20685.0,16830.0,18238.0,996111.854,19019749703.10779
2022-11-08 20:00:00,18238.0,18722.0,17798.8,18534.0,328408.658,6020289579.52398
2022-11-09 00:00:00,18533.9,18574.9,17976.4,18303.3,157362.162,2878916691.57687
2022-11-09 04:00:00,18303.3,18498.5,18163.0,18224.9,112780.527,2065738843.46737
2022-11-09 08:00:00,18225.0,18245.2,17229.3,17800.4,385550.428,6840030718.76829
2022-11-09 12:00:00,17800.3,18008.0,16884.0,17098.4,471835.52,8258012137.47906
2022-11-09 16:00:00,17096.8,17308.0,16403.0,16764.5,435847.028,7367168427.30696
2022-11-09 20:00:00,16764.5,16885.1,15462.6,15905.0,502230.747,8029443146.29015
2022-11-10 00:00:00,15905.0,16556.7,15730.0,16351.7,227863.407,3686200257.86222
2022-11-10 04:00:00,16351.7,16891.0,16184.7,16739.5,195621.803,3251035649.94865
2022-11-10 08:00:00,16739.5,16940.0,16250.2,16388.1,202280.24,3353717171.59464
2022-11-10 12:00:00,16388.1,17947.5,16375.5,17541.6,444259.472,7685679186.41127
2022-11-10 16:00:00,17541.6,17987.0,17101.0,17438.6,247600.192,4336910619.0574
2022-11-10 20:00:00,17438.6,18230.0,17360.1,17588.0,179468.488,3196863229.56504
2022-11-11 00:00:00,17588.0,17678.0,16880.0,17052.3,153660.874,2653039072.68681
2022-11-11 04:00:00,17052.4,17479.2,16994.9,17397.3,125301.566,2161624135.31498
2022-11-11 08:00:00,17397.3,17524.9,17208.7,17339.9,93569.549,1624006856.93092
2022-11-11 12:00:00,17340.0,17550.0,16343.0,16864.8,339327.713,5744370250.78336
2022-11-11 16:00:00,16864.7,17037.8,16528.1,16842.6,143530.861,2413214778.95461
2022-11-11 20:00:00,16842.6,17145.0,16538.0,17058.3,99954.039,1680866050.88223
2022-11-12 00:00:00,17058.4,17110.8,16765.0,16899.0,54367.46,919247614.1959
2022-11-12 04:00:00,16899.1,16930.0,16623.8,16811.3,72323.72,1212447322.25984
2022-11-12 08:00:00,16811.4,16975.0,16716.6,16859.6,60387.186,1017159237.32813
2022-11-12 12:00:00,16859.6,16996.0,16746.7,16925.4,58486.175,987086967.5283
2022-11-12 16:00:00,16925.5,16957.9,16820.0,16885.4,31243.027,527261105.6749
2022-11-12 20:00:00,16885.3,16889.3,16752.3,16806.9,27648.149,464800163.9081
2022-11-13 00:00:00,16806.9,16950.0,16771.0,16906.1,28927.034,487951644.7198
2022-11-13 04:00:00,16905.8,16914.1,16550.0,16765.5,60272.22,1008969853.26054
2022-11-13 08:00:00,16765.4,16786.2,16413.8,16651.8,83564.901,1385842353.43408
2022-11-13 12:00:00,16651.8,16710.2,16512.6,16568.4,52082.694,865278696.5143
2022-11-13 16:00:00,16568.4,16616.1,16455.2,16547.6,46374.694,766542869.63904
2022-11-13 20:00:00,16547.6,16578.8,16210.3,16321.2,78521.293,1287001848.5994
2022-11-14 00:00:00,16321.3,16399.5,15900.0,16130.0,122618.564,1977516311.87481
2022-11-14 04:00:00,16130.0,16894.5,15805.5,16813.0,234671.573,3834650480.1508
2022-11-14 08:00:00,16813.1,16921.6,16635.0,16740.8,108402.937,1818360450.6247
2022-11-14 12:00:00,16740.9,17188.0,16405.2,16582.7,246261.155,4124111000.29551
2022-11-14 16:00:00,16582.6,16666.0,16165.6,16245.0,124077.126,2043211283.79577
2022-11-14 20:00:00,16245.1,16760.1,16182.3,16605.2,98361.129,1616873953.38148
2022-11-15 00:00:00,16605.3,16882.1,16516.7,16808.8,73860.468,1233847458.6601
2022-11-15 04:00:00,16809.0,16931.8,16628.0,16834.9,77504.2,1300292770.0894
2022-11-15 08:00:00,16834.9,16992.0,16695.0,16774.5,112941.806,1901782789.14477
2022-11-15 12:00:00,16774.6,17127.2,16720.0,16978.0,173648.811,2941558538.65343
2022-11-15 16:00:00,16977.7,17060.8,16606.0,16847.4,144387.389,2432891064.92604
2022-11-15 20:00:00,16847.4,16931.1,16728.2,16888.3,67006.784,1128497118.4636
2022-11-16 00:00:00,16888.3,17007.4,16756.7,16959.8,55775.35,941582658.69633
2022-11-16 04:00:00,16959.7,16969.0,16786.8,16814.0,53884.306,908854461.5599
2022-11-16 08:00:00,16814.1,16840.6,16634.7,16695.2,95645.149,1600460604.39784
2022-11-16 12:00:00,16695.2,16709.2,16358.0,16424.1,194031.471,3209162475.51174
2022-11-16 16:00:00,16424.4,16636.8,16391.7,16548.0,77760.102,1284747809.8309
2022-11-16 20:00:00,16548.0,16770.6,16486.2,16650.6,60145.267,999488625.43244
2022-11-17 00:00:00,16650.7,16741.7,16499.0,16517.4,49584.823,825196640.6088
2022-11-17 04:00:00,16517.3,16613.5,16403.3,16602.0,60401.824,998277657.26324
2022-11-17 08:00:00,16602.0,16624.7,16456.0,16587.8,54522.159,902013506.2908
2022-11-17 12:00:00,16587.8,16710.0,16420.2,16526.8,121811.053,2015968358.668
2022-11-17 16:00:00,16526.7,16740.0,16508.8,16614.7,80453.463,1338895992.59594
2022-11-17 20:00:00,16614.7,16738.0,16603.3,16682.1,42215.963,704184998.9006
2022-11-18 00:00:00,16682.1,16984.4,16672.0,16845.6,97882.789,1651526127.92003
2022-11-18 04:00:00,16845.7,16856.3,16716.6,16739.8,49781.49,835513723.8683
2022-11-18 08:00:00,16739.7,16844.9,16666.7,16744.0,66225.104,1108806970.64044
2022-11-18 12:00:00,16744.0,16813.7,16600.0,16686.8,74694.988,1248155615.8419
2022-11-18 16:00:00,16686.7,16725.9,16541.1,16648.0,66313.304,1101445002.8102
2022-11-18 20:00:00,16648.0,16719.7,16611.1,16689.7,33715.167,561372848.0584
2022-11-19 00:00:00,16689.7,16696.8,16566.8,16622.2,26049.832,433263092.333
2022-11-19 04:00:00,16622.3,16641.7,16543.8,16592.2,27752.994,460521882.7865
2022-11-19 08:00:00,16592.2,16675.2,16574.1,16669.3,24934.679,414660345.2369
2022-11-19 12:00:00,16669.3,16677.7,16624.1,16648.5,23585.962,392669221.0196
2022-11-19 16:00:00,16648.5,16655.0,16600.1,16619.7,19717.221,327798793.925
2022-11-19 20:00:00,16619.6,16814.5,16619.0,16692.9,49782.227,832420206.1952
2022-11-20 00:00:00,16693.0,16743.9,16658.8,16672.8,26084.956,435463004.5041
2022-11-20 04:00:00,16672.9,16733.3,16660.8,16710.2,19753.533,329633981.1286
2022-11-20 08:00:00,16710.1,16725.9,16458.1,16517.5,87151.423,1444967946.9614
2022-11-20 12:00:00,16517.6,16624.9,16454.2,16570.3,55584.194,919538731.52674
2022-11-20 16:00:00,16570.4,16604.0,16520.8,16582.0,23789.303,393977484.3684
2022-11-20 20:00:00,16581.9,16587.7,16167.1,16272.6,115235.805,1883077186.99467
2022-11-21 00:00:00,16272.7,16284.3,15888.0,16067.2,135182.528,2173651804.21067
2022-11-21 04:00:00,16067.3,16304.3,15947.7,16032.2,105132.269,1696356215.93544
2022-11-21 08:00:00,16032.1,16150.0,15955.2,16077.6,80262.718,1288614039.6516
2022-11-21 12:00:00,16077.6,16273.0,16020.9,16122.7,94795.644,1531566334.11507
2022-11-21 16:00:00,16122.6,16131.7,15555.0,15712.8,200749.225,3189129929.36005
2022-11-21 20:00:00,15712.8,15884.1,15443.2,15773.0,174096.981,2736207360.07712
2022-11-22 00:00:00,15772.9,15960.0,15740.0,15841.0,80874.678,1282348550.99137
2022-11-22 04:00:00,15841.1,15874.4,15610.3,15754.9,80806.481,1272115611.55658
2022-11-22 08:00:00,15754.9,15818.6,15653.8,15742.3,73356.371,1153472026.5855
2022-11-22 12:00:00,15742.3,16309.0,15680.0,16232.8,212388.676,3408519344.60984
2022-11-22 16:00:00,16232.8,16282.4,16040.0,16160.5,85462.525,1380641443.6158
2022-11-22 20:00:00,16160.6,16250.0,16080.0,16220.6,46444.913,750510774.9697
2022-11-23 00:00:00,16220.5,16583.4,16155.5,16577.9,123123.2,2018558103.32754
2022-11-23 04:00:00,16577.9,16659.1,16439.2,16572.9,65044.727,1074623066.1628
2022-11-23 08:00:00,16572.9,16694.0,16489.5,16577.0,75552.908,1251810879.8695
2022-11-23 12:00:00,16577.0,16593.5,16338.0,16415.9,104850.367,1725772000.3934
2022-11-23 16:00:00,16415.9,16703.4,16313.1,16466.9,117943.54,1943656706.9404
2022-11-23 20:00:00,16466.8,16670.0,16415.6,16595.8,60200.168,995639722.6822
2022-11-24 00:00:00,16595.8,16800.0,16528.0,16703.2,82625.707,1378447701.49274
2022-11-24 04:00:00,16702.8,16728.6,16605.0,16613.8,49644.644,827867663.4353
2022-11-24 08:00:00,16613.8,16631.1,16481.6,16567.1,65330.769,1081856530.0373
2022-11-24 12:00:00,16567.1,16598.0,16450.0,16549.0,57970.098,958100393.35994
2022-11-24 16:00:00,16548.9,16669.6,16506.7,16569.0,67214.977,1115271706.3501
2022-11-24 20:00:00,16568.9,16628.0,16527.2,16592.4,28238.223,467925821.8984
2022-11-25 00:00:00,16592.5,16610.0,16460.1,16480.3,42900.709,708498349.8446
2022-11-25 04:00:00,16480.2,16493.4,16331.7,16453.8,67404.034,1106136840.6978
2022-11-25 08:00:00,16453.7,16583.9,16400.0,16523.5,58204.124,959478155.8237
2022-11-25 12:00:00,16523.5,16577.9,16432.0,16505.4,63964.805,1055642649.8378
2022-11-25 16:00:00,16505.3,16545.6,16451.0,16516.0,34984.583,577081107.4437
2022-11-25 20:00:00,16515.9,16639.9,16471.6,16516.1,39101.861,646475410.3119
2022-11-26 00:00:00,16516.2,16699.1,16505.2,16615.0,51126.185,849446222.7503
2022-11-26 04:00:00,16614.9,16644.3,16522.6,16576.9,37107.204,615400284.0019
2022-11-26 08:00:00,16576.9,16631.5,16549.7,16572.8,32673.18,541906114.8811
2022-11-26 12:00:00,16572.7,16680.0,16471.5,16506.4,60167.627,996460917.949
2022-11-26 16:00:00,16506.4,16526.0,16413.7,16480.7,34854.19,574454190.3882
2022-11-26 20:00:00,16480.6,16539.9,16369.1,16449.2,37473.273,616862699.9612
2022-11-27 00:00:00,16449.2,16576.1,16441.0,16520.0,29565.552,487848641.0637
2022-11-27 04:00:00,16520.1,16594.2,16519.4,16553.9,27615.709,457199512.803
2022-11-27 08:00:00,16553.9,16589.0,16505.5,16544.4,31288.273,517484133.6454
2022-11-27 12:00:00,16544.3,16578.4,16510.2,16566.2,27072.493,447893064.4894
2022-11-27 16:00:00,16566.3,16573.5,16513.0,16546.9,21824.618,360974056.6622
2022-11-27 20:00:00,16546.9,16588.0,16396.0,16422.6,52003.7,857493283.2129
2022-11-28 00:00:00,16422.5,16475.0,16040.0,16168.9,147621.712,2393160951.06367
2022-11-28 04:00:00,16169.0,16239.1,16131.5,16215.1,41682.953,674641948.9501
2022-11-28 08:00:00,16215.1,16262.7,16170.0,16205.0,41043.245,665279647.5569
2022-11-28 12:00:00,16205.0,16300.0,16101.6,16136.7,87235.407,1412730782.3719
2022-11-28 16:00:00,16136.7,16390.4,15984.1,16215.1,154227.497,2498550471.6232
2022-11-28 20:00:00,16215.2,16266.9,16181.1,16204.5,25327.055,410738275.5715
2022-11-29 00:00:00,16204.6,16299.9,16088.0,16279.1,52867.266,856913185.9376
2022-11-29 04:00:00,16279.1,16535.0,16272.1,16455.9,94383.908,1551300996.94604
2022-11-29 08:00:00,16456.0,16543.0,16422.4,16488.0,58215.199,960044841.0306
2022-11-29 12:00:00,16488.0,16502.8,16312.6,16384.8,95079.754,1560449803.8334
2022-11-29 16:00:00,16384.9,16471.5,16335.1,16418.2,53114.858,870696229.0445
2022-11-29 20:00:00,16418.1,16521.9,16415.8,16433.2,37749.869,621488116.7106
2022-11-30 00:00:00,16433.3,17082.2,16421.5,16836.7,191179.202,3220689786.30747
2022-11-30 04:00:00,16836.8,16916.3,16811.9,16874.1,51969.614,876439462.3207
2022-11-30 08:00:00,16874.1,16926.2,16830.0,16871.4,37015.75,624679568.1744
2022-11-30 12:00:00,16871.3,16888.5,16750.8,16856.8,83414.941,1403336564.613
2022-11-30 16:00:00,16856.8,17138.7,16700.0,17051.5,169808.829,2871879319.30107
2022-11-30 20:00:00,17051.5,17248.3,17018.0,17153.3,86936.614,1487654248.48118
2022-12-01 00:00:00,17153.4,17222.1,17080.0,17143.8,57460.869,985059004.5861
2022-12-01 04:00:00,17143.8,17161.1,17054.0,17062.6,38761.809,663261092.0412
2022-12-01 08:00:00,17062.5,17132.9,17030.0,17096.9,42965.272,734008450.3296
2022-12-01 12:00:00,17096.9,17348.5,16887.1,16970.5,186470.492,3183733340.17963
2022-12-01 16:00:00,16970.5,16991.7,16893.1,16945.4,49083.591,831821244.9942
2022-12-01 20:00:00,16945.5,16982.4,16851.2,16970.5,36309.276,614496372.6144
2022-12-02 00:00:00,16970.5,17038.0,16852.4,16893.9,50361.076,852827995.4455
2022-12-02 04:00:00,16893.9,16967.2,16874.0,16947.1,26262.365,444484526.1909
2022-12-02 08:00:00,16947.0,17042.2,16925.3,16987.1,41920.501,711479480.7789
2022-12-02 12:00:00,16987.0,17096.3,16760.0,16928.9,142491.482,2411543977.3003
2022-12-02 16:00:00,16928.9,16989.2,16894.0,16979.3,34314.667,581243385.5663
2022-12-02 20:00:00,16979.2,17088.4,16971.8,17083.0,39689.124,675690233.1513
2022-12-03 00:00:00,17083.0,17160.0,17002.5,17012.3,35341.121,602830764.0037
2022-12-03 04:00:00,17012.3,17024.7,16915.7,16954.7,33256.132,564305109.3341
2022-12-03 08:00:00,16954.7,16978.0,16881.4,16938.5,35412.513,599857904.4395
2022-12-03 12:00:00,16938.6,16972.8,16912.0,16953.8,25135.471,425893338.5885
2022-12-03 16:00:00,16953.9,16975.0,16930.1,16945.3,18122.143,307229610.4285
2022-12-03 20:00:00,16945.4,16949.0,16850.1,16879.5,37989.862,642008870.9343
2022-12-04 00:00:00,16879.5,17046.0,16874.1,16951.8,38304.993,649802762.0983
2022-12-04 04:00:00,16951.9,17075.9,16951.8,16987.9,37125.211,631626469.7476
2022-12-04 08:00:00,16987.9,17044.9,16892.0,16938.4,41377.136,702238258.4991
2022-12-04 12:00:00,16938.4,17061.6,16908.0,17022.2,52514.795,892278255.3061
2022-12-04 16:00:00,17022.2,17150.0,16965.1,17077.6,84837.954,1447681924.9174
2022-12-04 20:00:00,17077.6,17206.2,17061.6,17099.5,37930.779,649080498.7973
2022-12-05 00:00:00,17099.5,17340.0,17068.0,17190.1,86288.459,1485728960.04158
2022-12-05 04:00:00,17190.1,17430.0,17185.2,17303.7,113444.676,1965791239.0085
2022-12-05 08:00:00,17303.7,17378.3,17270.1,17302.2,54258.229,939524803.1153
2022-12-05 12:00:00,17302.2,17302.2,17010.0,17073.8,117815.961,2020337365.26
2022-12-05 16:00:00,17073.8,17124.6,16860.6,16919.5,107798.877,1832562743.21073
2022-12-05 20:00:00,16919.5,16981.1,16892.2,16958.3,40355.188,683578560.8838
2022-12-06 00:00:00,16958.2,17094.6,16957.8,16995.4,53853.208,917208864.5316
2022-12-06 04:00:00,16995.4,17013.6,16949.1,16993.6,33273.403,565255715.4327
2022-12-06 08:00:00,16993.7,17034.7,16899.9,16974.6,57639.535,978395497.8094
2022-12-06 12:00:00,16974.6,17023.3,16920.0,16974.9,69024.422,1172189086.1486
2022-12-06 16:00:00,16974.9,17010.0,16901.6,16964.1,56413.953,956654850.3139
2022-12-06 20:00:00,16964.1,17100.0,16946.3,17078.6,51126.092,869863196.4504
2022-12-07 00:00:00,17078.7,17130.0,17011.0,17017.4,42347.692,722280772.2839
2022-12-07 04:00:00,17017.4,17036.6,16719.1,16755.4,97331.109,1641061521.9286
2022-12-07 08:00:00,16755.4,16826.0,16655.0,16787.1,68360.933,1147010564.58844
2022-12-07 12:00:00,16787.2,16886.5,16754.6,16829.1,70617.018,1188360142.2056
2022-12-07 16:00:00,16829.1,16839.7,16768.5,16807.5,34665.52,582428931.8805
2022-12-07 20:00:00,16807.4,16856.8,16783.8,16828.0,24456.653,411448321.56
2022-12-08 00:00:00,16828.0,16880.0,16772.5,16825.6,38479.412,647579975.8777
2022-12-08 04:00:00,16825.6,16837.7,16776.9,16816.7,28765.766,483508051.2516
2022-12-08 08:00:00,16816.8,16855.1,16710.4,16842.0,44048.422,740176807.877
2022-12-08 12:00:00,16842.0,16948.7,16792.8,16907.7,88430.3,1491773744.6605
2022-12-08 16:00:00,16907.7,17294.9,16901.0,17241.9,143901.415,2463060424.12541
2022-12-08 20:00:00,17241.9,17289.0,17144.6,17216.0,58532.02,1007111691.3332
2022-12-09 00:00:00,17216.0,17288.7,17179.1,17194.0,42568.695,733150595.2056
2022-12-09 04:00:00,17194.0,17227.1,17180.5,17203.7,23222.115,399513268.8289
2022-12-09 08:00:00,17203.7,17260.6,17190.5,17231.9,34072.588,586658686.1667
2022-12-09 12:00:00,17231.8,17365.4,17060.0,17170.4,130055.394,2233497348.2496
2022-12-09 16:00:00,17170.3,17178.5,17112.0,17134.9,28838.384,494404911.7796
2022-12-09 20:00:00,17135.0,17149.0,17052.0,17122.0,31474.007,538458537.9635
2022-12-10 00:00:00,17122.0,17159.9,17106.5,17140.0,19761.717,338655033.2638
2022-12-10 04:00:00,17140.0,17170.2,17122.0,17144.6,17751.416,304324456.7822
2022-12-10 08:00:00,17144.5,17165.0,17105.0,17159.9,20902.227,358297121.9174
2022-12-10 12:00:00,17159.9,17228.6,17132.0,17200.3,36351.612,624156408.4248
2022-12-10 16:00:00,17200.3,17220.0,17151.0,17166.3,20946.808,359837128.5606
2022-12-10 20:00:00,17166.3,17175.6,17081.0,17120.0,26181.427,448495456.0625
2022-12-11 00:00:00,17120.1,17163.4,17114.0,17147.7,16510.061,282995040.8911
2022-12-11 04:00:00,17147.6,17189.0,17144.7,17173.4,18948.471,325247046.4014
2022-12-11 08:00:00,17173.4,17175.6,17132.4,17160.8,16708.791,286622518.842
2022-12-11 12:00:00,17160.8,17161.1,17121.0,17145.5,19880.891,340805775.1584
2022-12-11 16:00:00,17145.5,17265.0,17124.9,17169.5,46356.06,796764665.7535
2022-12-11 20:00:00,17169.6,17169.7,17060.0,17077.3,52599.837,899720154.9927
2022-12-12 00:00:00,17077.3,17078.6,16865.0,16909.0,93215.464,1579860556.59673
2022-12-12 04:00:00,16909.0,16939.0,16894.3,16916.2,27433.055,464177761.2856
2022-12-12 08:00:00,16916.2,16998.9,16895.5,16977.8,36001.638,610340798.7498
2022-12-12 12:00:00,16977.8,17050.0,16912.8,16999.9,71821.147,1219595887.6584
2022-12-12 16:00:00,17000.0,17038.4,16973.9,17035.7,25169.941,427941427.323
2022-12-12 20:00:00,17035.6,17237.9,17035.6,17200.0,82215.013,1409711916.1141
2022-12-13 00:00:00,17200.0,17229.0,17114.6,17143.2,36929.287,633443656.0353
2022-12-13 04:00:00,17143.1,17197.9,17076.0,17157.0,55625.343,953614926.6349
2022-12-13 08:00:00,17156.9,17512.9,17146.7,17436.8,122406.12,2125052595.99862
2022-12-13 12:00:00,17436.9,18100.0,17390.3,17749.6,263224.252,4674190822.38546
2022-12-13 16:00:00,17749.5,17836.8,17617.9,17740.6,85131.142,1509010155.6156
2022-12-13 20:00:00,17740.5,17818.0,17704.5,17777.1,33535.147,595550340.0306
2022-12-14 00:00:00,17777.1,17844.9,17749.5,17782.4,30721.609,546723416.2761
2022-12-14 04:00:00,17782.4,17816.7,17734.8,17807.1,22263.983,395860966.7476
2022-12-14 08:00:00,17807.1,17880.0,17784.0,17823.8,37760.719,673051359.528
2022-12-14 12:00:00,17823.9,18111.5,17814.0,18054.8,137064.63,2462618049.90737
2022-12-14 16:00:00,18054.8,18400.0,17704.3,17789.5,301024.945,5433787219.48126
2022-12-14 20:00:00,17789.5,17944.4,17659.4,17803.9,98675.813,1756577558.9743
2022-12-15 00:00:00,17804.0,17849.5,17560.0,17724.9,74507.679,1318699408.1486
2022-12-15 04:00:00,17724.9,17744.3,17675.9,17686.0,27803.765,492476321.9003
2022-12-15 08:00:00,17685.9,17716.6,17608.0,17712.1,52699.528,931079572.3929
2022-12-15 12:00:00,17712.1,17714.6,17355.0,17424.0,146628.881,2567878251.11814
2022-12-15 16:00:00,17424.0,17467.7,17310.0,17435.1,78980.398,1373762482.8665
2022-12-15 20:00:00,17435.0,17449.7,17258.0,17351.8,56663.786,983443714.632
2022-12-16 00:00:00,17351.9,17419.9,17338.3,17418.9,35550.559,618272632.5957
2022-12-16 04:00:00,17418.8,17528.0,17365.4,17496.6,41640.97,726342864.0511
2022-12-16 08:00:00,17496.6,17510.5,16910.0,17018.6,188849.287,3229966542.84491
2022-12-16 12:00:00,17018.7,17076.9,16870.6,16961.8,107277.504,1821713767.0605
2022-12-16 16:00:00,16961.8,16969.5,16700.0,16856.5,114774.62,1931464622.29904
2022-12-16 20:00:00,16856.6,16945.6,16521.1,16624.1,134057.305,2240072042.1927
2022-12-17 00:00:00,16624.1,16720.2,16571.8,16667.5,66363.998,1105573553.8712
2022-12-17 04:00:00,16667.5,16764.0,16647.7,16738.0,45722.67,763622865.7205
2022-12-17 08:00:00,16737.9,16750.0,16652.3,16700.6,37850.073,632306612.3479
2022-12-17 12:00:00,16700.6,16719.4,16633.1,16692.4,40974.804,683195937.3007
2022-12-17 16:00:00,16692.3,16713.4,16639.0,16684.2,23775.354,396587845.3992
2022-12-17 20:00:00,16684.1,16790.0,16677.4,16768.0,33778.374,565073099.1908
2022-12-18 00:00:00,16768.1,16775.0,16695.7,16736.5,19014.025,318054436.6404
2022-12-18 04:00:00,16736.5,16795.0,16709.5,16739.9,26928.603,451013734.4175
2022-12-18 08:00:00,16739.9,16758.7,16656.0,16702.2,35341.455,590308840.7309
2022-12-18 12:00:00,16702.2,16727.9,16663.3,16676.4,25280.386,422017873.02
2022-12-18 16:00:00,16676.4,16790.0,16670.0,16745.6,41996.189,702855066.1951
2022-12-18 20:00:00,16745.7,16872.0,16715.1,16730.3,37337.555,626247489.0666
2022-12-19 00:00:00,16730.4,16809.6,16620.4,16673.6,49601.728,828981135.8615
2022-12-19 04:00:00,16673.5,16744.0,16664.0,16714.4,28214.603,471400027.3681
2022-12-19 08:00:00,16714.5,16776.6,16702.7,16725.3,27329.823,457551188.3675
2022-12-19 12:00:00,16725.2,16757.7,16656.4,16660.2,54277.784,906850244.4844
2022-12-19 16:00:00,16660.3,16694.9,16511.9,16549.3,97414.221,1616079290.4256
2022-12-19 20:00:00,16549.3,16642.1,16210.0,16429.2,87890.393,1445146479.54664
2022-12-20 00:00:00,16429.2,16880.2,16390.3,16718.0,109994.556,1829874903.78434
2022-12-20 04:00:00,16717.9,16870.0,16682.3,16796.1,69915.337,1173493065.7499
2022-12-20 08:00:00,16796.2,16853.0,16755.2,16805.1,47552.517,798904283.8582
2022-12-20 12:00:00,16805.2,17049.6,16684.0,16910.9,131483.196,2220089706.97463
2022-12-20 16:00:00,16910.8,16927.5,16763.6,16894.7,81655.657,1374707205.9464
2022-12-20 20:00:00,16894.6,16918.7,16825.2,16887.2,35569.835,600276000.1091
2022-12-21 00:00:00,16887.3,16918.2,16776.0,16829.8,33529.575,564833656.9529
2022-12-21 04:00:00,16829.9,16848.2,16761.2,16809.2,27534.062,462934719.196
2022-12-21 08:00:00,16809.1,16889.2,16788.0,16872.4,31352.995,528255554.3551
2022-12-21 12:00:00,16872.4,16924.2,16694.2,16854.6,72649.874,1222429104.77814
2022-12-21 16:00:00,16854.6,16858.6,16717.0,16746.8,36319.23,609792518.9248
2022-12-21 20:00:00,16746.9,16830.7,16721.0,16819.6,26366.599,442166296.5654
2022-12-22 00:00:00,16819.7,16852.8,16802.3,16844.5,19470.669,327673573.7361
2022-12-22 04:00:00,16844.5,16850.0,16778.0,16820.0,20542.365,345377995.3921
2022-12-22 08:00:00,16820.0,16861.9,16794.2,16827.6,27422.832,461496041.8947
2022-12-22 12:00:00,16827.6,16837.6,16600.0,16631.5,98813.975,1650437367.7164
2022-12-22 16:00:00,16631.5,16662.8,16556.1,16658.3,63297.216,1051685865.5443
2022-12-22 20:00:00,16658.3,16849.4,16643.6,16815.5,77063.904,1293194311.1682
2022-12-23 00:00:00,16815.5,16895.0,16764.0,16823.5,40208.22,676473453.8082
2022-12-23 04:00:00,16823.5,16849.0,16801.0,16842.0,24893.707,418873178.2504
2022-12-23 08:00:00,16842.0,16887.8,16805.2,16837.4,30513.335,513913962.5931
2022-12-23 12:00:00,16837.3,16960.0,16690.0,16825.9,123959.289,2086414005.4757
2022-12-23 16:00:00,16826.0,16852.5,16806.6,16838.5,18874.204,317673219.2796
2022-12-23 20:00:00,16838.5,16843.0,16762.5,16776.4,26104.665,438450871.6278
2022-12-24 00:00:00,16776.3,16834.7,16774.4,16833.3,15312.893,257387526.5409
2022-12-24 04:00:00,16833.3,16850.0,16797.0,16840.3,15980.866,268825961.9679
2022-12-24 08:00:00,16840.2,16841.0,16814.0,16819.2,12975.412,218327151.1745
2022-12-24 12:00:00,16819.3,16832.1,16807.7,16830.2,12508.365,210386362.7765
2022-12-24 16:00:00,16830.3,16859.9,16815.2,16834.6,12443.844,209476897.9302
2022-12-24 20:00:00,16834.6,16847.1,16803.6,16828.9,13189.41,221923937.5278
2022-12-25 00:00:00,16829.0,16844.0,16815.3,16824.0,8339.966,140359353.8569
2022-12-25 04:00:00,16824.1,16826.2,16788.0,16816.8,13041.858,219270919.0353
2022-12-25 08:00:00,16816.7,16828.1,16808.0,16814.9,10124.306,170279680.5118
2022-12-25 12:00:00,16815.0,16850.0,16700.0,16784.1,58570.279,983463748.8802
2022-12-25 16:00:00,16784.2,16811.3,16723.6,16786.7,29179.355,489314409.3222
2022-12-25 20:00:00,16786.6,16840.2,16746.0,16824.4,24820.079,417010622.8868
2022-12-26 00:00:00,16824.5,16892.0,16813.2,16887.1,28620.905,482481258.0721
2022-12-26 04:00:00,16887.2,16919.8,16830.0,16836.6,24738.987,417202871.7152
2022-12-26 08:00:00,16836.7,16863.0,16811.0,16854.0,20279.232,341477998.6406
2022-12-26 12:00:00,16854.1,16858.9,16781.1,16801.2,26504.163,445860549.2697
2022-12-26 16:00:00,16801.1,16856.5,16792.0,16834.9,21061.266,354369322.8454
2022-12-26 20:00:00,16834.9,16936.8,16810.2,16912.9,26924.146,454160247.5962
2022-12-27 00:00:00,16912.8,16968.0,16830.0,16868.1,42682.907,721072035.6027
2022-12-27 04:00:00,16868.1,16888.0,16843.0,16859.6,15232.9,256944071.2463
2022-12-27 08:00:00,16859.6,16874.8,16800.6,16823.7,30792.726,518490163.384
2022-12-27 12:00:00,16823.6,16833.4,16723.2,16790.7,66673.069,1119302009.5306
2022-12-27 16:00:00,16790.7,16795.4,16580.0,16681.3,78151.443,1303534820.5943
2022-12-27 20:00:00,16681.3,16714.1,16646.3,16698.2,29295.519,488666131.1375
2022-12-28 00:00:00,16698.2,16745.0,16541.0,16643.3,58603.691,975559074.6745
2022-12-28 04:00:00,16643.2,16672.3,16580.6,16639.0,40102.069,666558151.9986
2022-12-28 08:00:00,16639.1,16683.9,16623.3,16672.0,27228.635,453400098.6949
2022-12-28 12:00:00,16672.0,16778.3,16560.7,16571.3,96232.22,1604584321.0621
2022-12-28 16:00:00,16571.3,16660.0,16555.8,16589.6,48646.397,807862263.6787
2022-12-28 20:00:00,16589.7,16607.3,16455.6,16539.0,73836.846,1219835348.47024
2022-12-29 00:00:00,16538.9,16588.6,16485.1,16553.2,34024.879,562755721.2003
2022-12-29 04:00:00,16553.1,16575.3,16529.5,16553.0,22366.398,370252861.0156
2022-12-29 08:00:00,16553.0,16628.6,16514.6,16593.8,40553.131,672086080.3205
2022-12-29 12:00:00,16593.8,16659.0,16584.0,16610.1,52351.625,870226747.7465
2022-12-29 16:00:00,16610.1,16647.8,16589.0,16608.1,26803.582,445379648.8504
2022-12-29 20:00:00,16608.0,16649.0,16551.0,16630.3,32491.916,539445132.9082
2022-12-30 00:00:00,16630.3,16641.1,16576.3,16593.9,19882.213,330206733.8326
2022-12-30 04:00:00,16593.9,16608.5,16410.0,16467.5,62732.71,1035994592.7762
2022-12-30 08:00:00,16467.6,16524.9,16453.0,16489.5,38916.057,642030800.0455
2022-12-30 12:00:00,16489.6,16568.5,16320.0,16547.7,104487.149,1719910455.125
2022-12-30 16:00:00,16547.7,16569.8,16510.0,16520.8,34830.474,575954089.2135
2022-12-30 20:00:00,16520.8,16666.6,16520.5,16601.2,34781.887,577098925.8605
2022-12-31 00:00:00,16601.2,16611.5,16546.5,16549.1,15952.362,264333288.5371
2022-12-31 04:00:00,16549.0,16565.6,16530.0,16564.4,15304.144,253242110.2835
2022-12-31 08:00:00,16564.4,16581.8,16538.0,16565.6,18890.316,312826042.044
2022-12-31 12:00:00,16565.5,16640.0,16546.2,16586.0,37418.928,621005828.3915
2022-12-31 16:00:00,16586.1,16609.3,16562.0,16564.3,15398.52,255310616.3715
2022-12-31 20:00:00,16564.3,16569.7,16461.8,16537.6,31497.886,520520476.0416
2023-01-01 00:00:00,16537.5,16557.1,16504.0,16529.3,14206.373,234846900.1978
2023-01-01 04:00:00,16529.2,16545.7,16488.0,16519.6,17998.501,297281833.1213
2023-01-01 08:00:00,16519.5,16549.8,16496.8,16549.8,15117.276,249842094.6072
2023-01-01 12:00:00,16549.8,16565.9,16524.6,16553.1,15542.884,257160458.3334
2023-01-01 16:00:00,16553.0,16615.8,16552.6,16596.1,25971.416,430656235.214
2023-01-01 20:00:00,16596.1,16618.8,16579.1,16610.3,16666.515,276662328.2655
2023-01-02 00:00:00,16610.4,16700.7,16541.2,16654.6,36641.746,608623005.5089
2023-01-02 04:00:00,16654.7,16767.8,16612.8,16712.5,53335.472,890119615.16024
2023-01-02 08:00:00,16712.6,16764.0,16696.0,16728.5,37550.631,628064171.7013
2023-01-02 12:00:00,16728.4,16744.8,16665.0,16729.2,35861.236,599065148.3947
2023-01-02 16:00:00,16729.2,16732.9,16702.6,16730.5,16549.997,276654667.0502
2023-01-02 20:00:00,16730.5,16799.0,16650.0,16666.0,35222.094,588827696.5371
2023-01-03 00:00:00,16665.9,16699.7,16639.5,16684.5,22052.463,367638751.4206
2023-01-03 04:00:00,16684.4,16774.0,16675.2,16723.1,29397.355,491603295.4207
2023-01-03 08:00:00,16723.1,16750.5,16691.7,16714.2,22008.402,368018335.4917
2023-01-03 12:00:00,16714.2,16764.9,16610.0,16670.8,73811.27,1231383821.0799
2023-01-03 16:00:00,16670.9,16680.1,16600.3,16637.7,35119.476,584154656.2612
2023-01-03 20:00:00,16637.6,16688.2,16636.0,16667.2,20681.239,344569849.8403
2023-01-04 00:00:00,16667.3,16870.0,16645.7,16855.9,70080.094,1175071759.7266
2023-01-04 04:00:00,16855.9,16904.4,16832.3,16862.5,44883.714,756722654.239
2023-01-04 08:00:00,16862.5,16913.6,16824.5,16826.8,34682.195,584498840.3965
2023-01-04 12:00:00,16826.7,16852.1,16759.3,16846.5,60474.144,1016636290.8653
2023-01-04 16:00:00,16846.5,16984.6,16777.7,16835.9,109451.837,1847959098.57643
2023-01-04 20:00:00,16835.9,16860.9,16766.0,16842.1,30175.854,507438157.9854
2023-01-05 00:00:00,16842.2,16869.0,16800.0,16819.0,19519.003,328550640.231
2023-01-05 04:00:00,16819.0,16840.7,16782.4,16816.1,16536.812,278050094.6949
2023-01-05 08:00:00,16816.1,16830.0,16775.1,16827.0,23157.987,389196488.4508
2023-01-05 12:00:00,16827.0,16872.8,16740.4,16836.6,68886.546,1157977505.4614
2023-01-05 16:00:00,16836.7,16867.8,16794.0,16856.4,29189.477,491259480.4413
2023-01-05 20:00:00,16856.3,16863.4,16810.0,16823.8,19079.522,321268082.4729
2023-01-06 00:00:00,16823.8,16865.0,16795.6,16825.1,21068.091,354579261.9168
2023-01-06 04:00:00,16825.0,16828.0,16773.0,16785.6,23858.147,400704723.4792
2023-01-06 08:00:00,16785.6,16805.3,16685.2,16731.4,43531.809,729320974.10034
2023-01-06 12:00:00,16731.5,16843.0,16664.8,16834.2,102292.922,1714168937.1105
2023-01-06 16:00:00,16834.1,16960.0,16801.6,16932.6,57987.086,978224477.1779
2023-01-06 20:00:00,16932.7,17030.0,16881.0,16943.8,68235.574,1156656661.48463
2023-01-07 00:00:00,16943.9,16973.6,16924.8,16944.4,18044.048,305748488.7452
2023-01-07 04:00:00,16944.3,16945.0,16915.8,16939.8,10556.131,178717102.5153
2023-01-07 08:00:00,16939.8,16946.4,16903.0,16912.3,13458.257,227729118.1905
2023-01-07 12:00:00,16912.3,16944.0,16900.1,16934.5,16729.551,283074319.2867
2023-01-07 16:00:00,16934.5,16939.6,16910.4,16937.3,9360.224,158422289.0942
2023-01-07 20:00:00,16937.3,16945.8,16922.9,16936.5,9824.894,166381363.3388
2023-01-08 00:00:00,16936.5,16949.3,16905.0,16939.0,15067.481,255006947.3288
2023-01-08 04:00:00,16938.9,16947.5,16927.5,16945.5,7997.895,135470691.2096
2023-01-08 08:00:00,16945.5,16960.0,16917.8,16918.6,15529.951,263020073.2731
2023-01-08 12:00:00,16918.5,17015.6,16912.7,16991.0,27054.754,458681458.8379
2023-01-08 16:00:00,16990.9,17015.1,16910.2,16920.3,31184.044,528298667.9703
2023-01-08 20:00:00,16920.3,17181.1,16916.5,17124.7,60883.193,1036724790.3767
2023-01-09 00:00:00,17124.6,17245.1,17098.2,17188.1,85195.766,1463027909.28278
2023-01-09 04:00:00,17188.1,17248.0,17171.7,17189.7,35863.212,617096152.5793
2023-01-09 08:00:00,17189.8,17277.7,17180.0,17232.2,50754.112,874779188.4554
2023-01-09 12:00:00,17232.2,17325.0,17181.9,17260.4,80374.648,1386939772.2248
2023-01-09 16:00:00,17260.4,17387.8,17259.6,17285.7,77463.239,1342349759.6206
2023-01-09 20:00:00,17285.6,17302.3,17118.3,17169.7,70626.832,1214983822.8185
2023-01-10 00:00:00,17169.6,17227.7,17140.4,17199.9,27484.953,472360788.909
2023-01-10 04:00:00,17199.9,17228.0,17181.8,17194.7,18254.506,314034010.2968
2023-01-10 08:00:00,17194.6,17278.0,17181.2,17244.4,37043.974,638836410.7954
2023-01-10 12:00:00,17244.3,17368.7,17204.4,17317.5,92804.006,1603407823.4982
2023-01-10 16:00:00,17317.6,17448.0,17273.3,17424.1,73564.943,1278052667.57
2023-01-10 20:00:00,17424.1,17485.4,17393.3,17428.8,48167.989,840177220.8528
2023-01-11 00:00:00,17428.8,17500.0,17360.0,17407.7,42391.318,738956748.0378
2023-01-11 04:00:00,17407.7,17456.0,17380.0,17437.1,25910.734,451202060.7764
2023-01-11 08:00:00,17437.1,17464.0,17399.5,17428.7,24797.868,432325186.2387
2023-01-11 12:00:00,17428.6,17429.7,17306.4,17325.3,62512.096,1086441628.1227
2023-01-11 16:00:00,17325.2,17550.9,17320.3,17540.6,86222.612,1504940486.40794
2023-01-11 20:00:00,17540.7,18013.2,17501.4,17935.7,144442.478,2562833056.06291
2023-01-12 00:00:00,17935.6,18400.0,17902.4,18217.2,167796.474,3045955655.03094
2023-01-12 04:00:00,18217.1,18233.0,18070.0,18129.3,51547.124,935565332.7663
2023-01-12 08:00:00,18129.2,18220.0,18062.0,18194.5,45869.521,832669468.6106
2023-01-12 12:00:00,18194.4,18377.4,17907.3,18077.7,322077.479,5844744411.39515
2023-01-12 16:00:00,18077.6,19062.5,18045.7,18877.2,328471.599,6135607896.40548
2023-01-12 20:00:00,18877.3,19120.0,18758.5,18838.0,124572.563,2353820342.8442
2023-01-13 00:00:00,18838.1,18881.7,18711.0,18871.6,48452.132,911044879.3642
2023-01-13 04:00:00,18871.5,18875.4,18770.5,18817.7,30968.56,582771161.8809
2023-01-13 08:00:00,18817.7,19050.0,18803.9,18911.7,102429.252,1939334180.5268
2023-01-13 12:00:00,18911.7,19299.2,18801.4,19252.5,200754.386,3826667146.79043
2023-01-13 16:00:00,19252.6,19398.0,19053.0,19354.2,170550.15,3282351851.7616
2023-01-13 20:00:00,19354.1,19997.8,19307.4,19924.2,253653.352,4995541207.04673
2023-01-14 00:00:00,19924.3,21544.0,19882.6,20996.3,400698.97,8323067356.49258
2023-01-14 04:00:00,20996.2,21060.0,20801.3,20913.1,75865.279,1587503312.6985
2023-01-14 08:00:00,20913.0,21045.0,20257.3,20733.4,208916.952,4304205120.21345
2023-01-14 12:00:00,20733.3,21240.0,20544.0,20796.9,186889.05,3898370945.12988
2023-01-14 16:00:00,20796.9,20930.5,20670.7,20796.8,78649.063,1636107572.6308
2023-01-14 20:00:00,20796.8,21092.0,20773.9,20962.8,59647.369,1249472417.19947
2023-01-15 00:00:00,20962.8,21012.0,20556.0,20736.5,96644.108,2005620901.23033
2023-01-15 04:00:00,20736.5,20798.0,20673.9,20750.0,34775.593,721249177.1872
2023-01-15 08:00:00,20750.1,20780.0,20581.4,20737.4,63521.557,1314179535.613
2023-01-15 12:00:00,20737.4,21028.0,20661.1,20925.0,82803.419,1724252052.39389
2023-01-15 16:00:00,20925.0,21073.8,20670.0,20877.2,106046.834,2214465128.2749
2023-01-15 20:00:00,20877.3,20970.0,20750.0,20882.7,44695.048,933290579.5822
2023-01-16 00:00:00,20882.7,21449.3,20780.2,21084.3,175273.721,3707155994.92884
2023-01-16 04:00:00,21084.3,21276.0,21048.0,21116.0,55958.607,1183353022.7047
2023-01-16 08:00:00,21116.0,21121.7,20619.0,20821.7,101732.641,2117564748.95304
2023-01-16 12:00:00,20821.8,21079.9,20606.6,21000.6,114395.111,2386427403.62526
2023-01-16 16:00:00,21000.6,21431.0,20921.0,21314.4,133530.799,2828000406.24931
2023-01-16 20:00:00,21314.5,21498.0,21056.0,21188.3,85257.322,1810115824.70967
2023-01-17 00:00:00,21188.2,21308.9,20827.8,21129.6,81669.204,1722050264.62309
2023-01-17 04:00:00,21129.6,21237.0,21062.1,21134.7,40393.627,853912275.0964
2023-01-17 08:00:00,21134.8,21252.0,21077.7,21218.6,49711.091,1052225580.7751
2023-01-17 12:00:00,21218.6,21640.0,21024.3,21175.6,233119.434,4958900217.45806
2023-01-17 16:00:00,21175.7,21426.0,21080.3,21337.2,86362.443,1834485774.46036
2023-01-17 20:00:00,21337.3,21410.8,21123.1,21130.9,56134.794,1194039040.3594
2023-01-18 00:00:00,21130.8,21376.3,21103.6,21254.1,58477.632,1242591692.2198
2023-01-18 04:00:00,21254.1,21317.9,21226.6,21307.7,26297.724,559517551.2374
2023-01-18 08:00:00,21307.8,21318.1,21132.1,21201.6,45098.726,957127980.8765
2023-01-18 12:00:00,21201.7,21672.0,20810.0,21035.5,269472.012,5746329198.12391
2023-01-18 16:00:00,21035.5,21138.0,20386.0,20905.1,320910.719,6682468943.4591
2023-01-18 20:00:00,20905.0,20937.8,20621.1,20680.0,93528.704,1941503422.52343
2023-01-19 00:00:00,20680.1,20822.0,20659.9,20748.9,43011.055,892019793.9152
2023-01-19 04:00:00,20748.9,20882.0,20745.1,20818.2,31250.694,650790856.4724
2023-01-19 08:00:00,20818.2,20848.0,20707.4,20741.3,39443.519,819361990.3045
2023-01-19 12:00:00,20741.3,20962.7,20661.0,20870.7,108038.963,2247323683.6495
2023-01-19 16:00:00,20870.8,21140.0,20786.8,21090.0,86336.685,1809401235.50586
2023-01-19 20:00:00,21090.1,21183.9,20913.4,21068.3,66652.701,1403444899.7261
2023-01-20 00:00:00,21068.3,21223.2,21011.4,21086.2,49417.658,1042930667.7667
2023-01-20 04:00:00,21086.2,21125.0,20856.4,20954.2,54029.169,1133558008.3459
2023-01-20 08:00:00,20954.1,20991.9,20895.4,20957.6,33135.271,694060447.3769
2023-01-20 12:00:00,20957.5,21250.0,20952.2,21139.7,103649.424,2187745667.664
2023-01-20 16:00:00,21139.7,21535.0,21136.1,21494.2,157224.305,3356236074.08711
2023-01-20 20:00:00,21494.1,22750.0,21493.8,22661.1,326189.373,7247275736.88368
2023-01-21 00:00:00,22661.0,22812.4,22422.0,22541.7,91102.531,2057612452.91095
2023-01-21 04:00:00,22541.8,22678.6,22511.2,22631.5,32823.977,741900083.2391
2023-01-21 08:00:00,22631.6,23330.0,22555.0,22903.5,266330.182,6102599953.59721
2023-01-21 12:00:00,22903.5,23288.0,22847.8,22996.2,145710.162,3357101896.61522
2023-01-21 16:00:00,22996.2,23390.0,22980.0,23271.9,130707.129,3031658177.397
2023-01-21 20:00:00,23271.9,23298.2,22670.0,22781.9,98007.119,2253013198.21012
2023-01-22 00:00:00,22781.8,22974.3,22600.2,22766.1,77074.223,1756554882.4427
2023-01-22 04:00:00,22766.0,22967.0,22720.0,22893.2,41651.721,952898275.7755
2023-01-22 08:00:00,22893.2,22934.1,22733.0,22785.5,45038.944,1028910966.9137
2023-01-22 12:00:00,22785.6,23080.2,22631.1,22792.9,106358.408,2431655071.62
2023-01-22 16:00:00,22793.0,22962.8,22681.0,22720.0,72710.666,1660094312.0557
2023-01-22 20:00:00,22720.0,22770.0,22287.0,22704.6,139695.849,3148448922.98246
2023-01-23 00:00:00,22704.7,22825.9,22645.6,22657.6,47573.102,1081411429.5968
2023-01-23 04:00:00,22657.6,22793.3,22596.8,22692.4,36713.329,833929122.8896
2023-01-23 08:00:00,22692.4,22960.0,22661.9,22906.5,68826.107,1571944984.01457
2023-01-23 12:00:00,22906.4,23160.0,22500.0,22852.0,183939.268,4198657531.60359
2023-01-23 16:00:00,22852.1,23193.1,22653.0,22789.6,135640.765,3109390930.33579
2023-01-23 20:00:00,22789.6,23043.9,22756.1,22913.1,53110.269,1217508981.4388
2023-01-24 00:00:00,22913.3,23142.0,22863.3,23078.2,51857.971,1194127456.81671
2023-01-24 04:00:00,23078.2,23158.7,23000.0,23052.3,37575.8,867705310.2893
2023-01-24 08:00:00,23052.3,23086.4,22760.0,22912.0,80599.104,1845842514.87155
2023-01-24 12:00:00,22912.1,23036.0,22677.9,22924.0,126440.595,2891896359.9547
2023-01-24 16:00:00,22924.0,23085.1,22782.0,23015.0,67270.843,1543280741.4277
2023-01-24 20:00:00,23015.1,23073.6,22450.0,22627.4,141871.503,3229600515.30948
2023-01-25 00:00:00,22627.5,22699.0,22310.5,22641.0,97898.966,2206165367.79163
2023-01-25 04:00:00,22641.1,22766.7,22600.0,22703.9,34838.121,790179206.11385
2023-01-25 08:00:00,22703.9,22730.0,22460.8,22595.9,57559.621,1301307536.5098
2023-01-25 12:00:00,22595.8,22747.1,22327.2,22573.3,127913.984,2885107677.89743
2023-01-25 16:00:00,22573.4,22757.0,22508.1,22743.4,64912.438,1469488780.6878
2023-01-25 20:00:00,22743.4,23837.4,22743.4,23060.6,309663.477,7186434024.16063
2023-01-26 00:00:00,23060.6,23278.7,23040.1,23129.4,61160.895,1416929490.53358
2023-01-26 04:00:00,23129.5,23189.3,22885.7,22961.3,50565.793,1165545135.3597
2023-01-26 08:00:00,22961.3,23041.1,22843.8,22985.4,54116.524,1242077888.64567
2023-01-26 12:00:00,22985.4,23241.9,22856.0,22947.3,155481.049,3585917085.46008
2023-01-26 16:00:00,22947.2,23099.1,22850.0,23063.4,64169.464,1475425021.1309
2023-01-26 20:00:00,23063.4,23161.0,22955.0,23001.9,42267.061,974371447.3721
2023-01-27 00:00:00,23001.9,23068.7,22516.6,22762.2,86055.897,1959346083.48688
2023-01-27 04:00:00,22762.2,23098.0,22750.0,23068.1,58836.674,1350516048.56213
2023-01-27 08:00:00,23068.1,23080.0,22900.1,22964.5,38844.896,891886775.8815
2023-01-27 12:00:00,22964.4,23145.3,22830.0,22928.8,121070.961,2781395607.46831
2023-01-27 16:00:00,22928.8,23280.2,22919.0,23246.7,84096.917,1945958350.60348
2023-01-27 20:00:00,23246.8,23500.0,22940.0,23068.0,121014.962,2807013723.72991
2023-01-28 00:00:00,23068.1,23185.0,23033.9,23109.0,30607.076,707130351.1477
2023-01-28 04:00:00,23108.9,23124.3,22942.9,22984.3,29492.397,679077234.6367
2023-01-28 08:00:00,22984.3,23011.4,22880.0,22973.4,36651.176,841976577.0956
2023-01-28 12:00:00,22973.4,23038.0,22870.8,23004.7,49477.228,1135744162.7592
2023-01-28 16:00:00,23004.6,23050.6,22968.1,23033.1,19771.548,454953940.1658
2023-01-28 20:00:00,23033.2,23036.2,22935.1,23015.9,20401.518,468923738.2442
2023-01-29 00:00:00,23016.0,23520.0,22961.5,23190.0,125541.185,2917319529.3635
2023-01-29 04:00:00,23190.0,23266.0,23143.1,23200.4,26823.648,622453157.9054
2023-01-29 08:00:00,23200.4,23680.0,23151.0,23430.0,114678.629,2680837577.04349
2023-01-29 12:00:00,23430.0,23675.8,23351.6,23522.7,88615.332,2084092421.5594
2023-01-29 16:00:00,23522.7,23962.7,23473.7,23896.6,134522.96,3190306221.21508
2023-01-29 20:00:00,23896.5,23910.1,23600.0,23740.3,71846.477,1708220208.3976
2023-01-30 00:00:00,23740.2,23804.6,23568.0,23700.8,50623.845,1198733958.1214
2023-01-30 04:00:00,23700.8,23767.0,23600.0,23648.1,35817.696,848605568.2551
2023-01-30 08:00:00,23648.0,23678.6,23001.0,23075.2,178463.464,4155245802.23001
2023-01-30 12:00:00,23075.2,23295.8,22930.0,23178.6,114367.727,2644438700.0053
2023-01-30 16:00:00,23178.6,23247.0,22600.0,22783.7,110669.265,2538005413.33418
2023-01-30 20:00:00,22783.6,22837.0,22484.2,22819.9,82595.41,1875681496.8579
2023-01-31 00:00:00,22819.9,22913.6,22715.3,22826.7,45917.886,1048035961.7163
2023-01-31 04:00:00,22826.6,22980.0,22735.5,22967.7,43431.989,992384857.9143
2023-01-31 08:00:00,22967.7,22986.8,22803.0,22856.9,46060.1,1054003073.6894
2023-01-31 12:00:00,22857.0,23200.0,22843.4,23113.9,113354.585,2613077933.08604
2023-01-31 16:00:00,23114.0,23221.6,23072.8,23154.6,49408.861,1142915664.2145
2023-01-31 20:00:00,23154.6,23330.0,22804.0,23119.4,105553.545,2432204759.64328
2023-02-01 00:00:00,23119.5,23177.7,22988.0,23127.3,41016.975,946984264.1517
2023-02-01 04:00:00,23127.4,23160.4,23011.5,23071.0,33068.509,763819416.1376
2023-02-01 08:00:00,23070.9,23100.0,22911.3,23076.1,50557.37,1163133014.1481
2023-02-01 12:00:00,23076.1,23143.6,22935.3,22975.7,71259.336,1643445431.8033
2023-02-01 16:00:00,22975.6,23495.0,22747.0,23379.9,215468.368,4979552538.91891
2023-02-01 20:00:00,23379.8,23852.4,23320.0,23730.0,160059.153,3779793945.47008
2023-02-02 00:00:00,23730.1,24281.4,23694.5,23852.2,136849.095,3284367144.26168
2023-02-02 04:00:00,23852.1,23927.5,23660.0,23787.0,48942.495,1165257382.8579
2023-02-02 08:00:00,23787.0,23860.0,23750.4,23827.0,34286.886,816362931.9606
2023-02-02 12:00:00,23827.0,23950.0,23520.0,23843.3,152792.644,3629087099.9247
2023-02-02 16:00:00,23843.4,24149.0,23723.5,23804.9,131579.732,3146849715.01682
2023-02-02 20:00:00,23804.8,23933.5,23365.0,23493.1,111289.486,2630096416.557
2023-02-03 00:00:00,23493.0,23592.0,23412.0,23534.9,53873.247,1266839461.8139
2023-02-03 04:00:00,23535.0,23568.5,23450.0,23457.1,25571.08,601272748.3297
2023-02-03 08:00:00,23457.1,23540.0,23328.8,23532.9,57784.896,1353722628.3309
2023-02-03 12:00:00,23532.9,23712.7,23222.0,23601.1,189870.022,4455431541.06062
2023-02-03 16:00:00,23601.1,23719.9,23296.4,23308.2,91933.801,2160911349.0774
2023-02-03 20:00:00,23308.2,23465.4,23201.0,23424.7,51798.392,1209501718.34468
2023-02-04 00:00:00,23424.7,23464.0,23330.1,23340.8,26184.717,612634888.7211
2023-02-04 04:00:00,23340.8,23358.2,23250.0,23322.4,28301.188,659863097.7127
2023-02-04 08:00:00,23322.4,23376.8,23288.3,23359.2,19759.758,461080131.7643
2023-02-04 12:00:00,23359.2,23591.4,23335.4,23420.1,70032.864,1643729247.8242
2023-02-04 16:00:00,23420.1,23474.4,23355.0,23427.3,25724.048,602543081.941
2023-02-04 20:00:00,23427.4,23450.0,23258.0,23322.6,27115.818,633530709.5999
2023-02-05 00:00:00,23322.6,23367.5,23211.0,23343.4,34347.877,800389845.7508
2023-02-05 04:00:00,23343.3,23436.0,23327.5,23377.0,20096.361,469779651.3213
2023-02-05 08:00:00,23377.0,23418.7,23344.6,23354.1,20554.304,480531183.6821
2023-02-05 12:00:00,23354.2,23373.6,23000.0,23094.2,103064.491,2387031213.14554
2023-02-05 16:00:00,23094.2,23155.5,22741.0,22889.5,131414.742,3015817561.87718
2023-02-05 20:00:00,22889.6,23025.0,22787.8,22929.2,47187.259,1081561457.3435
2023-02-06 00:00:00,22929.3,23094.0,22817.1,22891.9,41294.353,948324729.9324
2023-02-06 04:00:00,22892.0,22924.0,22600.0,22873.0,59449.417,1353712697.5093
2023-02-06 08:00:00,22873.1,22935.0,22733.9,22876.1,48625.312,1110418815.199
2023-02-06 12:00:00,22876.1,23054.9,22735.0,23040.5,94677.28,2165245354.3015
2023-02-06 16:00:00,23040.5,23159.4,22922.2,23026.2,105678.626,2434439166.87911
2023-02-06 20:00:00,23026.3,23026.3,22622.1,22757.7,67435.155,1539095763.16565
2023-02-07 00:00:00,22757.8,22897.2,22742.4,22870.9,36711.889,838040307.985
2023-02-07 04:00:00,22870.9,22977.8,22854.8,22905.6,30656.926,702357970.6591
2023-02-07 08:00:00,22905.5,23061.0,22854.8,22970.4,48655.029,1117112823.883
2023-02-07 12:00:00,22970.4,23032.1,22869.0,22898.8,52655.275,1208872296.1389
2023-02-07 16:00:00,22898.9,23368.6,22762.0,23086.1,209739.145,4833691076.65732
2023-02-07 20:00:00,23086.1,23300.0,23024.3,23234.1,68855.23,1597084595.56798
2023-02-08 00:00:00,23234.1,23450.0,23220.3,23250.6,49143.645,1145289602.2594
2023-02-08 04:00:00,23250.5,23283.5,23173.7,23226.9,24682.484,573060040.62
2023-02-08 08:00:00,23227.0,23232.2,23123.1,23152.8,32606.039,755627866.2057
2023-02-08 12:00:00,23152.8,23194.3,22849.9,22862.4,103077.568,2372963048.8198
2023-02-08 16:00:00,22862.4,23029.9,22662.9,22867.3,131915.737,3015448852.30032
2023-02-08 20:00:00,22867.4,22977.0,22766.4,22955.9,42040.008,962227535.9831
2023-02-09 00:00:00,22955.9,23007.8,22407.5,22511.6,114802.191,2601403292.10681
2023-02-09 04:00:00,22511.6,22731.8,22341.1,22668.7,83990.713,1895751132.0284
2023-02-09 08:00:00,22668.8,22766.0,22648.1,22677.4,42168.627,957293476.5978
2023-02-09 12:00:00,22677.5,22840.0,22550.0,22603.8,112744.024,2557579284.45845
2023-02-09 16:00:00,22603.8,22614.7,21862.1,22027.3,212791.892,4743305317.21084
2023-02-09 20:00:00,22027.3,22074.5,21684.7,21793.4,165797.903,3626269160.39826
2023-02-10 00:00:00,21793.3,21933.8,21751.1,21817.5,45873.626,1002400383.9686
2023-02-10 04:00:00,21817.5,21914.0,21595.8,21901.9,68530.266,1493247253.8574
2023-02-10 08:00:00,21902.0,21917.8,21707.2,21726.6,48382.894,1055627751.1867
2023-02-10 12:00:00,21726.7,21897.0,21484.0,21649.0,120581.027,2621304951.92274
2023-02-10 16:00:00,21648.9,21794.4,21550.1,21764.0,86735.68,1878980494.1878
2023-02-10 20:00:00,21764.0,21785.4,21405.0,21618.6,69883.004,1508449702.1226
2023-02-11 00:00:00,21618.6,21718.8,21594.4,21668.8,34549.115,748134482.0365
2023-02-11 04:00:00,21668.8,21704.9,21630.6,21681.9,17658.503,382614573.8557
2023-02-11 08:00:00,21681.9,21696.2,21646.6,21689.2,16676.368,361473156.7723
2023-02-11 12:00:00,21689.2,21770.0,21651.1,21727.0,37452.033,813373438.9685
2023-02-11 16:00:00,21726.9,21728.7,21600.0,21652.6,34876.801,755679184.0167
2023-02-11 20:00:00,21652.6,21891.9,21635.5,21851.3,48036.847,1046276063.8233
2023-02-12 00:00:00,21851.2,21874.7,21752.9,21772.1,23886.521,520871151.6299
2023-02-12 04:00:00,21772.1,21806.9,21754.0,21788.2,13809.719,300829035.1508
2023-02-12 08:00:00,21788.2,21959.0,21788.1,21877.6,38816.768,848601617.8352
2023-02-12 12:00:00,21877.6,22000.5,21750.0,21931.4,66423.472,1452629366.4779
2023-02-12 16:00:00,21931.4,22080.9,21901.0,21983.1,57543.929,1265238607.46453
2023-02-12 20:00:00,21983.1,22018.5,21618.0,21771.1,76306.684,1662002474.35437
2023-02-13 00:00:00,21771.0,21865.4,21606.0,21800.9,67134.107,1459457674.8401
2023-02-13 04:00:00,21800.9,21888.0,21781.5,21857.2,37460.868,817880354.5645
2023-02-13 08:00:00,21857.1,21865.1,21410.0,21595.9,140932.155,3044414824.42524
2023-02-13 12:00:00,21595.9,21688.0,21544.8,21553.3,76257.797,1648761210.7731
2023-02-13 16:00:00,21553.3,21668.0,21338.0,21597.8,134846.671,2901604828.46344
2023-02-13 20:00:00,21597.9,21840.0,21552.5,21766.2,54964.095,1192266278.44206
2023-02-14 00:00:00,21766.1,21806.5,21670.8,21691.8,31405.193,682367004.9533
2023-02-14 04:00:00,21691.8,21780.0,21676.5,21759.9,24174.292,525253522.1147
2023-02-14 08:00:00,21760.0,21880.0,21659.1,21798.9,47434.581,1032453397.5806
2023-02-14 12:00:00,21798.9,22320.0,21485.2,22033.3,325421.325,7131807451.37556
2023-02-14 16:00:00,22033.4,22230.8,21910.2,22196.7,121281.491,2677237421.7832
2023-02-14 20:00:00,22196.8,22275.0,22110.4,22187.4,49074.627,1089327973.4688
2023-02-15 00:00:00,22187.4,22190.8,22038.5,22088.9,35580.16,786715712.3835
2023-02-15 04:00:00,22088.9,22164.4,22061.2,22097.5,23896.173,528431242.1005
2023-02-15 08:00:00,22097.4,22500.0,22075.9,22433.0,86066.327,1918943008.66971
2023-02-15 12:00:00,22433.0,22924.9,22432.9,22798.1,207159.107,4704555342.59668
2023-02-15 16:00:00,22798.0,23345.7,22730.1,23310.6,165039.216,3798458996.59912
2023-02-15 20:00:00,23310.6,24420.0,23285.9,24332.6,306935.488,7368612711.94118
2023-02-16 00:00:00,24332.7,24934.1,24287.0,24741.0,149506.526,3687048985.11095
2023-02-16 04:00:00,24741.0,24764.6,24427.0,24630.8,85116.457,2096380834.9139
2023-02-16 08:00:00,24630.8,24678.0,24520.9,24580.0,48543.148,1194716426.1989
2023-02-16 12:00:00,24580.0,25104.8,24312.0,25090.2,214278.319,5274420534.34848
2023-02-16 16:00:00,25090.2,25290.0,24620.0,24879.0,224316.013,5591111419.13639
2023-02-16 20:00:00,24879.1,24884.1,23518.0,23526.6,237702.696,5751313008.07482
2023-02-17 00:00:00,23526.6,23924.7,23350.0,23839.1,125666.63,2975857481.55678
2023-02-17 04:00:00,23839.0,23885.7,23612.0,23636.0,59676.035,1416529597.3011
2023-02-17 08:00:00,23635.9,23870.0,23520.0,23792.6,80667.332,1914110521.2008
2023-02-17 12:00:00,23792.6,24293.6,23701.1,24131.4,225818.466,5419494493.74715
2023-02-17 16:00:00,24131.3,24562.9,23916.0,24526.7,205070.186,4980683444.98379
2023-02-17 20:00:00,24526.8,25043.2,24031.1,24581.5,225818.499,5563054010.99787
2023-02-18 00:00:00,24581.3,24799.2,24502.6,24619.9,50759.107,1250384195.3447
2023-02-18 04:00:00,24619.9,24684.8,24430.6,24522.8,34345.925,844718066.2492
2023-02-18 08:00:00,24522.7,24614.0,24436.4,24525.6,36886.129,904712487.498
2023-02-18 12:00:00,24525.7,24750.0,24494.4,24670.0,55534.135,1368042233.9596
2023-02-18 16:00:00,24670.0,24887.5,24564.0,24610.1,61293.542,1514292589.29891
2023-02-18 20:00:00,24610.0,24673.4,24516.7,24636.9,22736.718,559563643.5706
2023-02-19 00:00:00,24636.8,24777.0,24626.5,24687.0,29006.051,716602908.2188
2023-02-19 04:00:00,24687.0,24867.6,24553.6,24576.7,59061.967,1459276010.1446
2023-02-19 08:00:00,24576.6,24710.4,24556.9,24665.4,34964.341,861022035.1763
2023-02-19 12:00:00,24665.3,25073.5,24655.7,24929.7,103284.266,2565082789.86138
2023-02-19 16:00:00,24929.7,25200.0,24259.2,24512.5,235530.475,5813259106.50062
2023-02-19 20:00:00,24512.5,24578.4,24179.4,24265.9,81659.528,1993888063.40497
2023-02-20 00:00:00,24265.9,24471.1,23827.0,24414.9,127984.816,3095050834.09506
2023-02-20 04:00:00,24414.9,24555.5,24398.7,24500.1,50498.564,1236265180.6138
2023-02-20 08:00:00,24500.1,24990.0,24361.2,24895.9,159438.885,3951076380.39894
2023-02-20 12:00:00,24896.0,25140.0,24720.2,24944.6,167345.352,4170410216.04735
2023-02-20 16:00:00,24944.7,24955.1,24585.1,24878.5,102254.274,2538100857.20415
2023-02-20 20:00:00,24878.4,24891.5,24651.2,24849.9,38879.181,963355362.9029
2023-02-21 00:00:00,24849.9,25120.0,24787.2,24926.2,76679.867,1912971181.25908
2023-02-21 04:00:00,24926.2,25053.9,24855.2,25004.6,46758.131,1167207525.5163
2023-02-21 08:00:00,25004.6,25347.6,24525.0,24572.6,217844.464,5410107550.84754
2023-02-21 12:00:00,24572.6,24786.6,24388.0,24554.0,141571.537,3482794208.27499
2023-02-21 16:00:00,24554.0,24745.0,24267.2,24607.7,140748.886,3451157098.3329
2023-02-21 20:00:00,24607.7,24640.2,24150.0,24443.4,105687.69,2571925388.03268
2023-02-22 00:00:00,24443.3,24468.5,23851.5,24198.8,128324.856,3100163127.81592
2023-02-22 04:00:00,24198.7,24220.2,23925.5,24059.6,84541.648,2033516340.4865
2023-02-22 08:00:00,24059.5,24215.9,23855.3,24156.4,93248.828,2242632052.5714
2023-02-22 12:00:00,24156.4,24231.7,23621.0,23707.8,185032.015,4423883741.22812
2023-02-22 16:00:00,23707.5,23970.0,23572.0,23781.7,157258.798,3734328532.43416
2023-02-22 20:00:00,23781.7,24209.6,23730.0,24171.3,82007.956,1966414037.53882
2023-02-23 00:00:00,24171.3,24588.0,24115.0,24444.3,105146.844,2561933929.77756
2023-02-23 04:00:00,24444.3,24516.0,24301.1,24365.3,53133.37,1296761166.5111
2023-02-23 08:00:00,24365.2,24483.0,23630.0,23767.6,159754.629,3839330328.60511
2023-02-23 12:00:00,23767.6,24215.0,23590.0,23940.0,246653.668,5911677152.73662
2023-02-23 16:00:00,23940.0,24047.4,23711.5,23962.2,126451.88,3018234925.8892
2023-02-23 20:00:00,23962.3,24061.6,23750.0,23928.8,60199.023,1438739434.1413
2023-02-24 00:00:00,23928.7,24138.6,23879.0,23945.1,59502.415,1427398919.7123
2023-02-24 04:00:00,23945.1,23974.6,23754.0,23821.5,55400.746,1321313508.4031
2023-02-24 08:00:00,23821.6,23970.0,23741.5,23876.4,60283.249,1437744231.0464
2023-02-24 12:00:00,23876.3,24029.3,23310.5,23337.2,231721.267,5484211629.616
2023-02-24 16:00:00,23337.1,23339.3,22800.0,23172.3,235087.972,5429927694.85379
2023-02-24 20:00:00,23172.3,23333.0,22966.0,23175.6,89582.293,2075755568.78078
2023-02-25 00:00:00,23175.5,23210.5,23032.0,23064.9,32612.85,754048852.3249
2023-02-25 04:00:00,23064.9,23119.1,23010.1,23108.7,26914.175,620854823.5615
2023-02-25 08:00:00,23108.7,23147.6,22897.4,22974.0,59947.25,1379335524.2341
2023-02-25 12:00:00,22973.9,23075.0,22845.6,22996.4,61274.986,1407853644.41567
2023-02-25 16:00:00,22996.4,23078.7,22905.0,22975.7,46659.541,1072898258.8814
2023-02-25 20:00:00,22975.7,23176.1,22700.0,23146.2,83386.846,1914106046.52202
2023-02-26 00:00:00,23146.2,23243.2,23050.0,23201.8,38352.322,887820451.03358
2023-02-26 04:00:00,23201.8,23217.8,23077.2,23142.7,31491.179,729220631.5998
2023-02-26 08:00:00,23142.8,23286.5,23102.8,23244.2,42192.201,979346877.5853
2023-02-26 12:00:00,23244.2,23332.4,23115.4,23239.7,63502.842,1473862605.935
2023-02-26 16:00:00,23239.8,23533.0,23130.0,23491.0,93742.282,2190289067.1829
2023-02-26 20:00:00,23491.0,23675.0,23310.0,23545.3,102114.23,2402483031.9119
2023-02-27 00:00:00,23545.2,23634.9,23424.4,23541.0,47678.291,1121959151.7365
2023-02-27 04:00:00,23541.0,23547.0,23331.0,23411.1,53778.498,1260109709.1064
2023-02-27 08:00:00,23411.1,23445.9,23320.0,23420.0,46822.503,1094781359.3551
2023-02-27 12:00:00,23419.9,23888.0,23369.1,23546.5,184987.748,4377192695.04927
2023-02-27 16:00:00,23546.5,23603.9,23140.0,23262.5,166667.763,3885503702.07308
2023-02-27 20:00:00,23262.5,23580.0,23088.0,23480.0,76820.163,1793671499.61513
2023-02-28 00:00:00,23480.0,23539.0,23336.0,23454.3,44084.232,1033382539.3257
2023-02-28 04:00:00,23454.3,23456.2,23210.0,23223.3,44074.367,1028988454.9902
2023-02-28 08:00:00,23223.4,23420.0,23190.2,23381.6,51908.37,1209622383.8362
2023-02-28 12:00:00,23381.5,23571.1,23300.5,23511.2,126298.911,2961352323.422
2023-02-28 16:00:00,23511.1,23592.8,23195.1,23251.0,90462.656,2118300785.2939
2023-02-28 20:00:00,23251.1,23333.4,23010.0,23129.6,100091.302,2318270171.63671
2023-03-01 00:00:00,23129.7,23488.2,23008.4,23431.6,94869.432,2207722339.70399
2023-03-01 04:00:00,23431.6,23852.6,23414.8,23709.6,119744.837,2837105454.75648
2023-03-01 08:00:00,23709.6,24022.7,23670.3,23736.8,87997.318,2094236823.89943
2023-03-01 12:00:00,23736.9,23880.0,23558.0,23702.8,137452.515,3257163738.82774
2023-03-01 16:00:00,23702.9,23739.0,23316.3,23342.9,97637.359,2302434660.78179
2023-03-01 20:00:00,23342.8,23667.5,23281.6,23619.8,79548.85,1867408857.5566
2023-03-02 00:00:00,23619.8,23790.5,23414.1,23487.1,66503.537,1567659583.5967
2023-03-02 04:00:00,23487.1,23535.9,23325.0,23381.9,49671.496,1163425392.2782
2023-03-02 08:00:00,23381.8,23460.0,23326.3,23405.6,48950.758,1145241436.9886
2023-03-02 12:00:00,23405.7,23422.8,23183.0,23350.3,124403.213,2899905691.21708
2023-03-02 16:00:00,23350.3,23497.0,23222.1,23456.6,77176.896,1803088104.1112
2023-03-02 20:00:00,23456.7,23560.0,23372.2,23457.1,52550.701,1233292013.0791
2023-03-03 00:00:00,23457.1,23468.5,21883.2,22306.3,265796.815,5977761452.50967
2023-03-03 04:00:00,22306.4,22399.0,22234.0,22347.8,58370.469,1304177150.6075
2023-03-03 08:00:00,22347.8,22474.0,22300.0,22333.9,48913.566,1094198138.27978
2023-03-03 12:00:00,22333.9,22495.2,22120.1,22323.9,111464.429,2489668739.3042
2023-03-03 16:00:00,22324.0,22437.9,22217.2,22348.3,64926.046,1450554942.0331
2023-03-03 20:00:00,22348.3,22366.0,22126.0,22342.8,59046.812,1314849748.8357
2023-03-04 00:00:00,22342.8,22379.2,22312.1,22339.4,24078.215,538020721.2941
2023-03-04 04:00:00,22339.4,22400.0,22262.2,22346.6,29930.134,668646113.9848
2023-03-04 08:00:00,22346.6,22367.4,22311.0,22338.1,17632.287,393849682.1619
2023-03-04 12:00:00,22338.0,22390.0,22292.9,22306.3,22528.758,503340308.8971
2023-03-04 16:00:00,22306.2,22335.5,22204.0,22238.7,29511.608,657670262.9329
2023-03-04 20:00:00,22238.7,22358.5,22147.5,22335.7,51628.209,1148460661.7554
2023-03-05 00:00:00,22335.8,22650.0,22174.9,22374.2,113479.717,2546071537.4342
2023-03-05 04:00:00,22374.2,22461.8,22354.2,22365.2,30140.514,675325039.2224
2023-03-05 08:00:00,22365.2,22439.6,22302.0,22380.1,31592.0,706783962.8439
2023-03-05 12:00:00,22380.1,22480.0,22380.1,22424.4,32097.491,719984071.094
2023-03-05 16:00:00,22424.5,22450.6,22357.0,22394.0,21185.383,474822630.4208
2023-03-05 20:00:00,22394.0,22555.0,22310.0,22419.4,53766.64,1205734279.6082
2023-03-06 00:00:00,22419.3,22499.4,22240.1,22378.0,65552.847,1466936288.7284
2023-03-06 04:00:00,22378.0,22429.6,22306.0,22380.9,27604.231,617517920.3415
2023-03-06 08:00:00,22380.9,22443.9,22345.3,22370.0,29029.706,649859642.3412
2023-03-06 12:00:00,22369.9,22594.5,22348.0,22543.6,69925.596,1570429741.3818
2023-03-06 16:00:00,22543.6,22576.1,22350.0,22382.8,72720.927,1633468294.4212
2023-03-06 20:00:00,22382.9,22437.5,22307.9,22397.1,34143.09,764152598.3988
2023-03-07 00:00:00,22397.1,22550.0,22364.2,22449.1,38691.872,868978978.2513
2023-03-07 04:00:00,22449.1,22467.8,22402.5,22408.4,18027.854,404453688.8538
2023-03-07 08:00:00,22408.5,22419.7,22303.3,22339.8,42943.905,960798248.268
2023-03-07 12:00:00,22339.8,22482.6,21908.0,22307.5,241400.376,5364885284.83337
2023-03-07 16:00:00,22307.6,22387.6,22039.0,22118.6,111947.459,2490574335.60729
2023-03-07 20:00:00,22118.5,22223.4,21929.0,22187.1,95482.633,2106799682.4225
2023-03-08 00:00:00,22187.1,22276.4,22073.3,22141.8,51149.471,1134599433.8164
2023-03-08 04:00:00,22141.8,22155.5,21800.0,21962.2,89535.711,1968240357.3179
2023-03-08 08:00:00,21962.2,22135.0,21932.8,22061.2,56848.317,1252962729.5532
2023-03-08 12:00:00,22061.1,22222.0,21880.0,22129.5,148584.459,3274851861.0329
2023-03-08 16:00:00,22129.6,22209.2,21936.0,21993.7,77456.277,1708863981.8264
2023-03-08 20:00:00,21993.8,22127.4,21540.5,21695.4,124293.732,2713470190.1099
2023-03-09 00:00:00,21695.3,21798.0,21616.5,21762.6,53609.885,1164706882.2118
2023-03-09 04:00:00,21762.6,21766.0,21660.0,21680.9,30228.746,656452192.2952
2023-03-09 08:00:00,21680.9,21694.5,21511.1,21664.4,84936.59,1837361210.2517
2023-03-09 12:00:00,21664.4,21823.0,21550.0,21637.4,128925.274,2797151479.3006
2023-03-09 16:00:00,21637.4,21666.4,20750.0,20845.6,317672.041,6733794150.82098
2023-03-09 20:00:00,20845.6,20858.4,20003.5,20348.3,336530.824,6868830385.17434
2023-03-10 00:00:00,20348.4,20351.8,19752.0,20042.1,228402.264,4576687339.99459
2023-03-10 04:00:00,20042.1,20052.0,19757.0,19942.9,144189.872,2872942659.12235
2023-03-10 08:00:00,19943.0,19967.6,19521.6,19750.0,189712.34,3747277575.95622
2023-03-10 12:00:00,19749.9,20293.0,19650.0,19995.0,377610.37,7536281551.49717
2023-03-10 16:00:00,19995.0,20298.0,19815.6,20015.3,193622.34,3871248753.62017
2023-03-10 20:00:00,20014.5,20232.5,19835.0,20140.3,104598.079,2097184222.2481
2023-03-11 00:00:00,20140.3,20674.5,20124.8,20381.2,207973.491,4246583852.91559
2023-03-11 04:00:00,20381.3,20424.7,19812.2,19844.3,139732.217,2816967015.33592
2023-03-11 08:00:00,19844.4,20200.0,19752.5,20077.6,150200.028,3006463067.94022
2023-03-11 12:00:00,20077.5,20195.0,20017.3,20052.3,70208.55,1410859111.1827
2023-03-11 16:00:00,20052.3,20348.3,19968.3,20210.0,96711.737,1950537687.85939
2023-03-11 20:00:00,20209.9,20531.0,20206.7,20447.3,88653.535,1804985508.7695
2023-03-12 00:00:00,20447.3,20490.0,20298.3,20367.4,69581.272,1418949320.0499
2023-03-12 04:00:00,20367.7,20429.7,20262.2,20335.6,39349.368,800778847.814
2023-03-12 08:00:00,20335.6,20488.5,20326.8,20435.0,51563.089,1052003858.0328
2023-03-12 12:00:00,20434.9,20452.3,20270.0,20347.9,73260.469,1491893812.3364
2023-03-12 16:00:00,20347.8,21350.0,20332.5,20770.5,320423.397,6686396006.44797
2023-03-12 20:00:00,20770.6,22184.0,20750.8,21986.2,327344.807,7038855919.01692
2023-03-13 00:00:00,21986.2,22598.0,21856.0,22221.7,220127.8,4895807939.46067
2023-03-13 04:00:00,22221.8,22500.0,22213.8,22451.6,107550.891,2405146044.53661
2023-03-13 08:00:00,22451.5,22542.0,21804.0,22092.6,212765.433,4701409340.05099
2023-03-13 12:00:00,22092.6,24517.2,21945.0,24009.0,677353.141,15750630876.96101
2023-03-13 16:00:00,24009.0,24437.9,23777.0,24314.6,228551.466,5508260274.65164
2023-03-13 20:00:00,24314.6,24350.0,23935.7,24119.5,88633.445,2139593822.30053
2023-03-14 00:00:00,24119.5,24507.0,23990.0,24379.9,103809.19,2519116681.35609
2023-03-14 04:00:00,24379.9,24850.0,24148.0,24251.9,154883.625,3782950074.57172
2023-03-14 08:00:00,24252.3,24844.4,24121.7,24747.3,156510.376,3834140419.22814
2023-03-14 12:00:00,24747.4,26489.9,24405.0,25911.3,572682.237,14697773496.76979
2023-03-14 16:00:00,25911.3,26025.7,24222.0,25065.5,344601.197,8672633668.03015
2023-03-14 20:00:00,25066.4,25184.0,23951.0,24682.5,240076.01,5904619850.52422
2023-03-15 00:00:00,24682.5,25088.0,24318.0,24741.6,126773.008,3138394183.33049
2023-03-15 04:00:00,24741.6,24940.0,24609.4,24892.0,66779.179,1654864713.0552
2023-03-15 08:00:00,24892.0,24937.7,24266.0,24782.6,173691.809,4270609303.45233
2023-03-15 12:00:00,24782.6,25200.0,24364.7,24480.1,376951.657,9340376245.94927
2023-03-15 16:00:00,24480.0,24534.4,23888.0,24379.8,279276.742,6776350387.61139
2023-03-15 20:00:00,24379.8,24645.4,24222.6,24288.0,78584.034,1916961360.43485
2023-03-16 00:00:00,24287.9,24440.0,24120.5,24271.9,68553.169,1664733202.55497
2023-03-16 04:00:00,24271.9,24694.9,24178.0,24614.5,88010.463,2152492187.66213
2023-03-16 08:00:00,24614.5,25060.0,24370.0,24821.4,175784.63,4349629866.46289
2023-03-16 12:00:00,24821.4,25030.0,24516.0,24880.6,182794.492,4529335417.62231
2023-03-16 16:00:00,24880.7,25167.9,24590.9,24945.9,128630.721,3194127096.06376
2023-03-16 20:00:00,24945.9,25097.8,24602.5,24990.4,91673.471,2279732825.14702
2023-03-17 00:00:00,24990.5,25896.5,24875.3,25769.9,202957.831,5176549192.81015
2023-03-17 04:00:00,25769.9,26200.0,25638.8,26046.9,159158.385,4126134831.90518
2023-03-17 08:00:00,26046.9,26980.0,25912.5,26914.1,276537.249,7318530014.37091
2023-03-17 12:00:00,26914.1,26930.0,26120.0,26412.6,264742.761,7010303216.71982
2023-03-17 16:00:00,26412.7,26850.0,26250.0,26830.0,166531.946,4422894966.97669
2023-03-17 20:00:00,26830.0,27763.4,26571.2,27384.0,271230.892,7389118064.86833
2023-03-18 00:00:00,27383.9,27726.4,27050.0,27293.3,145608.554,3984147688.1102
2023-03-18 04:00:00,27293.4,27600.0,27205.0,27351.9,67348.421,1847160787.8717
2023-03-18 08:00:00,27351.9,27500.0,27050.0,27440.0,87883.227,2399320144.01674
2023-03-18 12:00:00,27439.9,27658.4,27037.0,27218.9,147089.406,4027337065.66546
2023-03-18 16:00:00,27218.9,27490.0,26555.5,27322.9,196552.142,5335798643.06591
2023-03-18 20:00:00,27322.8,27453.3,26790.0,26907.0,95750.566,2590727123.97673
2023-03-19 00:00:00,26907.0,27269.1,26901.6,27194.7,54712.469,1481492191.27338
2023-03-19 04:00:00,27194.8,27282.7,26815.9,26963.4,62219.778,1681302531.524
2023-03-19 08:00:00,26963.4,27192.0,26868.7,27152.2,69530.397,1879203148.48808
2023-03-19 12:00:00,27152.2,27799.9,27090.0,27534.3,164948.133,4515100858.27038
2023-03-19 16:00:00,27533.7,28383.6,27456.0,28245.3,261335.865,7308167024.80733
2023-03-19 20:00:00,28245.4,28397.0,27722.4,27955.7,146620.436,4111873921.63342
2023-03-20 00:00:00,27955.8,28048.0,27120.6,27264.3,154695.612,4262959974.97244
2023-03-20 04:00:00,27264.3,28261.9,27140.0,28168.5,139390.542,3864202106.21372
2023-03-20 08:00:00,28168.5,28483.2,27881.2,28176.8,202307.208,5701326948.6867
2023-03-20 12:00:00,28176.8,28254.3,27570.0,27679.7,185779.965,5191857456.67352
2023-03-20 16:00:00,27679.7,28031.0,27445.0,27769.5,159678.784,4423680890.5272
2023-03-20 20:00:00,27769.6,28180.8,27566.8,27704.1,95371.337,2659753244.24095
2023-03-21 00:00:00,27704.1,27940.0,27653.7,27773.0,53957.05,1500152746.8701
2023-03-21 04:00:00,27773.1,27960.7,27288.0,27490.9,105693.226,2919067485.63537
2023-03-21 08:00:00,27490.9,28172.5,27382.5,28026.1,143510.008,3996683844.46421
2023-03-21 12:00:00,28026.1,28252.5,27706.0,28028.7,166353.668,4656983218.85125
2023-03-21 16:00:00,28028.7,28460.0,27921.5,28111.3,165393.834,4661896563.17993
2023-03-21 20:00:00,28111.2,28200.0,27902.0,28091.1,50579.928,1418129884.53392
2023-03-22 00:00:00,28091.1,28286.3,27930.0,28137.7,62536.552,1756710628.73102
2023-03-22 04:00:00,28137.6,28280.0,28002.6,28088.2,54361.466,1530369190.0588
2023-03-22 08:00:00,28088.2,28213.7,27962.1,28113.5,61658.449,1732828913.5471
2023-03-22 12:00:00,28113.5,28758.1,28090.4,28586.2,220961.586,6291734510.61832
2023-03-22 16:00:00,28586.1,28881.0,26620.0,26654.1,512273.44,14304405916.02902
2023-03-22 20:00:00,26653.3,27425.3,26590.0,27233.8,168601.777,4570692545.78547
2023-03-23 00:00:00,27233.8,27421.8,27101.0,27343.7,63845.694,1742141178.1771
2023-03-23 04:00:00,27343.7,27680.0,27231.3,27616.4,84538.137,2326729062.95938
2023-03-23 08:00:00,27616.3,27735.0,27420.0,27573.4,67047.24,1848969971.4338
2023-03-23 12:00:00,27573.5,28777.0,27267.0,28574.5,280955.401,7873060381.73335
2023-03-23 16:00:00,28574.6,28645.2,27757.1,28362.5,222300.561,6267989206.34964
2023-03-23 20:00:00,28362.5,28439.0,27945.8,28284.1,89487.014,2524258106.575
2023-03-24 00:00:00,28284.0,28369.1,28120.0,28211.3,44984.892,1270352198.70774
2023-03-24 04:00:00,28211.3,28334.0,28078.4,28269.9,45073.281,1272363804.15626
2023-03-24 08:00:00,28270.0,28289.1,27312.5,27558.4,144031.611,4019317948.45739
2023-03-24 12:00:00,27558.4,28260.0,27523.0,27997.2,208669.32,5828416920.05298
2023-03-24 16:00:00,27997.2,28040.0,27501.0,27811.3,128438.58,3563113581.12012
2023-03-24 20:00:00,27811.4,27854.4,26960.0,27438.9,124877.686,3416321164.03079
2023-03-25 00:00:00,27439.0,27648.4,27400.0,27568.6,42513.558,1170165486.91988
2023-03-25 04:00:00,27568.6,27598.0,27360.0,27473.5,39018.021,1072443518.4171
2023-03-25 08:00:00,27473.5,27524.7,27302.0,27445.6,49158.275,1348154470.61606
2023-03-25 12:00:00,27445.7,27788.0,27340.0,27631.4,74902.16,2064144558.5513
2023-03-25 16:00:00,27631.4,27721.0,27131.8,27179.5,83903.179,2300179512.50349
2023-03-25 20:00:00,27179.4,27522.0,27139.7,27447.3,46178.862,1264141340.08546
2023-03-26 00:00:00,27447.2,27640.0,27400.0,27517.3,38527.41,1061183717.30488
2023-03-26 04:00:00,27517.2,27560.0,27444.7,27492.4,25075.949,689475205.5954
2023-03-26 08:00:00,27492.4,27991.5,27460.9,27852.1,73218.713,2027380648.37561
2023-03-26 12:00:00,27852.0,28186.9,27677.3,27790.1,146722.281,4094290808.46297
2023-03-26 16:00:00,27790.1,27934.7,27590.6,27814.1,49048.115,1362722719.79418
2023-03-26 20:00:00,27814.0,28138.3,27655.7,27954.3,67164.517,1875762747.30362
2023-03-27 00:00:00,27954.3,28019.4,27757.4,27878.4,44345.13,1236390339.7675
2023-03-27 04:00:00,27878.4,27929.2,27650.0,27794.5,50007.614,1389256323.59022
2023-03-27 08:00:00,27794.5,27986.8,27760.1,27879.9,51239.037,1428795337.83148
2023-03-27 12:00:00,27879.9,27917.4,26480.0,26887.3,308699.095,8393002104.32141
2023-03-27 16:00:00,26887.3,27300.0,26838.8,26956.8,134145.374,3633719988.22543
2023-03-27 20:00:00,26956.9,27246.9,26860.0,27112.0,53998.572,1461783546.41798
2023-03-28 00:00:00,27112.0,27162.5,26800.0,26955.5,65014.849,1755063510.1899
2023-03-28 04:00:00,26955.6,27132.0,26864.0,26947.2,58412.238,1576490654.4901
2023-03-28 08:00:00,26947.3,27150.0,26610.0,27046.7,128644.691,3457006356.48716
2023-03-28 12:00:00,27046.8,27200.0,26820.1,26984.9,123639.089,3334585294.95625
2023-03-28 16:00:00,26984.8,27500.0,26720.3,27412.1,151133.821,4096441286.41993
2023-03-28 20:00:00,27412.1,27482.5,27080.0,27249.7,58236.084,1587363663.21798
2023-03-29 00:00:00,27249.7,27465.7,27223.6,27354.1,46690.555,1276501864.14786
2023-03-29 04:00:00,27354.1,28210.7,27333.7,28077.7,154440.639,4298771621.91433
2023-03-29 08:00:00,28077.8,28649.9,28025.5,28347.5,170742.766,4848561733.71166
2023-03-29 12:00:00,28347.5,28589.5,28211.5,28426.3,132706.077,3766131837.90362
2023-03-29 16:00:00,28426.4,28444.0,28119.5,28406.1,91922.458,2599163380.8578
2023-03-29 20:00:00,28406.2,28500.0,28200.0,28338.5,59350.476,1683516482.484
2023-03-30 00:00:00,28338.6,29184.8,28066.0,28470.5,244943.146,7017047403.04422
2023-03-30 04:00:00,28470.4,28760.0,28425.0,28706.6,79859.667,2284421736.80251
2023-03-30 08:00:00,28706.5,28734.2,28469.0,28630.1,63603.014,1818523536.44196
2023-03-30 12:00:00,28630.0,28683.5,28146.4,28282.8,132433.793,3763771861.29094
2023-03-30 16:00:00,28282.8,28285.1,27654.1,27971.3,176918.772,4948472082.34463
2023-03-30 20:00:00,27971.4,28187.7,27762.3,28015.0,73207.708,2050604979.50365
2023-03-31 00:00:00,28015.0,28367.9,27900.0,28152.3,82802.246,2332318533.57029
2023-03-31 04:00:00,28152.2,28214.8,27500.0,27733.3,101966.835,2840422191.95997
2023-03-31 08:00:00,27733.3,27978.3,27670.0,27916.0,76287.669,2123631957.24378
2023-03-31 12:00:00,27916.0,28675.3,27860.2,28488.5,217230.739,6157320900.40929
2023-03-31 16:00:00,28488.6,28533.9,28250.1,28459.0,81771.513,2321021666.15892
2023-03-31 20:00:00,28458.9,28632.5,28322.0,28454.9,51498.288,1466608462.60412
2023-04-01 00:00:00,28454.8,28845.3,28400.0,28532.0,65781.338,1879982588.64426
2023-04-01 04:00:00,28532.1,28617.8,28328.0,28416.1,46755.745,1330722885.10522
2023-04-01 08:00:00,28416.1,28476.9,28350.0,28365.5,28874.662,820623209.4087
2023-04-01 12:00:00,28365.4,28430.0,28180.0,28387.2,49661.974,1407624279.53011
2023-04-01 16:00:00,28387.2,28430.0,28259.2,28368.3,28679.32,813313368.7859
2023-04-01 20:00:00,28368.4,28575.0,28365.0,28443.8,36734.183,1046074192.59686
2023-04-02 00:00:00,28443.7,28516.5,28340.0,28463.0,28921.926,821898477.2894
2023-04-02 04:00:00,28463.0,28483.7,28366.0,28401.3,21969.846,624572501.2802
2023-04-02 08:00:00,28401.3,28432.9,28287.0,28344.9,30770.077,872852055.65906
2023-04-02 12:00:00,28344.9,28352.5,28022.0,28110.2,92591.724,2610223026.75307
2023-04-02 16:00:00,28110.1,28218.2,27820.0,27933.7,83183.919,2334074555.13781
2023-04-02 20:00:00,27933.7,28197.6,27825.2,28161.2,59221.178,1659290812.94486
2023-04-03 00:00:00,28161.3,28171.3,27552.4,27738.1,92246.758,2562180288.97057
2023-04-03 04:00:00,27738.1,27951.9,27559.2,27946.5,59558.174,1652996261.57898
2023-04-03 08:00:00,27946.5,28540.0,27944.0,28243.4,169915.848,4806872267.59853
2023-04-03 12:00:00,28243.3,28370.0,27933.0,28032.5,141711.342,3985695604.78644
2023-04-03 16:00:00,28034.1,28230.0,27863.0,28071.8,99518.632,2791907176.22213
2023-04-03 20:00:00,28071.8,28084.0,27166.0,27786.1,178714.809,4945556731.09789
2023-04-04 00:00:00,27786.1,27950.0,27650.2,27843.7,57048.555,1586312525.11868
2023-04-04 04:00:00,27843.6,28141.6,27753.2,28013.2,58199.402,1627344408.13814
2023-04-04 08:00:00,28013.2,28450.0,27909.3,28274.6,106225.317,2997956788.39098
2023-04-04 12:00:00,28274.7,28392.5,27935.2,28011.7,113740.258,3202796489.35874
2023-04-04 16:00:00,28011.7,28250.0,27952.8,28171.1,56580.848,1590656423.7406
2023-04-04 20:00:00,28171.0,28300.0,28061.5,28155.2,40576.232,1143864340.3963
2023-04-05 00:00:00,28155.1,28800.0,28085.8,28536.1,125905.052,3592485327.4757
2023-04-05 04:00:00,28536.1,28615.0,28433.4,28515.7,38202.006,1089691515.2192
2023-04-05 08:00:00,28515.7,28593.0,28432.4,28544.0,37263.294,1062695666.2539
2023-04-05 12:00:00,28543.9,28741.0,27830.1,28014.9,208759.52,5901306122.13175
2023-04-05 16:00:00,28015.0,28300.0,27775.0,28229.1,99424.748,2786311251.15149
2023-04-05 20:00:00,28229.2,28290.0,28110.0,28154.0,34158.218,962516602.3259
2023-04-06 00:00:00,28154.0,28166.7,27855.0,28117.4,57949.765,1623780894.99252
2023-04-06 04:00:00,28117.4,28117.5,27889.0,27896.8,36721.731,1028840854.89638
2023-04-06 08:00:00,27896.7,28024.6,27684.2,27934.9,78981.475,2200854903.5441
2023-04-06 12:00:00,27935.0,28175.0,27724.0,28079.3,102413.306,2862261445.91764
2023-04-06 16:00:00,28079.3,28156.2,27931.3,28005.0,45472.386,1275122910.89158
2023-04-06 20:00:00,28005.0,28112.0,27873.5,28022.8,34378.119,962449698.5514
2023-04-07 00:00:00,28022.9,28096.0,27911.0,28022.2,27954.246,783108474.0426
2023-04-07 04:00:00,28022.2,28052.2,27755.0,27822.0,43965.699,1226843492.1924
2023-04-07 08:00:00,27822.1,27954.0,27772.6,27830.0,47983.634,1337077632.02
2023-04-07 12:00:00,27829.9,27981.1,27776.5,27930.2,58901.765,1642831389.4064
2023-04-07 16:00:00,27930.2,27940.6,27842.2,27886.4,18629.237,519559951.9427
2023-04-07 20:00:00,27886.3,27975.0,27822.9,27890.7,21815.597,608624852.9104
2023-04-08 00:00:00,27890.7,28069.9,27850.1,28005.9,26709.114,746356833.841
2023-04-08 04:00:00,28005.9,28153.6,27954.0,28073.8,38189.946,1072168967.69424
2023-04-08 08:00:00,28073.8,28107.7,27975.5,27997.7,22421.507,628466073.0293
2023-04-08 12:00:00,27997.7,28047.9,27925.1,28004.3,23432.443,655930127.56758
2023-04-08 16:00:00,28004.3,28010.5,27855.0,27909.1,29141.062,813716353.4819
2023-04-08 20:00:00,27909.2,27977.1,27866.4,27924.9,19235.488,537094783.2993
2023-04-09 00:00:00,27924.9,28078.1,27907.7,28012.0,30081.571,842943685.5244
2023-04-09 04:00:00,28011.9,28055.0,27820.0,27888.2,47649.419,1330187233.9009
2023-04-09 08:00:00,27888.2,27927.0,27762.8,27919.3,31551.572,879458414.1048
2023-04-09 12:00:00,27919.3,27960.0,27777.0,27873.6,35449.263,988065770.8909
2023-04-09 16:00:00,27873.6,28290.6,27860.3,28132.4,69130.263,1941117202.28289
2023-04-09 20:00:00,28132.4,28539.1,28077.1,28309.4,91999.792,2607345409.9571
2023-04-10 00:00:00,28309.4,28420.0,28230.0,28269.8,39158.156,1108644632.7494
2023-04-10 04:00:00,28269.8,28308.0,28180.0,28278.2,32457.91,916926200.6026
2023-04-10 08:00:00,28278.3,28383.0,28258.7,28294.3,33714.023,954494217.5261
2023-04-10 12:00:00,28294.3,28590.0,28153.6,28427.7,91957.051,2606720851.22066
2023-04-10 16:00:00,28427.7,29300.0,28368.9,29164.9,244253.752,7086678675.85372
2023-04-10 20:00:00,29164.9,29840.0,29058.0,29623.1,138521.033,4086109628.46351
2023-04-11 00:00:00,29623.1,30491.0,29573.9,30105.8,202989.715,6097405132.74784
2023-04-11 04:00:00,30105.7,30160.0,29752.1,30095.3,75212.768,2258269707.7827
2023-04-11 08:00:00,30095.3,30140.0,29966.0,30045.0,53203.501,1599732173.938
2023-04-11 12:00:00,30045.1,30280.0,29938.9,30179.4,117522.262,3540363683.48796
2023-04-11 16:00:00,30179.5,30564.0,30017.8,30121.9,112939.472,3416079965.44292
2023-04-11 20:00:00,30122.0,30269.9,29896.0,30185.1,67110.773,2021570619.11025
2023-04-12 00:00:00,30185.1,30350.0,29811.0,29914.8,93503.58,2808320241.50422
2023-04-12 04:00:00,29914.8,30063.0,29829.5,29979.4,47788.578,1430809077.2251
2023-04-12 08:00:00,29979.5,30041.2,29881.4,30003.7,37903.678,1135899418.9415
2023-04-12 12:00:00,30003.7,30480.0,29620.0,29948.0,266359.4,8017304127.29863
2023-04-12 16:00:00,29948.0,30087.7,29736.0,29789.5,77609.156,2323318110.3657
2023-04-12 20:00:00,29789.5,29970.0,29761.9,29875.0,40504.038,1210339358.4062
2023-04-13 00:00:00,29874.9,30270.0,29836.7,30057.3,52435.953,1575004118.43696
2023-04-13 04:00:00,30057.2,30120.0,29980.1,30054.1,28862.315,867351012.4942
2023-04-13 08:00:00,30054.0,30369.0,30025.7,30149.2,92038.937,2779241764.01582
2023-04-13 12:00:00,30149.1,30648.9,30116.5,30422.5,147335.344,4469851360.85734
2023-04-13 16:00:00,30422.6,30539.7,30242.1,30323.1,76467.563,2322848107.57418
2023-04-13 20:00:00,30323.0,30385.2,30185.0,30362.7,39042.382,1182255820.14909
2023-04-14 00:00:00,30362.7,30950.0,30293.0,30684.6,143783.626,4413222889.17422
2023-04-14 04:00:00,30684.5,31059.0,30665.9,30739.9,95052.482,2930391684.98152
2023-04-14 08:00:00,30739.9,30819.3,30647.0,30790.0,51819.143,1593152150.2479
2023-04-14 12:00:00,30789.9,30840.0,30080.1,30226.7,173876.177,5301978811.8097
2023-04-14 16:00:00,30226.7,30340.8,29925.0,30311.2,102233.968,3085413379.75745
2023-04-14 20:00:00,30311.1,30500.0,30260.0,30453.1,48626.219,1479057752.21021
2023-04-15 00:00:00,30453.0,30599.9,30270.0,30367.1,41220.216,1253534218.82659
2023-04-15 04:00:00,30367.0,30464.0,30327.4,30416.6,20229.732,614648294.3839
2023-04-15 08:00:00,30416.6,30460.0,30340.6,30371.0,24960.612,758887798.744
2023-04-15 12:00:00,30370.9,30432.1,30270.7,30319.9,32820.069,996381116.6452
2023-04-15 16:00:00,30319.9,30333.0,30186.0,30318.8,38861.655,1176275196.11489
2023-04-15 20:00:00,30318.9,30350.0,30220.4,30280.4,22141.798,670811100.034
2023-04-16 00:00:00,30280.4,30311.0,30102.0,30249.0,26508.945,801141079.22812
2023-04-16 04:00:00,30249.0,30397.4,30240.5,30330.8,21303.215,645723694.08456
2023-04-16 08:00:00,30330.8,30345.1,30210.0,30220.1,23037.583,697499779.5466
2023-04-16 12:00:00,30220.1,30363.2,30142.5,30324.7,40131.078,1214365412.79018
2023-04-16 16:00:00,30324.7,30560.0,30252.3,30306.0,57612.65,1751917510.88079
2023-04-16 20:00:00,30306.0,30399.9,30170.9,30286.6,41632.548,1261524525.90243
2023-04-17 00:00:00,30286.6,30307.4,29714.1,29966.5,111581.657,3342124407.99632
2023-04-17 04:00:00,29966.5,29994.6,29822.0,29831.1,33276.831,995610109.8246
2023-04-17 08:00:00,29831.2,29913.6,29283.8,29558.1,93915.974,2787480848.65959
2023-04-17 12:00:00,29558.1,29589.4,29219.9,29346.5,131855.384,3877899172.91268
2023-04-17 16:00:00,29346.5,29565.0,29316.3,29459.6,55047.782,1621426248.91544
2023-04-17 20:00:00,29459.6,29524.0,29370.0,29420.0,29840.92,878694385.8403
2023-04-18 00:00:00,29420.1,29485.0,29078.1,29431.7,65673.969,1925481552.84167
2023-04-18 04:00:00,29431.6,29790.0,29426.6,29756.8,59863.93,1773491602.07946
2023-04-18 08:00:00,29756.8,30378.0,29678.2,30369.7,120369.892,3613295611.9099
2023-04-18 12:00:00,30369.7,30480.0,30082.8,30170.2,143790.876,4354219622.70112
2023-04-18 16:00:00,30170.1,30269.7,29927.6,30205.8,89098.27,2684623958.71435
2023-04-18 20:00:00,30205.8,30450.0,30132.9,30365.8,54392.333,1649483438.50686
2023-04-19 00:00:00,30365.8,30410.0,30107.2,30199.9,42292.844,1279349292.60372
2023-04-19 04:00:00,30199.9,30326.9,29960.0,30064.8,57670.911,1737069433.9142
2023-04-19 08:00:00,30064.7,30067.1,28800.0,29299.9,224711.531,6583428660.01443
2023-04-19 12:00:00,29300.0,29490.0,29015.0,29247.9,98329.93,2880598763.21082
2023-04-19 16:00:00,29248.0,29357.2,29033.0,29210.6,61620.315,1802690066.02278
2023-04-19 20:00:00,29210.5,29309.7,28557.3,28795.1,159240.579,4607686531.00936
2023-04-20 00:00:00,28795.0,28994.4,28520.2,28850.1,91900.129,2647338950.9208
2023-04-20 04:00:00,28850.0,29078.0,28803.5,28857.7,58960.584,1704897875.703
2023-04-20 08:00:00,28857.7,28938.0,28575.6,28601.6,68189.911,1961852094.3875
2023-04-20 12:00:00,28601.5,28940.0,28300.0,28492.3,164293.111,4712963034.64566
2023-04-20 16:00:00,28492.4,28650.0,27983.0,28091.2,186202.872,5277184106.34162
2023-04-20 20:00:00,28091.2,28358.4,27995.1,28229.9,69632.679,1964322964.79556
2023-04-21 00:00:00,28229.9,28368.9,28076.1,28309.1,58395.542,1648645484.3955
2023-04-21 04:00:00,28309.2,28332.3,27800.0,28142.3,119795.709,3357784333.69807
2023-04-21 08:00:00,28142.4,28225.8,27904.4,28054.5,80831.36,2267150073.83008
2023-04-21 12:00:00,28054.5,28300.0,27954.4,28032.8,126677.763,3563100200.67609
2023-04-21 16:00:00,28032.8,28086.4,27188.0,27273.6,211114.733,5835342382.58954
2023-04-21 20:00:00,27273.6,27400.0,27100.0,27252.5,91017.726,2482799699.93759
2023-04-22 00:00:00,27252.6,27360.0,27126.0,27309.9,45729.471,1246370401.65556
2023-04-22 04:00:00,27309.9,27387.8,27204.5,27268.4,36075.068,985125888.3222
2023-04-22 08:00:00,27268.4,27310.0,27166.0,27276.1,42889.652,1168174994.96868
2023-04-22 12:00:00,27276.1,27556.1,27219.5,27477.1,82203.755,2251309949.76454
2023-04-22 16:00:00,27477.1,27780.0,27470.5,27604.7,86509.805,2389329189.0387
2023-04-22 20:00:00,27604.6,27888.0,27554.6,27807.2,52141.27,1446621140.09252
2023-04-23 00:00:00,27807.2,27807.3,27390.3,27545.2,66658.757,1837778917.32778
2023-04-23 04:00:00,27545.2,27738.5,27519.2,27704.6,32611.861,900369150.8122
2023-04-23 08:00:00,27704.7,27760.0,27463.4,27632.8,49943.657,1378845913.851
2023-04-23 12:00:00,27632.8,27729.0,27279.7,27460.2,70478.522,1940021734.22536
2023-04-23 16:00:00,27460.2,27679.6,27307.0,27453.3,74820.167,2056870844.06574
2023-04-23 20:00:00,27453.3,27642.6,27388.3,27576.0,37569.391,1034168334.40928
2023-04-24 00:00:00,27575.9,28000.0,27410.0,27780.0,99571.446,2762542252.84563
2023-04-24 04:00:00,27780.1,27782.3,27331.0,27440.8,65884.391,1814763177.63627
2023-04-24 08:00:00,27440.9,27544.0,27140.0,27540.0,101737.772,2780949340.48121
2023-04-24 12:00:00,27539.9,27700.0,27208.0,27256.0,135196.378,3711698212.98184
2023-04-24 16:00:00,27255.9,27577.0,26919.3,27373.8,141565.215,3860181959.50826
2023-04-24 20:00:00,27373.8,27547.1,27305.2,27497.5,37313.066,1023683974.8875
2023-04-25 00:00:00,27497.4,27583.6,27305.3,27337.6,43907.361,1204136728.76014
2023-04-25 04:00:00,27337.6,27452.8,27222.7,27252.3,45282.567,1238376146.9306
2023-04-25 08:00:00,27252.4,27430.0,27176.6,27382.1,66538.637,1818263429.3989
2023-04-25 12:00:00,27382.2,27466.0,27200.0,27329.5,74964.782,2049647720.5968
2023-04-25 16:00:00,27329.5,27787.5,27302.4,27596.1,115386.167,3178022007.43398
2023-04-25 20:00:00,27596.2,28379.9,27596.2,28286.7,162175.001,4557366505.33031
2023-04-26 00:00:00,28286.7,28473.0,28232.8,28296.2,71407.185,2024509601.9507
2023-04-26 04:00:00,28296.1,28588.0,28285.9,28365.0,62803.722,1782335834.06983
2023-04-26 08:00:00,28364.9,29146.4,28357.1,28940.7,213528.425,6150917509.83589
2023-04-26 12:00:00,28940.7,30048.2,28940.6,29803.0,306318.812,9088141068.81204
2023-04-26 16:00:00,29803.1,29899.0,27644.2,27871.9,297334.63,8584216568.6371
2023-04-26 20:00:00,27871.9,28729.1,27200.0,28395.9,333531.894,9343429581.63539
2023-04-27 00:00:00,28396.0,29480.0,28365.3,28876.6,231823.014,6719884131.2755
2023-04-27 04:00:00,28876.6,29272.6,28612.7,28880.0,112459.212,3256536272.01752
2023-04-27 08:00:00,28880.1,29139.2,28768.0,28921.2,98201.412,2844150819.13482
2023-04-27 12:00:00,28921.2,29600.0,28650.0,29136.7,206699.481,6004047283.92739
2023-04-27 16:00:00,29136.6,29898.0,29001.0,29659.9,204824.129,6045769034.65214
2023-04-27 20:00:00,29659.9,29781.7,29239.2,29459.0,98577.491,2912385355.55719
2023-04-28 00:00:00,29459.0,29591.1,29314.9,29412.8,78696.354,2317530524.09322
2023-04-28 04:00:00,29412.8,29560.9,29382.9,29473.9,49552.737,1460038950.94074
2023-04-28 08:00:00,29473.8,29493.7,29110.4,29226.0,86710.553,2537330521.45057
2023-04-28 12:00:00,29225.9,29463.3,28870.0,29133.9,170065.295,4955368540.28015
2023-04-28 16:00:00,29134.0,29433.4,29080.3,29317.6,89994.009,2631369580.67928
2023-04-28 20:00:00,29317.6,29417.9,29250.0,29300.0,33331.207,977662609.5933
2023-04-29 00:00:00,29300.0,29387.7,29180.0,29328.8,39776.622,1165451657.7933
2023-04-29 04:00:00,29328.8,29443.9,29275.0,29333.9,36929.533,1083732118.4282
2023-04-29 08:00:00,29333.8,29349.9,29225.0,29323.4,35064.791,1026636867.5675
2023-04-29 12:00:00,29323.4,29385.0,29200.2,29258.1,38754.353,1136094881.8641
2023-04-29 16:00:00,29258.0,29300.0,29000.4,29222.0,47665.322,1390575063.96052
2023-04-29 20:00:00,29222.1,29258.6,29115.6,29212.7,19822.623,578736366.0703
2023-04-30 00:00:00,29212.7,29217.7,29067.4,29168.0,25444.574,741312703.7806
2023-04-30 04:00:00,29168.0,29287.5,29158.6,29252.0,24448.044,714639504.8987
2023-04-30 08:00:00,29251.9,29349.9,29150.0,29184.6,33318.971,974388419.40228
2023-04-30 12:00:00,29184.6,29950.0,29169.9,29644.2,142401.479,4216873539.16601
2023-04-30 16:00:00,29644.4,29860.0,29200.0,29346.0,117019.249,3458024459.97557
2023-04-30 20:00:00,29346.0,29471.0,29145.3,29223.0,75166.529,2203330516.00339
2023-05-01 00:00:00,29223.0,29325.5,28333.0,28545.6,143426.63,4121324590.02102
2023-05-01 04:00:00,28545.6,28700.0,28200.0,28610.0,77991.238,2223717819.04177
2023-05-01 08:00:00,28609.9,28659.2,28464.6,28510.6,39461.984,1126488407.7251
2023-05-01 12:00:00,28510.6,28618.0,28052.1,28158.3,130179.626,3688901949.34935
2023-05-01 16:00:00,28158.5,28402.3,27780.0,27833.9,148882.2,4182103888.68689
2023-05-01 20:00:00,27833.9,28143.0,27650.0,28054.4,85032.81,2372993526.32724
2023-05-02 00:00:00,28054.5,28131.9,27899.7,28031.9,44341.09,1241580419.88968
2023-05-02 04:00:00,28031.9,28158.0,27854.0,28045.0,39868.257,1116406659.24734
2023-05-02 08:00:00,28045.1,28121.8,27921.6,28076.1,39176.734,1097673165.56978
2023-05-02 12:00:00,28076.2,28778.0,27900.0,28521.1,231570.662,6564429928.29277
2023-05-02 16:00:00,28521.0,28888.0,28412.0,28676.4,110133.821,3152761662.55799
2023-05-02 20:00:00,28676.5,28820.0,28600.6,28656.5,48455.705,1390299577.5618
2023-05-03 00:00:00,28656.4,28682.1,28324.4,28505.4,58108.623,1656344788.02888
2023-05-03 04:00:00,28505.5,28674.0,28407.3,28638.3,44177.432,1261075134.1175
2023-05-03 08:00:00,28638.4,28758.9,28515.0,28535.1,52281.205,1497098177.04306
2023-05-03 12:00:00,28535.0,28567.0,28080.0,28292.7,135071.937,3821706071.46254
2023-05-03 16:00:00,28292.6,28800.0,28200.0,28308.8,229709.193,6540451510.01632
2023-05-03 20:00:00,28308.8,29258.4,28267.3,29018.4,157117.84,4540650732.17692
2023-05-04 00:00:00,29018.4,29176.6,28938.5,29084.7,48827.682,1418091924.5732
2023-05-04 04:00:00,29084.7,29228.1,29022.4,29048.6,50341.471,1465750261.553
2023-05-04 08:00:00,29048.7,29380.0,28967.4,29145.0,78089.723,2277857942.44245
2023-05-04 12:00:00,29145.0,29221.5,28660.0,28850.0,145934.75,4214656741.9984
2023-05-04 16:00:00,28850.0,28966.0,28660.0,28883.2,73790.969,2126806471.393
2023-05-04 20:00:00,28883.2,28913.3,28731.2,28826.0,29440.989,848390093.6805
2023-05-05 00:00:00,28826.0,29551.0,28802.8,29187.0,115027.039,3359783550.77092
2023-05-05 04:00:00,29187.0,29264.3,29025.0,29059.0,52721.949,1537098354.25572
2023-05-05 08:00:00,29058.9,29185.6,29010.0,29137.5,44105.557,1283030008.08281
2023-05-05 12:00:00,29137.6,29437.5,28618.3,29347.4,192645.919,5611955720.14394
2023-05-05 16:00:00,29347.5,29693.0,29304.0,29548.7,133203.275,3931405420.55307
2023-05-05 20:00:00,29548.7,29650.0,29440.0,29491.5,40781.438,1203950677.0544
2023-05-06 00:00:00,29491.5,29840.0,29335.0,29360.1,76988.632,2276441867.01248
2023-05-06 04:00:00,29360.0,29430.0,29225.3,29350.2,42728.114,1253975762.23083
2023-05-06 08:00:00,29350.2,29359.2,29108.0,29264.5,58055.462,1698514522.17399
2023-05-06 12:00:00,29264.5,29266.7,28333.0,28557.9,181672.364,5225997753.05422
2023-05-06 16:00:00,28557.9,28963.9,28519.4,28831.9,77210.531,2222131810.16929
2023-05-06 20:00:00,28831.9,28869.9,28620.2,28837.8,38973.798,1121835677.198
2023-05-07 00:00:00,28837.9,29137.0,28730.2,28790.8,63343.561,1830321348.19693
2023-05-07 04:00:00,28790.8,28943.0,28771.9,28891.9,27761.69,801381356.5212
2023-05-07 08:00:00,28891.8,28950.0,28691.2,28826.5,44539.548,1283918196.8655
2023-05-07 12:00:00,28826.5,29088.3,28825.0,28933.1,58996.19,1707798488.8809
2023-05-07 16:00:00,28933.1,29019.9,28753.6,28894.0,46812.975,1352143990.1475
2023-05-07 20:00:00,28894.0,28947.7,28370.0,28419.4,66956.679,1920791279.74526
2023-05-08 00:00:00,28419.5,28624.6,28000.0,28188.0,142837.352,4040365927.5021
2023-05-08 04:00:00,28188.1,28249.0,27800.0,27957.8,82354.151,2312412362.18719
2023-05-08 08:00:00,27957.7,27977.6,27550.0,27922.2,108980.277,3032534620.30007
2023-05-08 12:00:00,27922.2,28074.9,27651.5,27874.1,110121.512,3068480538.1998
2023-05-08 16:00:00,27874.2,27918.0,27260.9,27329.1,148637.52,4091222195.23393
2023-05-08 20:00:00,27329.0,27686.5,27250.0,27659.8,65257.965,1794462393.31238
2023-05-09 00:00:00,27659.8,27747.9,27528.2,27612.5,46056.079,1272192456.1364
2023-05-09 04:00:00,27612.4,27661.7,27423.9,27649.3,47560.102,1310025371.6453
2023-05-09 08:00:00,27649.3,27719.0,27502.3,27663.9,42312.157,1167580728.1475
2023-05-09 12:00:00,27663.9,27815.6,27316.8,27385.8,119288.926,3290036429.48026
2023-05-09 16:00:00,27385.8,27739.6,27334.6,27704.7,78744.119,2170562072.26098
2023-05-09 20:00:00,27704.7,27769.4,27501.3,27610.2,33703.303,930979688.797
2023-05-10 00:00:00,27610.2,27848.7,27605.0,27668.8,47318.156,1311215357.60562
2023-05-10 04:00:00,27668.9,27712.0,27507.0,27532.4,32310.414,891897397.66168
2023-05-10 08:00:00,27532.3,27669.8,27457.8,27660.7,39879.662,1099455762.9711
2023-05-10 12:00:00,27660.6,28297.0,27623.4,28141.2,213950.08,6001231621.83083
2023-05-10 16:00:00,28141.2,28290.0,26666.6,27683.6,289613.92,7950326729.8401
2023-05-10 20:00:00,27683.6,27979.8,27177.0,27582.9,99430.444,2747765930.3402
2023-05-11 00:00:00,27583.0,27611.5,27352.3,27435.1,56879.457,1563684500.96496
2023-05-11 04:00:00,27435.1,27544.1,27382.4,27437.5,39192.274,1076570011.9986
2023-05-11 08:00:00,27437.5,27478.6,27220.0,27393.2,55275.014,1514130116.3857
2023-05-11 12:00:00,27393.2,27630.0,26924.0,27166.3,187266.555,5104506716.23237
2023-05-11 16:00:00,27166.3,27214.4,26688.8,26831.4,146708.743,3948797855.07034
2023-05-11 20:00:00,26831.5,27050.8,26787.3,26956.4,53500.32,1441430159.0916
2023-05-12 00:00:00,26956.4,27090.0,26515.0,26574.8,90812.315,2428955517.57565
2023-05-12 04:00:00,26574.7,26699.2,26100.1,26294.1,131694.685,3469452074.94754
2023-05-12 08:00:00,26294.0,26425.8,26220.0,26333.0,54978.691,1448095313.2326
2023-05-12 12:00:00,26332.9,26599.4,26254.2,26307.7,98862.763,2610545556.95559
2023-05-12 16:00:00,26307.6,26480.0,25751.0,26445.2,132224.157,3458559331.94776
2023-05-12 20:00:00,26445.1,26882.8,26347.5,26785.1,107072.897,2850922182.99945
2023-05-13 00:00:00,26785.2,26974.1,26678.5,26794.6,56653.067,1519933743.2612
2023-05-13 04:00:00,26794.6,26862.9,26674.9,26759.3,32070.296,858160352.0566
2023-05-13 08:00:00,26759.2,26864.8,26727.3,26814.3,27857.048,746497577.5357
2023-05-13 12:00:00,26814.4,26897.0,26722.8,26802.0,40717.301,1091401378.4722
2023-05-13 16:00:00,26802.0,27051.5,26755.0,26822.6,54284.517,1457952777.60552
2023-05-13 20:00:00,26822.6,26928.6,26730.0,26762.7,31112.7,835207847.5963
2023-05-14 00:00:00,26762.8,26865.4,26557.0,26853.6,47551.697,1270868677.08925
2023-05-14 04:00:00,26853.6,26888.7,26778.2,26839.9,20315.573,545124322.1901
2023-05-14 08:00:00,26839.9,26879.2,26780.0,26794.8,18182.978,487653526.6529
2023-05-14 12:00:00,26794.8,27200.0,26730.0,27071.4,86298.935,2327455422.54989
2023-05-14 16:00:00,27071.4,27115.1,26809.0,26865.0,53779.117,1448718395.5729
2023-05-14 20:00:00,26865.0,26947.2,26826.6,26901.9,21451.127,576867827.8844
2023-05-15 00:00:00,26901.9,27279.0,26694.4,27216.3,100134.61,2707659048.6764
2023-05-15 04:00:00,27216.4,27550.0,27165.1,27398.6,93928.69,2569898482.62797
2023-05-15 08:00:00,27398.6,27472.5,27288.0,27323.2,39961.711,1094175065.41256
2023-05-15 12:00:00,27323.2,27525.0,27200.0,27383.0,79836.823,2184423699.4391
2023-05-15 16:00:00,27383.0,27650.0,27300.6,27410.1,97469.17,2677564568.85625
2023-05-15 20:00:00,27410.1,27410.1,27100.0,27152.5,38932.072,1061730858.85298
2023-05-16 00:00:00,27152.5,27284.7,26832.0,27118.7,90185.098,2439151219.4765
2023-05-16 04:00:00,27118.7,27243.6,26971.0,27240.6,49329.282,1337491386.28278
2023-05-16 08:00:00,27240.6,27274.2,26978.6,27049.3,62608.697,1697097788.3597
2023-05-16 12:00:00,27049.3,27127.4,26880.1,27027.9,89162.317,2408573520.6957
2023-05-16 16:00:00,27027.9,27144.0,26862.0,26917.9,53087.558,1434174846.6595
2023-05-16 20:00:00,26917.9,27046.2,26881.2,27024.8,28799.999,776922408.9427
2023-05-17 00:00:00,27024.7,27238.5,26969.7,27052.1,48161.97,1305342198.24488
2023-05-17 04:00:00,27052.1,27092.4,26700.0,26831.9,53789.861,1448160228.37922
2023-05-17 08:00:00,26831.8,26907.5,26558.0,26626.5,84616.009,2263006072.35647
2023-05-17 12:00:00,26626.4,26830.0,26527.5,26788.0,106131.008,2833126103.41978
2023-05-17 16:00:00,26788.1,27441.7,26730.0,27377.1,129947.055,3521986556.37544
2023-05-17 20:00:00,27377.0,27500.0,27259.5,27395.8,67419.315,1844730687.8368
2023-05-18 00:00:00,27395.7,27482.7,27280.0,27357.3,35846.271,980663862.4751
2023-05-18 04:00:00,27357.2,27445.9,27139.0,27375.1,61937.26,1689376871.93044
2023-05-18 08:00:00,27375.1,27429.2,27320.3,27391.9,42133.547,1153398472.1201
2023-05-18 12:00:00,27391.8,27471.5,27007.1,27075.2,145244.456,3954901547.36192
2023-05-18 16:00:00,27075.2,27100.0,26335.3,26719.3,200861.276,5365861288.35937
2023-05-18 20:00:00,26719.3,27060.0,26671.1,26809.3,58949.169,1583234091.5685
2023-05-19 00:00:00,26809.4,26922.5,26733.4,26825.0,37542.604,1006846469.17552
2023-05-19 04:00:00,26825.0,26950.0,26801.5,26841.9,28781.823,773466674.8434
2023-05-19 08:00:00,26842.0,26918.6,26773.0,26843.8,32361.524,868576000.254
2023-05-19 12:00:00,26843.8,27180.0,26611.2,26869.9,157634.157,4238886804.37383
2023-05-19 16:00:00,26870.0,26966.8,26763.2,26826.4,50110.954,1346545718.62972
2023-05-19 20:00:00,26826.5,26913.7,26791.0,26870.1,17666.894,474451097.0932
2023-05-20 00:00:00,26870.1,26902.0,26813.5,26849.2,13932.879,374052707.927
2023-05-20 04:00:00,26849.2,26862.1,26824.8,26841.8,9537.697,256034546.2044
2023-05-20 08:00:00,26841.9,26911.0,26841.8,26868.6,15215.481,408937596.7336
2023-05-20 12:00:00,26868.5,26969.8,26857.1,26936.0,25544.438,687279317.5301
2023-05-20 16:00:00,26936.0,27144.4,26900.1,27054.3,52033.7,1406918203.7661
2023-05-20 20:00:00,27054.3,27129.9,26952.8,27089.5,21251.159,574474908.9481
2023-05-21 00:00:00,27089.6,27288.0,27050.0,27166.5,38117.636,1035943184.23955
2023-05-21 04:00:00,27166.4,27166.5,27031.0,27044.5,23955.74,649005543.0958
2023-05-21 08:00:00,27044.6,27077.7,26750.0,26818.1,59909.536,1612987172.90692
2023-05-21 12:00:00,26818.0,26969.6,26788.0,26885.0,50401.693,1354902581.3394
2023-05-21 16:00:00,26885.1,26928.0,26817.0,26889.2,24421.545,656234812.3551
2023-05-21 20:00:00,26889.1,26915.0,26642.0,26732.8,41970.275,1122796583.96974
2023-05-22 00:00:00,26732.8,26772.4,26500.0,26637.7,60333.993,1606145944.66619
2023-05-22 04:00:00,26637.7,26898.9,26630.4,26830.7,46118.467,1235245782.35342
2023-05-22 08:00:00,26830.8,26892.4,26750.0,26819.9,31113.301,834611736.8078
2023-05-22 12:00:00,26819.9,27097.8,26690.0,26863.2,129893.083,3493351748.06182
2023-05-22 16:00:00,26863.3,26927.6,26765.0,26857.0,41038.257,1101760644.72732
2023-05-22 20:00:00,26857.0,26955.9,26818.0,26840.2,19533.419,525014836.8638
2023-05-23 00:00:00,26840.2,27430.0,26782.6,27354.6,112108.995,3042695028.80481
2023-05-23 04:00:00,27354.7,27527.5,27202.2,27295.8,83809.328,2292564500.55133
2023-05-23 08:00:00,27295.8,27344.0,27243.2,27326.9,32695.377,892419494.7156
2023-05-23 12:00:00,27327.0,27383.0,27159.3,27310.7,63502.505,1732442231.70318
2023-05-23 16:00:00,27310.8,27319.4,27080.0,27171.6,55692.994,1514264255.7399
2023-05-23 20:00:00,27171.7,27244.0,27139.0,27209.9,21367.419,581135649.236
2023-05-24 00:00:00,27209.9,27212.9,26644.2,26770.0,105289.512,2832789850.29126
2023-05-24 04:00:00,26770.0,26810.0,26566.5,26664.2,72171.252,1928814158.98383
2023-05-24 08:00:00,26664.2,26834.0,26650.0,26731.7,47356.312,1265978386.20182
2023-05-24 12:00:00,26731.7,26731.7,26060.0,26306.9,189840.762,5000673894.26554
2023-05-24 16:00:00,26306.9,26387.3,26145.4,26241.6,69968.498,1837038751.7392
2023-05-24 20:00:00,26241.6,26476.0,26228.2,26313.8,50565.341,1333426055.9433
2023-05-25 00:00:00,26313.9,26384.5,25850.0,26171.0,94944.153,2478460518.42721
2023-05-25 04:00:00,26171.1,26289.0,26111.0,26118.9,40575.044,1063438693.00614
2023-05-25 08:00:00,26118.9,26345.3,26107.8,26282.5,40284.053,1056669742.8856
2023-05-25 12:00:00,26282.5,26489.5,26151.4,26216.9,110196.106,2902615215.15644
2023-05-25 16:00:00,26216.9,26644.0,26193.5,26457.9,80074.61,2114028469.75789
2023-05-25 20:00:00,26458.0,26545.8,26420.6,26461.8,28461.259,753318299.2479
2023-05-26 00:00:00,26461.7,26532.0,26324.2,26425.7,38579.969,1019497869.8331
2023-05-26 04:00:00,26425.7,26527.8,26313.9,26491.3,34980.918,923892188.5779
2023-05-26 08:00:00,26491.2,26547.3,26411.0,26451.9,32939.619,871710077.2135
2023-05-26 12:00:00,26451.8,26925.0,26342.9,26737.5,137774.569,3674536540.59436
2023-05-26 16:00:00,26737.5,26829.0,26601.0,26755.2,61511.083,1644151975.21922
2023-05-26 20:00:00,26755.3,26796.6,26670.0,26689.9,18689.388,499521774.8856
2023-05-27 00:00:00,26689.8,26775.8,26621.0,26739.5,21434.056,572083305.2043
2023-05-27 04:00:00,26739.6,26776.4,26695.2,26715.3,15097.708,403550897.7197
2023-05-27 08:00:00,26715.2,26726.2,26655.1,26687.7,19863.179,530055425.8508
2023-05-27 12:00:00,26687.6,26774.9,26528.6,26682.1,47080.958,1255307046.5825
2023-05-27 16:00:00,26682.2,26845.8,26605.0,26721.6,38259.082,1022614688.26032
2023-05-27 20:00:00,26721.7,26890.0,26714.5,26841.6,21946.952,587902781.7877
2023-05-28 00:00:00,26841.6,27240.5,26746.0,27174.4,89784.52,2429618782.32445
2023-05-28 04:00:00,27174.5,27279.0,27113.4,27218.9,40838.873,1110311286.1829
2023-05-28 08:00:00,27219.0,27387.0,27127.8,27146.0,42170.252,1147434539.90474
2023-05-28 12:00:00,27145.9,27266.0,27081.7,27264.1,37547.894,1020513599.6658
2023-05-28 16:00:00,27264.1,27780.0,27200.1,27518.4,113292.894,3113994964.41144
2023-05-28 20:00:00,27518.5,28252.8,27515.1,28055.7,116480.961,3257901993.47048
2023-05-29 00:00:00,28055.8,28442.0,27904.0,27947.9,103587.637,2920579058.12265
2023-05-29 04:00:00,27948.0,28040.0,27822.7,27895.0,60707.279,1695957796.61591
2023-05-29 08:00:00,27895.0,27966.7,27730.0,27908.1,48976.302,1365144665.8964
2023-05-29 12:00:00,27908.1,27945.4,27570.6,27622.1,81226.571,2254282645.86722
2023-05-29 16:00:00,27622.0,27734.4,27513.5,27624.0,75215.644,2077855472.71078
2023-05-29 20:00:00,27624.1,27803.5,27533.8,27722.0,41577.116,1150710296.35822
2023-05-30 00:00:00,27722.1,27933.0,27569.3,27815.0,45946.311,1275504556.45138
2023-05-30 04:00:00,27815.0,27839.3,27659.3,27721.0,36391.136,1010096100.43082
2023-05-30 08:00:00,27721.1,28038.6,27697.1,28005.9,63354.986,1767802977.20488
2023-05-30 12:00:00,28005.8,28014.9,27602.0,27665.0,102527.366,2848858944.86702
2023-05-30 16:00:00,27665.0,27849.8,27530.0,27836.4,56925.601,1576924427.413
2023-05-30 20:00:00,27836.4,27846.0,27636.0,27680.1,29233.913,810667381.9916
2023-05-31 00:00:00,27680.0,27825.0,27550.0,27646.5,39039.737,1080383501.87
2023-05-31 04:00:00,27646.5,27668.7,26942.0,27150.4,156776.303,4265624874.6805
2023-05-31 08:00:00,27150.4,27198.0,26980.0,27087.9,56728.662,1536834843.2892
2023-05-31 12:00:00,27087.9,27219.6,26835.5,26900.1,119487.274,3226958258.24778
2023-05-31 16:00:00,26900.0,27121.1,26826.0,26999.5,58703.953,1584336681.2112
2023-05-31 20:00:00,26999.5,27290.0,26992.0,27201.1,40645.961,1103126498.00048
2023-06-01 00:00:00,27201.1,27347.9,26600.0,26768.6,121061.589,3261093666.11208
2023-06-01 04:00:00,26768.6,26876.6,26742.0,26790.2,39307.686,1053734255.0731
2023-06-01 08:00:00,26790.1,26945.4,26776.7,26881.7,36263.422,974696400.6657
2023-06-01 12:00:00,26881.6,26974.0,26773.2,26884.2,59027.621,1586971573.7799
2023-06-01 16:00:00,26884.2,27180.0,26635.0,26851.6,111799.742,3010612808.41901
2023-06-01 20:00:00,26851.6,26934.0,26697.1,26805.3,37327.512,1001886430.693
2023-06-02 00:00:00,26805.3,27015.5,26477.6,26985.1,85456.975,2287550516.89141
2023-06-02 04:00:00,26985.2,27200.0,26937.3,27038.3,61632.613,1669195193.12515
2023-06-02 08:00:00,27038.3,27181.1,27038.3,27118.5,36192.9,980957995.7936
2023-06-02 12:00:00,27118.5,27249.3,26840.5,27081.3,120542.039,3257225807.09148
2023-06-02 16:00:00,27081.3,27279.0,26985.1,27231.6,57272.534,1553672062.16498
2023-06-02 20:00:00,27231.5,27290.0,27132.0,27227.8,30013.032,816771297.4238
2023-06-03 00:00:00,27227.8,27230.4,27077.0,27130.9,25058.623,680338692.8262
2023-06-03 04:00:00,27130.9,27209.2,27098.0,27161.3,17689.692,480317730.6182
2023-06-03 08:00:00,27161.4,27173.8,27100.0,27121.0,16660.54,452146178.1218
2023-06-03 12:00:00,27121.0,27340.2,27110.0,27292.7,35777.121,973189755.4638
2023-06-03 16:00:00,27292.8,27312.0,27000.0,27084.9,50814.584,1380421447.0813
2023-06-03 20:00:00,27084.9,27119.5,26900.0,27054.9,36463.54,985188378.1748
2023-06-04 00:00:00,27054.9,27098.7,26935.3,27048.4,25275.09,683259625.4347
2023-06-04 04:00:00,27048.3,27154.0,27015.0,27141.0,23617.719,639956605.1945
2023-06-04 08:00:00,27141.0,27245.0,27110.0,27190.9,29667.465,806479482.73848
2023-06-04 12:00:00,27190.8,27290.0,27150.0,27166.9,38245.649,1040603296.2586
2023-06-04 16:00:00,27167.0,27218.0,27150.0,27205.0,17756.474,482648253.3641
2023-06-04 20:00:00,27205.0,27460.0,27026.0,27102.4,83709.147,2280936192.86417
2023-06-05 00:00:00,27102.4,27125.0,26755.0,26835.9,80451.139,2167862297.55512
2023-06-05 04:00:00,26835.8,26861.4,26719.9,26819.2,52410.386,1404438584.942
2023-06-05 08:00:00,26819.2,26831.2,26647.0,26760.1,48150.374,1288244307.31964
2023-06-05 12:00:00,26760.2,26809.9,25971.0,25991.9,190153.229,5040327707.35069
2023-06-05 16:00:00,25991.9,26072.2,25360.1,25618.5,269202.748,6913467371.25739
2023-06-05 20:00:00,25618.4,25850.0,25496.2,25714.7,60134.672,1543269341.79281
2023-06-06 00:00:00,25714.6,25783.2,25585.4,25719.8,45585.085,1171163839.6299
2023-06-06 04:00:00,25719.8,25809.9,25685.3,25706.4,32812.859,845178734.3494
2023-06-06 08:00:00,25706.3,25786.3,25624.1,25676.0,37440.876,962473061.3309
2023-06-06 12:00:00,25676.0,26139.0,25321.6,26051.2,252404.577,6498558552.35051
2023-06-06 16:00:00,26051.2,27238.9,26051.2,27073.2,249451.29,6638495903.90572
2023-06-06 20:00:00,27073.3,27358.1,26884.0,27221.5,113750.962,3081162920.06402
2023-06-07 00:00:00,27221.5,27394.4,26714.3,26897.0,114373.103,3092579728.39616
2023-06-07 04:00:00,26896.9,26973.9,26741.0,26786.7,47010.017,1263079541.7684
2023-06-07 08:00:00,26786.8,26968.0,26330.8,26888.3,151149.929,4026421980.22975
2023-06-07 12:00:00,26888.4,26900.0,26230.0,26333.9,202615.316,5380169246.09334
2023-06-07 16:00:00,26333.9,26548.0,26220.0,26469.2,80719.705,2130780942.33114
2023-06-07 20:00:00,26469.2,26483.5,26111.0,26325.9,64176.467,1687837972.06192
2023-06-08 00:00:00,26325.9,26459.5,26195.4,26332.0,45884.902,1209047621.26184
2023-06-08 04:00:00,26332.0,26516.3,26270.6,26431.5,44715.213,1180480981.8653
2023-06-08 08:00:00,26431.6,26494.1,26352.3,26421.4,31664.967,836444550.9999
2023-06-08 12:00:00,26421.5,26800.0,26283.4,26705.9,127003.344,3367354779.87239
2023-06-08 16:00:00,26705.8,26720.7,26387.9,26526.3,56835.377,1507597166.4164
2023-06-08 20:00:00,26526.3,26645.7,26472.1,26485.9,27001.036,717289757.1943
2023-06-09 00:00:00,26486.0,26589.9,26236.0,26469.5,59149.513,1563425438.25874
2023-06-09 04:00:00,26469.6,26575.5,26411.4,26482.7,33723.828,893017203.9426
2023-06-09 08:00:00,26482.7,26679.5,26476.8,26599.8,49448.532,1315237719.3267
2023-06-09 12:00:00,26599.9,26775.0,26436.8,26465.1,78006.116,2075991908.3396
2023-06-09 16:00:00,26465.2,26521.1,26371.0,26400.0,45711.815,1209032447.3966
2023-06-09 20:00:00,26399.9,26490.0,26385.0,26468.1,17679.394,467605934.5811
2023-06-10 00:00:00,26468.2,26525.0,26250.0,26312.6,53812.515,1419334286.6709
2023-06-10 04:00:00,26312.6,26340.1,25445.0,25637.2,239103.411,6149973421.19035
2023-06-10 08:00:00,25637.3,25743.9,25556.4,25718.7,45062.365,1155978320.1446
2023-06-10 12:00:00,25718.7,25718.7,25559.5,25620.0,36077.085,924855922.7235
2023-06-10 16:00:00,25619.9,26144.0,25300.0,25738.2,188175.676,4844863777.24441
2023-06-10 20:00:00,25738.2,25919.5,25666.7,25826.6,46686.517,1203925590.53273
2023-06-11 00:00:00,25826.6,25850.0,25674.3,25714.7,33043.104,851394483.24946
2023-06-11 04:00:00,25714.7,25820.1,25621.3,25728.0,31162.773,801835153.2586
2023-06-11 08:00:00,25728.0,25839.0,25682.7,25784.9,25758.698,663278529.9663
2023-06-11 12:00:00,25784.9,25795.4,25661.0,25741.2,28819.212,741748742.8602
2023-06-11 16:00:00,25741.1,26100.0,25726.7,26021.0,85800.036,2226061617.94904
2023-06-11 20:00:00,26021.1,26199.0,25726.2,25909.9,74781.74,1942771269.02003
2023-06-12 00:00:00,25910.0,26025.1,25600.0,25779.6,67095.778,1732531029.72725
2023-06-12 04:00:00,25779.6,25896.0,25729.9,25793.3,30361.002,783435021.29368
2023-06-12 08:00:00,25793.2,26097.7,25768.8,25975.7,60565.67,1572472958.09786
2023-06-12 12:00:00,25975.7,25983.2,25722.0,25809.3,55282.739,1428065670.03068
2023-06-12 16:00:00,25809.3,25962.5,25640.0,25816.8,60408.85,1559082087.63454
2023-06-12 20:00:00,25816.7,25961.0,25795.1,25894.8,25186.429,652105191.9165
2023-06-13 00:00:00,25894.8,26155.5,25806.0,26054.6,70391.032,1830380873.51809
2023-06-13 04:00:00,26054.7,26125.0,25963.7,26060.2,34095.2,888387148.4347
2023-06-13 08:00:00,26060.3,26284.7,26044.9,26178.1,67198.597,1757390277.90801
2023-06-13 12:00:00,26178.1,26430.5,25708.0,25750.9,185012.596,4820444670.89533
2023-06-13 16:00:00,25750.9,25973.0,25727.0,25891.2,49220.461,1272345380.8793
2023-06-13 20:00:00,25891.2,25949.7,25790.6,25918.0,28618.868,739996232.0259
2023-06-14 00:00:00,25918.0,26045.8,25897.6,25970.7,33269.028,864265236.1568
2023-06-14 04:00:00,25970.7,25996.4,25820.0,25884.1,30116.376,780011055.7656
2023-06-14 08:00:00,25884.1,26022.0,25872.5,25967.2,28960.713,751364588.9298
2023-06-14 12:00:00,25967.3,26077.0,25915.6,25976.4,41580.783,1080340094.83536
2023-06-14 16:00:00,25976.4,26099.3,25750.0,25860.5,105003.697,2720815323.69942
2023-06-14 20:00:00,25860.5,25872.9,24796.8,25115.9,225751.005,5685133561.35406
2023-06-15 00:00:00,25115.9,25198.8,25015.2,25054.8,41759.388,1048287167.07652
2023-06-15 04:00:00,25054.8,25063.4,24856.0,24974.6,67274.456,1680184611.9682
2023-06-15 08:00:00,24974.6,25042.5,24777.0,25007.0,68636.788,1711895955.386
2023-06-15 12:00:00,25007.0,25100.0,24910.9,24948.4,70290.723,1757902412.6862
2023-06-15 16:00:00,24948.4,25516.4,24918.2,25443.0,112855.954,2849119693.61573
2023-06-15 20:00:00,25443.1,25750.0,25205.0,25586.1,113154.066,2888633155.03125
2023-06-16 00:00:00,25586.0,25596.0,25420.1,25545.7,43049.905,1098014315.4929
2023-06-16 04:00:00,25545.7,25620.0,25461.0,25526.1,40458.494,1033505762.1295
2023-06-16 08:00:00,25526.1,25610.0,25453.0,25462.8,43200.142,1103316781.9748
2023-06-16 12:00:00,25462.9,25896.0,25142.1,25832.4,151837.917,3878342745.78784
2023-06-16 16:00:00,25832.4,26526.9,25756.0,26371.2,216937.577,5675654316.917
2023-06-16 20:00:00,26371.1,26450.0,26273.7,26336.0,37660.921,992499174.6699
2023-06-17 00:00:00,26335.9,26362.2,26170.8,26253.4,36661.055,962866352.29044
2023-06-17 04:00:00,26253.4,26900.0,26230.0,26587.6,107938.264,2873804793.77615
2023-06-17 08:00:00,26587.7,26649.0,26455.0,26497.5,43152.994,1146774437.086
2023-06-17 12:00:00,26497.5,26579.1,26288.5,26399.9,64566.845,1708796941.5001
2023-06-17 16:00:00,26399.9,26528.4,26364.3,26466.2,31768.742,840547500.6893
2023-06-17 20:00:00,26466.1,26590.0,26452.2,26508.9,21650.496,574162499.9434
2023-06-18 00:00:00,26508.8,26540.8,26367.8,26538.4,27032.825,715364271.2274
2023-06-18 04:00:00,26538.4,26675.1,26457.2,26572.0,40704.717,1081643183.6915
2023-06-18 08:00:00,26572.0,26587.9,26443.5,26488.5,27593.456,731237579.3128
2023-06-18 12:00:00,26488.5,26566.0,26425.8,26547.5,33224.65,880758089.1475
2023-06-18 16:00:00,26547.5,26649.6,26511.2,26641.6,32518.414,864851933.3783
2023-06-18 20:00:00,26641.6,26709.4,26230.9,26329.7,80903.422,2137749511.65474
2023-06-19 00:00:00,26329.6,26459.0,26241.2,26393.5,32200.784,849510301.47644
2023-06-19 04:00:00,26393.4,26468.5,26354.8,26415.3,19572.1,516997369.8337
2023-06-19 08:00:00,26415.2,26448.7,26350.2,26438.6,24996.502,659896389.1389
2023-06-19 12:00:00,26438.5,26569.7,26328.0,26431.1,65548.161,1734847484.3613
2023-06-19 16:00:00,26431.1,27077.0,26290.3,26672.8,200219.917,5338474734.60403
2023-06-19 20:00:00,26672.8,26852.8,26638.9,26828.5,57996.294,1551474883.19772
2023-06-20 00:00:00,26828.6,27177.3,26782.6,26880.7,79486.167,2142766247.71035
2023-06-20 04:00:00,26880.7,27024.2,26733.6,26820.4,58297.568,1565410619.00542
2023-06-20 08:00:00,26820.5,26898.6,26688.2,26895.2,41628.652,1114876765.149
2023-06-20 12:00:00,26895.2,27125.5,26633.9,27054.2,114387.91,3072619706.38094
2023-06-20 16:00:00,27054.3,28145.0,26983.3,27973.8,340072.6,9391861679.73622
2023-06-20 20:00:00,27973.7,28397.8,27855.6,28290.6,124303.4,3498796269.843
2023-06-21 00:00:00,28290.7,29086.6,28236.4,28704.6,169807.166,4868144139.45498
2023-06-21 04:00:00,28704.6,29000.0,28668.5,28860.4,75606.358,2179678302.0635
2023-06-21 08:00:00,28860.4,29223.6,28783.0,28913.5,108461.131,3137990171.86171
2023-06-21 12:00:00,28913.5,30018.3,28858.2,29837.0,322373.018,9486874856.35455
2023-06-21 16:00:00,29836.9,30822.0,29745.5,30105.5,365241.928,11033737352.3724
2023-06-21 20:00:00,30105.6,30195.8,29766.0,29988.5,81984.826,2459252209.7042
2023-06-22 00:00:00,29988.5,30488.0,29880.0,30283.7,84397.757,2549867993.8798
2023-06-22 04:00:00,30283.7,30341.5,30000.0,30094.5,59869.993,1805752153.31762
2023-06-22 08:00:00,30094.5,30244.5,29800.0,29919.3,92709.438,2784195400.66833
2023-06-22 12:00:00,29919.4,30353.9,29500.1,29837.3,177543.354,5315799274.00747
2023-06-22 16:00:00,29837.3,30236.0,29811.9,30208.8,101073.409,3035134343.38858
2023-06-22 20:00:00,30208.7,30260.0,29858.4,29875.0,45457.791,1365426385.13853
2023-06-23 00:00:00,29875.0,30049.0,29792.0,30002.4,46051.18,1379366275.4943
2023-06-23 04:00:00,30002.4,30079.9,29910.0,29927.0,29527.682,885812889.2415
2023-06-23 08:00:00,29926.9,30195.7,29899.9,30125.3,57808.102,1737402874.63216
2023-06-23 12:00:00,30125.2,31500.0,29901.1,31232.9,269771.237,8260312866.98903
2023-06-23 16:00:00,31232.9,31440.5,30601.0,30873.7,228949.781,7104221236.29809
2023-06-23 20:00:00,30873.7,30943.4,30441.1,30673.4,66965.089,2054059002.03698
2023-06-24 00:00:00,30673.5,30790.0,30388.6,30719.5,57323.09,1754467865.59345
2023-06-24 04:00:00,30719.5,30750.0,30550.0,30563.4,29137.58,893519241.3511
2023-06-24 08:00:00,30563.3,30739.6,30542.4,30674.9,30744.164,942045011.8043
2023-06-24 12:00:00,30674.8,30796.5,30262.0,30390.9,72309.098,2209736560.6678
2023-06-24 16:00:00,30390.8,30688.9,30222.0,30622.2,58691.368,1790852753.9753
2023-06-24 20:00:00,30622.2,30622.3,30395.0,30524.2,31333.988,956135392.5132
2023-06-25 00:00:00,30524.2,30780.0,30456.9,30742.0,36315.838,1111841458.98855
2023-06-25 04:00:00,30742.0,31053.2,30652.8,30714.0,79266.773,2445980338.77762
2023-06-25 08:00:00,30714.0,30754.2,30565.2,30710.0,36842.297,1129451617.6615
2023-06-25 12:00:00,30710.0,30732.9,30425.0,30574.1,60922.334,1864297432.75004
2023-06-25 16:00:00,30574.1,30649.6,30311.0,30420.0,49478.271,1506910179.27895
2023-06-25 20:00:00,30420.0,30564.0,30252.6,30458.0,38707.641,1178424437.4748
2023-06-26 00:00:00,30458.0,30542.4,29920.0,30285.0,87301.166,2637983199.51886
2023-06-26 04:00:00,30284.9,30580.0,30153.6,30395.6,60412.33,1834276262.2683
2023-06-26 08:00:00,30395.5,30420.6,30115.1,30315.1,45961.531,1391983234.90621
2023-06-26 12:00:00,30315.1,30667.3,30241.3,30400.5,86040.677,2618050493.86816
2023-06-26 16:00:00,30400.7,30425.7,29890.1,30233.9,106775.619,3216007223.39628
2023-06-26 20:00:00,30233.9,30283.8,30086.1,30260.1,28608.033,863849375.7464
2023-06-27 00:00:00,30260.1,30488.0,30213.0,30360.0,41157.089,1249640752.93236
2023-06-27 04:00:00,30360.0,30470.0,30222.5,30404.5,36501.042,1107267998.3076
2023-06-27 08:00:00,30404.5,30800.0,30322.2,30720.1,81853.383,2502511574.80971
2023-06-27 12:00:00,30720.1,30998.5,30351.0,30487.4,147090.862,4514833805.9311
2023-06-27 16:00:00,30487.4,30762.4,30435.9,30638.4,57462.807,1760218830.52581
2023-06-27 20:00:00,30638.4,30738.8,30533.1,30683.2,42008.165,1286967959.6542
2023-06-28 00:00:00,30683.2,30701.8,30306.4,30441.8,52611.527,1604521870.72426
2023-06-28 04:00:00,30441.8,30479.5,30127.0,30176.0,53845.27,1631999993.61386
2023-06-28 08:00:00,30176.0,30377.0,30126.6,30294.3,42990.331,1301075010.53836
2023-06-28 12:00:00,30294.4,30485.0,29992.5,30399.8,125197.93,3784724317.82304
2023-06-28 16:00:00,30399.8,30457.0,29804.6,30080.4,101722.691,3064346983.9999
2023-06-28 20:00:00,30080.5,30209.6,29929.2,30066.3,40288.685,1211924634.95902
2023-06-29 00:00:00,30066.3,30234.8,30036.1,30162.3,34206.224,1030926223.1665
2023-06-29 04:00:00,30162.3,30420.0,30125.4,30333.9,37925.711,1148028294.46104
2023-06-29 08:00:00,30333.9,30744.4,30320.3,30660.6,98223.357,3002120995.10221
2023-06-29 12:00:00,30660.7,30837.0,30380.0,30468.3,113767.956,3482066455.24269
2023-06-29 16:00:00,30468.2,30661.9,30405.6,30571.5,54373.149,1660330596.585
2023-06-29 20:00:00,30571.5,30630.0,30222.0,30439.9,43576.449,1324855104.24705
2023-06-30 00:00:00,30439.9,30876.4,30337.4,30734.3,74469.724,2280097934.01887
2023-06-30 04:00:00,30734.4,31300.0,30604.0,30759.1,144771.236,4472121436.63202
2023-06-30 08:00:00,30759.2,30940.0,30709.9,30897.7,52591.102,1620298388.17294
2023-06-30 12:00:00,30897.7,31127.3,29500.0,30052.0,346709.184,10490242464.38944
2023-06-30 16:00:00,30052.0,30729.5,29908.3,30360.3,155211.239,4717005280.75192
2023-06-30 20:00:00,30360.2,30537.3,30324.4,30460.2,35578.82,1083197029.53936
2023-07-01 00:00:00,30460.2,30527.2,30362.0,30391.2,29778.267,906487595.0298
2023-07-01 04:00:00,30391.2,30462.8,30311.3,30448.1,23531.509,715304827.50278
2023-07-01 08:00:00,30448.1,30589.8,30405.0,30508.5,23695.114,722136655.91486
2023-07-01 12:00:00,30508.5,30668.2,30490.8,30561.5,32888.967,1005597894.8934
2023-07-01 16:00:00,30561.5,30626.0,30533.8,30600.5,16091.915,492057069.6179
2023-07-01 20:00:00,30600.5,30605.1,30534.3,30573.6,9534.474,291514947.1697
2023-07-02 00:00:00,30573.6,30650.0,30458.0,30505.2,27111.655,828287538.2771
2023-07-02 04:00:00,30505.3,30553.2,30462.1,30504.7,16551.148,504831974.9637
2023-07-02 08:00:00,30504.7,30553.9,30477.0,30537.2,13555.813,413685151.9978
2023-07-02 12:00:00,30537.2,30626.2,30149.9,30491.4,61816.405,1882439997.58745
2023-07-02 16:00:00,30491.4,30709.2,30358.3,30552.8,47231.098,1441849938.02376
2023-07-02 20:00:00,30552.7,30800.0,30425.0,30612.7,65600.069,2008247498.50334
2023-07-03 00:00:00,30612.7,30798.3,30575.3,30747.9,35710.62,1096408517.37925
2023-07-03 04:00:00,30748.0,30785.3,30601.7,30662.8,33689.441,1033808647.395
2023-07-03 08:00:00,30662.9,30693.7,30577.5,30619.6,24118.202,738855724.3621
2023-07-03 12:00:00,30619.7,31179.0,30559.4,31068.0,104391.15,3222788117.66457
2023-07-03 16:00:00,31068.0,31395.2,30810.2,31254.1,115662.573,3598670174.96626
2023-07-03 20:00:00,31254.0,31300.5,30875.2,31149.0,56721.25,1764470426.54252
2023-07-04 00:00:00,31149.0,31319.4,31083.6,31189.8,43191.597,1347971669.37683
2023-07-04 04:00:00,31189.8,31210.7,30860.0,30902.3,53472.779,1658423957.01444
2023-07-04 08:00:00,30902.2,31078.5,30856.0,31056.5,45148.63,1398908153.29832
2023-07-04 12:00:00,31056.4,31080.0,30869.1,30959.3,38716.425,1199547544.6124
2023-07-04 16:00:00,30959.3,31145.0,30600.0,30685.3,94152.133,2904600183.88235
2023-07-04 20:00:00,30685.2,30840.0,30655.7,30756.1,26150.696,804484116.1531
2023-07-05 00:00:00,30756.1,30875.2,30737.8,30857.3,18763.35,578135592.87504
2023-07-05 04:00:00,30857.3,30862.6,30742.9,30765.9,19242.008,592699942.5793
2023-07-05 08:00:00,30765.9,30797.4,30326.0,30395.0,90362.983,2760664131.48114
2023-07-05 12:00:00,30395.0,30438.1,30175.8,30345.0,93102.565,2823460519.09073
2023-07-05 16:00:00,30345.1,30579.6,30321.2,30420.0,47167.111,1437322461.56561
2023-07-05 20:00:00,30420.0,30525.1,30369.6,30488.4,26258.561,799588263.1963
2023-07-06 00:00:00,30488.4,30555.6,30305.0,30477.7,27525.436,838086710.27532
2023-07-06 04:00:00,30477.6,30846.8,30420.6,30792.3,59327.661,1819331636.10467
2023-07-06 08:00:00,30792.2,31568.0,30686.0,30833.0,227988.566,7104643829.49921
2023-07-06 12:00:00,30833.0,30866.4,29865.0,30390.3,270998.539,8221108723.18529
2023-07-06 16:00:00,30390.3,30450.7,30140.0,30294.6,65824.698,1993933253.76588
2023-07-06 20:00:00,30294.6,30336.3,29818.0,29874.4,69602.319,2093120192.8035
2023-07-07 00:00:00,29874.3,30154.9,29680.0,30122.1,73967.626,2215445092.1186
2023-07-07 04:00:00,30122.1,30297.3,29904.4,29992.9,54680.044,1646908932.40014
2023-07-07 08:00:00,29992.9,30188.8,29957.6,30104.0,37803.361,1137747894.91772
2023-07-07 12:00:00,30103.9,30430.0,30012.1,30375.4,105396.246,3188922325.91142
2023-07-07 16:00:00,30375.5,30443.6,30100.0,30227.9,46214.504,1398250829.99942
2023-07-07 20:00:00,30227.8,30337.0,30197.1,30327.9,19739.873,597713208.2371
2023-07-08 00:00:00,30328.0,30380.0,30240.0,30260.0,20274.344,614253840.71226
2023-07-08 04:00:00,30260.0,30269.2,30122.0,30174.8,26594.583,803186213.33642
2023-07-08 08:00:00,30174.8,30315.0,30135.3,30185.3,25385.741,767297532.5048
2023-07-08 12:00:00,30185.3,30224.5,30132.5,30196.7,15361.803,463704918.8089
2023-07-08 16:00:00,30196.8,30313.0,30026.8,30100.0,31842.636,961080953.5925
2023-07-08 20:00:00,30100.0,30280.0,30037.5,30269.3,19275.386,581540692.5554
2023-07-09 00:00:00,30269.2,30397.0,30232.1,30277.6,29538.533,895354158.35896
2023-07-09 04:00:00,30277.6,30289.1,30218.2,30250.0,12970.718,392427945.0756
2023-07-09 08:00:00,30250.0,30300.0,30219.1,30257.3,13831.5,418574370.023
2023-07-09 12:00:00,30257.2,30443.4,30163.6,30336.8,52366.13,1586752298.94564
2023-07-09 16:00:00,30336.9,30336.9,30180.0,30227.7,20913.947,632814880.5542
2023-07-09 20:00:00,30227.7,30238.3,30042.0,30147.8,32675.435,984761556.28002
2023-07-10 00:00:00,30147.8,30235.0,29928.8,30144.9,57315.967,1724259938.91426
2023-07-10 04:00:00,30145.0,30151.0,30034.2,30100.0,22884.999,688719180.2521
2023-07-10 08:00:00,30100.0,30233.1,29966.6,30221.5,37764.713,1137724770.34466
2023-07-10 12:00:00,30221.6,30359.7,30131.0,30297.6,62189.014,1880877508.79265
2023-07-10 16:00:00,30297.5,30830.0,30223.5,30824.5,91867.895,2802291895.80665
2023-07-10 20:00:00,30824.5,31040.0,30100.0,30396.9,157092.949,4807924581.87695
2023-07-11 00:00:00,30396.9,30599.0,30348.7,30461.0,45182.06,1376223715.30521
2023-07-11 04:00:00,30460.9,30660.0,30416.4,30528.5,37039.062,1130989512.0832
2023-07-11 08:00:00,30528.6,30557.8,30325.0,30391.3,38953.602,1185000539.10886
2023-07-11 12:00:00,30391.4,30804.9,30261.4,30585.5,98194.832,2997190036.6765
2023-07-11 16:00:00,30585.5,30684.6,30383.9,30565.5,52691.726,1609284289.9061
2023-07-11 20:00:00,30565.5,30640.0,30492.8,30608.4,26843.465,820493886.005
2023-07-12 00:00:00,30608.3,30672.0,30485.0,30581.3,28484.393,870595113.436
2023-07-12 04:00:00,30581.3,30849.2,30555.0,30730.8,50264.091,1543708552.23259
2023-07-12 08:00:00,30730.7,30807.5,30639.1,30765.3,33657.85,1033478719.5892
2023-07-12 12:00:00,30765.4,30980.5,30447.0,30510.2,198943.496,6108418642.74995
2023-07-12 16:00:00,30510.1,30529.0,30186.0,30268.1,84461.464,2566969019.02599
2023-07-12 20:00:00,30268.1,30408.8,30220.5,30368.9,29246.963,886732082.3149
2023-07-13 00:00:00,30368.9,30423.0,30257.1,30283.7,25819.244,783193855.0177
2023-07-13 04:00:00,30283.6,30414.0,30233.0,30355.1,29140.813,883681224.688
2023-07-13 08:00:00,30355.1,30624.0,30328.2,30530.6,59604.531,1818564410.43911
2023-07-13 12:00:00,30530.6,31205.3,30446.4,30915.4,176453.536,5430610016.88916
2023-07-13 16:00:00,30915.5,31850.0,30700.0,31600.6,291866.546,9114633314.97857
2023-07-13 20:00:00,31600.5,31693.7,30993.8,31441.7,113138.84,3544202476.95852
2023-07-14 00:00:00,31441.6,31640.0,31321.4,31445.4,60468.943,1901093977.22225
2023-07-14 04:00:00,31445.4,31457.7,31068.5,31096.0,47214.511,1477015190.46663
2023-07-14 08:00:00,31095.9,31284.9,31076.5,31206.4,43894.191,1368772058.1455
2023-07-14 12:00:00,31206.4,31364.9,31037.4,31236.5,60181.765,1878755987.4852
2023-07-14 16:00:00,31236.6,31272.7,29876.6,30099.9,267411.025,8149554939.23736
2023-07-14 20:00:00,30099.9,30299.9,29965.0,30293.3,59521.811,1795397869.62615
2023-07-15 00:00:00,30293.3,30380.0,30220.2,30276.0,29471.378,892919957.97516
2023-07-15 04:00:00,30276.0,30349.7,30241.0,30317.6,18539.329,561705650.8721
2023-07-15 08:00:00,30317.7,30360.0,30258.9,30298.5,17263.0,523251147.5263
2023-07-15 12:00:00,30298.5,30348.4,30237.0,30290.5,19740.322,598043672.2784
2023-07-15 16:00:00,30290.4,30341.5,30238.1,30309.7,16143.855,488978600.7794
2023-07-15 20:00:00,30309.7,30309.8,30251.0,30276.4,10464.59,316849924.7255
2023-07-16 00:00:00,30276.5,30325.0,30050.0,30174.1,43029.584,1299547303.98662
2023-07-16 04:00:00,30174.1,30300.9,30120.0,30253.0,20092.465,606939163.8735
2023-07-16 08:00:00,30253.0,30338.5,30250.0,30293.6,19595.425,593523189.7737
2023-07-16 12:00:00,30293.6,30441.6,30254.1,30366.0,36284.911,1101480173.51516
2023-07-16 16:00:00,30365.9,30391.8,30179.0,30239.5,29423.897,891410392.6327
2023-07-16 20:00:00,30239.6,30349.6,30110.6,30216.8,25379.658,767428146.87912
2023-07-17 00:00:00,30216.9,30329.7,30161.0,30295.9,22700.198,686665382.3518
2023-07-17 04:00:00,30295.9,30313.9,30220.2,30265.3,13248.65,401012429.2128
2023-07-17 08:00:00,30265.2,30309.4,29910.0,30145.0,67733.832,2041187559.46035
2023-07-17 12:00:00,30145.0,30300.0,30015.9,30163.4,66486.808,2006393696.0132
2023-07-17 16:00:00,30163.4,30224.4,29630.0,29870.0,122153.882,3654921015.73168
2023-07-17 20:00:00,29869.9,30282.9,29864.6,30126.1,51790.057,1558369426.7134
2023-07-18 00:00:00,30126.0,30227.5,30061.3,30063.8,23756.585,716070492.9024
2023-07-18 04:00:00,30063.8,30110.9,29908.1,29951.9,38504.713,1155474666.27174
2023-07-18 08:00:00,29952.0,30098.5,29784.0,29871.9,60543.637,1813640994.2056
2023-07-18 12:00:00,29872.0,30028.6,29657.1,29895.1,98912.984,2951514562.70584
2023-07-18 16:00:00,29895.1,29954.3,29400.0,29708.1,88550.243,2633594906.36678
2023-07-18 20:00:00,29708.2,29859.0,29678.0,29845.6,27128.255,807831514.2721
2023-07-19 00:00:00,29845.7,30067.7,29826.7,30048.0,46282.264,1387937826.11174
2023-07-19 04:00:00,30048.0,30178.5,29950.1,29984.0,41398.75,1244758027.84923
2023-07-19 08:00:00,29984.1,30038.4,29852.2,30004.7,36932.397,1106437277.26594
2023-07-19 12:00:00,30004.7,30130.0,29745.0,29939.8,89658.235,2682057783.2971
2023-07-19 16:00:00,29939.7,30088.1,29855.5,30032.4,50777.186,1522326653.4156
2023-07-19 20:00:00,30032.4,30042.0,29811.0,29895.5,33370.022,998031447.949
2023-07-20 00:00:00,29895.5,30037.9,29866.0,29937.0,23383.135,700577499.0352
2023-07-20 04:00:00,29937.0,30240.2,29912.1,30195.5,54428.409,1638947540.47147
2023-07-20 08:00:00,30195.6,30420.0,30151.6,30274.0,79217.962,2400255585.60094
2023-07-20 12:00:00,30274.0,30302.9,29600.0,29792.8,146334.281,4377740188.12032
2023-07-20 16:00:00,29792.9,29863.0,29468.8,29744.4,78409.883,2329876989.70281
2023-07-20 20:00:00,29744.5,29880.2,29652.7,29791.0,28490.094,848441429.306
2023-07-21 00:00:00,29791.0,29949.5,29705.9,29884.3,38621.219,1152735815.15274
2023-07-21 04:00:00,29884.3,29893.3,29729.6,29757.8,26891.176,801670874.34318
2023-07-21 08:00:00,29757.8,29838.8,29710.3,29764.8,28024.428,834417832.9532
2023-07-21 12:00:00,29764.8,29904.7,29764.7,29852.0,46739.642,1394601576.622
2023-07-21 16:00:00,29852.0,30056.2,29762.0,29865.1,63156.101,1888719695.02344
2023-07-21 20:00:00,29865.1,29942.7,29819.4,29891.4,17712.508,529379766.355
2023-07-22 00:00:00,29891.5,29985.3,29873.6,29886.6,18181.062,544081930.888
2023-07-22 04:00:00,29886.7,29986.0,29822.0,29933.0,26673.54,797482120.3321
2023-07-22 08:00:00,29932.9,29969.6,29847.9,29874.1,22981.22,687220775.7739
2023-07-22 12:00:00,29874.1,29895.0,29806.6,29883.9,24285.778,724941814.2061
2023-07-22 16:00:00,29883.9,29892.5,29783.6,29820.6,17262.524,514935060.7929
2023-07-22 20:00:00,29820.5,29831.3,29602.2,29783.5,33991.832,1010297192.22228
2023-07-23 00:00:00,29783.5,29884.0,29718.9,29832.5,29826.52,889147445.9145
2023-07-23 04:00:00,29832.5,29974.6,29832.5,29900.9,34347.504,1027395719.09404
2023-07-23 08:00:00,29900.9,29950.0,29870.9,29881.5,15675.657,468787093.5202
2023-07-23 12:00:00,29881.5,29922.7,29836.2,29886.0,14726.508,440026232.6405
2023-07-23 16:00:00,29885.9,30368.2,29885.9,30083.1,92494.175,2786594388.77984
2023-07-23 20:00:00,30083.1,30135.0,29909.0,30070.8,37643.482,1130504239.11764
2023-07-24 00:00:00,30070.9,30091.7,29650.2,29705.6,70284.057,2096253111.10634
2023-07-24 04:00:00,29705.7,29862.9,29639.7,29816.4,41874.076,1246294051.7321
2023-07-24 08:00:00,29816.4,29820.9,28904.4,29259.6,137130.388,4018484029.96027
2023-07-24 12:00:00,29259.7,29262.6,28830.0,29085.8,124595.259,3623534404.74113
2023-07-24 16:00:00,29085.9,29147.0,28982.5,29106.9,41486.808,1206292928.1665
2023-07-24 20:00:00,29106.8,29200.0,29075.5,29163.8,18811.829,548289503.9866
2023-07-25 00:00:00,29163.8,29174.5,29033.0,29099.6,27479.779,799724103.9425
2023-07-25 04:00:00,29099.6,29155.4,29060.0,29132.3,17709.951,515599793.3398
2023-07-25 08:00:00,29132.3,29277.6,29106.3,29117.6,35393.284,1032526586.0447
2023-07-25 12:00:00,29117.6,29333.0,29058.0,29167.0,65595.464,1916335937.10273
2023-07-25 16:00:00,29167.0,29379.5,29165.5,29189.0,36685.898,1073155551.4888
2023-07-25 20:00:00,29189.0,29247.9,29171.3,29216.3,13574.242,396522877.3607
2023-07-26 00:00:00,29216.2,29414.6,29083.0,29228.0,47519.046,1388818670.4376
2023-07-26 04:00:00,29228.1,29315.0,29100.0,29205.3,27037.859,790056505.17822
2023-07-26 08:00:00,29205.4,29229.3,29145.2,29163.9,16394.134,478453945.7901
2023-07-26 12:00:00,29163.9,29349.3,29152.4,29307.2,42475.796,1242892085.18558
2023-07-26 16:00:00,29307.3,29500.0,29172.0,29390.3,94415.23,2768011200.1255
2023-07-26 20:00:00,29390.3,29670.5,29260.0,29336.0,90685.517,2674287321.87763
2023-07-27 00:00:00,29336.0,29436.7,29286.2,29388.1,22249.763,653311059.1559
2023-07-27 04:00:00,29388.1,29485.9,29366.0,29396.9,27656.693,814095436.9781
2023-07-27 08:00:00,29396.9,29558.4,29380.0,29493.9,34054.531,1003947976.65634
2023-07-27 12:00:00,29494.0,29495.1,29218.1,29278.0,55284.049,1623170902.75568
2023-07-27 16:00:00,29278.0,29324.5,29065.5,29152.6,63642.422,1857446334.99232
2023-07-27 20:00:00,29152.6,29225.0,29117.7,29209.7,20489.076,597804112.698
2023-07-28 00:00:00,29209.8,29299.9,29171.3,29239.8,23272.406,680346388.5452
2023-07-28 04:00:00,29239.8,29255.5,29125.5,29126.9,19221.001,560890496.1932
2023-07-28 08:00:00,29126.9,29239.4,29112.8,29195.3,25255.902,736808373.474
2023-07-28 12:00:00,29195.4,29535.7,29192.5,29379.0,93071.263,2735679251.67912
2023-07-28 16:00:00,29379.0,29391.6,29180.6,29303.4,48155.711,1410362201.00148
2023-07-28 20:00:00,29303.5,29358.0,29267.3,29299.9,12323.584,361165133.4304
2023-07-29 00:00:00,29300.0,29381.4,29280.6,29355.7,12079.215,354453831.5964
2023-07-29 04:00:00,29355.6,29397.9,29271.7,29283.0,16468.927,483069773.3487
2023-07-29 08:00:00,29283.0,29321.1,29237.5,29253.2,17802.94,521202046.7394
2023-07-29 12:00:00,29253.2,29334.4,29246.2,29284.8,18876.177,552841498.2707
2023-07-29 16:00:00,29284.8,29340.0,29276.0,29328.0,12008.201,351890902.0239
2023-07-29 20:00:00,29328.0,29368.8,29328.0,29339.1,9865.259,289516671.6834
2023-07-30 00:00:00,29339.1,29345.9,29292.0,29300.2,9189.052,269370944.2677
2023-07-30 04:00:00,29300.1,29317.5,29251.9,29280.0,11221.774,328613036.7025
2023-07-30 08:00:00,29280.1,29318.1,29211.2,29301.3,20506.002,600307916.3503
2023-07-30 12:00:00,29301.3,29442.5,29260.0,29337.1,40656.643,1193674542.3662
2023-07-30 16:00:00,29337.2,29399.5,29100.0,29187.2,37631.169,1101024926.60402
2023-07-30 20:00:00,29187.2,29274.0,29006.0,29271.1,50696.613,1478429324.01631
2023-07-31 00:00:00,29271.2,29525.8,29250.0,29411.8,49619.636,1459752301.40252
2023-07-31 04:00:00,29411.8,29434.5,29343.0,29363.7,19913.782,585251991.4826
2023-07-31 08:00:00,29363.8,29411.5,29317.4,29395.9,19231.234,564751824.97758
2023-07-31 12:00:00,29395.8,29461.4,29208.9,29231.3,58218.187,1707978422.1896
2023-07-31 16:00:00,29231.3,29263.0,29100.0,29146.5,50449.539,1472789673.25132
2023-07-31 20:00:00,29146.4,29285.3,29102.3,29220.8,32949.344,962100506.6241
2023-08-01 00:00:00,29220.8,29337.3,28684.7,28820.1,88466.948,2563332160.00134
2023-08-01 04:00:00,28820.1,28959.0,28785.3,28921.2,38804.599,1120812846.7717
2023-08-01 08:00:00,28921.2,28986.5,28850.1,28853.0,26312.292,760816977.9408
2023-08-01 12:00:00,28852.9,28973.6,28550.0,28942.9,92928.706,2677337362.45276
2023-08-01 16:00:00,28943.0,29330.0,28850.2,29263.6,98361.121,2861832144.47334
2023-08-01 20:00:00,29263.5,29735.0,29170.0,29701.2,97454.977,2867118555.21145
2023-08-02 00:00:00,29701.2,30059.9,29607.6,29622.5,133633.098,3982644241.81426
2023-08-02 04:00:00,29622.5,29719.5,29550.0,29570.1,45298.47,1341809983.6361
2023-08-02 08:00:00,29570.2,29571.0,29360.0,29552.9,75164.964,2215702366.78114
2023-08-02 12:00:00,29552.8,29599.0,29156.0,29312.6,97917.626,2873900205.03752
2023-08-02 16:00:00,29312.5,29357.0,28906.3,29141.8,115887.845,3373807201.57135
2023-08-02 20:00:00,29141.8,29229.1,29050.3,29170.1,23823.489,694519688.5054
2023-08-03 00:00:00,29170.2,29273.1,29110.0,29170.1,24131.103,704256853.8522
2023-08-03 04:00:00,29170.1,29185.2,29005.0,29034.0,28883.917,840055251.2248
2023-08-03 08:00:00,29034.0,29193.5,28955.4,29134.2,39270.953,1142696470.3193
2023-08-03 12:00:00,29134.1,29440.0,29068.0,29244.4,78353.291,2291477941.10498
2023-08-03 16:00:00,29244.4,29359.9,29119.3,29265.7,49258.672,1440824256.8748
2023-08-03 20:00:00,29265.6,29352.4,29150.0,29180.2,32070.006,938141075.3189
2023-08-04 00:00:00,29180.1,29244.4,29079.6,29152.6,24448.761,713075973.59072
2023-08-04 04:00:00,29152.6,29243.9,29120.3,29201.6,18873.441,550909139.1281
2023-08-04 08:00:00,29201.6,29250.0,29121.3,29157.2,22514.238,656996764.1514
2023-08-04 12:00:00,29157.2,29323.8,29116.0,29258.8,53716.396,1569762074.03848
2023-08-04 16:00:00,29258.8,29273.6,28919.9,29021.0,61493.335,1788545064.19232
2023-08-04 20:00:00,29021.0,29115.0,28780.0,29101.1,48349.502,1401817326.40889
2023-08-05 00:00:00,29101.1,29145.0,29051.1,29082.6,15877.382,461887328.78232
2023-08-05 04:00:00,29082.6,29089.2,29020.5,29037.9,11796.275,342746659.6781
2023-08-05 08:00:00,29037.9,29083.0,29030.1,29040.6,10686.415,310495505.4982
2023-08-05 12:00:00,29040.6,29072.9,28960.0,29032.4,25947.755,752970051.4332
2023-08-05 16:00:00,29032.5,29092.1,28997.4,29056.9,11614.747,337390211.7787
2023-08-05 20:00:00,29056.9,29084.3,29041.5,29057.7,6586.05,191399858.2689
2023-08-06 00:00:00,29057.7,29070.3,29023.4,29053.5,8174.351,237451308.1828
2023-08-06 04:00:00,29053.5,29100.0,29028.0,29081.4,11457.437,333044323.172
2023-08-06 08:00:00,29081.3,29132.0,29036.0,29067.0,15861.601,461238579.8634
2023-08-06 12:00:00,29067.0,29067.7,28978.5,29001.0,18943.151,549747356.947
2023-08-06 16:00:00,29001.1,29095.0,28983.7,29076.9,18067.007,525049194.2613
2023-08-06 20:00:00,29077.0,29199.0,29025.0,29075.9,30590.893,890895809.111
2023-08-07 00:00:00,29075.9,29220.7,29005.5,29148.9,29961.046,872787714.0157
2023-08-07 04:00:00,29148.8,29186.6,29036.5,29084.7,22738.52,661751201.7519
2023-08-07 08:00:00,29084.7,29146.2,29031.0,29085.8,23220.442,675407967.7372
2023-08-07 12:00:00,29085.9,29148.8,28771.0,28853.2,85465.104,2475642123.4998
2023-08-07 16:00:00,28853.2,29177.0,28682.3,29144.9,101877.164,2950084937.71923
2023-08-07 20:00:00,29144.9,29274.5,29107.7,29202.7,34490.163,1006701947.46459
2023-08-08 00:00:00,29202.7,29255.0,29132.4,29182.8,21205.29,618833233.1077
2023-08-08 04:00:00,29182.8,29330.0,29170.2,29177.0,30113.085,880381418.48093
2023-08-08 08:00:00,29177.0,29439.0,29160.0,29428.0,46193.521,1353444294.1579
2023-08-08 12:00:00,29428.1,29666.0,29336.6,29517.5,130658.527,3852330582.08225
2023-08-08 16:00:00,29517.5,29944.8,29516.1,29866.4,136368.699,4060127269.80698
2023-08-08 20:00:00,29866.4,30250.0,29674.1,29759.0,94730.679,2834460950.96681
2023-08-09 00:00:00,29758.9,29874.5,29628.0,29710.0,44098.378,1311622724.7637
2023-08-09 04:00:00,29710.0,29809.8,29650.0,29807.9,33679.663,1001344786.5102
2023-08-09 08:00:00,29807.8,29905.8,29715.6,29877.1,39109.948,1165713057.8825
2023-08-09 12:00:00,29877.1,30149.7,29663.0,29749.4,112574.075,3364374864.74632
2023-08-09 16:00:00,29749.3,29764.9,29366.0,29404.2,94943.469,2804368850.54965
2023-08-09 20:00:00,29404.3,29619.7,29362.0,29572.8,37604.168,1109501343.3395
2023-08-10 00:00:00,29572.9,29650.0,29550.4,29568.9,26398.735,781266575.4078
2023-08-10 04:00:00,29568.9,29613.2,29477.2,29504.0,26126.032,771646583.1025
2023-08-10 08:00:00,29504.0,29553.0,29461.4,29490.0,21083.327,622125701.5055
2023-08-10 12:00:00,29490.0,29729.8,29380.0,29452.8,101443.007,2997257912.2473
2023-08-10 16:00:00,29452.9,29472.6,29303.7,29435.5,46278.886,1361132258.40833
2023-08-10 20:00:00,29435.4,29480.0,29413.7,29443.7,13216.051,389216478.9213
2023-08-11 00:00:00,29443.7,29489.5,29336.0,29400.7,19307.071,567916012.3108
2023-08-11 04:00:00,29400.7,29481.9,29367.3,29406.7,18382.821,540901224.801
2023-08-11 08:00:00,29406.8,29441.6,29333.9,29435.0,21937.072,644848372.9225
2023-08-11 12:00:00,29435.0,29565.1,29339.9,29383.0,67829.51,1997350698.05644
2023-08-11 16:00:00,29382.9,29420.0,29220.0,29387.8,41293.164,1211416505.85498
2023-08-11 20:00:00,29387.8,29437.2,29382.9,29415.5,10294.37,302753374.199
2023-08-12 00:00:00,29415.5,29450.0,29360.0,29388.0,11511.455,338454398.6953
2023-08-12 04:00:00,29388.0,29417.2,29375.7,29410.2,7457.781,219252452.9681
2023-08-12 08:00:00,29410.2,29424.9,29378.6,29416.7,9821.475,288800690.5328
2023-08-12 12:00:00,29416.7,29445.3,29395.7,29426.0,10838.163,318872288.3151
2023-08-12 16:00:00,29426.0,29470.0,29401.2,29407.5,10798.789,317841256.229
2023-08-12 20:00:00,29407.6,29422.7,29385.1,29420.7,5810.372,170885274.4016
2023-08-13 00:00:00,29420.8,29447.4,29380.1,29401.8,9679.096,284719836.023
2023-08-13 04:00:00,29401.8,29401.9,29343.8,29385.5,11731.661,344641030.9277
2023-08-13 08:00:00,29385.6,29400.7,29362.0,29374.0,7336.398,215609931.7711
2023-08-13 12:00:00,29374.0,29382.6,29349.0,29362.8,9904.96,290891864.7546
2023-08-13 16:00:00,29362.8,29463.0,29316.2,29426.1,20860.595,613001529.4062
2023-08-13 20:00:00,29426.0,29434.9,29256.6,29293.3,24677.795,723965419.7821
2023-08-14 00:00:00,29293.3,29415.0,29070.0,29390.0,68307.546,1998170895.47089
2023-08-14 04:00:00,29390.0,29466.3,29379.4,29410.5,22179.194,652415720.0225
2023-08-14 08:00:00,29410.4,29486.0,29371.4,29399.8,24534.443,721759113.7548
2023-08-14 12:00:00,29399.8,29665.0,29319.9,29592.9,80846.779,2385466139.06796
2023-08-14 16:00:00,29592.8,29686.7,29233.0,29353.8,81315.67,2394446591.96008
2023-08-14 20:00:00,29353.7,29465.8,29323.2,29419.5,17851.751,524862271.4769
2023-08-15 00:00:00,29419.5,29446.5,29355.9,29386.9,14493.26,426058481.4482
2023-08-15 04:00:00,29386.9,29422.9,29338.9,29396.9,14399.408,422944088.5535
2023-08-15 08:00:00,29396.9,29446.5,29340.2,29357.1,22179.354,652032502.7986
2023-08-15 12:00:00,29357.1,29492.1,29294.9,29315.2,46749.748,1373551584.4309
2023-08-15 16:00:00,29315.1,29358.9,29050.0,29172.4,71365.384,2084832986.45222
2023-08-15 20:00:00,29172.4,29234.6,29125.8,29188.8,22102.805,645249156.0206
2023-08-16 00:00:00,29188.9,29257.4,29174.6,29216.7,18146.82,530237225.5864
2023-08-16 04:00:00,29216.7,29223.5,29100.0,29187.0,25778.007,751855472.3356
2023-08-16 08:00:00,29187.0,29209.0,29086.0,29154.9,25949.939,756676814.9697
2023-08-16 12:00:00,29154.9,29206.6,29030.0,29098.0,54132.727,1576466080.0986
2023-08-16 16:00:00,29097.9,29229.6,28940.0,29105.5,75411.961,2192964422.54721
2023-08-16 20:00:00,29105.4,29132.4,28705.1,28714.4,81123.498,2344070826.66604
2023-08-17 00:00:00,28714.4,28775.9,28288.6,28643.5,100604.312,2873871783.82857
2023-08-17 04:00:00,28643.5,28694.9,28590.2,28613.0,27425.195,785450556.4307
2023-08-17 08:00:00,28613.1,28627.8,28469.2,28540.0,39605.756,1130811305.8859
2023-08-17 12:00:00,28540.0,28569.3,27855.0,27920.9,182544.677,5157961272.73697
2023-08-17 16:00:00,27920.9,28078.0,27700.0,27889.4,133611.979,3727531245.2024
2023-08-17 20:00:00,27889.4,27915.8,24581.0,26609.7,384716.301,10216747200.27413
2023-08-18 00:00:00,26609.7,26818.0,26307.1,26385.9,78941.15,2099162035.04442
2023-08-18 04:00:00,26386.0,26597.7,26150.0,26413.8,75871.993,2001841082.49134
2023-08-18 08:00:00,26413.8,26595.2,26365.0,26479.5,49121.525,1300346072.3765
2023-08-18 12:00:00,26479.5,26489.6,25918.2,25993.1,130570.32,3418381447.875
2023-08-18 16:00:00,25993.1,26300.0,25600.0,26053.4,151020.85,3919715308.94319
2023-08-18 20:00:00,26053.4,26235.0,25989.5,26042.1,36849.478,961892930.6829
2023-08-19 00:00:00,26042.0,26147.6,25910.0,25958.7,28906.528,751984208.6549
2023-08-19 04:00:00,25958.6,25998.0,25783.4,25906.8,38367.552,993248558.17728
2023-08-19 08:00:00,25906.7,25992.8,25871.0,25885.2,26956.868,698725996.2747
2023-08-19 12:00:00,25885.3,26216.4,25858.0,26201.0,50264.714,1307916795.69816
2023-08-19 16:00:00,26201.0,26269.4,26012.3,26112.6,42478.885,1109834904.4977
2023-08-19 20:00:00,26112.6,26143.7,26016.6,26088.3,15244.606,397427940.091
2023-08-20 00:00:00,26088.4,26197.0,26027.9,26090.9,17904.105,467237796.1635
2023-08-20 04:00:00,26090.9,26153.4,26029.2,26073.6,13250.608,345605995.918
2023-08-20 08:00:00,26073.6,26187.8,26041.4,26163.9,19743.709,515757318.7428
2023-08-20 12:00:00,26163.8,26209.6,25948.5,26095.0,40356.224,1052823097.6258
2023-08-20 16:00:00,26095.0,26149.0,25982.3,26122.1,21311.961,555883071.4359
2023-08-20 20:00:00,26122.1,26285.0,26122.0,26175.9,28523.243,746973256.59874
2023-08-21 00:00:00,26175.9,26183.2,26052.5,26076.7,19223.035,501879350.94696
2023-08-21 04:00:00,26076.8,26174.4,25985.0,26012.0,32357.565,843233681.4428
2023-08-21 08:00:00,26011.9,26079.8,25861.0,26020.7,43891.805,1140104778.68228
2023-08-21 12:00:00,26020.8,26193.6,25800.0,25925.1,78006.665,2028013628.51254
2023-08-21 16:00:00,25925.1,26159.9,25921.1,26086.2,34324.296,893641540.13056
2023-08-21 20:00:00,26086.2,26280.0,26067.5,26115.4,24701.899,645883179.97024
2023-08-22 00:00:00,26115.4,26128.2,26010.3,26042.2,15716.085,409592285.23846
2023-08-22 04:00:00,26042.2,26108.7,25981.6,26091.6,18541.38,482788260.8654
2023-08-22 08:00:00,26091.7,26100.0,26014.6,26039.0,15537.931,404689941.4428
2023-08-22 12:00:00,26039.0,26087.2,25900.0,25923.0,44564.037,1158494541.829
2023-08-22 16:00:00,25923.0,26048.0,25693.6,25767.2,116546.068,3015657260.16007
2023-08-22 20:00:00,25767.1,26060.0,25280.0,26044.4,102208.075,2627785747.53454
2023-08-23 00:00:00,26044.5,26177.0,25974.1,25992.1,35799.369,932902568.49036
2023-08-23 04:00:00,25992.0,26170.0,25967.1,26045.3,36125.446,941289234.7704
2023-08-23 08:00:00,26045.3,26085.6,25887.4,25928.1,31581.275,820312067.9465
2023-08-23 12:00:00,25928.1,26187.0,25800.0,26134.3,89252.364,2321153493.73994
2023-08-23 16:00:00,26134.3,26806.0,26113.7,26615.2,149537.665,3958384937.09999
2023-08-23 20:00:00,26615.2,26714.8,26201.0,26419.2,70672.909,1870824609.00394
2023-08-24 00:00:00,26419.2,26535.9,26334.0,26430.0,29657.857,783806862.2785
2023-08-24 04:00:00,26430.0,26509.6,26370.1,26460.7,23503.45,621435423.8244
2023-08-24 08:00:00,26460.8,26568.3,26395.0,26433.8,33863.857,896407614.559
2023-08-24 12:00:00,26433.8,26433.9,25972.5,25987.3,100356.806,2628439726.2798
2023-08-24 16:00:00,25987.3,26148.0,25835.0,26025.9,68869.989,1792496502.06611
2023-08-24 20:00:00,26026.0,26200.0,25918.5,26164.6,30501.378,795039356.5696
2023-08-25 00:00:00,26164.6,26177.0,26000.0,26095.2,21737.926,567488625.7342
2023-08-25 04:00:00,26095.2,26102.9,25960.0,25969.3,28255.721,735293924.9455
2023-08-25 08:00:00,25969.4,26118.7,25968.9,26087.7,23053.719,601111274.1913
2023-08-25 12:00:00,26087.7,26300.0,25754.4,25917.4,138297.912,3598671867.79923
2023-08-25 16:00:00,25917.3,26059.8,25820.0,25961.9,45731.022,1186422398.6539
2023-08-25 20:00:00,25961.8,26078.0,25944.4,26051.7,17754.194,462176213.04896
2023-08-26 00:00:00,26051.7,26129.4,26018.1,26076.4,13952.932,363657658.5104
2023-08-26 04:00:00,26076.4,26079.2,26033.7,26039.7,8045.871,209620063.2891
2023-08-26 08:00:00,26039.8,26048.7,25985.0,26035.9,12714.098,330763131.2452
2023-08-26 12:00:00,26036.0,26070.0,25969.0,26040.2,12983.317,337927968.0856
2023-08-26 16:00:00,26040.2,26048.5,25990.2,26023.0,8875.066,230877335.6146
2023-08-26 20:00:00,26023.1,26038.7,25975.5,26004.3,7354.578,191305679.1535
2023-08-27 00:00:00,26004.3,26021.6,25955.6,26009.6,9486.116,246540626.1775
2023-08-27 04:00:00,26009.7,26041.9,26009.6,26028.5,7936.958,206576474.7149
2023-08-27 08:00:00,26028.5,26087.7,26018.9,26049.0,13550.247,353064639.6897
2023-08-27 12:00:00,26049.0,26173.6,26040.2,26110.8,21791.01,569119482.33437
2023-08-27 16:00:00,26110.9,26169.8,26020.0,26112.1,22000.852,574245280.2899
2023-08-27 20:00:00,26112.2,26123.8,26025.2,26087.7,11740.215,306115076.2424
2023-08-28 00:00:00,26087.6,26092.1,25970.3,26002.0,26342.016,685507544.4235
2023-08-28 04:00:00,26002.0,26024.7,25850.4,25923.0,30904.881,801625121.62688
2023-08-28 08:00:00,25923.1,25994.8,25853.5,25992.8,27052.356,701509338.375
2023-08-28 12:00:00,25992.8,26244.6,25980.0,26093.3,68569.758,1790967944.45066
2023-08-28 16:00:00,26093.4,26182.8,25902.2,25981.6,41869.582,1090797542.6165
2023-08-28 20:00:00,25981.7,26170.0,25931.8,26106.5,25253.458,657837842.542
2023-08-29 00:00:00,26106.5,26200.0,26050.1,26068.3,22733.617,593628271.3284
2023-08-29 04:00:00,26068.4,26080.4,25974.1,25992.0,20248.279,527029566.803
2023-08-29 08:00:00,25992.1,26038.3,25905.2,25962.2,33062.319,858589452.5667
2023-08-29 12:00:00,25962.2,27690.0,25951.7,27411.4,362949.333,9820026349.97258
2023-08-29 16:00:00,27411.4,28168.0,27337.6,27820.0,200945.529,5596982891.88611
2023-08-29 20:00:00,27820.0,27875.0,27517.5,27700.1,60294.869,1667632270.22422
2023-08-30 00:00:00,27700.1,27758.2,27265.0,27379.3,66092.614,1815526738.08777
2023-08-30 04:00:00,27379.2,27464.0,27360.0,27427.2,23307.828,639141770.3697
2023-08-30 08:00:00,27427.1,27493.6,27290.7,27323.5,35589.834,974842234.3284
2023-08-30 12:00:00,27323.4,27450.0,26950.0,27192.0,125823.008,3427673943.99697
2023-08-30 16:00:00,27191.9,27277.7,27053.0,27167.3,42830.02,1163730610.0625
2023-08-30 20:00:00,27167.4,27335.6,27165.5,27290.4,21670.612,590807372.1926
2023-08-31 00:00:00,27290.4,27290.5,27166.0,27207.8,16078.298,437418997.6314
2023-08-31 04:00:00,27207.8,27285.0,27200.8,27249.1,16560.475,451144577.4073
2023-08-31 08:00:00,27249.2,27674.3,27175.8,27291.8,53026.501,1449832429.99933
2023-08-31 12:00:00,27291.8,27305.1,26733.8,26909.5,102909.965,2785549784.19627
2023-08-31 16:00:00,26909.4,26913.9,25876.6,26148.7,224162.459,5910897395.50041
2023-08-31 20:00:00,26148.7,26180.0,25617.8,25928.0,90168.579,2339530535.42429
2023-09-01 00:00:00,25928.0,26094.1,25918.9,26071.5,27071.631,704348190.23706
2023-09-01 04:00:00,26071.4,26086.2,25962.1,25975.2,18796.654,488893032.2654
2023-09-01 08:00:00,25975.3,26068.3,25941.7,26033.7,23768.858,618021979.1569
2023-09-01 12:00:00,26033.6,26151.6,25555.0,25798.0,118639.496,3069677029.15344
2023-09-01 16:00:00,25798.0,25958.1,25312.0,25637.1,134918.148,3454821651.99497
2023-09-01 20:00:00,25637.2,25928.5,25557.3,25795.6,37990.137,979070939.57018
2023-09-02 00:00:00,25795.6,25829.9,25740.6,25786.1,12087.023,311611331.0523
2023-09-02 04:00:00,25786.1,25841.4,25754.7,25783.9,13773.944,355274981.076
2023-09-02 08:00:00,25783.9,25848.0,25760.4,25800.1,18478.625,476810012.0291
2023-09-02 12:00:00,25800.1,25975.0,25771.1,25880.0,31798.193,822731302.042
2023-09-02 16:00:00,25880.1,25926.5,25750.9,25821.6,22126.255,571433484.0266
2023-09-02 20:00:00,25821.6,25899.3,25805.4,25855.8,9378.824,242417690.21
2023-09-03 00:00:00,25855.8,25899.9,25810.8,25850.0,10366.408,268025872.6498
2023-09-03 04:00:00,25850.0,25943.6,25849.9,25941.4,11059.332,286428322.4218
2023-09-03 08:00:00,25941.5,25943.7,25862.5,25930.4,11620.083,300966588.8656
2023-09-03 12:00:00,25930.5,26115.0,25802.8,25858.2,42781.009,1109221501.50916
2023-09-03 16:00:00,25858.2,26033.3,25777.0,25997.6,31902.907,826570438.0153
2023-09-03 20:00:00,25997.5,26135.2,25915.0,25962.1,25287.093,657594317.44136
2023-09-04 00:00:00,25962.1,26099.3,25864.0,25974.1,22003.637,571265202.99704
2023-09-04 04:00:00,25974.1,26005.7,25896.0,25953.8,14593.385,378832452.1875
2023-09-04 08:00:00,25953.8,26000.0,25845.2,25878.0,20972.285,543432378.24988
2023-09-04 12:00:00,25877.9,25961.5,25707.5,25803.9,53696.836,1386593234.3157
2023-09-04 16:00:00,25803.9,25936.9,25794.9,25881.0,22170.0,573456981.9289
2023-09-04 20:00:00,25881.1,25911.2,25610.0,25814.0,39711.73,1022569773.28737
2023-09-05 00:00:00,25814.0,25833.1,25531.2,25681.8,30824.27,791692506.2975
2023-09-05 04:00:00,25681.7,25747.8,25660.8,25724.7,20015.69,514432580.9002
2023-09-05 08:00:00,25724.7,25800.0,25639.0,25771.2,29224.31,752080707.5317
2023-09-05 12:00:00,25771.3,25900.0,25610.0,25747.9,67199.276,1730137976.87544
2023-09-05 16:00:00,25747.9,25837.7,25668.0,25670.4,25402.722,654029405.3417
2023-09-05 20:00:00,25670.4,25792.4,25660.0,25779.7,13973.677,359468583.7041
2023-09-06 00:00:00,25779.7,25858.5,25758.1,25770.1,16399.582,423098714.5816
2023-09-06 04:00:00,25770.1,25780.9,25711.0,25715.0,14492.862,373191657.2905
2023-09-06 08:00:00,25715.1,25766.6,25701.0,25722.1,13681.083,352008232.5603
2023-09-06 12:00:00,25722.0,25769.3,25530.0,25576.3,58993.312,1512452735.5492
2023-09-06 16:00:00,25576.3,26052.0,25326.0,25679.4,127581.603,3276441170.40785
2023-09-06 20:00:00,25679.5,25776.0,25641.6,25747.4,19974.218,513819878.0486
2023-09-07 00:00:00,25747.4,25830.6,25710.3,25824.7,14048.995,361927321.1769
2023-09-07 04:00:00,25824.6,25838.0,25735.2,25750.9,15151.927,390637438.2959
2023-09-07 08:00:00,25751.0,25751.0,25680.0,25695.5,14981.411,385359727.4462
2023-09-07 12:00:00,25695.5,25824.7,25602.3,25766.7,49351.912,1268835963.5917
2023-09-07 16:00:00,25766.7,25971.7,25760.0,25867.1,48160.796,1245783643.26768
2023-09-07 20:00:00,25867.1,26451.0,25843.3,26240.7,115654.861,3031294615.05768
2023-09-08 00:00:00,26240.7,26437.5,26181.6,26235.6,36619.154,962282094.27564
2023-09-08 04:00:00,26235.6,26378.4,26171.0,26244.1,33675.232,884791118.0764
2023-09-08 08:00:00,26244.0,26257.9,25630.0,25828.9,92561.921,2396822879.17932
2023-09-08 12:00:00,25828.9,25945.7,25777.4,25829.8,36852.238,953209685.4647
2023-09-08 16:00:00,25829.9,25885.0,25707.0,25883.7,35345.758,911717089.2961
2023-09-08 20:00:00,25883.6,25923.1,25834.5,25899.8,14215.458,367926998.7628
2023-09-09 00:00:00,25899.9,25900.1,25835.0,25866.2,10539.396,272572295.5159
2023-09-09 04:00:00,25866.2,25886.6,25820.0,25871.0,10439.268,269942407.7304
2023-09-09 08:00:00,25871.0,25896.1,25834.3,25850.8,10348.675,267678493.0209
2023-09-09 12:00:00,25850.7,25921.5,25781.5,25881.9,19660.804,508278817.7537
2023-09-09 16:00:00,25881.9,25940.6,25834.3,25858.0,10147.831,262569129.9484
2023-09-09 20:00:00,25858.0,25908.5,25843.7,25892.6,6773.836,175285106.4541
2023-09-10 00:00:00,25892.6,25893.9,25816.6,25851.1,10214.868,264008198.112
2023-09-10 04:00:00,25851.1,25864.2,25727.8,25843.0,21004.581,542142366.8513
2023-09-10 08:00:00,25843.1,25856.1,25780.0,25782.9,13734.798,354601419.0021
2023-09-10 12:00:00,25783.0,25827.0,25702.0,25764.1,23275.085,599793997.99116
2023-09-10 16:00:00,25764.1,25854.5,25508.7,25786.7,45647.698,1173322889.49816
2023-09-10 20:00:00,25786.7,26037.3,25758.0,25828.4,49095.383,1270013697.22838
2023-09-11 00:00:00,25828.4,25864.9,25639.8,25727.4,32476.954,835655578.39676
2023-09-11 04:00:00,25727.4,25895.0,25707.9,25801.3,25284.435,652642346.66298
2023-09-11 08:00:00,25801.4,25817.9,25555.0,25591.9,60165.089,1545311820.74706
2023-09-11 12:00:00,25591.8,25749.7,24915.0,25102.5,202778.65,5125273528.36638
2023-09-11 16:00:00,25102.4,25240.6,24975.0,25008.3,65270.071,1639585622.31372
2023-09-11 20:00:00,25008.2,25210.0,24888.0,25150.4,41241.175,1034585163.28972
2023-09-12 00:00:00,25150.4,25949.0,25116.4,25788.2,109017.337,2787760622.46575
2023-09-12 04:00:00,25788.2,25989.6,25600.8,25810.2,95929.589,2472843417.31446
2023-09-12 08:00:00,25810.2,26330.9,25720.0,26087.2,107776.089,2806541502.44074
2023-09-12 12:00:00,26087.2,26397.0,26021.0,26192.4,104597.363,2736366334.1067
2023-09-12 16:00:00,26192.3,26580.0,25868.0,26052.0,134082.429,3505522202.26486
2023-09-12 20:00:00,26052.1,26150.0,25762.0,25825.8,40646.871,1054920345.93493
2023-09-13 00:00:00,25825.8,25974.0,25750.0,25868.4,33520.94,867700736.9289
2023-09-13 04:00:00,25868.3,26099.5,25835.0,25865.7,46661.975,1210355977.45794
2023-09-13 08:00:00,25865.7,26246.2,25850.8,26184.7,64369.473,1679648401.92147
2023-09-13 12:00:00,26184.8,26382.0,26007.9,26229.1,100568.974,2633173877.7662
2023-09-13 16:00:00,26229.2,26400.0,26038.0,26129.5,70495.521,1847116275.04046
2023-09-13 20:00:00,26129.4,26294.0,26129.4,26209.9,19635.835,514838353.98194
2023-09-14 00:00:00,26209.9,26536.7,26106.6,26253.8,76521.139,2012899129.29654
2023-09-14 04:00:00,26253.8,26380.0,26150.0,26332.3,31773.158,834057033.3286
2023-09-14 08:00:00,26332.2,26483.5,26253.0,26431.5,35924.143,946254789.0725
2023-09-14 12:00:00,26431.6,26790.0,26326.0,26679.9,143119.612,3803649711.12643
2023-09-14 16:00:00,26680.0,26880.0,26530.2,26662.0,62676.122,1670000982.87672
2023-09-14 20:00:00,26662.0,26713.2,26461.0,26510.3,30652.297,814220450.0254
2023-09-15 00:00:00,26510.3,26617.8,26428.6,26602.6,27710.077,735028713.2367
2023-09-15 04:00:00,26602.7,26647.0,26535.0,26554.4,20708.984,550623128.3782
2023-09-15 08:00:00,26554.4,26691.5,26353.7,26415.3,43587.614,1156905750.8622
2023-09-15 12:00:00,26415.3,26520.0,26206.6,26311.1,69223.358,1824085083.92734
2023-09-15 16:00:00,26311.1,26435.6,26301.9,26386.9,24017.623,632998778.566
2023-09-15 20:00:00,26386.9,26890.0,26357.3,26591.1,66409.114,1769920143.27052
2023-09-16 00:00:00,26591.1,26763.5,26558.3,26602.4,32987.327,879086690.2924
2023-09-16 04:00:00,26602.4,26608.8,26453.3,26486.0,32167.809,853201762.3268
2023-09-16 08:00:00,26486.0,26574.3,26430.0,26510.7,31565.807,836412940.0878
2023-09-16 12:00:00,26510.6,26566.4,26470.3,26493.6,15417.412,408848027.1297
2023-09-16 16:00:00,26493.6,26610.0,26483.5,26524.2,19314.111,512717684.9056
2023-09-16 20:00:00,26524.1,26570.0,26492.0,26546.9,9029.999,239638217.0165
2023-09-17 00:00:00,26547.0,26548.3,26400.0,26511.1,24901.582,659206565.1853
2023-09-17 04:00:00,26511.1,26560.7,26476.0,26482.6,12207.039,323759118.996
2023-09-17 08:00:00,26482.6,26614.3,26480.3,26553.9,18581.011,493486779.8858
2023-09-17 12:00:00,26553.9,26598.7,26507.9,26537.0,15183.422,403065090.6261
2023-09-17 16:00:00,26536.9,26539.0,26454.4,26491.3,18907.859,500960193.3356
2023-09-17 20:00:00,26491.2,26526.0,26377.4,26514.2,24458.481,647040706.4158
2023-09-18 00:00:00,26514.2,26740.7,26358.6,26646.2,59011.231,1567754626.3348
2023-09-18 04:00:00,26646.2,26796.0,26550.1,26701.7,34889.774,930333418.87452
2023-09-18 08:00:00,26701.8,27235.0,26666.4,27184.7,117551.37,3172334739.18335
2023-09-18 12:00:00,27184.6,27397.0,27115.0,27258.8,99944.871,2725818687.80704
2023-09-18 16:00:00,27258.8,27296.8,26611.2,26803.2,131940.936,3544385310.70666
2023-09-18 20:00:00,26803.2,26869.2,26713.3,26749.9,29200.85,782024659.2762
2023-09-19 00:00:00,26749.9,26828.5,26653.2,26805.1,28690.386,766909051.1488
2023-09-19 04:00:00,26805.1,26860.0,26740.0,26836.1,18919.448,507323828.8226
2023-09-19 08:00:00,26836.0,27470.0,26834.3,27224.3,126172.926,3427401850.14272
2023-09-19 12:00:00,27224.4,27480.0,26868.0,27413.4,148480.216,4037290590.71097
2023-09-19 16:00:00,27413.3,27472.5,27051.5,27172.1,78562.344,2138555328.80468
2023-09-19 20:00:00,27172.1,27213.0,26970.0,27196.0,32686.427,886533548.19218
2023-09-20 00:00:00,27195.9,27381.0,27070.2,27106.4,46102.861,1254523955.12904
2023-09-20 04:00:00,27106.4,27149.8,26923.3,27089.5,42439.459,1147898789.9428
2023-09-20 08:00:00,27089.5,27182.0,26930.3,27085.4,49758.677,1346113284.16208
2023-09-20 12:00:00,27085.5,27228.8,26980.2,27168.7,57533.026,1559556861.44468
2023-09-20 16:00:00,27168.7,27297.9,26740.0,26916.6,107628.888,2914104303.63652
2023-09-20 20:00:00,26916.5,27235.0,26901.5,27107.7,45458.536,1231182870.66408
2023-09-21 00:00:00,27107.7,27149.0,26917.4,27027.0,30052.613,811757122.2116
2023-09-21 04:00:00,27026.9,27092.4,26966.1,26978.4,23776.774,642650252.6309
2023-09-21 08:00:00,26978.4,27008.0,26612.5,26722.7,93622.742,2506870696.26866
2023-09-21 12:00:00,26722.8,26769.8,26360.1,26567.7,114858.409,3047408676.50639
2023-09-21 16:00:00,26567.6,26685.7,26530.8,26589.1,36731.887,977097157.6313
2023-09-21 20:00:00,26589.1,26611.2,26484.0,26552.6,18950.444,503287823.9328
2023-09-22 00:00:00,26552.6,26655.9,26452.9,26616.8,37106.938,986560237.5538
2023-09-22 04:00:00,26616.9,26697.5,26559.4,26660.9,22750.565,605869011.4623
2023-09-22 08:00:00,26660.9,26737.7,26573.0,26630.0,29533.611,786856710.1305
2023-09-22 12:00:00,26630.1,26688.2,26540.6,26619.9,37446.737,996699329.1419
2023-09-22 16:00:00,26619.9,26632.5,26514.0,26525.1,26689.549,709278941.876
2023-09-22 20:00:00,26525.0,26588.0,26468.5,26566.7,20007.248,530955251.8072
2023-09-23 00:00:00,26566.7,26606.2,26510.3,26519.1,12073.369,320630655.2653
2023-09-23 04:00:00,26519.0,26575.0,26492.2,26572.0,10417.851,276507779.3277
2023-09-23 08:00:00,26571.9,26583.7,26540.9,26562.5,6701.253,177970826.1836
2023-09-23 12:00:00,26562.5,26580.0,26530.1,26567.5,9319.412,247490828.249
2023-09-23 16:00:00,26567.4,26620.6,26545.4,26594.4,11673.719,310390993.1515
2023-09-23 20:00:00,26594.4,26600.0,26542.0,26563.1,7650.88,203243682.5647
2023-09-24 00:00:00,26563.0,26581.0,26545.0,26559.9,5356.621,142296007.7482
2023-09-24 04:00:00,26559.9,26563.7,26529.6,26552.4,7566.917,200884638.9323
2023-09-24 08:00:00,26552.4,26604.1,26552.4,26587.6,9640.933,256258737.8918
2023-09-24 12:00:00,26587.5,26618.7,26547.4,26566.0,9585.646,254761843.4637
2023-09-24 16:00:00,26566.0,26739.9,26300.0,26432.5,70195.077,1862777135.4278
2023-09-24 20:00:00,26432.5,26512.0,26081.0,26232.4,44287.579,1165542532.95244
2023-09-25 00:00:00,26232.4,26327.2,25965.0,26148.6,70354.152,1841020529.6421
2023-09-25 04:00:00,26148.5,26186.0,26025.0,26176.8,29109.864,760256715.54676
2023-09-25 08:00:00,26176.7,26223.0,26010.0,26064.6,33861.773,883350696.1721
2023-09-25 12:00:00,26064.5,26289.9,25977.0,26230.9,58173.701,1520725450.79064
2023-09-25 16:00:00,26231.0,26419.4,26205.2,26318.6,53507.097,1408069143.1709
2023-09-25 20:00:00,26318.6,26440.0,26247.6,26290.5,23379.249,615403673.9407
2023-09-26 00:00:00,26290.5,26388.0,26221.0,26338.8,20252.741,532671403.71784
2023-09-26 04:00:00,26338.8,26353.3,26241.4,26256.3,15914.017,418440821.594
2023-09-26 08:00:00,26256.3,26322.4,26170.1,26262.4,29884.397,784118336.4653
2023-09-26 12:00:00,26262.4,26296.6,26073.8,26114.8,54594.034,1429202512.5243
2023-09-26 16:00:00,26114.8,26289.9,26100.8,26235.8,36140.137,946957986.2642
2023-09-26 20:00:00,26235.8,26280.9,26080.0,26208.8,23705.843,620686853.4948
2023-09-27 00:00:00,26208.7,26281.5,26189.1,26266.9,18602.743,488013337.2125
2023-09-27 04:00:00,26266.9,26280.1,26220.9,26233.4,10642.421,279297587.791
2023-09-27 08:00:00,26233.4,26840.0,26209.0,26755.8,110026.569,2919014480.80225
2023-09-27 12:00:00,26755.7,26849.9,26050.0,26293.4,148747.146,3936313461.10884
2023-09-27 16:00:00,26293.4,26303.7,26100.0,26258.6,42912.849,1125222368.0678
2023-09-27 20:00:00,26258.6,26374.9,26211.6,26359.6,22071.112,580317067.7062
2023-09-28 00:00:00,26359.6,26549.9,26325.2,26363.8,49942.892,1319549263.27646
2023-09-28 04:00:00,26363.9,26496.7,26331.3,26445.7,28674.3,757908210.8206
2023-09-28 08:00:00,26445.7,26620.0,26373.8,26464.4,45294.642,1199694363.35853
2023-09-28 12:00:00,26464.3,27075.0,26450.0,27012.3,132544.747,3545947014.81426
2023-09-28 16:00:00,27012.3,27308.7,26837.3,27088.5,134967.954,3657049614.33055
2023-09-28 20:00:00,27088.5,27157.2,26880.0,27011.8,38163.323,1031271566.0487
2023-09-29 00:00:00,27011.7,27130.2,26850.0,26944.6,42839.718,1155979937.0452
2023-09-29 04:00:00,26944.6,27231.5,26878.6,27168.0,39122.68,1058596601.92938
2023-09-29 08:00:00,27167.9,27168.0,26943.0,26958.3,35285.347,953932509.9688
2023-09-29 12:00:00,26958.3,27098.0,26625.0,26874.8,112690.562,3029323181.67258
2023-09-29 16:00:00,26874.9,26944.6,26731.0,26912.7,33353.821,895525854.1009
2023-09-29 20:00:00,26912.6,26979.0,26850.1,26890.9,14105.515,379320669.3903
2023-09-30 00:00:00,26890.9,26934.9,26870.4,26904.1,10407.031,279961263.9888
2023-09-30 04:00:00,26904.1,26949.5,26895.8,26915.9,9597.371,258390684.0244
2023-09-30 08:00:00,26915.9,26987.6,26906.0,26924.3,13578.452,365845550.3113
2023-09-30 12:00:00,26924.3,27085.0,26890.4,26986.2,28820.462,777698185.6352
2023-09-30 16:00:00,26986.2,27032.7,26958.0,27011.2,14178.557,382759044.0955
2023-09-30 20:00:00,27011.2,27070.4,26929.8,26950.9,15735.281,424883988.4149
2023-10-01 00:00:00,26951.0,27039.7,26939.0,27033.0,10992.693,296801044.3937
2023-10-01 04:00:00,27032.9,27148.0,27004.2,27092.1,19731.287,534423251.2994
2023-10-01 08:00:00,27092.1,27279.5,27070.5,27174.2,39467.035,1072977361.96795
2023-10-01 12:00:00,27174.2,27219.7,27067.4,27135.8,29636.282,804308282.814
2023-10-01 16:00:00,27135.8,27142.5,27021.4,27091.1,18484.665,500644522.1237
2023-10-01 20:00:00,27091.0,28365.2,27015.0,27981.4,122070.984,3388269106.49385
2023-10-02 00:00:00,27981.4,28231.0,27811.6,28114.8,63793.4,1784822344.93484
2023-10-02 04:00:00,28114.9,28428.2,27880.0,28299.1,82541.474,2324426774.43415
2023-10-02 08:00:00,28299.2,28477.0,28177.0,28183.2,85556.305,2421977519.816
2023-10-02 12:00:00,28183.1,28613.0,27971.0,28015.0,142209.369,4022624306.84347
2023-10-02 16:00:00,28015.0,28115.0,27614.6,27955.3,130189.706,3631375914.81109
2023-10-02 20:00:00,27955.3,27955.4,27255.0,27477.6,88987.466,2451319324.10774
2023-10-03 00:00:00,27477.7,27627.9,27366.1,27585.8,39247.385,1079428791.6096
2023-10-03 04:00:00,27585.8,27665.0,27510.1,27528.1,24066.057,663865320.6897
2023-10-03 08:00:00,27528.0,27630.0,27458.3,27549.1,33099.203,911915076.0119
2023-10-03 12:00:00,27549.1,27569.2,27212.3,27332.0,90415.792,2476741964.99376
2023-10-03 16:00:00,27332.1,27479.5,27230.0,27263.8,47928.263,1311400424.7454
2023-10-03 20:00:00,27263.8,27459.7,27123.0,27412.0,48321.199,1320650792.25061
2023-10-04 00:00:00,27412.0,27500.0,27163.9,27416.3,57221.782,1564543287.00854
2023-10-04 04:00:00,27416.3,27442.0,27335.8,27442.0,18072.198,495007244.4464
2023-10-04 08:00:00,27442.0,27627.6,27420.5,27559.9,43059.287,1185838173.55628
2023-10-04 12:00:00,27560.0,27619.4,27317.1,27388.3,55560.806,1525377259.46996
2023-10-04 16:00:00,27388.3,27830.0,27385.8,27606.0,72614.286,2005804171.62658
2023-10-04 20:00:00,27606.3,27824.0,27550.0,27759.8,34255.963,949117233.96632
2023-10-05 00:00:00,27759.7,27890.0,27631.0,27638.1,34804.893,965412804.3093
2023-10-05 04:00:00,27638.0,27688.4,27533.1,27595.3,23303.247,643573059.53668
2023-10-05 08:00:00,27595.4,27764.9,27578.1,27710.7,26856.381,743281152.28572
2023-10-05 12:00:00,27710.6,28110.0,27380.0,27540.0,182212.597,5068500701.20632
2023-10-05 16:00:00,27540.0,27609.9,27333.5,27457.1,80769.835,2217481660.14386
2023-10-05 20:00:00,27457.1,27497.2,27368.5,27398.4,22243.134,610118456.8127
2023-10-06 00:00:00,27398.3,27582.8,27382.6,27544.8,28560.582,785609931.75408
2023-10-06 04:00:00,27544.8,27644.0,27450.0,27626.8,29148.85,802454918.352
2023-10-06 08:00:00,27626.8,27785.0,27571.1,27750.0,52630.037,1456572814.40442
2023-10-06 12:00:00,27750.0,28035.6,27156.0,27926.5,192446.196,5308558376.71624
2023-10-06 16:00:00,27926.6,28030.0,27773.0,27939.1,74173.973,2070194082.2938
2023-10-06 20:00:00,27939.1,28450.0,27861.0,27916.3,61486.266,1724993487.21123
2023-10-07 00:00:00,27916.3,27944.6,27822.1,27890.9,26866.234,749269223.3472
2023-10-07 04:00:00,27891.0,27933.0,27858.4,27878.2,13365.886,372796320.7572
2023-10-07 08:00:00,27878.1,28018.7,27865.4,27929.4,28790.238,804806607.4792
2023-10-07 12:00:00,27929.4,27974.8,27882.6,27926.4,17899.853,499874204.9966
2023-10-07 16:00:00,27926.5,27952.6,27831.8,27849.7,19860.578,554024179.7598
2023-10-07 20:00:00,27849.7,27947.8,27838.5,27943.0,10266.356,286571621.7676
2023-10-08 00:00:00,27943.0,28082.0,27924.9,28049.9,23359.962,654279598.7828
2023-10-08 04:00:00,28050.0,28061.5,27864.6,27892.4,28017.337,782541146.4131
2023-10-08 08:00:00,27892.4,27927.0,27758.9,27799.2,31081.884,865323825.1528
2023-10-08 12:00:00,27799.2,27989.8,27671.0,27883.5,50314.194,1401452509.3922
2023-10-08 16:00:00,27883.5,27937.1,27791.0,27880.4,23250.062,647895158.5231
2023-10-08 20:00:00,27880.3,27968.7,27780.4,27901.2,22356.868,623509491.2473
2023-10-09 00:00:00,27901.2,27977.0,27780.3,27911.9,26462.524,737981748.2162
2023-10-09 04:00:00,27911.9,27934.0,27800.0,27804.6,18810.001,524061355.1212
2023-10-09 08:00:00,27804.6,27834.8,27392.0,27455.9,93264.706,2572382584.65103
2023-10-09 12:00:00,27456.0,27567.2,27358.2,27433.0,60971.215,1674748378.1306
2023-10-09 16:00:00,27433.1,27739.6,27250.0,27607.6,99593.955,2736975149.05534
2023-10-09 20:00:00,27607.7,27644.0,27542.3,27578.3,15214.18,419719745.5213
2023-10-10 00:00:00,27578.4,27695.1,27482.0,27621.6,24570.12,677867308.7415
2023-10-10 04:00:00,27621.5,27694.9,27565.2,27634.9,18658.884,515399355.7174
2023-10-10 08:00:00,27634.9,27727.3,27486.5,27494.1,30924.696,853821497.4906
2023-10-10 12:00:00,27494.0,27622.9,27318.2,27395.5,94338.609,2588667423.7397
2023-10-10 16:00:00,27395.6,27503.7,27281.0,27386.4,54866.291,1502122915.3586
2023-10-10 20:00:00,27386.3,27458.2,27308.1,27381.2,16420.896,449920795.2633
2023-10-11 00:00:00,27381.3,27467.6,27000.0,27000.7,71637.656,1945681470.28555
2023-10-11 04:00:00,27000.7,27131.1,26951.7,27012.8,38485.424,1041509197.7139
2023-10-11 08:00:00,27012.7,27320.0,27002.9,27185.0,57423.71,1561373541.00738
2023-10-11 12:00:00,27185.0,27252.6,26700.0,26769.1,99768.493,2690426554.52532
2023-10-11 16:00:00,26769.2,26788.0,26525.0,26753.7,92108.467,2456318526.02793
2023-10-11 20:00:00,26753.8,26879.7,26666.0,26864.5,28762.821,769810706.86732
2023-10-12 00:00:00,26864.5,26939.0,26722.4,26836.1,30667.853,822624275.1687
2023-10-12 04:00:00,26836.0,26909.9,26768.8,26799.4,22534.945,604749198.357
2023-10-12 08:00:00,26799.3,26856.5,26650.0,26827.4,41185.888,1101792638.7211
2023-10-12 12:00:00,26827.4,26853.9,26606.2,26665.4,52342.586,1399178343.9432
2023-10-12 16:00:00,26665.4,26800.0,26534.8,26700.3,58269.011,1553182581.74492
2023-10-12 20:00:00,26700.2,26767.2,26692.0,26744.0,15278.757,408348486.2667
2023-10-13 00:00:00,26744.0,26869.7,26733.9,26769.5,24001.868,643297858.73312
2023-10-13 04:00:00,26769.5,26929.0,26765.3,26857.8,22538.169,605002576.9624
2023-10-13 08:00:00,26857.9,26892.3,26722.2,26809.9,25998.2,696673971.5089
2023-10-13 12:00:00,26810.0,26972.8,26670.1,26693.0,52873.449,1417828171.7037
2023-10-13 16:00:00,26692.9,26797.9,26675.0,26768.9,24426.388,653295394.0946
2023-10-13 20:00:00,26769.0,27120.8,26733.3,26849.8,93384.08,2515132836.70012
2023-10-14 00:00:00,26849.7,26986.4,26828.5,26918.2,19650.991,528553728.2569
2023-10-14 04:00:00,26918.2,26926.4,26828.4,26860.5,14754.421,396536683.5063
2023-10-14 08:00:00,26860.4,26892.7,26835.0,26860.1,9363.893,251517776.4127
2023-10-14 12:00:00,26860.1,26930.0,26837.6,26927.9,13284.216,357130474.8955
2023-10-14 16:00:00,26927.9,26937.9,26835.1,26851.5,12979.142,348932421.6762
2023-10-14 20:00:00,26851.5,26869.6,26773.1,26836.3,12132.118,325435939.07092
2023-10-15 00:00:00,26836.4,26896.3,26801.0,26871.4,10726.522,288121658.2113
2023-10-15 04:00:00,26871.4,26879.7,26858.7,26872.7,4452.648,119633579.2259
2023-10-15 08:00:00,26872.7,26909.6,26830.1,26840.4,9730.73,261503369.7107
2023-10-15 12:00:00,26840.5,26958.0,26790.4,26885.6,26678.931,716803591.085
2023-10-15 16:00:00,26885.7,27073.0,26880.0,27030.1,33519.65,904510059.6755
2023-10-15 20:00:00,27030.1,27456.1,27000.9,27139.8,74891.981,2033897867.90642
2023-10-16 00:00:00,27139.8,27274.8,27095.4,27221.4,30333.494,824651988.3583
2023-10-16 04:00:00,27221.4,28168.6,27176.5,27837.2,135418.862,3758947651.74746
2023-10-16 08:00:00,27837.2,27890.2,27627.4,27737.0,51669.121,1433232665.67602
2023-10-16 12:00:00,27737.0,30720.0,27695.0,28054.0,460430.717,13147841324.60502
2023-10-16 16:00:00,28054.1,28797.9,28050.0,28457.9,99403.401,2822646944.19249
2023-10-16 20:00:00,28457.9,28633.3,28220.7,28486.3,45748.187,1300932511.08827
2023-10-17 00:00:00,28486.3,28534.4,28220.0,28259.9,36125.262,1023842930.21676
2023-10-17 04:00:00,28259.9,28452.8,28055.0,28408.2,53559.877,1511676613.46043
2023-10-17 08:00:00,28408.1,28605.0,28339.0,28408.8,53722.165,1528516175.34956
2023-10-17 12:00:00,28408.8,28567.7,28117.0,28445.8,98853.837,2801736514.11182
2023-10-17 16:00:00,28445.7,28596.0,28290.0,28499.0,47386.641,1347540204.88456
2023-10-17 20:00:00,28499.0,28544.3,28360.0,28381.9,24541.976,698314764.88826
2023-10-18 00:00:00,28382.0,28500.0,28307.6,28498.0,25903.379,735665994.51886
2023-10-18 04:00:00,28498.1,29100.0,28428.3,28485.1,98878.725,2836480205.81333
2023-10-18 08:00:00,28485.1,28584.9,28204.8,28327.3,56065.947,1592430590.32653
2023-10-18 12:00:00,28327.3,28393.2,28126.6,28235.3,58145.616,1643387500.82223
2023-10-18 16:00:00,28235.4,28423.4,28215.4,28233.3,37847.066,1071944637.6623
2023-10-18 20:00:00,28233.2,28363.1,28169.4,28307.1,20335.895,574824779.2488
2023-10-19 00:00:00,28307.2,28404.6,28076.0,28247.2,37586.343,1061325693.96064
2023-10-19 04:00:00,28247.1,28337.0,28214.6,28315.0,20030.293,566476447.06506
2023-10-19 08:00:00,28314.9,28498.2,28267.4,28436.0,41218.539,1170522731.705
2023-10-19 12:00:00,28436.1,28801.6,28402.2,28659.5,110935.001,3172046501.51757
2023-10-19 16:00:00,28659.5,28933.4,28436.8,28734.7,87672.406,2513465135.94875
2023-10-19 20:00:00,28734.6,28883.7,28579.1,28696.9,36230.625,1039943218.6052
2023-10-20 00:00:00,28697.0,29400.0,28560.0,29222.8,110977.215,3219952496.19367
2023-10-20 04:00:00,29222.9,29405.4,29110.0,29228.5,65201.301,1906458232.9182
2023-10-20 08:00:00,29228.6,30243.0,29214.4,29829.9,187724.326,5594355651.29352
2023-10-20 12:00:00,29829.9,29900.0,29358.5,29538.7,114980.851,3400014471.81895
2023-10-20 16:00:00,29538.7,29578.6,29304.0,29549.8,37889.277,1116377054.70407
2023-10-20 20:00:00,29549.8,29784.5,29493.9,29653.0,34232.357,1014714923.76548
2023-10-21 00:00:00,29653.0,29678.6,29443.5,29591.0,29916.16,884073125.18384
2023-10-21 04:00:00,29591.0,29725.8,29524.4,29681.0,23434.404,694453393.7362
2023-10-21 08:00:00,29681.1,29871.0,29614.1,29794.7,35531.903,1057629862.83282
2023-10-21 12:00:00,29794.6,29973.9,29651.0,29916.5,45925.791,1369393007.97574
2023-10-21 16:00:00,29916.4,30374.6,29827.9,30128.7,95227.025,2864403453.82399
2023-10-21 20:00:00,30128.7,30145.1,29828.5,29895.4,28160.673,844055670.08134
2023-10-22 00:00:00,29895.4,30069.4,29830.0,29897.1,25140.596,752059634.1567
2023-10-22 04:00:00,29897.0,30229.7,29606.6,29800.5,63566.224,1903441433.61232
2023-10-22 08:00:00,29800.4,29981.8,29761.8,29895.9,35445.364,1058805804.30124
2023-10-22 12:00:00,29895.9,29962.6,29760.6,29815.3,23241.376,694123681.8196
2023-10-22 16:00:00,29815.3,29936.9,29789.2,29830.0,17704.233,528825548.4542
2023-10-22 20:00:00,29830.0,30060.2,29698.0,29981.5,33504.965,1001726570.14932
2023-10-23 00:00:00,29981.4,30818.0,29869.4,30724.0,128693.194,3906154899.4807
2023-10-23 04:00:00,30723.9,30990.0,30414.6,30508.0,109848.892,3375638236.28736
2023-10-23 08:00:00,30508.0,30777.0,30333.0,30644.4,67538.2,2062912282.43829
2023-10-23 12:00:00,30644.4,30963.2,30378.5,30864.1,89661.663,2752064184.17224
2023-10-23 16:00:00,30864.1,31430.9,30356.3,31339.9,214050.486,6646320513.24466
2023-10-23 20:00:00,31340.3,35981.9,31302.2,33074.0,377949.101,12400029103.21071
2023-10-24 00:00:00,33074.0,35300.0,32833.5,34071.1,281275.402,9616316919.8673
2023-10-24 04:00:00,34071.1,34597.9,33710.0,34025.9,120913.576,4124809379.61785
2023-10-24 08:00:00,34025.8,34888.0,33966.0,34550.0,105261.541,3621581549.81106
2023-10-24 12:00:00,34549.9,34849.4,33244.0,33674.0,208284.691,7087994452.00756
2023-10-24 16:00:00,33673.9,34398.9,33379.2,33792.0,118528.892,4012455957.17752
2023-10-24 20:00:00,33792.0,34307.5,33485.3,33917.0,87728.961,2975642198.58893
2023-10-25 00:00:00,33917.0,34388.0,33768.6,34003.6,57595.248,1962940610.94456
2023-10-25 04:00:00,34003.7,34209.4,33660.6,33853.4,54109.284,1839255032.57843
2023-10-25 08:00:00,33853.4,34479.0,33773.3,34195.5,73790.394,2519804674.13781
2023-10-25 12:00:00,34195.5,35035.0,34191.8,34841.4,133247.736,4610779037.5737
2023-10-25 16:00:00,34841.5,35154.3,34364.6,34732.1,96963.113,3363846959.56065
2023-10-25 20:00:00,34732.0,34847.0,34203.5,34487.7,49661.369,1716511449.27606
2023-10-26 00:00:00,34487.8,34828.7,34407.2,34783.3,35395.926,1226939041.72711
2023-10-26 04:00:00,34783.4,34809.4,34401.7,34648.7,42947.591,1486687069.21262
2023-10-26 08:00:00,34648.6,34745.0,33963.0,34104.2,78784.898,2703376043.31739
2023-10-26 12:00:00,34104.1,34368.1,33830.0,34050.0,100683.302,3434736942.77517
2023-10-26 16:00:00,34050.1,34150.0,33750.0,34052.1,54840.371,1861513851.09669
2023-10-26 20:00:00,34052.2,34287.5,34026.6,34154.0,26900.876,919247694.07503
2023-10-27 00:00:00,34154.0,34179.6,33774.0,34124.0,41120.404,1398260258.8678
2023-10-27 04:00:00,34124.1,34253.3,33929.3,33954.0,34654.711,1181571875.20162
2023-10-27 08:00:00,33954.0,34185.3,33950.0,34055.3,31645.835,1078519364.036
2023-10-27 12:00:00,34055.1,34220.0,33826.5,34010.9,70781.969,2408562537.69085
2023-10-27 16:00:00,34010.8,34042.2,33350.0,33705.5,75435.791,2538637545.33487
2023-10-27 20:00:00,33705.6,33948.9,33686.0,33893.1,24414.268,825827186.11993
2023-10-28 00:00:00,33893.2,34188.8,33867.4,34068.5,22390.809,761389229.06043
2023-10-28 04:00:00,34068.5,34199.5,34026.0,34057.2,18557.2,632833457.85276
2023-10-28 08:00:00,34057.2,34535.8,34038.0,34182.5,40302.883,1380480387.29901
2023-10-28 12:00:00,34182.5,34248.0,33930.0,34199.9,35544.233,1211889009.8537
2023-10-28 16:00:00,34200.0,34230.7,34082.0,34118.3,12120.435,413824092.8565
2023-10-28 20:00:00,34118.3,34200.0,34063.0,34086.6,9399.372,320775863.5948
2023-10-29 00:00:00,34086.7,34110.5,33956.1,33981.0,15394.255,523774834.8076
2023-10-29 04:00:00,33981.0,34147.7,33933.0,34086.0,13244.568,451014370.9465
2023-10-29 08:00:00,34086.1,34349.4,34082.0,34272.6,29265.085,1001875785.85964
2023-10-29 12:00:00,34272.6,34579.7,34272.3,34462.5,46402.449,1597997727.50738
2023-10-29 16:00:00,34462.6,34773.8,34382.0,34571.5,45097.21,1561170468.11657
2023-10-29 20:00:00,34571.6,34746.7,34400.0,34528.6,26493.983,916329505.2193
2023-10-30 00:00:00,34528.6,34578.8,34179.0,34276.5,32214.955,1106940754.02167
2023-10-30 04:00:00,34276.6,34358.7,34104.0,34191.7,32179.605,1102283435.10151
2023-10-30 08:00:00,34191.8,34700.0,34161.7,34627.9,54749.558,1888462054.8775
2023-10-30 12:00:00,34627.8,34888.2,34474.0,34664.5,76712.349,2661062901.11995
2023-10-30 16:00:00,34664.5,34664.5,34050.0,34440.0,66042.98,2266478490.34244
2023-10-30 20:00:00,34440.0,34593.1,34320.1,34483.8,19941.901,687330318.49636
2023-10-31 00:00:00,34483.8,34620.7,34206.1,34219.9,32408.78,1115227076.47458
2023-10-31 04:00:00,34219.9,34360.0,34080.0,34151.9,37841.567,1295324932.64891
2023-10-31 08:00:00,34151.9,34563.6,34016.8,34504.0,53119.465,1824967416.92408
2023-10-31 12:00:00,34504.1,34533.1,34133.7,34290.2,64813.253,2222995231.06319
2023-10-31 16:00:00,34290.3,34632.0,34240.0,34553.5,44732.189,1541129476.46957
2023-10-31 20:00:00,34553.6,34744.7,34439.5,34651.4,39535.313,1368096760.33007
2023-11-01 00:00:00,34651.4,34684.0,34406.4,34430.0,25982.006,897228584.70689
2023-11-01 04:00:00,34429.9,34520.0,34330.4,34463.9,21007.703,723262037.1892
2023-11-01 08:00:00,34464.0,34515.1,34354.0,34442.9,19664.578,677090689.2194
2023-11-01 12:00:00,34442.9,35249.0,34076.0,34296.9,195410.79,6765194603.09885
2023-11-01 16:00:00,34296.9,34750.0,34288.8,34564.3,76906.503,2655536550.61523
2023-11-01 20:00:00,34564.1,35734.0,34538.6,35437.4,130243.207,4592527908.68947
2023-11-02 00:00:00,35437.5,35999.9,35378.3,35578.0,85831.894,3060305411.52689
2023-11-02 04:00:00,35577.9,35613.0,35050.0,35280.7,66376.67,2342944692.44216
2023-11-02 08:00:00,35280.6,35487.0,35095.1,35377.5,37839.651,1336982006.39744
2023-11-02 12:00:00,35377.6,35468.0,34533.1,34645.2,113228.454,3955531604.50675
2023-11-02 16:00:00,34645.1,35021.0,34300.0,34998.2,70647.292,2448546291.44387
2023-11-02 20:00:00,34998.2,35099.0,34705.0,34940.1,36297.766,1266759434.26932
2023-11-03 00:00:00,34940.1,34944.9,34364.1,34680.0,44337.168,1534249262.38118
2023-11-03 04:00:00,34680.1,34700.0,34300.1,34470.0,41537.366,1431267179.17963
2023-11-03 08:00:00,34469.9,34618.0,34123.0,34265.5,65758.64,2256157690.71782
2023-11-03 12:00:00,34265.5,34850.0,34155.4,34759.5,74192.851,2564324852.976
2023-11-03 16:00:00,34759.5,34825.0,34304.1,34518.1,59377.724,2050036556.46791
2023-11-03 20:00:00,34518.1,34738.0,34469.4,34700.4,20844.45,721740130.09973
2023-11-04 00:00:00,34700.5,34774.0,34620.1,34699.9,16221.894,562778953.2196
2023-11-04 04:00:00,34700.0,35111.0,34571.6,34759.1,40608.763,1412806166.90493
2023-11-04 08:00:00,34759.2,34880.0,34668.7,34706.2,17082.279,593991673.53165
2023-11-04 12:00:00,34706.2,34799.0,34632.5,34709.8,16159.641,560921605.088
2023-11-04 16:00:00,34709.9,34792.0,34685.1,34721.2,8516.209,295833487.9839
2023-11-04 20:00:00,34721.1,35270.0,34700.0,35069.7,42158.088,1476755549.36701
2023-11-05 00:00:00,35069.7,35350.0,34933.3,35292.1,31036.506,1088886432.85974
2023-11-05 04:00:00,35292.4,35328.0,35052.8,35175.4,27622.255,971921029.66715
2023-11-05 08:00:00,35175.5,35210.4,35023.1,35103.5,19853.909,697103566.78455
2023-11-05 12:00:00,35103.6,35187.0,34758.0,34893.9,45238.598,1581565108.35257
2023-11-05 16:00:00,34893.9,35298.0,34878.0,35001.3,37504.83,1316325549.15996
2023-11-05 20:00:00,35001.2,35455.2,34356.0,35025.5,70107.241,2448713165.83174
2023-11-06 00:00:00,35025.5,35137.9,34840.6,34992.9,29591.552,1034874162.3555
2023-11-06 04:00:00,34992.9,35044.0,34743.2,34918.5,22037.734,768186033.25142
2023-11-06 08:00:00,34918.5,35299.9,34836.4,35253.1,41969.923,1474071168.9608
2023-11-06 12:00:00,35253.1,35281.5,34911.0,35094.5,53421.227,1875458410.04352
2023-11-06 16:00:00,35094.5,35129.4,34821.0,35076.7,33564.29,1174146553.27633
2023-11-06 20:00:00,35076.7,35172.9,34905.0,35057.4,21642.489,758210440.17853
2023-11-07 00:00:00,35057.5,35066.0,34808.0,34932.0,24909.176,869700877.68176
2023-11-07 04:00:00,34931.9,34988.0,34835.5,34947.3,15565.456,543420172.5416
2023-11-07 08:00:00,34947.3,34988.0,34552.2,34633.3,58015.083,2015438838.93738
2023-11-07 12:00:00,34633.3,34849.4,34520.3,34728.4,43458.375,1508718329.78904
2023-11-07 16:00:00,34728.5,35609.4,34560.0,35473.4,111860.41,3938576544.42149
2023-11-07 20:00:00,35473.5,35921.7,35211.0,35406.5,89717.45,3188205327.31696
2023-11-08 00:00:00,35406.5,35436.1,35241.1,35287.8,23196.039,819842080.37783
2023-11-08 04:00:00,35287.8,35378.9,35172.7,35239.6,23787.98,839267370.92369
2023-11-08 08:00:00,35239.5,35449.9,35192.1,35336.7,29404.328,1039198760.03971
2023-11-08 12:00:00,35336.7,35485.0,35073.0,35231.3,46076.99,1626695605.03888
2023-11-08 16:00:00,35231.4,35791.9,35194.3,35630.9,66866.299,2373701874.64464
2023-11-08 20:00:00,35630.8,36150.0,35390.0,35626.7,145447.813,5200687913.87354
2023-11-09 00:00:00,35626.7,36888.0,35538.8,36455.5,116651.935,4220743689.47298
2023-11-09 04:00:00,36455.5,36884.0,36422.0,36550.6,76650.108,2810496928.39975
2023-11-09 08:00:00,36550.6,37018.1,36550.6,36816.9,67229.757,2472159609.24152
2023-11-09 12:00:00,36816.9,38499.9,36768.0,37141.5,251180.076,9410306350.04494
2023-11-09 16:00:00,37141.5,37277.1,35304.0,36399.5,206634.151,7523856582.72653
2023-11-09 20:00:00,36399.4,36798.0,36150.6,36719.5,60531.91,2212903334.99081
2023-11-10 00:00:00,36719.6,36940.6,36461.8,36754.9,38262.779,1404562266.76848
2023-11-10 04:00:00,36754.9,36836.8,36465.4,36480.2,28861.956,1058335887.4249
2023-11-10 08:00:00,36480.3,37165.3,36350.0,37098.9,61055.127,2245272725.19299
2023-11-10 12:00:00,37098.9,37276.0,36821.2,37118.4,68307.178,2531503515.88699
2023-11-10 16:00:00,37092.6,37474.0,37092.5,37253.5,53891.739,2011132710.77351
2023-11-10 20:00:00,37253.6,37570.0,37080.0,37330.4,36941.818,1379255227.45207
2023-11-11 00:00:00,37330.3,37422.2,36921.1,37064.2,37053.94,1376600636.82219
2023-11-11 04:00:00,37064.2,37159.7,36942.0,37030.5,20786.682,770460313.82047
2023-11-11 08:00:00,37030.5,37087.0,36935.1,37014.1,17266.407,639099226.54335
2023-11-11 12:00:00,37014.1,37297.9,36977.6,37071.5,29677.686,1102654257.06002
2023-11-11 16:00:00,37071.5,37211.8,37051.0,37177.9,16121.948,598751349.2702
2023-11-11 20:00:00,37177.8,37190.0,36588.0,37162.1,38332.621,1415862506.44317
2023-11-12 00:00:00,37162.1,37222.9,36753.6,37016.5,27857.823,1030069409.12426
2023-11-12 04:00:00,37016.4,37200.0,36932.2,37154.1,17954.795,666156458.38906
2023-11-12 08:00:00,37154.1,37167.0,37057.1,37087.7,12538.794,465384420.4936
2023-11-12 12:00:00,37087.6,37258.4,36955.0,37178.3,27140.964,1007669199.11214
2023-11-12 16:00:00,37178.3,37247.7,37080.1,37134.0,14955.336,555732573.7884
2023-11-12 20:00:00,37134.0,37244.4,36960.0,37085.5,18442.333,684361151.20964
2023-11-13 00:00:00,37085.6,37464.8,36870.1,36941.3,47927.465,1780967703.63584
2023-11-13 04:00:00,36941.2,37069.9,36760.0,36982.5,30151.399,1113439057.74556
2023-11-13 08:00:00,36982.5,37065.9,36710.0,36838.3,25635.208,946330676.87197
2023-11-13 12:00:00,36837.5,36975.6,36546.5,36871.7,62692.723,2307317897.71619
2023-11-13 16:00:00,36871.7,37074.3,36624.8,36877.6,38835.792,1430313977.74141
2023-11-13 20:00:00,36877.6,36910.8,36350.0,36486.2,51833.061,1895504707.23706
2023-11-14 00:00:00,36486.2,36514.2,36220.4,36473.0,38113.088,1386608992.8158
2023-11-14 04:00:00,36473.1,36740.8,36404.8,36705.5,21584.608,790337834.56466
2023-11-14 08:00:00,36705.5,36779.9,36258.2,36288.8,45655.802,1666966726.69998
2023-11-14 12:00:00,36288.9,36720.0,35665.2,36168.7,106046.364,3854709888.91832
2023-11-14 16:00:00,36168.8,36449.0,34446.3,35305.9,142061.757,5062349700.63112
2023-11-14 20:00:00,35306.0,35689.0,35230.0,35559.0,43804.181,1553720818.28192
2023-11-15 00:00:00,35559.1,35685.0,35388.0,35408.4,25472.458,904480379.00255
2023-11-15 04:00:00,35408.5,35683.8,35401.2,35597.4,17835.383,634615923.61818
2023-11-15 08:00:00,35597.8,36296.4,35593.0,36254.4,56559.59,2034019977.71632
2023-11-15 12:00:00,36254.5,36430.0,36018.3,36412.1,63657.595,2304310571.45985
2023-11-15 16:00:00,36412.2,37845.0,36256.0,37527.4,177826.354,6596723424.96653
2023-11-15 20:00:00,37527.4,38000.0,37319.3,37885.6,82467.19,3107045150.28324
2023-11-16 00:00:00,37885.5,37956.5,37353.8,37479.9,53899.391,2029527733.72574
2023-11-16 04:00:00,37479.8,37645.9,37351.0,37460.7,27546.983,1032571628.48077
2023-11-16 08:00:00,37460.6,37574.9,37150.0,37272.1,55316.429,2066731032.87271
2023-11-16 12:00:00,37272.0,37352.5,36251.0,36423.1,132320.017,4868897357.87197
2023-11-16 16:00:00,36423.3,36658.2,35486.1,35936.5,109707.497,3960993100.36352
2023-11-16 20:00:00,35936.4,36284.0,35671.2,36176.0,55654.049,2004764834.77633
2023-11-17 00:00:00,36176.0,36687.4,36108.3,36496.0,42071.401,1532275106.89719
2023-11-17 04:00:00,36495.9,36537.1,36143.8,36252.0,31303.977,1137969092.62052
2023-11-17 08:00:00,36251.9,36480.5,36129.4,36383.8,40926.634,1486647850.35635
2023-11-17 12:00:00,36383.9,36636.7,35868.3,36059.0,82165.613,2976237216.50853
2023-11-17 16:00:00,36059.1,37020.5,35917.1,36336.2,92733.982,3374514995.11217
2023-11-17 20:00:00,36336.3,36762.6,36320.3,36621.9,30741.444,1122129364.72575
2023-11-18 00:00:00,36621.9,36625.7,36364.1,36384.9,15853.958,577904840.95929
2023-11-18 04:00:00,36385.0,36443.3,36196.0,36429.0,18850.646,685012192.8266
2023-11-18 08:00:00,36429.0,36550.0,36389.3,36417.0,15799.979,576066746.86231
2023-11-18 12:00:00,36417.0,36693.0,36364.8,36671.9,23703.11,865784685.3854
2023-11-18 16:00:00,36672.0,36900.0,36605.0,36688.4,29325.213,1076794036.74595
2023-11-18 20:00:00,36688.4,36720.0,36450.0,36580.9,18188.016,665061275.84722
2023-11-19 00:00:00,36580.9,36584.0,36400.0,36527.7,14245.189,519721091.12135
2023-11-19 04:00:00,36527.6,36684.9,36492.3,36624.0,14240.947,521109535.64116
2023-11-19 08:00:00,36624.0,36720.9,36380.0,36459.1,20218.168,738928512.81928
2023-11-19 12:00:00,36459.0,36580.0,36383.0,36575.1,19057.09,695210224.23723
2023-11-19 16:00:00,36575.1,37000.0,36515.5,36961.9,33690.594,1238751322.58011
2023-11-19 20:00:00,36962.0,37528.2,36816.5,37375.9,53261.019,1981371608.91874
2023-11-20 00:00:00,37375.8,37397.2,37050.0,37131.9,33529.759,1248718418.70995
2023-11-20 04:00:00,37132.0,37280.0,37055.0,37261.1,20490.985,761486203.96294
2023-11-20 08:00:00,37261.0,37445.5,37070.1,37161.0,38029.772,1415673873.08476
2023-11-20 12:00:00,37160.9,37525.0,36600.0,37475.1,76247.465,2834916857.51347
2023-11-20 16:00:00,37475.0,37784.7,36780.0,37584.5,109983.189,4117271517.1715
2023-11-20 20:00:00,37584.5,37631.1,37284.9,37462.5,32222.867,1207688562.6902
2023-11-21 00:00:00,37462.6,37675.0,37321.1,37485.4,28223.37,1058528346.64387
2023-11-21 04:00:00,37485.4,37503.7,37250.4,37297.1,21758.129,813109266.0737
2023-11-21 08:00:00,37297.1,37439.5,37156.0,37189.5,22046.215,822555945.45345
2023-11-21 12:00:00,37189.6,37245.7,36212.2,36975.9,162299.956,5963600229.66769
2023-11-21 16:00:00,36975.8,37531.0,36600.0,36989.9,121016.64,4482030753.23048
2023-11-21 20:00:00,36989.9,37190.0,35720.0,35737.0,95386.85,3477688233.62386
2023-11-22 00:00:00,35737.0,36387.4,35610.7,36378.8,52166.303,1880665837.34123
2023-11-22 04:00:00,36378.8,36560.0,36320.5,36430.7,30725.313,1119693641.01255
2023-11-22 08:00:00,36430.7,36779.0,36385.4,36465.9,39778.07,1455243105.02574
2023-11-22 12:00:00,36465.8,36654.8,36240.0,36480.5,53069.221,1935947582.22181
2023-11-22 16:00:00,36480.6,37448.0,36371.2,37297.0,84661.791,3130953318.82152
2023-11-22 20:00:00,37296.9,37880.0,37219.2,37413.4,77788.92,2921155841.06992
2023-11-23 00:00:00,37413.5,37548.0,37263.0,37311.0,25514.516,954019666.55344
2023-11-23 04:00:00,37311.0,37425.0,37275.0,37378.5,15836.297,591349433.4298
2023-11-23 08:00:00,37378.5,37650.0,37135.8,37378.2,41679.819,1559294886.74057
2023-11-23 12:00:00,37378.1,37544.9,36856.3,36954.1,54796.289,2038423121.36433
2023-11-23 16:00:00,36954.1,37378.0,36921.6,37282.3,30849.082,1147040130.4122
2023-11-23 20:00:00,37282.4,37391.5,37209.0,37294.3,16693.928,622797739.87513
2023-11-24 00:00:00,37294.4,37487.0,37257.3,37314.0,18097.677,676593202.70964
2023-11-24 04:00:00,37314.0,37587.0,37300.1,37531.1,16209.11,606493205.99673
2023-11-24 08:00:00,37531.1,38200.0,37427.3,37749.7,101988.606,3851703527.45019
2023-11-24 12:00:00,37749.8,38425.0,37600.0,38217.3,108980.16,4139782550.19207
2023-11-24 16:00:00,38217.3,38351.2,37551.0,37758.5,78638.769,2976777785.72847
2023-11-24 20:00:00,37758.5,37940.8,37560.8,37706.3,27117.401,1023887831.87731
2023-11-25 00:00:00,37706.3,37840.0,37671.4,37790.9,16604.38,627020988.09938
2023-11-25 04:00:00,37791.0,37830.5,37708.1,37795.0,10329.999,390231592.3128
2023-11-25 08:00:00,37795.0,37827.0,37570.9,37645.0,19110.646,720240777.86365
2023-11-25 12:00:00,37645.0,37732.4,37607.6,37697.8,12380.976,466491632.0217
2023-11-25 16:00:00,37697.7,37833.0,37697.7,37805.9,11566.645,436876901.86118
2023-11-25 20:00:00,37806.0,37886.5,37693.2,37766.6,12596.683,475968328.91034
2023-11-26 00:00:00,37766.7,37775.7,37650.0,37721.0,7935.275,299248727.10297
2023-11-26 04:00:00,37721.1,37788.5,37685.6,37773.5,7859.206,296667311.49688
2023-11-26 08:00:00,37773.5,37807.6,37650.2,37663.0,11524.478,434709892.93115
2023-11-26 12:00:00,37662.9,37669.8,37248.0,37418.0,60061.08,2249795234.71024
2023-11-26 16:00:00,37418.0,37492.7,37126.0,37360.0,40369.592,1504130294.03882
2023-11-26 20:00:00,37360.1,37744.9,37306.5,37437.9,46009.013,1726971985.57105
2023-11-27 00:00:00,37437.9,37560.0,37174.2,37295.8,28575.15,1067821594.69722
2023-11-27 04:00:00,37295.8,37416.0,37005.0,37272.1,27786.973,1035207281.04597
2023-11-27 08:00:00,37272.0,37457.0,36829.8,37023.3,55968.207,2079494146.06553
2023-11-27 12:00:00,37023.3,37094.9,36725.1,36743.2,70777.885,2611670694.16491
2023-11-27 16:00:00,36743.3,37145.4,36700.0,36868.6,52965.043,1957491458.6035
2023-11-27 20:00:00,36868.5,37279.0,36776.0,37234.3,30039.441,1112910805.64823
2023-11-28 00:00:00,37234.4,37338.0,37088.8,37119.9,22710.03,844941972.62985
2023-11-28 04:00:00,37119.9,37135.0,36856.0,37087.2,30887.123,1142751751.24817
2023-11-28 08:00:00,37087.2,37259.6,36917.4,37250.1,26457.181,981383662.83871
2023-11-28 12:00:00,37250.0,37568.6,37140.0,37502.2,53900.949,2013580226.75437
2023-11-28 16:00:00,37502.1,38395.0,37502.1,38105.0,140598.219,5341155925.63969
2023-11-28 20:00:00,38104.7,38270.0,37655.2,37812.1,43872.825,1665911843.49397
2023-11-29 00:00:00,37812.0,38091.9,37663.2,37938.1,30709.361,1164067662.10114
2023-11-29 04:00:00,37938.1,38238.0,37862.3,38095.7,26105.017,993482027.11957
2023-11-29 08:00:00,38095.7,38500.0,37895.2,38098.6,68446.66,2612696775.56896
2023-11-29 12:00:00,38098.6,38285.0,37551.8,37817.6,74648.858,2828938792.58446
2023-11-29 16:00:00,37817.6,37924.5,37641.0,37861.1,35143.407,1327211817.33111
2023-11-29 20:00:00,37861.0,37871.7,37564.2,37837.1,26578.578,1002734471.34614
2023-11-30 00:00:00,37837.2,38035.0,37673.0,38034.5,22657.392,857422483.96956
2023-11-30 04:00:00,38034.4,38132.0,37755.8,37783.2,29222.672,1108304122.55131
2023-11-30 08:00:00,37783.1,37895.0,37570.9,37867.1,34148.45,1287685245.21282
2023-11-30 12:00:00,37867.1,37964.6,37442.9,37614.0,68467.071,2580853244.1198
2023-11-30 16:00:00,37613.9,37807.0,37520.0,37745.3,22089.275,832580361.09823
2023-11-30 20:00:00,37745.4,37805.0,37585.0,37716.8,14604.011,550644825.30835
2023-12-01 00:00:00,37716.9,38070.0,37600.0,38030.2,41211.57,1560984415.08589
2023-12-01 04:00:00,38030.1,38344.8,38005.9,38234.9,49559.091,1892788936.43004
2023-12-01 08:00:00,38234.9,38844.0,38205.2,38578.0,91963.611,3547164220.5052
2023-12-01 12:00:00,38578.0,38629.9,38209.6,38401.5,54251.592,2081993881.76351
2023-12-01 16:00:00,38401.4,38989.0,38383.0,38750.1,82721.315,3204991796.43943
2023-12-01 20:00:00,38750.0,38888.0,38622.3,38660.0,22654.815,877818228.91168
2023-12-02 00:00:00,38659.9,38788.0,38613.5,38767.5,15617.315,604432807.4646
2023-12-02 04:00:00,38767.4,38815.5,38680.0,38683.9,16192.731,627464278.60268
2023-12-02 08:00:00,38683.9,38775.9,38620.0,38722.8,12894.311,499202164.6325
2023-12-02 12:00:00,38722.8,38859.5,38688.0,38787.0,21488.512,833098040.8017
2023-12-02 16:00:00,38786.9,39900.0,38688.1,39416.4,98609.274,3869303908.58385
2023-12-02 20:00:00,39416.4,39725.0,39270.8,39435.0,48408.168,1910296322.20458
2023-12-03 00:00:00,39435.1,39549.0,39255.2,39376.0,22841.135,900289072.54712
2023-12-03 04:00:00,39376.0,39488.0,39307.7,39474.1,13941.131,549343023.67931
2023-12-03 08:00:00,39474.1,39539.3,39386.3,39471.4,15513.199,612195418.1934
2023-12-03 12:00:00,39471.3,39820.0,39367.0,39758.5,56732.097,2247306916.36213
2023-12-03 16:00:00,39758.5,39847.0,39420.8,39555.1,31630.487,1252992446.11066
2023-12-03 20:00:00,39555.2,40410.1,39541.4,39979.7,81259.856,3247593364.55252
2023-12-04 00:00:00,39979.8,40915.3,39970.4,40720.7,100671.239,4080825843.89197
2023-12-04 04:00:00,40720.6,41792.0,40693.5,41471.9,125593.771,5191841347.13991
2023-12-04 08:00:00,41471.9,42179.0,41336.1,41605.9,137050.984,5717969952.76746
2023-12-04 12:00:00,41605.9,41920.0,41120.1,41280.8,98333.755,4087987204.03922
2023-12-04 16:00:00,41280.9,42091.1,41186.8,42001.0,70633.212,2943340664.23925
2023-12-04 20:00:00,42000.9,42440.0,41722.8,41993.1,70209.898,2951207568.37635
2023-12-05 00:00:00,41993.1,41993.1,41630.0,41832.0,35521.212,1483830187.72701
2023-12-05 04:00:00,41832.0,41922.8,41393.5,41534.2,41222.706,1717730567.91217
2023-12-05 08:00:00,41534.3,41763.1,41422.0,41730.9,35188.342,1464891527.55271
2023-12-05 12:00:00,41730.9,42542.0,41694.0,42266.7,97196.377,4091665458.64585
2023-12-05 16:00:00,42266.8,44191.6,42124.6,43834.0,259747.666,11252733369.61103
2023-12-05 20:00:00,43834.0,44528.1,43420.6,44081.7,106161.738,4673175612.83625
2023-12-06 00:00:00,44081.7,44160.1,43569.2,43757.7,52236.431,2293144962.41528
2023-12-06 04:00:00,43757.6,43879.6,43451.0,43697.1,49657.717,2168013430.85299
2023-12-06 08:00:00,43697.1,44349.8,43377.0,43853.3,97423.979,4273643384.24387
2023-12-06 12:00:00,43853.4,44305.1,43730.0,43795.3,98147.291,4323394123.29284
2023-12-06 16:00:00,43795.3,44173.7,43750.0,44008.8,47802.807,2102035884.88928
2023-12-06 20:00:00,44008.8,44086.0,43607.3,43774.8,38689.513,1695207770.6793
2023-12-07 00:00:00,43775.1,44020.0,43720.9,43941.3,18975.548,833162635.96513
2023-12-07 04:00:00,43941.4,44066.7,43835.7,43899.4,20303.653,892650446.77133
2023-12-07 08:00:00,43899.4,43911.5,42815.0,43206.4,124028.509,5374109485.45721
2023-12-07 12:00:00,43206.4,43959.1,42964.7,43679.8,85685.859,3724288140.77524
2023-12-07 16:00:00,43680.0,43786.9,43091.5,43239.2,61166.112,2657518613.09621
2023-12-07 20:00:00,43239.2,43490.0,43122.2,43296.0,36262.277,1570342933.71578
2023-12-08 00:00:00,43296.0,43559.0,43286.8,43402.8,21946.849,953261211.14939
2023-12-08 04:00:00,43402.7,43586.5,43108.8,43184.5,30777.921,1334954117.34323
2023-12-08 08:00:00,43184.6,43780.0,43100.0,43687.3,42243.094,1833544337.60956
2023-12-08 12:00:00,43687.3,44081.6,43501.7,43778.5,72255.313,3164042368.20371
2023-12-08 16:00:00,43778.6,44003.5,43650.0,43967.6,38369.228,1682261892.40562
2023-12-08 20:00:00,43967.7,44779.3,43967.7,44209.5,76288.188,3386800733.04498
2023-12-09 00:00:00,44209.6,44324.7,44071.2,44175.0,24334.938,1075298119.31811
2023-12-09 04:00:00,44175.0,44389.2,44150.0,44220.6,21264.891,941471137.13652
2023-12-09 08:00:00,44220.7,44238.0,43749.1,43838.3,46175.262,2028158000.00737
2023-12-09 12:00:00,43838.2,44180.8,43762.1,44088.0,43058.382,1893330089.29538
2023-12-09 16:00:00,44088.0,44131.0,43903.6,43954.8,21188.309,932559798.63169
2023-12-09 20:00:00,43954.8,44140.0,43555.0,43734.3,33317.874,1460391316.85029
2023-12-10 00:00:00,43734.2,43893.4,43694.0,43870.7,16869.696,738819937.5372
2023-12-10 04:00:00,43870.8,44042.8,43849.9,43995.8,15728.234,691155631.75827
2023-12-10 08:00:00,43995.8,44075.5,43624.0,43760.1,34286.882,1500760105.68699
2023-12-10 12:00:00,43760.1,44039.7,43750.0,43945.4,27497.949,1206827225.3891
2023-12-10 16:00:00,43945.3,43976.3,43753.8,43819.5,16441.705,721068315.43393
2023-12-10 20:00:00,43819.5,44099.2,43552.5,43810.0,33723.793,1478303815.80231
2023-12-11 00:00:00,43810.1,43833.4,40272.1,42312.8,192470.578,8148533753.20238
2023-12-11 04:00:00,42312.7,42330.0,41622.3,42128.0,75222.545,3163156464.69822
2023-12-11 08:00:00,42128.1,42490.5,41979.1,42346.6,43887.191,1855720090.85152
2023-12-11 12:00:00,42346.6,42398.3,41682.2,41824.7,66852.826,2808817809.49434
2023-12-11 16:00:00,41824.6,41892.6,40228.3,40799.4,183107.057,7522340143.59584
2023-12-11 20:00:00,40799.3,41375.4,40571.0,41271.0,59213.242,2428518509.75517
2023-12-12 00:00:00,41271.1,41963.0,41202.1,41760.3,53546.667,2232916102.11318
2023-12-12 04:00:00,41760.3,42095.3,41401.0,41930.1,49611.901,2069343245.94923
2023-12-12 08:00:00,41930.0,42125.0,41570.8,41606.7,42543.035,1780427582.77796
2023-12-12 12:00:00,41606.7,42085.9,41171.2,41376.6,85992.114,3580579699.41074
2023-12-12 16:00:00,41376.7,41488.0,40711.0,41169.6,88690.075,3648118703.53233
2023-12-12 20:00:00,41169.7,41577.0,41060.5,41515.0,36157.326,1493394777.44403
2023-12-13 00:00:00,41514.9,41524.2,40556.0,40858.5,60111.741,2467609521.82589
2023-12-13 04:00:00,40858.6,41275.7,40650.0,41146.3,45034.33,1846143867.96026
2023-12-13 08:00:00,41146.3,41315.4,40976.9,41035.2,30944.239,1274411751.56457
2023-12-13 12:00:00,41035.3,41979.0,41010.6,41960.0,71513.728,2972869155.01205
2023-12-13 16:00:00,41960.0,42921.9,41735.6,42746.8,102592.015,4336789036.59488
2023-12-13 20:00:00,42746.7,43517.6,42580.0,42875.0,86514.243,3720505543.29666
2023-12-14 00:00:00,42875.0,42950.0,42670.5,42726.9,31720.282,1357146470.97313
2023-12-14 04:00:00,42726.8,43126.2,42682.1,42910.1,31940.843,1369620659.85384
2023-12-14 08:00:00,42910.2,43336.7,42684.4,43269.9,43056.82,1851084884.87882
2023-12-14 12:00:00,43269.9,43379.3,41140.0,42454.1,144963.065,6152207031.03894
2023-12-14 16:00:00,42454.1,43450.1,42454.1,43105.0,84613.405,3637117513.61773
2023-12-14 20:00:00,43105.0,43193.9,42851.3,43032.4,25333.91,1089534194.9299
2023-12-15 00:00:00,43032.3,43098.0,42410.5,42813.5,34366.918,1472782566.16819
2023-12-15 04:00:00,42813.5,42905.1,42518.7,42724.8,28641.692,1222672083.00635
2023-12-15 08:00:00,42724.8,43054.0,42645.9,42800.0,33628.215,1440402908.34547
2023-12-15 12:00:00,42800.0,42809.6,41668.0,41930.3,83497.448,3525578476.34068
2023-12-15 16:00:00,41930.4,42222.7,41715.0,42124.9,46847.886,1966896281.32337
2023-12-15 20:00:00,42124.9,42280.0,41915.7,41968.0,30194.854,1271659006.22095
2023-12-16 00:00:00,41968.0,42448.4,41638.1,42354.5,41048.741,1726827820.83253
2023-12-16 04:00:00,42354.5,42380.9,42162.1,42243.1,17160.072,725377816.30284
2023-12-16 08:00:00,42243.0,42368.9,42114.7,42349.9,16101.931,680379107.76985
2023-12-16 12:00:00,42350.0,42640.8,42255.6,42631.7,35365.712,1500741097.79442
2023-12-16 16:00:00,42631.6,42756.7,42340.0,42367.9,31055.886,1320943352.39914
2023-12-16 20:00:00,42367.9,42434.3,42117.1,42287.4,19817.117,838249896.80012
2023-12-17 00:00:00,42287.4,42322.2,41880.0,41947.2,27517.931,1157537352.75706
2023-12-17 04:00:00,41947.1,42086.5,41773.2,41894.6,29263.076,1227556119.6692
2023-12-17 08:00:00,41894.6,42036.6,41671.2,41979.7,27899.322,1168753449.771
2023-12-17 12:00:00,41979.8,42033.2,41496.0,41828.5,38058.216,1590159928.34411
2023-12-17 16:00:00,41828.5,42476.0,41707.2,42136.5,59835.013,2521172004.42558
2023-12-17 20:00:00,42136.5,42226.8,41248.3,41396.5,42149.293,1756806448.24811
2023-12-18 00:00:00,41396.6,41487.5,40810.6,41107.0,57583.207,2368433220.55318
2023-12-18 04:00:00,41107.0,41338.7,41022.5,41159.9,32295.962,1330053377.26245
2023-12-18 08:00:00,41160.0,41285.3,40553.8,41137.3,85508.853,3501452410.40329
2023-12-18 12:00:00,41137.2,41780.0,40916.8,41288.0,76882.713,3181998479.59813
2023-12-18 16:00:00,41288.0,41750.0,41170.0,41715.4,40807.318,1693611934.26026
2023-12-18 20:00:00,41714.7,42795.3,41590.0,42671.7,82307.622,3486876796.14901
2023-12-19 00:00:00,42671.8,43550.0,42595.1,43100.1,75175.979,3234551759.24627
2023-12-19 04:00:00,43100.1,43159.7,42840.2,43062.0,28627.568,1230510849.25952
2023-12-19 08:00:00,43062.1,43297.1,42962.0,43003.9,34165.827,1473148939.46558
2023-12-19 12:00:00,43004.0,43068.5,42238.7,42512.8,74373.559,3171881130.68433
2023-12-19 16:00:00,42512.9,42675.0,41835.4,42379.0,74735.369,3152037718.39125
2023-12-19 20:00:00,42379.7,42556.8,42152.6,42298.3,28233.542,1195519163.42289
2023-12-20 00:00:00,42298.2,42519.5,42218.3,42451.7,22122.059,937898233.38102
2023-12-20 04:00:00,42451.7,43056.9,42393.8,42950.0,46836.407,2003821038.1863
2023-12-20 08:00:00,42950.0,43037.2,42693.6,42891.4,32002.326,1371885253.17421
2023-12-20 12:00:00,42891.2,44384.6,42780.1,44079.0,141282.839,6178322874.04642
2023-12-20 16:00:00,44078.9,44290.0,43511.8,43760.1,78486.341,3448852139.65258
2023-12-20 20:00:00,43760.1,43846.0,43260.1,43708.9,56278.951,2452378220.59385
2023-12-21 00:00:00,43708.9,43775.6,43317.2,43678.6,35653.416,1552406590.08607
2023-12-21 04:00:00,43678.6,43920.0,43480.0,43794.8,25905.712,1132524372.81218
2023-12-21 08:00:00,43794.9,44172.2,43610.0,43969.7,46262.476,2030985064.30239
2023-12-21 12:00:00,43969.8,44287.2,43386.2,43857.7,81888.587,3593535421.48341
2023-12-21 16:00:00,43857.7,43957.0,43390.0,43623.1,53751.04,2344804508.29392
2023-12-21 20:00:00,43623.0,44175.0,43583.6,43896.3,33460.924,1468884409.37375
2023-12-22 00:00:00,43896.4,44332.8,43750.2,44044.3,34467.517,1518536862.47727
2023-12-22 04:00:00,44044.4,44484.0,43566.1,43614.1,63339.852,2789043691.61086
2023-12-22 08:00:00,43614.0,43877.5,43480.5,43783.0,42888.61,1874439162.26639
2023-12-22 12:00:00,43783.2,43849.6,43430.4,43699.9,43302.47,1889619981.70694
2023-12-22 16:00:00,43699.9,44047.6,43503.4,43666.4,35104.573,1536690320.19416
2023-12-22 20:00:00,43666.5,44086.0,43650.0,43999.2,19238.911,843817006.185
2023-12-23 00:00:00,43999.2,44023.0,43464.8,43543.2,31870.041,1392684721.334
2023-12-23 04:00:00,43543.2,43670.0,43304.2,43582.0,25017.737,1088359164.351
2023-12-23 08:00:00,43582.1,43709.9,43513.4,43583.0,15905.084,693698138.0225
2023-12-23 12:00:00,43583.0,43899.8,43575.7,43782.0,21835.284,955336927.00425
2023-12-23 16:00:00,43782.0,43880.1,43720.0,43729.1,14370.201,629310456.59088
2023-12-23 20:00:00,43729.2,43864.7,43656.8,43725.2,11793.852,516208294.66767
2023-12-24 00:00:00,43725.2,43952.3,43625.1,43867.8,19796.067,867624435.34581
2023-12-24 04:00:00,43867.8,43994.8,43454.1,43678.6,28290.374,1234758797.19536
2023-12-24 08:00:00,43678.7,43733.0,43421.0,43666.6,19354.803,843941193.40769
2023-12-24 12:00:00,43666.6,43908.3,43582.9,43707.0,23794.381,1041562305.75673
2023-12-24 16:00:00,43707.1,43750.6,43568.3,43645.3,16277.893,710663077.05768
2023-12-24 20:00:00,43645.4,43652.2,42550.0,43008.4,72453.733,3122071766.42844
2023-12-25 00:00:00,43008.4,43188.5,42755.4,43182.5,29688.549,1276290665.51897
2023-12-25 04:00:00,43182.6,43360.4,43121.8,43233.2,17527.765,757821918.34206
2023-12-25 08:00:00,43233.3,43320.0,43083.2,43200.3,20002.961,864078172.74482
2023-12-25 12:00:00,43200.4,43850.0,43118.3,43661.0,61760.169,2694393318.29736
2023-12-25 16:00:00,43661.0,43761.9,43383.2,43515.8,31664.127,1379984337.02006
2023-12-25 20:00:00,43515.7,43772.1,43354.3,43611.9,23566.703,1026404624.6378
2023-12-26 00:00:00,43611.9,43635.1,43400.0,43487.9,16834.268,732560712.03809
2023-12-26 04:00:00,43488.0,43509.9,42552.3,42798.7,74677.204,3205048518.91554
2023-12-26 08:00:00,42798.7,42830.9,42109.0,42719.9,52503.851,2233961778.10203
2023-12-26 12:00:00,42720.0,42870.0,42253.7,42423.1,38842.982,1656343657.20659
2023-12-26 16:00:00,42423.1,42470.6,41597.0,42149.2,89933.42,3785904108.53473
2023-12-26 20:00:00,42149.2,42630.4,42086.9,42538.5,22791.953,965864062.38693
2023-12-27 00:00:00,42538.6,42580.0,42145.7,42274.7,25627.172,1086178388.96747
2023-12-27 04:00:00,42274.7,42595.5,42248.5,42495.9,20023.85,849857615.16661
2023-12-27 08:00:00,42496.0,43277.1,42443.0,43059.3,61784.091,2654202523.27124
2023-12-27 12:00:00,43059.3,43191.1,42726.6,43009.6,59036.748,2536613347.35731
2023-12-27 16:00:00,43010.0,43264.0,42890.3,43183.9,37903.282,1633130561.47298
2023-12-27 20:00:00,43183.8,43700.0,43146.2,43453.8,46976.395,2040435134.66721
2023-12-28 00:00:00,43453.8,43850.0,43333.1,43444.8,40639.668,1770818457.03158
2023-12-28 04:00:00,43444.8,43669.4,42821.0,43087.2,46971.692,2028646485.99776
2023-12-28 08:00:00,43087.3,43233.0,42900.0,43112.1,26016.438,1120780533.04
2023-12-28 12:00:00,43112.0,43181.1,42439.6,42485.8,74384.216,3178953830.1697
2023-12-28 16:00:00,42485.9,42783.0,42320.5,42655.9,41372.033,1759818349.74257
2023-12-28 20:00:00,42656.0,42788.7,42369.7,42600.1,28131.135,1197835213.48873
2023-12-29 00:00:00,42600.1,42839.1,42123.1,42738.1,55055.074,2338708653.7585
2023-12-29 04:00:00,42738.2,42812.9,42253.2,42314.5,32071.961,1364444961.3709
2023-12-29 08:00:00,42314.5,42996.3,42306.8,42908.9,40511.048,1729804050.09689
2023-12-29 12:00:00,42908.8,43171.9,42160.0,42301.6,68202.711,2913983617.11339
2023-12-29 16:00:00,42301.6,42389.0,41680.0,42152.8,87706.129,3687775074.81549
2023-12-29 20:00:00,42152.9,42288.3,41283.2,42095.1,53874.942,2255385085.60195
2023-12-30 00:00:00,42095.1,42250.0,41854.4,42014.7,23528.273,990011871.5568
2023-12-30 04:00:00,42014.7,42205.2,41960.0,41987.1,16563.477,697080963.12145
2023-12-30 08:00:00,41987.1,42032.7,41550.0,41933.6,40727.124,1701300733.62155
2023-12-30 12:00:00,41933.6,42473.4,41915.1,42410.3,42746.745,1803111698.28524
2023-12-30 16:00:00,42410.4,42654.6,42278.7,42395.0,41015.216,1742655578.05254
2023-12-30 20:00:00,42395.0,42431.9,42106.5,42174.2,19309.835,816374353.12889
2023-12-31 00:00:00,42174.3,42478.9,42001.0,42209.4,24649.414,1040972401.4922
2023-12-31 04:00:00,42209.4,42729.2,42189.9,42567.0,27687.399,1174886296.92229
2023-12-31 08:00:00,42567.0,42951.0,42400.2,42561.8,37644.346,1606820203.41727
2023-12-31 12:00:00,42561.8,42694.0,42381.0,42489.6,29877.289,1270544792.80805
2023-12-31 16:00:00,42489.6,42766.7,42465.4,42659.9,21496.084,916627764.86182
2023-12-31 20:00:00,42659.9,42724.5,42083.1,42314.0,32153.757,1363263157.7169
2024-01-01 00:00:00,42314.0,42832.0,42270.0,42369.8,30275.835,1287809510.52051
2024-01-01 04:00:00,42369.8,42536.0,42207.9,42527.0,18884.162,800293633.29476
2024-01-01 08:00:00,42527.1,42800.0,42489.4,42727.6,21225.402,905809172.39678
2024-01-01 12:00:00,42727.7,42887.5,42614.5,42818.0,23160.827,989725912.9624
2024-01-01 16:00:00,42818.0,43593.2,42693.1,43556.2,46470.443,2004737325.43862
2024-01-01 20:00:00,43556.2,44266.0,43426.0,44230.2,66407.475,2909182441.90539
2024-01-02 00:00:00,44230.3,45565.0,44200.9,45435.0,130549.341,5874015211.51716
2024-01-02 04:00:00,45434.9,45832.8,45153.0,45495.5,46617.839,2115910739.17797
2024-01-02 08:00:00,45495.6,45950.0,45258.0,45486.8,73125.619,3339187313.57821
2024-01-02 12:00:00,45486.8,45850.0,44868.1,45215.0,98947.373,4488703955.35128
2024-01-02 16:00:00,45215.0,45449.2,44783.3,45073.2,59665.882,2692348500.33894
2024-01-02 20:00:00,45073.3,45338.9,44598.0,44979.8,50892.469,2288949912.50329
2024-01-03 00:00:00,44979.7,45463.5,44895.8,45297.8,27249.852,1232144415.57568
2024-01-03 04:00:00,45297.8,45423.0,44960.0,45030.4,27047.436,1223099949.79355
2024-01-03 08:00:00,45030.5,45582.3,43500.0,43728.9,118206.26,5270187180.87194
2024-01-03 12:00:00,43728.9,43738.8,40333.0,43014.0,269274.008,11398331274.75421
2024-01-03 16:00:00,43014.0,43595.9,41920.0,42600.4,121646.733,5215446471.80137
2024-01-03 20:00:00,42600.4,42974.5,42517.6,42849.5,32430.936,1386943356.63979
2024-01-04 00:00:00,42849.5,43236.0,42625.0,43119.6,32954.43,1414717274.21284
2024-01-04 04:00:00,43119.6,43290.0,42765.0,42775.0,34097.989,1468516286.79333
2024-01-04 08:00:00,42775.1,43255.0,42645.1,43188.2,41353.248,1776977615.63018
2024-01-04 12:00:00,43188.2,44343.1,43107.4,44050.4,89531.705,3911546436.2987
2024-01-04 16:00:00,44050.4,44437.5,43773.4,43950.0,67286.547,2964046743.08542
2024-01-04 20:00:00,43950.0,44840.8,43887.2,44143.8,68699.179,3046983632.81812
2024-01-05 00:00:00,44143.8,44284.0,42300.0,43469.1,92493.981,4024789896.21208
2024-01-05 04:00:00,43469.5,43951.7,43193.5,43769.6,36820.465,1606175169.55352
2024-01-05 08:00:00,43769.6,44332.4,43459.0,43769.9,53933.111,2369392094.45162
2024-01-05 12:00:00,43769.9,44119.1,43000.0,43495.2,82365.927,3600049767.17196
2024-01-05 16:00:00,43495.1,43825.2,43090.0,43599.0,50576.81,2197814330.47632
2024-01-05 20:00:00,43599.0,44500.0,43559.0,44145.4,58777.497,2584951457.37579
2024-01-06 00:00:00,44145.3,44214.6,43809.5,43925.8,22344.039,982654275.07201
2024-01-06 04:00:00,43925.8,43972.0,43391.3,43645.3,32223.565,1406062557.96213
2024-01-06 08:00:00,43645.4,43777.5,43550.0,43669.2,18571.596,811021019.71368
2024-01-06 12:00:00,43669.2,43925.0,43527.2,43863.6,21680.915,948751646.46972
2024-01-06 16:00:00,43863.6,44149.9,43817.4,43903.6,23415.539,1029155340.96706
2024-01-06 20:00:00,43903.6,43980.0,43645.0,43956.7,20307.143,890025296.17413
2024-01-07 00:00:00,43956.6,44267.9,43824.2,43937.2,25504.202,1123116701.11406
2024-01-07 04:00:00,43937.1,44099.6,43830.0,44071.5,16798.655,738809589.13677
2024-01-07 08:00:00,44071.6,44161.5,43862.8,44054.0,21062.951,926917320.1163
2024-01-07 12:00:00,44054.0,44486.9,43922.7,44035.0,49020.753,2168662665.12271
2024-01-07 16:00:00,44034.9,44262.3,43686.9,44238.8,32162.368,1415429429.14971
2024-01-07 20:00:00,44238.8,44262.9,43557.5,43916.9,36161.785,1587405953.23742
2024-01-08 00:00:00,43916.9,43975.0,43158.1,43501.9,49205.414,2142780576.91987
2024-01-08 04:00:00,43502.0,44431.1,43417.8,43970.0,52687.145,2311716109.63029
2024-01-08 08:00:00,43969.9,44748.5,43629.7,44637.2,48551.307,2143209002.80012
2024-01-08 12:00:00,44637.2,45440.0,44350.0,44969.6,124466.243,5590864053.55827
2024-01-08 16:00:00,44969.7,47312.0,44783.8,47006.7,168436.314,7782587381.31158
2024-01-08 20:00:00,47007.1,47240.3,46666.1,46972.7,51741.56,2430269019.71905
2024-01-09 00:00:00,46972.6,47173.5,46253.7,46932.8,62275.549,2907295113.71765
2024-01-09 04:00:00,46932.7,46950.3,46600.2,46841.0,25566.034,1195969826.06687
2024-01-09 08:00:00,46841.0,46891.3,46372.0,46624.4,37564.557,1749985598.64404
2024-01-09 12:00:00,46624.4,47100.0,45400.0,46868.8,127284.89,5930236313.14074
2024-01-09 16:00:00,46868.9,46977.0,46500.0,46873.5,42262.943,1975671428.15601
2024-01-09 20:00:00,46873.5,48100.0,44417.2,46114.0,218408.8,10105478113.72673
2024-01-10 00:00:00,46113.9,46252.5,45629.6,46133.6,36681.322,1686178195.483
2024-01-10 04:00:00,46133.5,46200.0,45728.9,45766.4,21755.225,999972658.35314
2024-01-10 08:00:00,45766.3,45876.7,44800.0,45530.2,54054.765,2459975176.78809
2024-01-10 12:00:00,45530.1,45680.0,44291.5,45569.0,149727.617,6745181158.30263
2024-01-10 16:00:00,45569.4,46768.0,45189.4,46498.9,130065.437,5994285089.29905
2024-01-10 20:00:00,46498.8,47699.3,44720.0,46662.9,276373.108,12742688082.62714
2024-01-11 00:00:00,46663.0,46758.0,46146.5,46502.4,40763.102,1895508182.7962
2024-01-11 04:00:00,46502.3,46511.4,45610.1,46096.1,42163.348,1941231837.7601
2024-01-11 08:00:00,46096.1,47171.0,46051.6,47068.5,50256.742,2344758076.56694
2024-01-11 12:00:00,47068.5,49027.5,46488.1,46813.4,278574.629,13305009029.38598
2024-01-11 16:00:00,46813.4,47065.8,45600.0,46698.4,136031.851,6294000990.52087
2024-01-11 20:00:00,46698.4,46973.8,46080.6,46337.8,48908.707,2272356668.44416
2024-01-12 00:00:00,46337.9,46536.2,45900.9,45997.0,37819.707,1746412878.49156
2024-01-12 04:00:00,45997.3,46380.0,45714.2,46002.6,35158.293,1618823121.60846
2024-01-12 08:00:00,46002.6,46280.0,45527.5,45958.0,47922.902,2200013862.84092
2024-01-12 12:00:00,45958.0,46120.0,44360.8,44495.1,122262.686,5531862580.10077
2024-01-12 16:00:00,44495.1,44719.7,43221.1,43497.5,179066.407,7836528264.87755
2024-01-12 20:00:00,43497.4,44000.0,41370.0,42788.9,153713.263,6572706773.19376
2024-01-13 00:00:00,42789.0,42997.0,42445.7,42625.6,39049.139,1667842131.03989
2024-01-13 04:00:00,42625.6,43265.1,42565.9,43102.1,33842.417,1455763235.27476
2024-01-13 08:00:00,43102.1,43255.0,42513.0,42631.9,42897.598,1836956147.66791
2024-01-13 12:00:00,42631.8,43273.4,42509.8,43159.7,44715.766,1916164186.72047
2024-01-13 16:00:00,43159.9,43193.9,42711.5,42791.1,31207.956,1339276084.14103
2024-01-13 20:00:00,42791.1,43067.7,42703.2,42846.4,16024.45,687286381.4873
2024-01-14 00:00:00,42846.4,42896.9,42651.0,42691.2,17785.043,760293082.93319
2024-01-14 04:00:00,42691.1,43064.4,42553.0,43012.8,20194.264,864800519.5951
2024-01-14 08:00:00,43012.8,43096.1,42759.2,42836.8,18481.558,793213618.01362
2024-01-14 12:00:00,42836.7,43014.3,42710.3,42908.4,18436.804,790075261.13963
2024-01-14 16:00:00,42908.4,43019.1,42633.2,42665.8,23087.661,989786874.52442
2024-01-14 20:00:00,42665.8,42755.0,41713.5,41734.9,83111.638,3512023816.09802
2024-01-15 00:00:00,41734.9,42650.0,41720.0,42571.8,36398.917,1538686203.97632
2024-01-15 04:00:00,42572.8,42829.8,42501.6,42713.1,25795.373,1100536251.01591
2024-01-15 08:00:00,42713.1,42784.3,42535.8,42699.9,21197.177,904262999.58147
2024-01-15 12:00:00,42700.0,42969.0,42156.0,42278.7,57163.469,2430040854.18065
2024-01-15 16:00:00,42278.7,43376.0,42249.1,42989.6,65313.134,2804593490.14187
2024-01-15 20:00:00,42989.6,43114.7,42341.3,42515.0,34191.071,1459708683.90464
2024-01-16 00:00:00,42515.0,42942.0,42466.1,42919.5,22087.986,943045355.55845
2024-01-16 04:00:00,42919.3,42945.0,42600.5,42788.1,20030.646,856856064.36186
2024-01-16 08:00:00,42788.5,43164.9,42718.8,42894.9,32133.083,1379720180.20748
2024-01-16 12:00:00,42894.6,43333.0,42050.0,43251.7,121732.82,5205185952.57095
2024-01-16 16:00:00,43251.0,43450.0,42825.5,43164.8,50349.539,2171710023.95799
2024-01-16 20:00:00,43164.8,43589.0,43061.7,43133.0,40873.159,1770101853.57807
2024-01-17 00:00:00,43133.0,43198.0,42838.8,42842.1,20601.204,886457802.76738
2024-01-17 04:00:00,42842.0,42933.0,42616.0,42654.0,24548.96,1050534141.42092
2024-01-17 08:00:00,42654.0,42855.8,42555.8,42681.0,25131.297,1073839099.83031
2024-01-17 12:00:00,42681.0,42934.9,42355.5,42478.3,68850.505,2934418473.68964
2024-01-17 16:00:00,42478.2,42757.6,42200.0,42617.5,40872.097,1734858668.4512
2024-01-17 20:00:00,42617.6,42869.3,42444.0,42783.4,29392.018,1254921823.03704
2024-01-18 00:00:00,42783.3,42797.0,42515.0,42594.0,15331.957,653790212.07266
2024-01-18 04:00:00,42594.0,42930.1,42590.0,42918.3,19685.656,842617002.88717
2024-01-18 08:00:00,42918.3,42932.3,42382.5,42540.0,33804.674,1440982001.88045
2024-01-18 12:00:00,42540.1,42821.4,42351.0,42618.9,41921.482,1784560130.44236
2024-01-18 16:00:00,42619.0,42619.0,40805.2,41014.2,151310.93,6309818165.71304
2024-01-18 20:00:00,41014.2,41366.4,40673.6,41323.1,73026.057,2997694239.96551
2024-01-19 00:00:00,41323.2,41372.0,40739.6,41049.8,36295.221,1491601314.56377
2024-01-19 04:00:00,41049.8,41578.3,41031.3,41282.0,31853.198,1315965200.2739
2024-01-19 08:00:00,41281.9,41518.4,41132.5,41471.7,27935.207,1155417643.10703
2024-01-19 12:00:00,41471.7,41493.0,40718.5,40897.0,67750.17,2782549034.30457
2024-01-19 16:00:00,40897.1,42000.0,40300.0,41818.5,138416.879,5680769599.96916
2024-01-19 20:00:00,41818.6,42197.0,41530.1,41662.2,43691.055,1825861560.86075
2024-01-20 00:00:00,41662.1,41712.0,41458.5,41638.0,18155.851,754925936.42676
2024-01-20 04:00:00,41638.1,41781.4,41566.3,41652.4,12915.098,538063732.27137
2024-01-20 08:00:00,41652.4,41672.7,41453.6,41583.6,21012.587,873224522.5773
2024-01-20 12:00:00,41583.5,41706.5,41480.0,41570.3,18279.36,760380510.9619
2024-01-20 16:00:00,41570.2,41685.0,41522.0,41638.4,10616.752,441651573.65047
2024-01-20 20:00:00,41638.4,41883.5,41615.0,41691.8,14886.414,621627800.41048
2024-01-21 00:00:00,41691.8,41735.0,41624.6,41677.4,7680.812,320171361.3624
2024-01-21 04:00:00,41677.4,41699.9,41544.0,41648.6,6744.413,280795472.7156
2024-01-21 08:00:00,41648.5,41826.5,41648.5,41720.9,11294.961,471446396.48522
2024-01-21 12:00:00,41720.8,41880.9,41600.0,41652.8,17377.056,725649994.70878
2024-01-21 16:00:00,41652.7,41733.0,41516.0,41721.2,11626.497,484133287.20067
2024-01-21 20:00:00,41721.2,41820.0,41500.0,41580.0,12311.813,512837719.61374
2024-01-22 00:00:00,41579.9,41692.3,41050.5,41199.6,40969.062,1694782095.29411
2024-01-22 04:00:00,41199.5,41334.9,40666.0,41042.6,51245.971,2101787752.56713
2024-01-22 08:00:00,41042.7,41050.0,40353.7,40809.4,68960.918,2809834727.38164
2024-01-22 12:00:00,40809.5,41253.7,40333.0,40774.7,82368.763,3356404675.82108
2024-01-22 16:00:00,40775.0,40880.1,39402.0,39812.5,137033.009,5505126091.4288
2024-01-22 20:00:00,39812.6,40360.0,39450.0,39567.0,78446.383,3133159413.6007
2024-01-23 00:00:00,39567.1,40121.2,39508.0,40000.1,32689.795,1302776987.93586
2024-01-23 04:00:00,40000.1,40172.7,39656.8,39773.9,25079.661,1002144438.16346
2024-01-23 08:00:00,39773.9,39862.9,38652.3,38850.1,124825.562,4884242874.47882
2024-01-23 12:00:00,38850.2,39479.2,38545.0,39197.4,104576.943,4069733534.17162
2024-01-23 16:00:00,39197.5,39654.2,38925.6,39140.1,79917.657,3139614032.49522
2024-01-23 20:00:00,39140.1,39898.0,39031.3,39890.0,47283.768,1864164850.02395
2024-01-24 00:00:00,39889.9,40247.0,39563.8,39611.2,49456.12,1972892520.96987
2024-01-24 04:00:00,39611.3,40179.7,39550.0,39979.4,31974.054,1274018925.88807
2024-01-24 08:00:00,39979.5,40560.6,39844.7,40195.2,48695.143,1956396753.5577
2024-01-24 12:00:00,40195.1,40287.8,39754.4,40046.7,62130.902,2485977352.68186
2024-01-24 16:00:00,40046.7,40208.4,39602.0,39797.4,43289.491,1727678736.59061
2024-01-24 20:00:00,39797.4,40171.3,39493.3,40078.7,37208.461,1481833120.33436
2024-01-25 00:00:00,40078.8,40170.0,39901.0,40002.8,20040.925,802338945.01857
2024-01-25 04:00:00,40002.8,40131.9,39778.3,40119.6,21098.349,842843946.42938
2024-01-25 08:00:00,40119.6,40300.0,39950.0,40165.5,34021.643,1365161412.96064
2024-01-25 12:00:00,40165.5,40280.0,39605.0,39793.6,57869.103,2308829295.76884
2024-01-25 16:00:00,39793.6,40053.6,39535.3,39982.9,48224.544,1919261939.79097
2024-01-25 20:00:00,39982.9,39987.2,39630.0,39953.3,22474.115,895566745.19607
2024-01-26 00:00:00,39953.3,40250.0,39813.1,40057.0,24692.913,989037609.8951
2024-01-26 04:00:00,40057.1,40216.7,39880.9,39956.0,19746.788,790712972.7583
2024-01-26 08:00:00,39956.0,41350.0,39944.7,41272.0,103031.994,4188579819.23265
2024-01-26 12:00:00,41271.9,41587.3,40890.0,41399.8,86189.487,3556770542.43097
2024-01-26 16:00:00,41399.8,42187.1,41383.8,42046.0,85294.135,3571929600.48974
2024-01-26 20:00:00,42046.1,42239.3,41779.2,41806.4,36463.161,1529975000.29974
2024-01-27 00:00:00,41806.4,41924.0,41681.8,41805.2,16504.25,689973985.47739
2024-01-27 04:00:00,41805.1,41880.5,41594.0,41699.1,17412.384,726527607.70128
2024-01-27 08:00:00,41699.0,41786.0,41360.1,41744.7,32118.828,1336277299.9068
2024-01-27 12:00:00,41744.7,41880.0,41689.3,41797.4,15054.687,628881971.41377
2024-01-27 16:00:00,41797.5,41977.0,41727.0,41896.4,16407.782,686625501.60651
2024-01-27 20:00:00,41896.5,42187.1,41896.4,42102.2,20939.183,881044551.61761
2024-01-28 00:00:00,42102.2,42236.9,41908.2,42210.0,22234.237,935846313.68118
2024-01-28 04:00:00,42210.1,42836.0,42204.0,42369.9,58552.846,2488680239.84544
2024-01-28 08:00:00,42370.0,42688.0,42301.1,42456.6,30902.798,1313447207.89741
2024-01-28 12:00:00,42456.5,42525.0,42130.0,42244.5,30369.168,1285645756.79286
2024-01-28 16:00:00,42244.5,42340.0,41700.0,41770.6,35068.296,1473906194.41378
2024-01-28 20:00:00,41770.6,42067.5,41600.0,42021.2,28609.108,1197129119.53905
2024-01-29 00:00:00,42021.2,42493.0,41865.4,42306.4,30700.241,1295635145.714
2024-01-29 04:00:00,42306.5,42326.9,41966.2,42040.0,21337.912,899644051.34595
2024-01-29 08:00:00,42040.0,42368.7,41932.9,42233.3,27133.608,1144319134.19114
2024-01-29 12:00:00,42233.2,42636.0,41768.3,42623.2,57176.087,2408053537.3825
2024-01-29 16:00:00,42623.1,43298.0,42495.7,42986.7,90725.291,3899758141.20997
2024-01-29 20:00:00,42986.8,43340.8,42966.5,43287.7,22428.971,967701392.41715
2024-01-30 00:00:00,43287.6,43798.2,43111.3,43502.9,48884.945,2124915953.81189
2024-01-30 04:00:00,43502.8,43554.1,43238.0,43346.6,21202.78,919839555.76988
2024-01-30 08:00:00,43346.7,43548.0,43200.4,43513.4,23711.395,1029004085.68364
2024-01-30 12:00:00,43513.3,43888.0,43092.0,43355.5,80242.404,3482920676.26336
2024-01-30 16:00:00,43355.4,43584.1,43197.7,43525.1,34144.187,1481125150.33859
2024-01-30 20:00:00,43525.1,43750.0,42665.6,42918.3,49397.073,2136530644.83239
2024-01-31 00:00:00,42918.3,43090.0,42634.3,42918.0,33334.684,1429287954.76254
2024-01-31 04:00:00,42918.1,43075.7,42854.7,43031.6,16041.567,689302003.93464
2024-01-31 08:00:00,43031.5,43077.0,42341.0,42630.2,46489.446,1982867277.6303
2024-01-31 12:00:00,42630.2,43460.0,42503.3,43341.8,75301.219,3233046460.68375
2024-01-31 16:00:00,43341.9,43748.6,43022.3,43316.4,71465.065,3102683729.74447
2024-01-31 20:00:00,43316.3,43348.9,42257.6,42560.5,70437.129,3006165002.39593
2024-02-01 00:00:00,42560.5,42674.9,41866.8,41998.0,51692.193,2178843881.97052
2024-02-01 04:00:00,41998.0,42292.1,41877.0,42182.2,25471.968,1072983332.18778
2024-02-01 08:00:00,42182.3,42323.6,42028.8,42075.9,23431.07,988412470.16104
2024-02-01 12:00:00,42075.8,42936.6,41926.3,42500.1,75085.797,3186650748.67185
2024-02-01 16:00:00,42500.0,43288.0,42350.0,43206.3,70649.68,3026914950.72431
2024-02-01 20:00:00,43206.3,43278.4,42856.1,43072.6,27990.399,1204696402.59042
2024-02-02 00:00:00,43072.6,43430.0,43005.6,43018.1,26305.244,1135913314.94564
2024-02-02 04:00:00,43018.0,43262.9,42926.4,43076.0,20847.054,898434757.59962
2024-02-02 08:00:00,43076.0,43191.0,42923.1,43136.8,20151.439,867326817.35722
2024-02-02 12:00:00,43136.9,43250.0,42512.7,43222.9,72050.288,3090345504.3185
2024-02-02 16:00:00,43222.9,43480.0,42756.1,43044.1,50790.883,2190018895.86888
2024-02-02 20:00:00,43044.2,43221.0,42877.0,43182.0,15622.666,672857580.0485
2024-02-03 00:00:00,43182.0,43372.2,43119.2,43155.3,17970.113,776851225.31882
2024-02-03 04:00:00,43155.3,43207.0,43017.0,43037.1,10385.215,447745818.63516
2024-02-03 08:00:00,43037.1,43110.3,42950.6,42978.0,13257.767,570476542.1657
2024-02-03 12:00:00,42977.9,43181.3,42858.3,43097.4,18618.511,801012100.64174
2024-02-03 16:00:00,43097.5,43264.3,43000.0,43046.8,20172.048,869987053.80036
2024-02-03 20:00:00,43046.8,43088.0,42925.9,42992.4,9331.566,401299887.4253
2024-02-04 00:00:00,42992.4,43055.0,42871.5,43015.7,9837.114,422720072.47846
2024-02-04 04:00:00,43015.7,43018.7,42702.4,42822.9,18170.104,778537741.62165
2024-02-04 08:00:00,42822.8,43112.1,42721.8,43041.6,18845.925,808891604.11944
2024-02-04 12:00:00,43041.6,43104.9,42820.1,42926.7,18482.552,793928657.21412
2024-02-04 16:00:00,42926.7,42960.0,42550.0,42623.9,23294.154,995611370.28654
2024-02-04 20:00:00,42623.9,42977.2,42176.7,42570.3,38791.699,1653615419.08718
2024-02-05 00:00:00,42570.3,42722.0,42235.1,42708.0,27676.486,1175191172.80502
2024-02-05 04:00:00,42707.9,43168.4,42622.8,43059.0,34225.188,1467016555.98858
2024-02-05 08:00:00,43058.9,43264.2,42936.0,43180.8,30502.017,1314841567.08846
2024-02-05 12:00:00,43180.8,43580.0,42580.0,42629.7,72798.166,3138490823.41196
2024-02-05 16:00:00,42629.7,42873.2,42470.2,42757.4,40062.466,1709477999.75307
2024-02-05 20:00:00,42757.4,42789.1,42311.2,42692.9,35391.226,1503081472.8456
2024-02-06 00:00:00,42692.9,42941.1,42559.8,42829.8,24494.62,1047265292.23739
2024-02-06 04:00:00,42829.9,42911.0,42634.1,42870.0,18799.089,804244004.28045
2024-02-06 08:00:00,42870.0,43110.0,42650.7,42814.3,44085.411,1891523364.98286
2024-02-06 12:00:00,42814.3,43266.4,42631.0,43232.0,49858.046,2141924007.3554
2024-02-06 16:00:00,43232.0,43378.8,42980.8,43261.7,39099.122,1689189822.91764
2024-02-06 20:00:00,43261.7,43312.3,43000.2,43079.1,19821.355,855169420.85108
2024-02-07 00:00:00,43079.1,43179.6,42763.4,42783.0,20587.882,884821419.02819
2024-02-07 04:00:00,42783.1,43035.7,42775.0,42904.8,17271.048,741142223.0608
2024-02-07 08:00:00,42904.9,43191.2,42813.6,42917.4,26488.098,1138582211.96414
2024-02-07 12:00:00,42917.3,43314.9,42864.8,43057.8,44451.179,1914908873.5772
2024-02-07 16:00:00,43057.7,43708.2,42992.2,43596.1,65950.629,2865121596.26045
2024-02-07 20:00:00,43596.2,44388.0,43596.1,44326.2,77308.872,3410068490.39704
2024-02-08 00:00:00,44326.3,44795.1,44306.8,44523.6,57010.272,2540298455.477
2024-02-08 04:00:00,44523.5,44618.8,44405.0,44500.8,18349.14,816774213.86544
2024-02-08 08:00:00,44500.8,44884.3,44496.5,44677.9,40028.987,1790318775.48054
2024-02-08 12:00:00,44677.9,45450.0,44580.4,45406.3,91951.672,4144155331.47626
2024-02-08 16:00:00,45406.4,45488.0,44878.0,45260.1,56549.404,2553879652.12541
2024-02-08 20:00:00,45260.2,45600.0,45200.0,45269.1,35848.813,1627439040.34336
2024-02-09 00:00:00,45269.2,46444.0,45218.1,46046.5,72986.429,3350467652.49824
2024-02-09 04:00:00,46046.5,46424.4,45830.1,46185.1,44347.5,2045855489.01447
2024-02-09 08:00:00,46185.1,47290.0,46183.4,47155.9,92742.899,4333325203.32195
2024-02-09 12:00:00,47155.9,47699.5,46638.6,47136.9,162167.146,7656203357.66997
2024-02-09 16:00:00,47137.0,48230.3,47110.3,47486.2,110312.265,5252468369.89015
2024-02-09 20:00:00,47486.3,47671.7,47020.1,47116.1,37363.18,1770224180.33958
2024-02-10 00:00:00,47116.1,47489.9,47025.6,47366.9,24916.31,1177021948.57036
2024-02-10 04:00:00,47366.9,47418.3,47125.0,47130.5,14281.105,675431927.40311
2024-02-10 08:00:00,47130.6,47258.3,46836.4,47172.8,34605.176,1628119179.30999
2024-02-10 12:00:00,47172.7,47377.0,47083.8,47332.0,24261.183,1146141269.02161
2024-02-10 16:00:00,47331.9,47650.0,47139.0,47511.2,26043.207,1233879880.96185
2024-02-10 20:00:00,47511.3,48189.6,47436.9,47732.6,55519.623,2656482241.01008
2024-02-11 00:00:00,47732.6,48571.4,47539.4,48517.1,49007.905,2354819152.92128
2024-02-11 04:00:00,48517.6,48600.0,48048.2,48169.6,36963.858,1784433720.9779
2024-02-11 08:00:00,48169.5,48439.5,47912.1,48403.7,29479.277,1420256754.93621
2024-02-11 12:00:00,48403.7,48469.3,47914.1,48140.8,37614.01,1811797409.25371
2024-02-11 16:00:00,48140.7,48401.1,47938.0,48282.4,30963.158,1492488452.23704
2024-02-11 20:00:00,48282.3,48379.9,47961.0,48303.4,25923.418,1247903426.06368
2024-02-12 00:00:00,48303.4,48846.0,48001.0,48138.6,52738.429,2553686102.33201
2024-02-12 04:00:00,48138.7,48389.6,47702.0,48213.0,35030.414,1684891882.84765
2024-02-12 08:00:00,48213.0,48323.1,47711.0,47906.0,37963.976,1821134502.16589
2024-02-12 12:00:00,47905.9,49965.3,47841.6,49925.4,141835.936,6952018980.91414
2024-02-12 16:00:00,49925.5,50413.2,49411.6,49545.9,135900.154,6776334602.00244
2024-02-12 20:00:00,49545.9,50293.9,49545.8,49943.6,47426.293,2372373603.90827
2024-02-13 00:00:00,49943.6,50428.8,49754.4,49813.8,40575.467,2030944039.42097
2024-02-13 04:00:00,49813.9,50143.6,49810.0,50019.9,23299.694,1164759686.03944
2024-02-13 08:00:00,50019.8,50290.0,49651.0,50004.0,47417.718,2370433510.92463
2024-02-13 12:00:00,50003.9,50009.3,48356.0,48753.1,162559.433,7988146134.51481
2024-02-13 16:00:00,48753.2,49279.3,48301.0,49044.9,68146.465,3326891794.43757
2024-02-13 20:00:00,49045.0,49783.5,49016.2,49696.4,40349.308,1996211769.31078
2024-02-14 00:00:00,49696.4,49717.3,49320.9,49524.4,20833.112,1031159801.63086
2024-02-14 04:00:00,49524.5,49900.0,49215.7,49845.0,29061.916,1441382851.48178
2024-02-14 08:00:00,49844.9,51829.1,49742.4,51601.2,146804.756,7498597368.3265
2024-02-14 12:00:00,51601.1,52100.0,51302.0,51616.4,113215.908,5859048533.84112
2024-02-14 16:00:00,51616.5,51777.0,51217.7,51707.5,56012.926,2886323803.47348
2024-02-14 20:00:00,51707.5,51924.7,51483.0,51823.2,29263.173,1514252741.36389
2024-02-15 00:00:00,51823.1,52568.3,51732.6,52379.9,75753.234,3952696792.63542
2024-02-15 04:00:00,52379.9,52400.1,51651.0,51802.4,40228.865,2092796724.02809
2024-02-15 08:00:00,51802.5,52549.5,51666.0,52359.1,46926.241,2449021754.61352
2024-02-15 12:00:00,52359.0,52859.0,51750.0,51968.7,116996.891,6122071384.46179
2024-02-15 16:00:00,51968.6,52419.1,51658.0,52022.0,62622.289,3259800651.9844
2024-02-15 20:00:00,52022.1,52035.3,51334.9,51898.5,50197.083,2594377855.76884
2024-02-16 00:00:00,51898.4,52376.1,51824.5,52309.9,31836.617,1658934296.61477
2024-02-16 04:00:00,52309.8,52372.6,51758.0,51786.4,29981.292,1560470494.7711
2024-02-16 08:00:00,51786.4,52470.6,51611.7,52241.1,50737.158,2640605802.24987
2024-02-16 12:00:00,52241.2,52623.0,51623.2,51909.3,87726.02,4570911560.01618
2024-02-16 16:00:00,51909.2,52284.3,51665.4,51780.2,40535.044,2108056278.40525
2024-02-16 20:00:00,51780.2,52245.1,51697.3,52148.6,19003.662,987441569.46296
2024-02-17 00:00:00,52148.7,52192.8,51870.0,51993.6,12597.447,655207281.39033
2024-02-17 04:00:00,51993.6,52093.2,51811.0,51933.9,11156.397,579577236.18981
2024-02-17 08:00:00,51933.9,51934.0,51521.4,51723.7,35256.919,1823686907.70489
2024-02-17 12:00:00,51723.7,51777.0,50647.5,51013.4,93063.831,4758715798.20967
2024-02-17 16:00:00,51013.4,51482.4,50770.8,51428.8,32817.244,1678975120.64812
2024-02-17 20:00:00,51428.2,52109.0,51331.0,51679.4,37450.167,1938245908.68286
2024-02-18 00:00:00,51679.5,51841.4,51178.0,51518.0,27895.491,1437042156.54727
2024-02-18 04:00:00,51518.0,51785.2,51435.1,51703.7,21066.913,1087663130.90919
2024-02-18 08:00:00,51703.7,52107.3,51677.5,51861.1,28696.465,1488878244.40022
2024-02-18 12:00:00,51861.1,51985.9,51563.3,51808.9,27165.839,1406429506.11659
2024-02-18 16:00:00,51809.0,52013.5,51670.1,51791.5,20771.59,1076766452.55322
2024-02-18 20:00:00,51791.6,52450.0,51616.5,52175.9,41040.128,2139889043.51802
2024-02-19 00:00:00,52175.9,52490.0,51933.1,52104.0,25668.051,1339327698.98358
2024-02-19 04:00:00,52104.0,52532.9,52023.4,52423.9,30265.979,1583682071.35346
2024-02-19 08:00:00,52424.0,52495.0,52088.7,52375.9,30014.308,1570253600.76638
2024-02-19 12:00:00,52375.9,52509.1,52051.0,52157.5,37244.59,1945812152.58379
2024-02-19 16:00:00,52157.5,52270.0,51688.8,51851.6,49343.04,2565956511.80275
2024-02-19 20:00:00,51851.6,52148.6,51722.0,51813.8,23852.01,1238025332.60608
2024-02-20 00:00:00,51813.7,51872.2,51330.5,51608.9,35595.672,1837817619.60842
2024-02-20 04:00:00,51608.8,52077.0,51533.1,51869.2,24747.893,1284202408.81748
2024-02-20 08:00:00,51869.2,52443.7,51584.9,52325.8,54336.122,2826326938.81564
2024-02-20 12:00:00,52325.9,53090.9,51367.6,51712.7,151276.089,7905484686.13578
2024-02-20 16:00:00,51712.7,52166.2,50788.0,52131.3,82490.556,4242319125.92439
2024-02-20 20:00:00,52131.2,52561.8,51918.0,52297.4,40466.732,2112920654.0468
2024-02-21 00:00:00,52297.3,52402.3,52021.0,52042.5,18699.387,975935997.21024
2024-02-21 04:00:00,52042.4,52155.1,51510.0,51599.9,35816.397,1856115498.79521
2024-02-21 08:00:00,51599.9,51835.6,50826.2,50988.1,71637.392,3673390601.6623
2024-02-21 12:00:00,50988.2,51468.0,50528.4,51183.7,85217.852,4353962906.95337
2024-02-21 16:00:00,51183.6,51459.5,50663.0,51082.0,52037.079,2656469647.23449
2024-02-21 20:00:00,51081.9,51991.2,50884.3,51877.8,44719.194,2299044485.78351
2024-02-22 00:00:00,51877.9,51911.6,51176.8,51612.1,31802.892,1639203441.07359
2024-02-22 04:00:00,51612.1,51949.1,51376.7,51860.6,29514.518,1525828704.48472
2024-02-22 08:00:00,51860.6,52078.0,51555.7,51659.2,38151.534,1976981396.03855
2024-02-22 12:00:00,51659.1,51766.0,50967.5,51630.0,65259.7,3351855849.30301
2024-02-22 16:00:00,51630.0,51785.8,51424.0,51547.0,29668.492,1531467952.76034
2024-02-22 20:00:00,51546.9,52130.8,51203.7,51316.9,49747.511,2571518428.68202
2024-02-23 00:00:00,51316.9,51576.3,50989.9,51129.7,28843.394,1478000182.08059
2024-02-23 04:00:00,51129.8,51352.6,50900.2,50952.3,26692.668,1365567457.49176
2024-02-23 08:00:00,50952.3,51300.0,50862.3,51254.1,33220.181,1696873454.74913
2024-02-23 12:00:00,51254.1,51372.3,50804.4,50938.1,57952.033,2958522418.45448
2024-02-23 16:00:00,50938.2,51228.6,50652.9,51131.0,40579.172,2068641282.64277
2024-02-23 20:00:00,51130.9,51187.6,50512.7,50771.9,28187.114,1433339140.10917
2024-02-24 00:00:00,50771.9,50934.9,50611.4,50878.2,19923.319,1011601658.38394
2024-02-24 04:00:00,50878.2,51133.3,50856.1,51099.8,15404.691,785865491.52724
2024-02-24 08:00:00,51099.8,51195.0,50965.0,51151.9,11282.592,576560493.78541
2024-02-24 12:00:00,51151.8,51204.2,51053.3,51124.6,10274.88,525477989.3977
2024-02-24 16:00:00,51124.7,51736.6,51117.1,51590.0,35543.963,1830668869.69826
2024-02-24 20:00:00,51589.9,51712.5,51474.4,51602.1,12515.012,645758037.53513
2024-02-25 00:00:00,51602.1,51949.8,51465.5,51654.2,23934.575,1236848610.05765
2024-02-25 04:00:00,51654.1,51853.2,51530.3,51756.8,13597.975,703361536.6471
2024-02-25 08:00:00,51756.9,51817.0,51550.0,51672.3,13141.489,678975736.22848
2024-02-25 12:00:00,51672.3,51828.4,51465.0,51547.8,20815.578,1075457072.97263
2024-02-25 16:00:00,51547.9,51780.0,51300.4,51708.0,24842.382,1279867772.98849
2024-02-25 20:00:00,51707.9,52050.0,51681.3,51764.9,25845.261,1340179760.59229
2024-02-26 00:00:00,51764.9,51846.1,51431.0,51596.1,17085.81,881579489.84822
2024-02-26 04:00:00,51596.1,51645.0,51320.0,51327.5,13813.271,711351968.82318
2024-02-26 08:00:00,51327.5,51429.1,50922.5,51126.4,38647.704,1977439086.20553
2024-02-26 12:00:00,51126.3,52885.5,50990.0,52872.3,99983.07,5205769524.98501
2024-02-26 16:00:00,52872.2,54599.9,52777.2,54531.3,155069.11,8321766189.8608
2024-02-26 20:00:00,54531.2,54991.8,54321.0,54511.6,68867.266,3761615592.27777
2024-02-27 00:00:00,54511.7,57780.0,54495.0,55774.3,144626.561,8108232589.612
2024-02-27 04:00:00,55773.1,56497.0,55655.0,56100.0,56194.932,3150754163.21884
2024-02-27 08:00:00,56100.1,56879.9,56075.6,56581.4,49250.279,2783940483.99774
2024-02-27 12:00:00,56581.4,57494.3,56501.9,56775.0,134488.874,7667310675.35478
2024-02-27 16:00:00,56775.1,57679.5,56231.0,57390.7,85549.812,4876400788.22168
2024-02-27 20:00:00,57390.7,57415.4,56625.3,57074.5,41365.077,2356365044.91459
2024-02-28 00:00:00,57074.5,57150.4,56730.1,56963.3,19741.359,1124375279.41488
2024-02-28 04:00:00,56963.3,58472.8,56932.2,58300.0,61816.05,3565921302.98505
2024-02-28 08:00:00,58299.9,59589.0,58226.9,58997.4,171926.592,10151082032.37246
2024-02-28 12:00:00,58997.4,61437.4,58940.8,61000.0,230822.903,13941561915.00741
2024-02-28 16:00:00,61000.0,64300.0,59000.0,61032.8,422227.2,26012378446.59951
2024-02-28 20:00:00,61032.8,62710.0,59840.5,62487.9,103584.338,6326076283.80371
2024-02-29 00:00:00,62487.9,62508.4,61105.2,61638.6,67555.583,4164195750.06811
2024-02-29 04:00:00,61638.6,63762.8,61408.3,62761.5,104934.082,6585000234.086
2024-02-29 08:00:00,62761.6,63460.8,62151.1,63019.8,74702.902,4691111119.3745
2024-02-29 12:00:00,63019.8,63599.9,62050.0,62809.1,104765.172,6590345183.78019
2024-02-29 16:00:00,62809.1,62952.4,60452.0,61681.8,150952.986,9284652795.17996
2024-02-29 20:00:00,61681.7,62345.7,60619.7,61203.3,81803.158,5027618491.27837
2024-03-01 00:00:00,61203.3,61842.2,60844.8,61183.4,34861.575,2135833498.7167
2024-03-01 04:00:00,61183.4,61856.7,61135.0,61485.8,30538.809,1879403232.59302
2024-03-01 08:00:00,61485.9,62332.0,61385.5,61927.7,41673.153,2585362230.65832
2024-03-01 12:00:00,61927.7,62750.0,61200.0,61335.3,78663.84,4882652633.07014
2024-03-01 16:00:00,61335.4,62556.3,61312.1,62270.5,54171.773,3355708890.23119
2024-03-01 20:00:00,62270.5,63199.0,62270.5,62430.6,59322.677,3716381042.93036
2024-03-02 00:00:00,62430.6,62513.1,62004.0,62374.3,28442.554,1770495569.35857
2024-03-02 04:00:00,62374.4,62380.0,61820.0,62071.9,30783.238,1911250133.3224
2024-03-02 08:00:00,62071.9,62217.7,61711.5,61900.0,28774.711,1782938011.52406
2024-03-02 12:00:00,61900.0,62248.2,61605.0,61834.5,34361.163,2127729833.91638
2024-03-02 16:00:00,61834.5,62189.6,61700.0,62185.3,16953.447,1050351974.88941
2024-03-02 20:00:00,62185.3,62276.6,61720.0,62039.9,19968.516,1237307539.41097
2024-03-03 00:00:00,62039.9,62072.4,61700.0,61997.1,15651.137,968751096.3725
2024-03-03 04:00:00,61997.1,62181.2,61339.5,61641.0,34331.807,2120739755.93171
2024-03-03 08:00:00,61641.0,61963.0,61452.3,61900.0,24394.336,1506011027.27966
2024-03-03 12:00:00,61900.0,62720.0,61885.6,62210.7,54827.945,3416963361.0118
2024-03-03 16:00:00,62210.8,63079.0,62141.0,62797.1,39358.189,2468683741.2222
2024-03-03 20:00:00,62797.1,63330.9,62639.0,63178.5,31749.089,1999437279.66411
2024-03-04 00:00:00,63178.5,64429.3,62299.0,63523.9,106338.61,6760901283.39568
2024-03-04 04:00:00,63524.0,64390.2,63249.1,64120.6,37940.673,2419344389.24554
2024-03-04 08:00:00,64120.6,65717.4,64078.2,65314.0,115160.424,7496568517.11128
2024-03-04 12:00:00,65313.9,66666.6,64566.3,66505.4,119953.81,7890718793.91961
2024-03-04 16:00:00,66505.4,67648.6,66100.0,67483.2,139133.923,9298654986.61517
2024-03-04 20:00:00,67483.2,68600.0,66813.1,68296.4,114354.704,7740804694.286
2024-03-05 00:00:00,68296.5,68824.7,67616.2,68203.8,79528.678,5428658695.30561
2024-03-05 04:00:00,68203.7,68484.5,65021.1,66223.8,124817.283,8351527083.06902
2024-03-05 08:00:00,66223.8,67290.3,65600.0,66749.0,71036.114,4730977983.42659
2024-03-05 12:00:00,66749.1,69350.0,66484.0,66841.3,197493.725,13396241916.02612
2024-03-05 16:00:00,66839.8,67096.5,59112.0,61510.2,379422.284,24251580979.4495
2024-03-05 20:00:00,61497.3,64393.9,61202.3,63747.4,200727.048,12626510524.00349
2024-03-06 00:00:00,63747.5,64186.0,62829.3,63323.6,54565.237,3462083260.16565
2024-03-06 04:00:00,63323.6,66846.6,63313.3,66759.4,108137.773,7088847461.94469
2024-03-06 08:00:00,66759.3,67729.5,66117.4,67383.9,94868.205,6354523299.36611
2024-03-06 12:00:00,67383.9,67689.8,64615.5,66541.3,173035.007,11467880666.00433
2024-03-06 16:00:00,66541.3,67570.0,66275.0,66803.5,63884.768,4276976301.43451
2024-03-06 20:00:00,66803.5,67425.2,65750.6,66128.1,39520.823,2632398666.69479
2024-03-07 00:00:00,66128.0,66539.0,65609.3,65914.9,35529.364,2349170323.45208
2024-03-07 04:00:00,65915.0,66536.1,65702.8,66447.8,35034.81,2314227540.82918
2024-03-07 08:00:00,66447.8,67350.0,66404.2,66974.9,48238.41,3224964289.32507
2024-03-07 12:00:00,66975.0,67994.0,66588.0,67317.1,84112.593,5651506677.08863
2024-03-07 16:00:00,67317.2,68101.3,67068.5,67559.3,56791.611,3838548729.26471
2024-03-07 20:00:00,67559.4,67974.8,66852.1,66870.0,36386.0,2453056030.19893
2024-03-08 00:00:00,66870.0,67339.6,66800.0,67219.9,23836.852,1598691819.8074
2024-03-08 04:00:00,67220.0,67719.3,66818.1,67308.5,27850.418,1873853133.95094
2024-03-08 08:00:00,67308.5,67838.0,67093.0,67822.0,27365.479,1844020914.571
2024-03-08 12:00:00,67821.5,70330.8,67219.4,67685.8,168389.285,11530912017.99399
2024-03-08 16:00:00,67685.8,68922.0,66120.0,68922.0,152017.882,10276102005.44724
2024-03-08 20:00:00,68921.9,69447.0,67820.0,68180.2,59927.291,4120460176.42097
2024-03-09 00:00:00,68180.2,68343.9,67908.7,68297.1,17481.31,1191273344.7405
2024-03-09 04:00:00,68297.2,68608.7,68179.3,68336.3,15255.702,1043482990.7538
2024-03-09 08:00:00,68336.3,68530.5,67996.0,68360.3,22150.292,1512159233.7207
2024-03-09 12:00:00,68360.3,68580.0,68125.4,68341.6,18353.712,1254504881.1839
2024-03-09 16:00:00,68341.5,68391.8,68050.0,68255.0,12015.249,819720824.1598
2024-03-09 20:00:00,68255.0,68497.8,68254.9,68360.1,9642.74,659551051.2554
2024-03-10 00:00:00,68360.2,69344.0,68262.5,69208.1,44236.817,3048509391.60412
2024-03-10 04:00:00,69208.0,69780.0,69099.1,69430.0,30333.559,2107218822.95901
2024-03-10 08:00:00,69429.9,69999.8,69227.3,69639.5,47002.381,3277304446.89272
2024-03-10 12:00:00,69639.6,69937.7,68672.9,69254.7,50095.129,3475820207.59604
2024-03-10 16:00:00,69254.6,69845.9,69168.9,69465.0,23895.198,1660765600.83601
2024-03-10 20:00:00,69465.1,69522.7,68155.0,69001.8,38033.439,2615775371.78533
2024-03-11 00:00:00,69001.8,69016.3,67000.0,68657.4,69458.296,4735976007.32275
2024-03-11 04:00:00,68657.4,71537.7,68502.4,71223.8,114734.582,8066289262.84216
2024-03-11 08:00:00,71223.9,72346.3,71211.5,71558.6,97544.481,6995448845.08782
2024-03-11 12:00:00,71558.6,72772.5,71405.2,72061.4,98754.823,7120881338.83943
2024-03-11 16:00:00,72061.3,72890.0,71800.0,72041.3,63972.169,4632208914.36242
2024-03-11 20:00:00,72041.3,72850.0,71884.7,72153.8,29932.546,2167311950.03252
2024-03-12 00:00:00,72153.9,72571.0,71300.0,71673.4,37698.804,2714630661.34009
2024-03-12 04:00:00,71673.3,72425.0,71342.0,72175.5,45975.945,3308491407.91216
2024-03-12 08:00:00,72175.6,72461.4,71438.5,72098.7,39679.087,2855010632.71962
2024-03-12 12:00:00,72098.7,73370.0,70777.7,71779.2,129025.702,9292338376.97281
2024-03-12 16:00:00,71779.2,71910.0,68600.0,71403.1,182962.502,12898386084.78798
2024-03-12 20:00:00,71403.0,71623.3,70623.8,71503.2,36730.291,2611104699.17714
2024-03-13 00:00:00,71503.3,72300.0,71388.1,72135.8,30308.014,2179814552.74346
2024-03-13 04:00:00,72135.8,73311.7,71990.0,72964.0,48978.929,3562929305.5239
2024-03-13 08:00:00,72964.1,73755.0,72934.1,73149.9,50161.327,3682625468.93667
2024-03-13 12:00:00,73149.8,73276.9,71671.1,72670.2,97371.457,7070586134.98904
2024-03-13 16:00:00,72670.2,73421.6,72410.6,73399.9,39746.775,2899931499.89324
2024-03-13 20:00:00,73399.9,73485.1,72883.2,73127.6,21879.836,1600793569.8997
2024-03-14 00:00:00,73127.6,73385.0,72540.5,73333.3,26763.274,1954039247.05386
2024-03-14 04:00:00,73333.3,73881.4,72720.0,73280.7,54976.316,4032972026.47297
2024-03-14 08:00:00,73280.7,73598.0,72678.0,72939.4,34164.114,2498131935.37554
2024-03-14 12:00:00,72939.4,73115.5,70563.0,70904.5,145808.719,10474281785.14301
2024-03-14 16:00:00,70904.5,71548.0,68600.0,69500.4,179635.464,12611243722.83392
2024-03-14 20:00:00,69500.4,71785.0,69392.1,71455.5,72553.35,5145889703.10006
2024-03-15 00:00:00,71455.6,72500.0,66660.1,68266.0,183221.843,12702448613.41665
2024-03-15 04:00:00,68266.0,68910.5,66905.0,68487.4,112860.506,7672388170.45083
2024-03-15 08:00:00,68487.4,68665.5,65580.0,67818.3,161336.026,10846704774.19501
2024-03-15 12:00:00,67818.3,68777.0,67444.9,68199.2,74867.568,5103036173.48211
2024-03-15 16:00:00,68199.2,70715.9,67568.0,69003.0,108426.144,7489145965.16841
2024-03-15 20:00:00,69002.9,69813.6,67420.0,69552.2,65098.598,4458865375.71902
2024-03-16 00:00:00,69552.1,70097.6,68967.1,69247.6,36440.378,2533704360.30903
2024-03-16 04:00:00,69247.6,69527.6,68646.0,69490.2,25526.924,1764050607.06145
2024-03-16 08:00:00,69490.2,69490.2,67739.6,68300.1,43345.593,2972678890.10027
2024-03-16 12:00:00,68300.0,68557.6,67576.0,68431.8,47936.852,3263390798.59864
2024-03-16 16:00:00,68431.9,68477.0,66700.0,66969.1,75874.402,5113702568.96436
2024-03-16 20:00:00,66969.1,67600.0,64750.0,65351.0,104301.98,6894196513.05362
2024-03-17 00:00:00,65351.0,66630.7,65166.6,66574.4,54153.223,3574541791.3099
2024-03-17 04:00:00,66574.5,66600.0,64559.8,65681.2,70177.078,4598813760.42363
2024-03-17 08:00:00,65681.1,67600.0,65333.0,67015.0,66619.301,4443280181.17769
2024-03-17 12:00:00,67014.9,68199.0,66500.0,68009.8,57971.821,3902083774.48913
2024-03-17 16:00:00,68009.9,68757.1,67812.2,68575.5,36619.508,2499917622.44927
2024-03-17 20:00:00,68575.5,68972.4,68001.6,68447.9,29349.378,2009698974.04373
2024-03-18 00:00:00,68447.9,68486.6,66814.6,68038.1,53949.744,3652245370.13251
2024-03-18 04:00:00,68038.1,69044.4,67760.1,68262.9,37297.925,2554366944.88376
2024-03-18 08:00:00,68262.9,68557.9,67350.6,68307.7,45501.817,3093766480.9242
2024-03-18 12:00:00,68307.6,68685.3,66658.0,67509.2,93123.928,6292394620.27035
2024-03-18 16:00:00,67509.2,68140.0,66601.6,66985.7,60098.513,4045419998.87407
2024-03-18 20:00:00,66985.8,68054.9,66985.8,67660.0,27913.989,1887775908.02027
2024-03-19 00:00:00,67660.0,68178.6,64893.1,65930.5,118043.87,7819728117.66568
2024-03-19 04:00:00,65930.4,66044.0,63625.0,64742.1,114699.638,7430291569.75276
2024-03-19 08:00:00,64742.1,64750.0,62545.0,63137.1,148646.191,9435559975.68238
2024-03-19 12:00:00,63137.1,64198.7,62412.1,64084.0,120209.988,7610434913.99201
2024-03-19 16:00:00,64084.1,65802.8,64003.0,64435.0,107528.517,6974200381.84563
2024-03-19 20:00:00,64435.0,64549.2,61582.8,61974.1,91338.591,5752198746.49926
2024-03-20 00:00:00,61974.1,63544.1,61661.7,61894.8,101026.897,6327209926.91087
2024-03-20 04:00:00,61896.3,63248.8,60800.0,62995.1,111380.629,6884136851.37201
2024-03-20 08:00:00,62995.1,64010.0,62676.6,63432.0,70517.139,4457510759.88891
2024-03-20 12:00:00,63432.0,64450.0,63113.6,63649.0,93735.674,5984574455.03242
2024-03-20 16:00:00,63648.9,66062.4,62057.7,65821.6,160980.964,10325033797.25376
2024-03-20 20:00:00,65821.6,68140.0,65692.3,67876.4,99721.162,6712652976.43588
2024-03-21 00:00:00,67876.4,68293.9,66400.4,66707.8,56126.971,3789851302.24477
2024-03-21 04:00:00,66707.8,67384.6,66129.0,67031.8,51815.644,3463926899.66887
2024-03-21 08:00:00,67031.8,67716.6,66695.6,67082.3,40706.816,2733151901.54228
2024-03-21 12:00:00,67082.3,67774.3,66105.8,66601.6,72640.997,4864610212.04586
2024-03-21 16:00:00,66601.6,67066.6,64924.6,65276.0,75882.498,4991146593.22214
2024-03-21 20:00:00,65274.3,66000.0,64550.1,65539.9,50045.459,3271600525.2491
2024-03-22 00:00:00,65539.9,66200.0,65163.0,66017.8,39257.301,2580184108.65473
2024-03-22 04:00:00,66017.8,66691.9,65801.4,66223.4,28624.153,1897158454.11973
2024-03-22 08:00:00,66223.3,66413.0,64102.0,64268.0,64282.856,4189209857.0668
2024-03-22 12:00:00,64268.1,64729.1,62614.5,63920.0,142184.833,9044134529.47662
2024-03-22 16:00:00,63920.0,64168.0,62794.6,63907.2,67901.638,4315518019.28579
2024-03-22 20:00:00,63907.4,64017.1,62294.0,63826.0,58898.552,3716593594.27411
2024-03-23 00:00:00,63826.1,64418.0,63020.2,63592.0,45171.862,2880941671.75391
2024-03-23 04:00:00,63592.0,64887.6,63537.8,64606.5,38575.356,2478570569.29263
2024-03-23 08:00:00,64606.6,64875.2,64221.3,64674.9,30575.575,1972192125.9557
2024-03-23 12:00:00,64674.8,65473.8,64320.0,65147.5,50015.088,3248703567.67134
2024-03-23 16:00:00,65147.4,66050.0,64823.5,64917.9,46298.247,3031814587.49396
2024-03-23 20:00:00,64918.0,65245.3,63861.9,64020.3,28487.872,1842241919.63043
2024-03-24 00:00:00,64020.4,64770.3,63951.7,64007.6,26955.583,1734055660.49733
2024-03-24 04:00:00,64008.1,64633.6,63822.0,64624.6,26527.085,1703418212.6676
2024-03-24 08:00:00,64624.6,65432.9,64511.9,65371.9,38847.042,2526554973.41952
2024-03-24 12:00:00,65371.9,65974.7,65224.7,65718.6,42167.269,2766413935.25803
2024-03-24 16:00:00,65718.6,66127.0,64635.0,65886.8,54566.413,3573771006.66247
2024-03-24 20:00:00,65886.8,67700.0,65777.3,67260.9,55116.043,3684337049.11499
2024-03-25 00:00:00,67260.9,67409.6,66427.6,67407.8,38631.742,2582767994.54894
2024-03-25 04:00:00,67407.8,67780.0,66744.0,66866.6,38989.057,2624028229.99088
2024-03-25 08:00:00,66866.5,67388.3,66784.2,66855.9,29696.402,1990484118.48818
2024-03-25 12:00:00,66855.1,70108.1,66825.5,69844.6,140201.921,9639704049.63516
2024-03-25 16:00:00,69844.5,71063.6,69505.8,71019.6,87615.027,6170502942.0622
2024-03-25 20:00:00,71019.6,71228.3,69608.9,69920.5,60022.042,4224608031.47358
2024-03-26 00:00:00,69920.6,70679.0,69782.2,70473.8,30683.177,2155537914.0605
2024-03-26 04:00:00,70473.7,71649.0,70302.4,70535.0,50356.28,3570060814.99539
2024-03-26 08:00:00,70535.0,71340.8,70295.9,70734.2,44137.268,3128263974.74813
2024-03-26 12:00:00,70734.1,71200.0,69320.0,70307.1,101981.595,7169930681.79972
2024-03-26 16:00:00,70307.0,70580.0,69465.2,69523.3,54669.999,3824317507.56822
2024-03-26 20:00:00,69523.2,70368.0,69420.0,70044.1,26032.797,1821775219.5826
2024-03-27 00:00:00,70044.2,70799.3,69888.0,70445.1,35628.422,2510284384.38024
2024-03-27 04:00:00,70445.2,70650.0,69690.1,69798.8,31346.5,2200069134.09762
2024-03-27 08:00:00,69797.5,70436.6,69466.4,70290.3,38869.095,2720168182.72534
2024-03-27 12:00:00,70290.2,71888.0,68551.0,68922.0,202602.158,14206426880.0661
2024-03-27 16:00:00,68922.1,69487.8,68364.8,68707.8,69700.95,4801758605.45176
2024-03-27 20:00:00,68707.7,69703.7,68677.2,69532.6,29139.449,2017088421.4889
2024-03-28 00:00:00,69532.6,70081.9,68941.0,69349.3,31861.746,2214819954.17322
2024-03-28 04:00:00,69349.3,70564.0,69333.0,70456.8,37488.507,2626635362.60969
2024-03-28 08:00:00,70457.0,71050.0,70344.9,70707.7,42713.479,3020043450.57136
2024-03-28 12:00:00,70707.7,71636.2,70411.0,71335.1,78369.544,5570752746.75403
2024-03-28 16:00:00,71335.2,71381.4,70455.6,70837.1,33522.126,2373951643.34796
2024-03-28 20:00:00,70837.1,71138.0,70592.3,70838.7,18015.42,1276364204.2493
2024-03-29 00:00:00,70838.8,70976.9,70335.1,70491.8,18384.635,1299424424.51387
2024-03-29 04:00:00,70491.7,70598.5,69801.9,69855.6,30990.097,2176396746.88212
2024-03-29 08:00:00,69855.6,70379.9,69612.8,70182.9,36337.211,2542560008.2854
2024-03-29 12:00:00,70183.0,70704.8,69000.0,69240.1,60730.386,4246924102.82926
2024-03-29 16:00:00,69240.4,69734.6,69125.4,69720.6,26131.25,1814644282.7693
2024-03-29 20:00:00,69720.5,69970.1,69327.0,69903.6,15397.262,1073592827.21112
2024-03-30 00:00:00,69903.6,70245.0,69753.3,69836.8,17158.879,1200876783.3412
2024-03-30 04:00:00,69836.8,70388.0,69805.1,69900.1,18320.399,1283996538.99283
2024-03-30 08:00:00,69900.2,70254.7,69872.3,70237.1,14184.529,994193593.5875
2024-03-30 12:00:00,70237.1,70328.0,69961.3,70064.9,13327.59,935044301.8051
2024-03-30 16:00:00,70065.0,70373.8,69712.3,69944.7,16241.65,1137330551.585
2024-03-30 20:00:00,69944.7,69959.0,69577.2,69642.1,11893.703,829737201.9363
2024-03-31 00:00:00,69642.0,70224.2,69608.0,69980.8,16822.223,1177225733.897
2024-03-31 04:00:00,69980.9,70555.6,69928.0,70366.5,19570.18,1375575285.67164
2024-03-31 08:00:00,70367.5,70549.5,70200.0,70442.6,12809.761,901689084.2683
2024-03-31 12:00:00,70442.6,70824.0,70329.6,70446.2,25610.054,1807953942.6691
2024-03-31 16:00:00,70446.2,71383.2,70387.8,71135.1,33030.26,2342884169.24206
2024-03-31 20:00:00,71135.1,71495.5,70711.0,71363.0,24616.312,1750350746.99905
2024-04-01 00:00:00,71363.0,71388.0,70588.0,70650.1,21815.323,1548526518.6141
2024-04-01 04:00:00,70650.0,70727.2,68895.5,69637.0,70969.124,4943440063.39039
2024-04-01 08:00:00,69637.0,69868.9,69222.0,69520.4,29105.42,2023997346.22742
2024-04-01 12:00:00,69520.4,70145.0,68210.0,68281.0,83634.103,5781376466.49348
2024-04-01 16:00:00,68280.9,69866.1,68103.3,69682.1,53164.149,3659559026.09318
2024-04-01 20:00:00,69682.2,69949.0,69361.0,69700.0,24124.007,1681786142.2865
2024-04-02 00:00:00,69700.0,69731.6,65600.0,66734.1,118225.311,7982081295.89397
2024-04-02 04:00:00,66734.1,67157.0,66150.0,66503.3,55086.316,3673491253.03032
2024-04-02 08:00:00,66503.4,66748.0,65108.0,65684.2,101124.889,6664856248.3667
2024-04-02 12:00:00,65684.2,66289.0,64650.0,64928.3,121001.846,7917883484.0593
2024-04-02 16:00:00,64928.2,66225.2,64603.2,65946.8,70323.338,4607705615.33801
2024-04-02 20:00:00,65946.8,66147.1,65223.3,65505.3,33279.872,2187062152.08934
2024-04-03 00:00:00,65502.4,66341.8,64500.0,66252.2,60445.956,3957604162.45002
2024-04-03 04:00:00,66252.2,66550.0,65955.0,66181.1,31478.147,2086021321.9821
2024-04-03 08:00:00,66181.2,66696.5,65555.0,66094.3,47333.798,3132949566.51558
2024-04-03 12:00:00,66094.2,66940.0,65661.0,65873.9,67186.665,4451738636.13178
2024-04-03 16:00:00,65873.9,66624.0,65451.1,65798.8,45312.02,2991988087.88648
2024-04-03 20:00:00,65798.8,66324.0,65500.1,65971.9,23284.644,1534625663.7824
2024-04-04 00:00:00,65971.8,66375.8,65451.3,65637.2,30274.072,1994934168.1855
2024-04-04 04:00:00,65637.2,66307.0,65100.0,66104.8,39140.486,2570117390.61212
2024-04-04 08:00:00,66104.7,66500.0,66036.0,66361.5,24461.347,1621978247.2676
2024-04-04 12:00:00,66361.5,67916.0,66336.6,67631.8,75527.215,5081944433.91149
2024-04-04 16:00:00,67631.7,69329.7,67514.7,68484.0,97105.541,6658482362.63294
2024-04-04 20:00:00,68483.9,68581.0,67291.3,68489.9,59876.677,4065712301.66928
2024-04-05 00:00:00,68489.8,68787.1,67420.2,67885.4,37413.887,2544802159.19018
2024-04-05 04:00:00,67885.5,68051.4,66376.0,66937.4,50688.326,3396553525.88817
2024-04-05 08:00:00,66937.4,67700.0,66388.4,66502.8,56234.546,3764424949.81188
2024-04-05 12:00:00,66502.8,68585.9,65966.0,68201.5,110822.813,7448959781.85054
2024-04-05 16:00:00,68200.0,68388.1,67326.6,67400.0,41415.268,2806813042.69364
2024-04-05 20:00:00,67400.0,67977.0,67333.3,67825.7,16972.453,1148611729.7749
2024-04-06 00:00:00,67825.8,68074.8,67450.0,67793.3,18480.422,1251995162.6224
2024-04-06 04:00:00,67793.4,68240.1,67601.0,67985.1,17391.704,1182437414.83416
2024-04-06 08:00:00,67985.1,68129.0,67610.0,67655.0,15249.245,1034743664.5719
2024-04-06 12:00:00,67654.9,68320.0,67525.0,68094.0,21939.242,1489767807.3367
2024-04-06 16:00:00,68094.0,68490.1,67923.4,68259.5,18317.958,1250005539.6317
2024-04-06 20:00:00,68259.4,69708.0,68158.5,68901.6,35965.155,2482105592.74268
2024-04-07 00:00:00,68901.5,69800.0,68820.6,69402.1,30693.366,2128746417.2248
2024-04-07 04:00:00,69402.2,69499.5,69055.1,69367.4,17331.856,1201178783.6722
2024-04-07 08:00:00,69367.3,69579.2,69198.3,69366.1,15464.263,1072916872.4484
2024-04-07 12:00:00,69366.2,69921.3,69215.1,69567.9,33660.142,2340985863.01512
2024-04-07 16:00:00,69567.9,70395.0,68881.3,69089.9,54047.41,3771347860.53283
2024-04-07 20:00:00,69090.0,69492.9,68900.9,69362.7,20586.399,1426050475.0384
2024-04-08 00:00:00,69362.7,69898.0,69040.4,69484.9,26553.497,1843848493.32192
2024-04-08 04:00:00,69485.0,70917.0,69296.6,70745.4,40704.221,2858024696.14369
2024-04-08 08:00:00,70745.4,72753.6,70677.6,72472.6,110069.526,7917567001.12907
2024-04-08 12:00:00,72472.6,72890.4,71276.0,71815.7,70417.438,5071882593.87573
2024-04-08 16:00:00,71815.7,72171.6,71338.3,71807.2,34303.61,2463080393.7229
2024-04-08 20:00:00,71807.3,72077.3,71552.5,71678.4,15189.157,1090359789.84228
2024-04-09 00:00:00,71678.3,71820.6,70900.0,71339.0,33623.357,2399037192.85754
2024-04-09 04:00:00,71339.0,71399.9,70160.0,70444.0,48492.765,3434713914.93853
2024-04-09 08:00:00,70444.1,70961.0,69536.8,70858.3,66018.368,4644112654.56936
2024-04-09 12:00:00,70858.2,71048.3,68538.0,69322.8,113450.195,7902849870.09804
2024-04-09 16:00:00,69322.8,69369.9,68216.0,69049.7,54110.638,3723907725.75158
2024-04-09 20:00:00,69049.6,69473.4,68913.2,69189.3,18364.08,1270643979.2237
2024-04-10 00:00:00,69189.2,69650.0,68514.0,69193.1,38460.266,2654923078.89466
2024-04-10 04:00:00,69193.2,69564.0,69049.0,69381.6,19061.143,1321356595.9723
2024-04-10 08:00:00,69381.6,69381.6,68662.7,69094.7,32864.25,2267215492.16398
2024-04-10 12:00:00,69094.8,69275.1,67546.2,68687.9,125630.717,8576226480.26636
2024-04-10 16:00:00,68688.0,70130.0,68585.0,70121.0,71230.063,4944717735.69814
2024-04-10 20:00:00,70120.3,71412.2,69613.4,70681.7,50528.317,3561202130.83003
2024-04-11 00:00:00,70681.8,71128.8,70340.0,70900.5,25776.252,1823377721.4188
2024-04-11 04:00:00,70900.5,71387.4,70421.0,70789.1,32669.624,2313965630.0464
2024-04-11 08:00:00,70789.1,71337.8,69921.1,70043.3,45863.876,3241424839.17984
2024-04-11 12:00:00,70043.4,71160.0,69592.6,70045.9,96654.864,6789719255.15718
2024-04-11 16:00:00,70045.9,70577.7,69608.1,70491.4,34983.242,2454328293.13764
2024-04-11 20:00:00,70491.3,70806.4,69800.0,70055.7,20246.295,1424079786.61712
2024-04-12 00:00:00,70055.6,71071.4,70044.4,71034.3,28772.522,2033477473.4904
2024-04-12 04:00:00,71034.3,71297.0,70633.6,70825.9,25196.369,1787884467.5969
2024-04-12 08:00:00,70825.9,71038.9,70552.9,70950.9,21288.038,1507585374.3483
2024-04-12 12:00:00,70950.9,71028.0,69267.0,69374.1,82025.367,5734093911.45696
2024-04-12 16:00:00,69374.0,69626.7,65102.0,66867.5,220063.11,14842834061.30131
2024-04-12 20:00:00,66867.6,67498.7,66695.1,67136.4,38182.743,2560739260.4356
2024-04-13 00:00:00,67136.4,67200.0,65754.6,67188.4,55177.302,3669428315.6694
2024-04-13 04:00:00,67188.5,67975.4,67039.3,67466.1,42109.713,2842979371.26804
2024-04-13 08:00:00,67466.1,67842.9,67116.9,67377.0,23444.783,1581182086.2843
2024-04-13 12:00:00,67377.1,67954.0,67175.0,67683.2,29542.422,1997187867.1834
2024-04-13 16:00:00,67683.2,67770.0,63530.0,64779.1,107653.08,7117995092.88292
2024-04-13 20:00:00,64779.1,65667.7,59652.5,63939.7,257077.903,16159130746.39255
2024-04-14 00:00:00,63939.7,64297.1,62139.3,63428.7,88650.039,5617306081.3061
2024-04-14 04:00:00,63428.5,64869.0,63383.3,64449.9,50112.447,3220251473.21506
2024-04-14 08:00:00,64449.9,64891.6,63850.0,64150.2,40232.475,2587379816.48662
2024-04-14 12:00:00,64150.2,64846.1,63428.6,64163.3,59925.363,3844757358.12158
2024-04-14 16:00:00,64163.3,64733.0,62550.0,64146.0,92113.232,5878158170.54098
2024-04-14 20:00:00,64146.0,65822.1,63300.0,65615.9,64736.577,4190225993.91143
2024-04-15 00:00:00,65615.9,65842.8,64903.1,65107.9,35393.543,2313123704.9145
2024-04-15 04:00:00,65108.0,66550.0,64649.2,66224.8,53589.263,3526759968.49005
2024-04-15 08:00:00,66224.9,66874.9,65801.0,65848.6,41279.881,2738658789.61488
2024-04-15 12:00:00,65848.6,66369.7,63800.0,64552.8,94952.165,6180804454.46077
2024-04-15 16:00:00,64552.6,64848.8,62242.5,63269.9,113636.279,7223480548.9646
2024-04-15 20:00:00,63269.9,63610.3,62606.0,63392.7,42681.094,2695016491.93888
2024-04-16 00:00:00,63392.8,63879.6,62711.0,62937.6,43701.669,2763540901.22036
2024-04-16 04:00:00,62937.6,63786.3,61651.8,63487.9,68412.564,4289574462.43242
2024-04-16 08:00:00,63488.0,63646.9,61521.0,63064.6,80931.579,5065700415.0674
2024-04-16 12:00:00,63064.6,63399.7,61704.7,61749.2,98458.37,6156467451.96472
2024-04-16 16:00:00,61749.2,63277.1,61680.0,62691.0,73768.751,4611566741.95848
2024-04-16 20:00:00,62690.9,64356.3,62519.3,63765.0,40658.506,2584511653.72282
2024-04-17 00:00:00,63764.9,64283.3,63541.7,63806.0,28336.977,1809802566.56522
2024-04-17 04:00:00,63806.1,64483.3,63170.5,63260.8,36161.176,2307597934.7756
2024-04-17 08:00:00,63260.7,63562.7,62490.0,62576.9,41805.835,2635868446.87698
2024-04-17 12:00:00,62576.8,62957.2,59713.2,60272.0,180202.594,11053486212.8651
2024-04-17 16:00:00,60274.0,61938.0,59625.0,60997.2,122038.404,7420950640.49418
2024-04-17 20:00:00,60997.1,61743.7,60741.3,61254.5,35488.006,2174639304.2011
2024-04-18 00:00:00,61254.5,62194.8,60900.0,61953.5,39391.28,2426607879.62192
2024-04-18 04:00:00,61953.6,62048.0,60763.8,61154.7,45077.119,2763630888.66162
2024-04-18 08:00:00,61154.6,63049.9,60824.2,62563.0,60982.513,3783437993.26596
2024-04-18 12:00:00,62563.0,64100.0,61558.0,63474.0,118803.773,7473092439.46244
2024-04-18 16:00:00,63473.9,63857.5,62268.4,63438.0,68984.116,4354210218.91452
2024-04-18 20:00:00,63437.3,63815.6,63123.3,63445.0,30063.593,1907554335.0884
2024-04-19 00:00:00,63445.0,63449.9,59541.0,61757.1,162327.211,9932918910.62922
2024-04-19 04:00:00,61757.1,65189.0,61701.3,64519.6,132400.625,8397431727.01649
2024-04-19 08:00:00,64519.5,65480.0,64088.1,64839.8,79968.568,5179217908.83473
2024-04-19 12:00:00,64839.8,65420.5,63779.7,64417.7,83821.582,5417678230.8094
2024-04-19 16:00:00,64417.6,64823.6,63477.5,64307.2,67738.532,4343181108.6929
2024-04-19 20:00:00,64307.2,64478.8,62910.0,63787.4,48007.54,3061705374.95508
2024-04-20 00:00:00,63787.4,64236.2,63045.1,63931.8,41252.775,2626821448.34342
2024-04-20 04:00:00,63931.8,64244.0,63779.9,63937.9,19125.163,1224779579.28502
2024-04-20 08:00:00,63938.0,63967.2,63244.0,63688.7,35323.02,2247081857.6371
2024-04-20 12:00:00,63688.7,64940.0,63537.3,64771.0,33816.236,2171265113.19736
2024-04-20 16:00:00,64771.0,65400.0,64421.8,64834.7,50097.196,3252822827.82887
2024-04-20 20:00:00,64834.8,65013.0,64513.1,64897.2,17527.872,1134642684.70124
2024-04-21 00:00:00,64897.2,65678.7,64570.5,65131.2,30568.361,1991770591.94926
2024-04-21 04:00:00,65131.3,65216.3,64803.1,65109.8,17902.665,1163945409.1817
2024-04-21 08:00:00,65109.8,65425.0,64728.3,65203.5,25335.64,1648208178.5877
2024-04-21 12:00:00,65203.5,65362.3,64743.7,65015.0,24230.119,1574990685.6012
2024-04-21 16:00:00,65014.9,65068.7,64214.2,64506.9,37769.782,2439575607.81344
2024-04-21 20:00:00,64507.0,65242.0,64322.7,64912.6,24727.381,1602665046.2397
2024-04-22 00:00:00,64912.7,66101.0,64470.5,65677.6,56789.099,3701554813.30074
2024-04-22 04:00:00,65677.5,66449.0,65466.6,65943.7,41069.709,2711184230.0818
2024-04-22 08:00:00,65943.8,66180.0,65664.6,65856.2,23493.116,1549179634.6142
2024-04-22 12:00:00,65856.1,66449.0,65600.7,65966.8,49814.265,3287337545.5685
2024-04-22 16:00:00,65966.8,66819.6,65866.8,66495.6,43140.787,2864495192.6835
2024-04-22 20:00:00,66495.6,67222.0,66300.1,66778.0,31961.435,2135304073.2133
2024-04-23 00:00:00,66777.9,67158.9,66383.5,66410.1,25070.758,1674192570.4803
2024-04-23 04:00:00,66410.0,66627.6,65988.0,66079.9,27576.254,1828776277.2329
2024-04-23 08:00:00,66079.9,66297.0,65812.0,66023.5,24977.278,1650406141.4739
2024-04-23 12:00:00,66023.5,67099.7,65750.0,66393.2,59203.747,3938722314.0163
2024-04-23 16:00:00,66393.2,66887.0,66311.4,66456.0,22329.169,1487895048.1099
2024-04-23 20:00:00,66455.9,66457.1,65924.7,66386.3,19508.358,1292131906.5628
2024-04-24 00:00:00,66386.2,66869.8,66347.2,66585.7,18340.202,1221859747.1129
2024-04-24 04:00:00,66585.8,67068.2,66520.8,66588.9,23285.043,1554831758.6999
2024-04-24 08:00:00,66588.9,66721.7,66172.0,66550.7,24802.818,1647544341.2796
2024-04-24 12:00:00,66550.7,66711.9,64489.7,64594.0,103026.913,6737245473.8648
2024-04-24 16:00:00,64593.5,65122.0,63695.0,63960.9,71058.223,4581343499.4062
2024-04-24 20:00:00,63960.8,64426.6,63575.0,64250.0,40031.862,2564058432.2628
2024-04-25 00:00:00,64250.0,64713.6,63823.2,64260.0,29118.115,1872343042.6565
2024-04-25 04:00:00,64259.9,64377.1,63800.0,63996.1,23629.633,1515837369.3948
2024-04-25 08:00:00,63996.2,64180.0,63300.0,63826.9,47523.366,3029058457.8229
2024-04-25 12:00:00,63827.0,64316.5,62721.3,64091.7,92249.687,5856665721.4036
2024-04-25 16:00:00,64091.6,64995.7,63934.0,64721.5,52582.241,3391490256.4452
2024-04-25 20:00:00,64721.6,65270.6,64413.4,64478.8,30108.02,1950571230.1254
2024-04-26 00:00:00,64478.8,64649.7,63844.0,64359.7,32749.047,2105318886.7024
2024-04-26 04:00:00,64359.6,64590.3,63992.6,64236.6,22324.933,1435756151.4151
2024-04-26 08:00:00,64236.7,64544.8,64031.5,64213.6,20015.817,1286604749.579
2024-04-26 12:00:00,64213.6,64783.1,63325.0,63481.3,81303.56,5206379826.1262
2024-04-26 16:00:00,63481.2,64156.0,63291.5,63723.6,32853.541,2095502717.545
2024-04-26 20:00:00,63723.6,64097.4,63648.6,63748.8,12902.915,824026814.5508
2024-04-27 00:00:00,63748.7,63901.4,62332.8,63047.2,59693.74,3758578405.2063
2024-04-27 04:00:00,63047.2,63157.6,62760.7,62944.3,17253.027,1086738262.076
2024-04-27 08:00:00,62944.3,63044.6,62650.0,62834.5,14504.338,911865752.2636
2024-04-27 12:00:00,62834.4,63390.8,62780.3,62928.4,23358.7,1473447086.4814
2024-04-27 16:00:00,62928.3,63624.4,62700.2,63329.8,39059.005,2467003688.2994
2024-04-27 20:00:00,63329.9,63532.6,63115.0,63421.0,13480.299,853551979.6272
2024-04-28 00:00:00,63420.9,64350.0,63420.9,63989.8,28362.952,1811747573.2719
2024-04-28 04:00:00,63989.9,64041.4,63760.9,63883.1,14698.248,939070559.8448
2024-04-28 08:00:00,63883.2,63954.6,63230.7,63459.1,21213.117,1348927910.7144
2024-04-28 12:00:00,63459.0,63832.0,63385.1,63508.6,17692.993,1125386411.2589
2024-04-28 16:00:00,63508.5,63973.9,63446.2,63688.9,14380.74,916152144.6078
2024-04-28 20:00:00,63688.9,63716.9,62700.0,63088.3,29708.101,1875376882.4809
2024-04-29 00:00:00,63088.4,63337.8,62056.1,62259.9,33929.947,2130120991.2035
2024-04-29 04:00:00,62259.9,62632.1,61888.0,62362.0,40103.763,2495908564.1987
2024-04-29 08:00:00,62362.1,62658.7,62150.0,62222.9,22955.752,1432011969.1243
2024-04-29 12:00:00,62222.6,63085.0,61726.2,63012.2,66488.045,4151138314.0451
2024-04-29 16:00:00,63012.2,63227.3,62511.1,62953.4,30356.738,1907981170.9708
2024-04-29 20:00:00,62953.4,64200.0,62787.6,63842.4,34576.918,2198273985.0714
2024-04-30 00:00:00,63842.4,64700.0,63075.9,63627.1,54356.874,3472706533.5966
2024-04-30 04:00:00,63627.1,63691.3,63050.0,63123.8,21881.93,1385698572.085
2024-04-30 08:00:00,63123.7,63220.4,61000.0,61182.3,92748.254,5738803428.2576
2024-04-30 12:00:00,61182.3,61576.1,60517.6,60764.9,86741.926,5290900935.2376
2024-04-30 16:00:00,60764.9,60887.9,59150.0,59276.2,99188.1,5963217324.6674
2024-04-30 20:00:00,59276.1,61063.2,59256.6,60651.2,53830.619,3241565357.8238
2024-05-01 00:00:00,60651.2,60816.7,59555.0,60214.0,41842.441,2513609283.2913
2024-05-01 04:00:00,60214.0,60331.8,57030.0,57482.0,111582.926,6523262448.37701
2024-05-01 08:00:00,57482.0,57881.0,56537.7,57862.1,105319.627,6024143258.44672
2024-05-01 12:00:00,57862.2,58257.8,56651.2,56865.2,86671.022,4979746068.17025
2024-05-01 16:00:00,56865.3,59438.2,56600.0,56935.7,163355.41,9459213608.20692
2024-05-01 20:00:00,56935.7,58550.8,56729.0,58307.6,55336.974,3193949984.13464
2024-05-02 00:00:00,58307.7,58571.1,56951.6,57407.6,48642.413,2800515999.36301
2024-05-02 04:00:00,57407.7,57933.1,57175.4,57645.0,24643.195,1418074900.3795
2024-05-02 08:00:00,57645.0,58696.6,57542.4,58538.4,54335.416,3155967688.8392
2024-05-02 12:00:00,58538.5,59441.6,58186.7,59230.7,97124.36,5709384707.4221
2024-05-02 16:00:00,59230.8,59557.4,58895.6,59324.4,38379.928,2270312157.009
2024-05-02 20:00:00,59324.5,59637.3,58594.4,59036.7,36103.99,2133713666.0477
2024-05-03 00:00:00,59036.7,59976.9,58781.3,59687.9,36797.051,2188748739.3997
2024-05-03 04:00:00,59687.9,59810.0,59031.5,59158.1,23719.982,1408697984.6397
2024-05-03 08:00:00,59158.1,59562.9,58818.2,59269.3,31556.268,1866884545.5114
2024-05-03 12:00:00,59269.4,62239.6,58970.5,61662.1,155671.882,9497543018.3871
2024-05-03 16:00:00,61662.2,62181.0,61497.6,62031.9,40812.563,2521813826.5143
2024-05-03 20:00:00,62031.9,63333.0,61931.1,62853.7,65048.713,4080564995.0615
2024-05-04 00:00:00,62853.7,63555.5,62520.0,62698.1,35544.126,2237156815.1726
2024-05-04 04:00:00,62698.0,63430.0,62652.5,62931.3,29638.413,1868168883.9289
2024-05-04 08:00:00,62931.4,64547.9,62888.0,63850.0,62488.68,3988831523.5585
2024-05-04 12:00:00,63850.0,64137.8,63424.0,63590.0,35808.475,2282363849.5225
2024-05-04 16:00:00,63590.1,64000.0,63278.1,63885.2,21209.796,1348715500.3285
2024-05-04 20:00:00,63885.2,64198.9,63503.1,63864.2,20515.709,1309465379.3705
2024-05-05 00:00:00,63864.3,64170.6,62833.0,63209.8,40066.159,2538844998.3573
2024-05-05 04:00:00,63209.8,63932.4,63067.3,63697.1,22134.259,1405267815.3363
2024-05-05 08:00:00,63697.1,63907.9,63505.7,63838.0,20907.752,1332062383.288
2024-05-05 12:00:00,63838.1,64644.3,63588.7,64398.0,51798.38,3319898175.8678
2024-05-05 16:00:00,64398.1,64531.9,63756.0,63846.0,29615.387,1899872878.3889
2024-05-05 20:00:00,63846.0,64217.4,63520.3,63988.0,20973.716,1338539502.2625
2024-05-06 00:00:00,63987.9,64443.3,63666.0,63830.1,22429.192,1437121517.9098
2024-05-06 04:00:00,63830.0,64564.5,63738.9,64509.6,29368.823,1886000062.945
2024-05-06 08:00:00,64509.5,65500.0,63779.1,64178.1,90546.106,5858199923.1428
2024-05-06 12:00:00,64178.1,64295.1,62900.0,63599.8,92005.477,5850570813.2731
2024-05-06 16:00:00,63599.9,63731.3,62655.3,63200.0,52386.835,3310307152.1561
2024-05-06 20:00:00,63199.9,63598.7,63025.0,63142.8,18373.634,1163660835.6736
2024-05-07 00:00:00,63142.7,63950.0,62805.6,63204.1,38286.024,2427297699.6692
2024-05-07 04:00:00,63204.1,63830.0,63056.8,63648.9,23770.021,1509228201.9857
2024-05-07 08:00:00,63648.9,64392.2,63313.2,63472.4,47888.36,3063013983.2146
2024-05-07 12:00:00,63472.4,64320.0,63001.0,63710.0,57889.868,3682454630.9033
2024-05-07 16:00:00,63710.1,63875.0,62758.1,63034.7,34222.559,2163545503.864
2024-05-07 20:00:00,63034.7,63177.3,62203.6,62296.0,36917.814,2313494856.6405
2024-05-08 00:00:00,62296.0,62949.2,62055.0,62864.0,28153.491,1761395520.9722
2024-05-08 04:00:00,62864.0,62994.9,62036.1,62186.7,31663.88,1976900547.0193
2024-05-08 08:00:00,62186.7,62517.6,62005.8,62224.9,29263.081,1821984588.022
2024-05-08 12:00:00,62224.9,62800.0,61736.7,62251.8,67533.185,4201041948.1033
2024-05-08 16:00:00,62251.9,62743.9,61902.8,62148.7,29625.538,1846817278.7455
2024-05-08 20:00:00,62148.6,62224.5,60843.6,61157.9,55412.404,3401312881.0941
2024-05-09 00:00:00,61157.9,61779.0,61113.0,61647.4,22040.64,1354914912.411
2024-05-09 04:00:00,61647.5,61753.2,61087.0,61222.5,21456.884,1319206122.8918
2024-05-09 08:00:00,61222.5,61429.2,60550.0,61033.0,42557.014,2597308078.2668
2024-05-09 12:00:00,61033.0,62262.1,60846.7,62122.5,66846.839,4113709226.8868
2024-05-09 16:00:00,62122.5,62637.3,61707.8,62420.6,48794.861,3035232240.4002
2024-05-09 20:00:00,62420.6,63447.2,62312.3,63050.1,40755.064,2561415736.8726
2024-05-10 00:00:00,63050.0,63070.2,62633.2,62880.0,19493.079,1224809248.0215
2024-05-10 04:00:00,62880.0,63365.5,62638.3,63053.9,29665.211,1869857888.3022
2024-05-10 08:00:00,63053.8,63299.0,62758.7,63276.5,21952.047,1382761982.5276
2024-05-10 12:00:00,63276.5,63446.5,60645.3,60893.8,129675.576,8004868842.3924
2024-05-10 16:00:00,60893.7,61262.7,60117.4,60682.4,83338.902,5053769155.4996
2024-05-10 20:00:00,60682.4,60985.8,60416.6,60778.1,23090.145,1402167427.6563
2024-05-11 00:00:00,60778.0,61079.4,60617.0,60706.0,19987.403,1215816474.4942
2024-05-11 04:00:00,60706.0,61055.5,60680.4,60988.9,16168.856,984185184.4292
2024-05-11 08:00:00,60989.0,61028.0,60432.6,60654.5,18892.24,1147434584.9845
2024-05-11 12:00:00,60654.6,61491.4,60602.6,61146.1,29790.488,1817616270.3268
2024-05-11 16:00:00,61146.1,61390.0,60976.8,61112.9,15661.949,957690029.2586
2024-05-11 20:00:00,61113.0,61129.9,60720.3,60809.2,12793.851,779104513.7826
2024-05-12 00:00:00,60809.2,61081.3,60778.0,60902.5,8957.244,545639942.7205
2024-05-12 04:00:00,60902.6,61097.0,60557.3,60803.8,13680.716,832516342.0702
2024-05-12 08:00:00,60803.8,61361.9,60757.7,61120.0,20279.049,1238804754.8419
2024-05-12 12:00:00,61120.1,61598.8,61050.0,61395.9,17168.03,1051821588.3258
2024-05-12 16:00:00,61395.9,61849.4,61158.3,61393.5,28818.414,1772426362.8182
2024-05-12 20:00:00,61393.4,61527.5,60870.0,61455.8,15140.444,927365520.6669
2024-05-13 00:00:00,61455.7,61787.6,60750.0,61130.0,42993.269,2630167285.1931
2024-05-13 04:00:00,61130.0,62426.0,60757.6,62296.6,44748.278,2754176350.3554
2024-05-13 08:00:00,62296.5,63289.3,62296.5,62700.0,74300.067,4663015622.8888
2024-05-13 12:00:00,62699.9,63183.0,62400.0,62980.5,42598.003,2676510269.4704
2024-05-13 16:00:00,62981.2,63440.0,62540.2,63140.5,43073.508,2712238729.6549
2024-05-13 20:00:00,63139.6,63162.1,62683.5,62912.1,14213.948,894272571.7256
2024-05-14 00:00:00,62912.2,63099.6,62377.2,62464.8,30244.783,1895219306.3336
2024-05-14 04:00:00,62464.8,62749.9,61373.2,62002.1,53110.693,3293445386.2641
2024-05-14 08:00:00,62002.0,62015.7,61492.8,61770.2,22566.352,1393448622.0291
2024-05-14 12:00:00,61770.2,62295.9,60950.0,61749.9,91131.328,5621081751.7287
2024-05-14 16:00:00,61750.0,61793.0,61116.6,61563.6,34540.72,2120387406.3077
2024-05-14 20:00:00,61563.6,61768.9,61444.6,61550.5,12751.398,785624287.6412
2024-05-15 00:00:00,61550.5,61998.0,61316.1,61923.2,18643.623,1150079390.1897
2024-05-15 04:00:00,61923.2,62245.1,61783.2,62157.4,20302.939,1257955413.6662
2024-05-15 08:00:00,62157.5,62972.7,61886.8,62447.4,54806.314,3424671493.6862
2024-05-15 12:00:00,62447.3,65055.0,62371.5,64685.5,155120.647,9935103945.4333
2024-05-15 16:00:00,64685.4,66382.3,64681.5,65959.6,79093.976,5171617801.1292
2024-05-15 20:00:00,65959.6,66440.0,65687.2,66175.4,37064.181,2447089349.9276
2024-05-16 00:00:00,66175.4,66644.0,65735.9,65946.9,31811.606,2103344336.292
2024-05-16 04:00:00,65946.8,66232.8,65633.0,66100.0,22763.404,1500466478.6798
2024-05-16 08:00:00,66100.0,66573.0,65962.2,66483.8,26975.817,1786334197.4794
2024-05-16 12:00:00,66483.8,66800.0,65339.0,65800.1,80035.187,5280442346.8347
2024-05-16 16:00:00,65800.0,65809.6,64567.0,65152.2,63915.502,4161445403.222
2024-05-16 20:00:00,65152.3,65480.0,65018.7,65217.7,16953.808,1106348055.5026
2024-05-17 00:00:00,65217.7,65850.0,65061.2,65545.2,27794.9,1818414957.3274
2024-05-17 04:00:00,65545.1,66478.5,65327.7,66350.6,41669.275,2747760427.7884
2024-05-17 08:00:00,66350.5,66550.0,66037.3,66182.7,26340.98,1745342237.4525
2024-05-17 12:00:00,66182.6,67400.6,65773.8,67170.0,76890.366,5122008695.6215
2024-05-17 16:00:00,67169.9,67277.8,66158.4,67007.5,42405.702,2830533840.7566
2024-05-17 20:00:00,67007.5,67027.7,66636.0,66980.0,11962.696,799368951.7956
2024-05-18 00:00:00,66980.0,67059.8,66696.1,66918.9,14987.935,1002364373.007
2024-05-18 04:00:00,66919.0,67233.6,66700.1,66854.1,15843.297,1060425889.0632
2024-05-18 08:00:00,66854.1,67340.5,66808.4,67152.4,19628.857,1317558374.493
2024-05-18 12:00:00,67152.5,67198.7,66503.2,66781.4,27767.746,1855983100.3089
2024-05-18 16:00:00,66781.3,66965.0,66682.6,66881.7,10585.364,707417063.3403
2024-05-18 20:00:00,66881.8,67035.1,66761.1,66884.9,8118.349,543206057.8441
2024-05-19 00:00:00,66884.9,67279.0,66810.0,67133.0,12471.395,836455250.2575
2024-05-19 04:00:00,67133.1,67313.8,66895.0,67295.0,13650.417,915882032.6588
2024-05-19 08:00:00,67295.1,67750.0,66921.9,67303.3,41565.229,2796016241.2587
2024-05-19 12:00:00,67303.4,67303.4,66619.4,66863.0,29635.182,1982733992.3266
2024-05-19 16:00:00,66863.0,66964.7,65835.8,66002.9,36476.631,2422574565.1616
2024-05-19 20:00:00,66002.9,66438.0,65958.2,66239.4,14371.496,951710841.3012
2024-05-20 00:00:00,66239.4,66748.0,66010.0,66643.1,22106.058,1468885914.819
2024-05-20 04:00:00,66643.0,67270.0,66236.9,66788.9,41557.498,2776448949.7806
2024-05-20 08:00:00,66788.9,67341.4,66720.9,66974.0,28761.148,1927848901.198
2024-05-20 12:00:00,66974.0,67499.9,66716.3,67382.1,40610.395,2722915755.0382
2024-05-20 16:00:00,67382.1,70120.0,67344.9,69996.4,129693.909,8910053961.7999
2024-05-20 20:00:00,69996.5,71674.6,68900.0,71466.5,103299.07,7247500462.4994
2024-05-21 00:00:00,71466.5,72132.8,70740.8,71323.8,63389.213,4519595740.0806
2024-05-21 04:00:00,71323.7,71462.0,70858.4,70926.4,25693.491,1827544767.6907
2024-05-21 08:00:00,70926.3,71498.6,70900.2,71163.0,30042.772,2137995733.7425
2024-05-21 12:00:00,71163.0,71487.6,69722.0,69874.9,75217.839,5320135424.2072
2024-05-21 16:00:00,69874.8,70300.0,69165.6,69317.7,46218.311,3224188460.2428
2024-05-21 20:00:00,69319.2,70393.2,69269.1,70168.8,23112.701,1616171664.2712
2024-05-22 00:00:00,70168.7,70423.2,69868.1,70002.0,19590.336,1373849815.5987
2024-05-22 04:00:00,70001.9,70137.7,69242.0,69759.6,29964.805,2089400848.8004
2024-05-22 08:00:00,69759.6,70321.8,69680.0,69770.3,21713.431,1521152308.8726
2024-05-22 12:00:00,69770.3,70642.8,69466.7,70485.7,52886.213,3699226080.7164
2024-05-22 16:00:00,70485.7,70715.4,69241.5,69668.0,41621.447,2908637050.935
2024-05-22 20:00:00,69668.0,69999.0,68736.8,69219.1,28384.262,1968717836.4316
2024-05-23 00:00:00,69219.2,69670.1,69219.1,69483.2,16149.719,1122209771.8259
2024-05-23 04:00:00,69483.2,69900.0,69371.6,69770.6,16494.618,1148026283.5438
2024-05-23 08:00:00,69770.6,70100.0,69561.8,70019.5,24326.937,1698728247.139
2024-05-23 12:00:00,70019.4,70133.3,67612.8,68103.0,114331.673,7834326526.4877
2024-05-23 16:00:00,68102.9,68199.0,66763.9,67239.0,54734.54,3692954722.28
2024-05-23 20:00:00,67239.1,68388.0,66156.6,67999.9,74056.135,5000257606.7863
2024-05-24 00:00:00,67999.9,68042.9,67651.7,67905.8,18229.102,1237066654.8158
2024-05-24 04:00:00,67905.8,67944.2,66850.0,67191.2,36724.606,2472257726.9517
2024-05-24 08:00:00,67191.2,67540.5,66639.0,67383.4,25954.913,1743930050.6752
2024-05-24 12:00:00,67383.3,68445.0,66952.6,68340.2,47961.276,3251411001.8151
2024-05-24 16:00:00,68340.3,69273.5,67950.0,69127.4,42690.151,2934716570.0056
2024-05-24 20:00:00,69127.3,69222.2,68535.6,68584.1,15121.034,1041153674.8984
2024-05-25 00:00:00,68584.0,68935.7,68523.7,68772.5,13021.059,894669167.9228
2024-05-25 04:00:00,68772.6,68854.7,68633.1,68775.0,8126.279,558706087.9471
2024-05-25 08:00:00,68775.1,69622.8,68767.0,69112.5,25426.221,1760751232.896
2024-05-25 12:00:00,69112.4,69323.9,68844.1,68949.1,21348.654,1475013194.519
2024-05-25 16:00:00,68949.0,69287.6,68870.6,69167.0,10058.168,694694859.2522
2024-05-25 20:00:00,69166.9,69394.6,69061.5,69314.4,7133.224,493811854.7673
2024-05-26 00:00:00,69314.5,69339.6,68830.0,69093.2,10244.257,707389394.2532
2024-05-26 04:00:00,69093.2,69468.9,68934.0,69359.2,9813.627,679058420.0205
2024-05-26 08:00:00,69359.2,69590.3,68980.6,69160.3,15909.255,1101154746.2764
2024-05-26 12:00:00,69160.3,69425.2,68678.5,68864.6,21942.125,1515113723.8852
2024-05-26 16:00:00,68864.7,68987.9,68697.2,68925.4,11186.901,770203109.0002
2024-05-26 20:00:00,68925.5,68937.5,68155.0,68524.3,14973.659,1026110555.2226
2024-05-27 00:00:00,68524.4,69331.6,68490.1,68900.6,19327.66,1334207017.2064
2024-05-27 04:00:00,68900.5,68935.1,68327.3,68661.1,19042.524,1306573434.0612
2024-05-27 08:00:00,68661.0,68958.6,68268.7,68462.9,19439.727,1333801577.6171
2024-05-27 12:00:00,68463.0,70584.9,68401.2,70421.5,55134.676,3835316714.322
2024-05-27 16:00:00,70421.4,70750.0,69100.0,69298.0,39677.011,2780008761.0902
2024-05-27 20:00:00,69297.9,69950.0,69211.8,69461.6,17669.758,1229609211.3985
2024-05-28 00:00:00,69461.5,69628.0,67760.0,68070.0,54544.602,3745356273.0267
2024-05-28 04:00:00,68070.0,68153.8,67500.0,67712.0,29822.671,2023227848.5623
2024-05-28 08:00:00,67712.1,68921.6,67602.8,68411.3,40291.196,2755286127.5036
2024-05-28 12:00:00,68411.3,68583.7,67550.0,68399.7,46982.297,3199043406.0561
2024-05-28 16:00:00,68399.8,68657.0,67273.0,68466.5,41587.464,2826842530.4352
2024-05-28 20:00:00,68466.4,68710.0,68162.2,68440.5,14610.21,1000631664.3031
2024-05-29 00:00:00,68440.4,68983.0,68302.8,68862.1,18567.902,1275144469.1894
2024-05-29 04:00:00,68862.0,68976.4,67975.5,67993.6,21732.935,1489176943.343
2024-05-29 08:00:00,67993.7,68085.2,67631.0,67816.9,25758.932,1748663333.2551
2024-05-29 12:00:00,67816.8,68330.6,67321.7,67421.0,51076.169,3463077662.8236
2024-05-29 16:00:00,67421.0,67790.0,67129.0,67315.9,26538.879,1790459710.5855
2024-05-29 20:00:00,67316.0,67882.2,67179.4,67686.7,14561.782,984159505.2105
2024-05-30 00:00:00,67686.8,68250.0,67501.7,68156.0,18064.349,1227179770.1605
2024-05-30 04:00:00,68156.0,68479.0,67555.0,67627.8,29978.701,2038270215.164
2024-05-30 08:00:00,67627.9,68154.1,67167.0,67855.7,33978.605,2297996118.7826
2024-05-30 12:00:00,67855.8,68869.9,67792.4,68566.4,47275.223,3234568978.5103
2024-05-30 16:00:00,68566.4,69568.9,68412.0,68705.0,45336.979,3131363762.8032
2024-05-30 20:00:00,68705.0,68712.0,68068.8,68402.5,19940.042,1363561651.375
2024-05-31 00:00:00,68402.6,68782.0,68316.0,68574.0,16008.269,1097295203.5083
2024-05-31 04:00:00,68574.0,68694.0,68124.0,68226.1,15093.349,1032171548.2396
2024-05-31 08:00:00,68226.2,68500.0,67908.4,68387.8,23284.141,1588363926.4824
2024-05-31 12:00:00,68387.9,69080.0,67234.0,67252.7,74910.649,5101819589.1773
2024-05-31 16:00:00,67252.6,68059.4,66700.5,67719.9,50702.718,3411774012.0207
2024-05-31 20:00:00,67720.0,67834.4,67259.7,67577.9,15752.626,1064359320.6622
2024-06-01 00:00:00,67577.9,67800.7,67480.0,67749.9,11203.855,758067469.2164
2024-06-01 04:00:00,67750.0,67857.5,67608.6,67677.9,8158.758,552542253.7723
2024-06-01 08:00:00,67677.8,67800.0,67649.8,67704.0,6444.213,436440626.942
2024-06-01 12:00:00,67704.0,67936.0,67681.4,67728.2,9973.997,676406774.1915
2024-06-01 16:00:00,67728.2,67867.3,67590.0,67779.7,9329.853,631726706.2956
2024-06-01 20:00:00,67779.7,67921.3,67729.6,67799.2,5832.382,395496414.1081
2024-06-02 00:00:00,67799.2,67951.7,67661.9,67826.1,7225.374,489996079.6542
2024-06-02 04:00:00,67826.0,67910.0,67738.0,67743.0,4961.302,336452100.6065
2024-06-02 08:00:00,67743.0,68367.9,67410.0,68284.1,23005.4,1560527667.0168
2024-06-02 12:00:00,68284.0,68545.9,67824.1,68189.8,30389.939,2072106919.4892
2024-06-02 16:00:00,68189.8,68252.0,67296.3,67765.3,27950.08,1893496716.5471
2024-06-02 20:00:00,67765.4,68038.7,67606.4,67805.9,8662.623,587843702.5461
2024-06-03 00:00:00,67805.9,68848.0,67642.6,68435.9,31790.13,2173656668.2006
2024-06-03 04:00:00,68435.9,69255.0,68333.3,68949.9,35589.902,2453138856.2061
2024-06-03 08:00:00,68950.0,69385.0,68872.1,69125.5,23842.964,1648725794.4309
2024-06-03 12:00:00,69125.5,70372.9,68554.7,69650.0,89848.981,6243271823.4126
2024-06-03 16:00:00,69650.0,69752.0,68838.0,69257.2,29783.92,2063088743.4595
2024-06-03 20:00:00,69257.2,69553.8,68764.0,68851.4,16821.033,1162653184.5837
2024-06-04 00:00:00,68851.3,69408.2,68659.0,69199.1,16706.647,1154255766.7046
2024-06-04 04:00:00,69199.1,69318.4,68787.2,69054.7,18637.534,1286782001.8716
2024-06-04 08:00:00,69054.6,69246.7,68595.5,68992.8,23575.146,1623992546.7739
2024-06-04 12:00:00,68992.8,70560.3,68882.4,70492.0,78555.551,5481030225.6981
2024-06-04 16:00:00,70492.1,71146.4,70117.8,70459.0,62356.225,4409235636.0652
2024-06-04 20:00:00,70459.1,70776.3,70207.2,70580.0,16268.913,1147327672.2758
2024-06-05 00:00:00,70580.0,71389.8,70462.8,70994.0,32305.489,2291867723.2044
2024-06-05 04:00:00,70994.0,71430.0,70872.4,71244.1,29151.109,2073565012.1359
2024-06-05 08:00:00,71244.0,71282.2,70737.4,71008.4,21436.375,1521339760.018
2024-06-05 12:00:00,71008.4,71792.0,70423.6,71625.1,64897.043,4611785000.9674
2024-06-05 16:00:00,71625.2,71824.4,70909.2,71314.8,40647.493,2901951019.9823
2024-06-05 20:00:00,71314.8,71390.5,70711.3,71133.3,15554.525,1106215290.2667
2024-06-06 00:00:00,71133.3,71280.0,70922.5,71087.8,11201.699,796902627.2734
2024-06-06 04:00:00,71087.7,71144.0,70850.0,71077.3,16751.841,1189070468.1638
2024-06-06 08:00:00,71077.2,71259.8,70912.9,71219.2,13937.128,990294600.6117
2024-06-06 12:00:00,71219.3,71714.8,71025.1,71334.3,51402.285,3667664242.2654
2024-06-06 16:00:00,71334.3,71421.6,70489.2,70526.1,39348.23,2792442127.2381
2024-06-06 20:00:00,70526.0,70988.0,70101.9,70830.0,25842.381,1824532768.59
2024-06-07 00:00:00,70830.0,71063.8,70700.0,71032.9,13995.944,991897509.0875
2024-06-07 04:00:00,71032.8,71476.0,71029.0,71147.9,24968.269,1779219013.3233
2024-06-07 08:00:00,71147.9,71773.3,71085.0,71750.0,22121.625,1579478122.5869
2024-06-07 12:00:00,71749.9,72144.0,70668.0,71150.0,100822.73,7192643548.7475
2024-06-07 16:00:00,71150.1,71254.7,68405.0,69287.2,118519.869,8249383239.5989
2024-06-07 20:00:00,69287.2,69663.4,69000.4,69377.0,18983.933,1315378594.386
2024-06-08 00:00:00,69377.0,69550.0,69314.2,69454.6,11099.128,770885051.2696
2024-06-08 04:00:00,69454.6,69612.5,69257.9,69612.5,11997.931,832865675.3497
2024-06-08 08:00:00,69612.5,69613.6,69351.8,69404.5,10018.737,695993887.9206
2024-06-08 12:00:00,69404.5,69540.0,69192.3,69462.1,17084.533,1185553252.792
2024-06-08 16:00:00,69462.0,69533.0,69334.5,69486.6,8497.079,590162665.4384
2024-06-08 20:00:00,69486.6,69514.0,69325.0,69346.5,7042.449,488630997.3186
2024-06-09 00:00:00,69346.6,69386.5,69160.0,69300.9,9319.249,645645066.2619
2024-06-09 04:00:00,69300.9,69461.9,69263.0,69331.9,6332.455,439226672.4136
2024-06-09 08:00:00,69331.9,69443.5,69314.8,69400.6,5060.355,351104079.0049
2024-06-09 12:00:00,69400.6,69821.1,69284.8,69530.1,27852.187,1937058089.7507
2024-06-09 16:00:00,69530.1,69879.0,69517.0,69742.6,12632.597,880812747.7507
2024-06-09 20:00:00,69742.5,69862.0,69606.4,69667.1,6827.257,475891570.0916
2024-06-10 00:00:00,69667.1,69833.0,69450.1,69637.3,11282.926,785938030.6156
2024-06-10 04:00:00,69637.4,69712.1,69265.0,69325.3,16614.917,1154689153.5714
2024-06-10 08:00:00,69325.3,69592.6,69201.2,69506.7,17219.526,1195589382.4752
2024-06-10 12:00:00,69506.6,70222.7,69255.1,70090.9,38901.997,2712346548.8841
2024-06-10 16:00:00,70090.9,70166.1,69420.0,69524.2,28832.938,2013852482.9978
2024-06-10 20:00:00,69524.3,69734.5,69360.4,69558.7,14529.3,1010380032.7904
2024-06-11 00:00:00,69558.8,69600.0,67881.9,68472.3,62972.141,4315758536.8031
2024-06-11 04:00:00,68472.2,68472.2,67300.0,67582.0,54397.426,3690458957.5664
2024-06-11 08:00:00,67582.1,67690.8,66689.5,66919.6,60250.278,4046972824.9738
2024-06-11 12:00:00,66919.6,67288.0,66000.0,66266.0,69766.471,4657494190.0022
2024-06-11 16:00:00,66266.0,67591.3,66177.9,67420.6,47244.306,3158036982.5293
2024-06-11 20:00:00,67420.5,67605.0,67180.4,67320.7,17354.32,1169757463.4069
2024-06-12 00:00:00,67320.6,67624.2,66920.0,67413.0,21465.281,1444318440.3014
2024-06-12 04:00:00,67413.0,67621.0,67200.0,67449.4,15864.818,1069539477.4501
2024-06-12 08:00:00,67449.5,68065.3,67346.6,67789.9,27553.384,1867366327.6811
2024-06-12 12:00:00,67790.0,70028.0,67740.9,69738.0,109560.362,7592802593.1173
2024-06-12 16:00:00,69738.0,69864.2,67215.2,67523.2,123012.215,8463370965.9279
2024-06-12 20:00:00,67523.1,68692.6,67409.8,68270.3,32462.4,2211880707.8322
2024-06-13 00:00:00,68270.3,68400.0,66957.0,67471.1,38476.862,2604429741.7137
2024-06-13 04:00:00,67471.1,67728.4,67300.0,67724.9,20772.849,1403208082.232
2024-06-13 08:00:00,67724.9,67964.1,67170.4,67744.6,32346.314,2186526863.5754
2024-06-13 12:00:00,67744.6,68607.7,66337.0,66464.4,104087.192,7023750960.6558
2024-06-13 16:00:00,66464.3,67080.5,66251.1,66620.8,39352.706,2626819809.6566
2024-06-13 20:00:00,66620.9,66991.1,66533.1,66786.9,13319.538,889673395.7122
2024-06-14 00:00:00,66786.8,67038.0,66471.3,66749.7,21110.955,1409379385.2499
2024-06-14 04:00:00,66749.8,67228.2,66710.8,66906.2,20208.27,1353584766.7306
2024-06-14 08:00:00,66906.3,67250.0,66755.8,67034.2,20074.503,1345147689.4662
2024-06-14 12:00:00,67034.1,67366.5,66334.5,66380.0,52927.484,3539107179.0033
2024-06-14 16:00:00,66380.0,66522.0,65052.4,65514.9,90887.381,5960065768.3388
2024-06-14 20:00:00,65514.9,66648.8,65471.6,66039.7,34202.638,2259032244.8385
2024-06-15 00:00:00,66039.7,66280.0,65979.6,66266.0,10504.153,694942831.9474
2024-06-15 04:00:00,66265.9,66421.5,66060.0,66082.6,16019.55,1061052730.8125
2024-06-15 08:00:00,66082.5,66334.8,66054.2,66305.2,11031.847,730516708.9872
2024-06-15 12:00:00,66305.2,66482.6,66157.5,66311.9,12929.953,857162265.2011
2024-06-15 16:00:00,66311.8,66360.8,66057.0,66144.2,9737.092,644544757.8557
2024-06-15 20:00:00,66144.1,66282.5,65801.0,66213.7,12201.16,806143327.914
2024-06-16 00:00:00,66213.7,66256.9,66054.1,66129.6,7207.515,476770383.2801
2024-06-16 04:00:00,66129.6,66350.0,66012.1,66249.4,9128.799,604448692.8381
2024-06-16 08:00:00,66249.3,66780.0,66169.4,66471.4,21366.022,1420663275.4061
2024-06-16 12:00:00,66471.4,66778.1,66455.6,66690.4,16369.949,1090488969.8637
2024-06-16 16:00:00,66690.4,66733.3,66496.0,66542.5,9484.899,631485949.243
2024-06-16 20:00:00,66542.4,66960.3,66432.9,66653.6,16804.367,1120634340.8293
2024-06-17 00:00:00,66653.5,66915.4,66116.0,66200.0,26541.924,1762908795.3874
2024-06-17 04:00:00,66199.9,66548.9,65907.5,66147.3,25463.109,1686377745.7728
2024-06-17 08:00:00,66147.3,66295.8,65511.6,65791.8,38859.894,2559531224.352
2024-06-17 12:00:00,65791.9,65813.2,65094.9,65341.9,50595.447,3312779640.835
2024-06-17 16:00:00,65341.8,67280.6,65130.0,66661.4,79723.99,5293986218.169
2024-06-17 20:00:00,66661.4,66746.2,66122.3,66472.1,27236.423,1809849868.7875
2024-06-18 00:00:00,66472.1,66558.9,64565.0,65474.9,89800.947,5861341585.702
2024-06-18 04:00:00,65474.9,65831.1,65314.6,65646.4,30746.917,2016510632.3107
2024-06-18 08:00:00,65646.3,65724.6,65080.9,65339.2,24625.538,1610178513.7723
2024-06-18 12:00:00,65339.2,65410.1,64212.0,64676.8,108649.661,7043059135.5862
2024-06-18 16:00:00,64676.7,64887.4,64009.8,64400.0,48259.975,3112581420.2267
2024-06-18 20:00:00,64399.7,65281.6,64168.9,65150.0,33476.356,2172642374.2009
2024-06-19 00:00:00,65149.9,65596.9,64777.1,65377.1,37949.606,2474162502.7127
2024-06-19 04:00:00,65377.0,65711.9,65143.0,65295.0,25799.918,1688504507.6879
2024-06-19 08:00:00,65294.9,65519.6,64955.9,65181.9,28912.285,1885056238.4026
2024-06-19 12:00:00,65182.0,65279.9,64708.2,64895.0,27082.482,1759678243.0735
2024-06-19 16:00:00,64895.0,65269.5,64757.2,64851.3,17320.406,1125357305.7586
2024-06-19 20:00:00,64851.4,65060.4,64600.0,64933.6,12967.972,840988847.332
2024-06-20 00:00:00,64933.6,65378.0,64804.7,65156.0,19929.713,1297170775.9284
2024-06-20 04:00:00,65156.0,65977.0,65051.7,65831.4,34653.264,2272473069.9262
2024-06-20 08:00:00,65831.3,66467.0,65552.6,66150.0,37258.526,2461142600.1221
2024-06-20 12:00:00,66150.0,66289.4,64625.2,64794.4,82670.424,5399773513.2176
2024-06-20 16:00:00,64794.3,65198.5,64526.0,65032.9,37216.049,2412619027.7622
2024-06-20 20:00:00,65032.9,65164.1,64831.0,64854.0,9226.7,599903265.5695
2024-06-21 00:00:00,64854.0,65055.5,64306.5,64473.4,23077.355,1493857024.1999
2024-06-21 04:00:00,64473.4,64715.9,64167.1,64179.4,23004.106,1483341687.6862
2024-06-21 08:00:00,64179.5,64350.0,63485.0,63745.5,57148.359,3651960613.2698
2024-06-21 12:00:00,63745.1,64342.1,63361.2,63716.9,60362.492,3849606991.6643
2024-06-21 16:00:00,63717.0,64243.7,63444.6,64207.5,29552.67,1885995313.6053
2024-06-21 20:00:00,64207.6,64448.9,63801.0,64124.0,16964.619,1088019926.1637
2024-06-22 00:00:00,64124.1,64315.2,63915.8,64297.2,10320.946,662316764.5906
2024-06-22 04:00:00,64297.2,64520.0,64218.8,64490.1,13520.233,870351843.0837
2024-06-22 08:00:00,64490.0,64512.0,64184.8,64245.0,13671.968,879206740.4195
2024-06-22 12:00:00,64244.9,64390.3,64222.0,64283.4,7200.476,462862149.9318
2024-06-22 16:00:00,64283.3,64340.6,64200.2,64270.9,4989.552,320671455.144
2024-06-22 20:00:00,64270.9,64307.0,64215.9,64240.0,4152.687,266891840.8371
2024-06-23 00:00:00,64240.1,64500.0,64240.0,64389.0,9294.674,598609568.8007
2024-06-23 04:00:00,64389.0,64409.0,64311.9,64390.0,4545.853,292590322.7431
2024-06-23 08:00:00,64390.0,64414.0,64211.7,64310.7,7086.881,455821438.9447
2024-06-23 12:00:00,64310.7,64409.1,64034.2,64071.8,12474.652,800825361.8301
2024-06-23 16:00:00,64071.8,64166.4,63888.0,64128.7,10422.264,667504673.3411
2024-06-23 20:00:00,64128.7,64132.7,63137.9,63194.9,28227.969,1794643159.9097
2024-06-24 00:00:00,63194.9,63357.0,62638.0,62840.1,43033.616,2712598978.7894
2024-06-24 04:00:00,62840.0,62931.7,62125.4,62433.6,49460.025,3089489792.736
2024-06-24 08:00:00,62433.6,62955.3,60500.0,61257.3,110919.968,6832673001.0966
2024-06-24 12:00:00,61257.3,61677.0,60650.0,60823.2,52488.693,3213354171.4897
2024-06-24 16:00:00,60823.3,61018.6,59001.0,59294.7,120813.039,7263647670.4151
2024-06-24 20:00:00,59292.8,60431.8,58218.0,60273.6,69187.843,4113898061.644
2024-06-25 00:00:00,60273.5,61566.0,60230.5,61271.1,41969.855,2554986774.9942
2024-06-25 04:00:00,61271.1,61392.5,60600.5,60660.8,33185.269,2025618127.0222
2024-06-25 08:00:00,60660.9,61587.4,60641.2,61170.7,34675.875,2120832469.151
2024-06-25 12:00:00,61170.7,62145.5,60941.9,61776.0,76703.109,4722098463.886
2024-06-25 16:00:00,61775.9,62448.1,61100.0,61957.9,63812.457,3937241555.1906
2024-06-25 20:00:00,61957.1,62141.4,61641.4,61777.8,14300.752,885046182.511
2024-06-26 00:00:00,61777.9,62465.1,61605.7,61910.4,22735.968,1410248016.8771
2024-06-26 04:00:00,61910.4,61969.2,61500.6,61705.3,19736.078,1216829151.1996
2024-06-26 08:00:00,61705.3,61741.3,61150.0,61427.2,26889.266,1650567867.585
2024-06-26 12:00:00,61427.3,61959.4,61140.2,61453.2,38176.787,2349310086.7595
2024-06-26 16:00:00,61453.3,61532.5,60700.0,60991.0,47290.709,2886670355.6101
2024-06-26 20:00:00,60990.9,61144.7,60696.0,60860.1,15772.372,960598165.702
2024-06-27 00:00:00,60860.1,61327.9,60752.2,61027.1,16213.431,989068563.9205
2024-06-27 04:00:00,61027.0,61191.4,60605.0,60786.4,16884.46,1027502795.1368
2024-06-27 08:00:00,60786.4,61500.0,60730.0,61188.5,24181.569,1478572292.8121
2024-06-27 12:00:00,61188.5,62379.7,61137.7,61570.5,67990.828,4198210261.2384
2024-06-27 16:00:00,61570.6,61997.2,61396.4,61445.9,24189.502,1492663504.1013
2024-06-27 20:00:00,61445.9,61696.1,61340.0,61682.0,10712.692,659328710.6651
2024-06-28 00:00:00,61682.1,62204.0,61458.1,61803.0,27120.72,1676492190.5998
2024-06-28 04:00:00,61803.0,61812.9,61186.4,61317.9,20978.587,1290183689.722
2024-06-28 08:00:00,61318.0,61779.0,61181.9,61671.5,21252.752,1306827823.5765
2024-06-28 12:00:00,61671.5,61868.1,60721.2,61039.9,69596.468,4266149610.6624
2024-06-28 16:00:00,61039.9,61106.0,60077.2,60132.2,40681.247,2466121757.8878
2024-06-28 20:00:00,60132.2,60465.0,60038.0,60429.8,15878.351,957380534.1292
2024-06-29 00:00:00,60429.8,61023.0,60400.1,60760.1,25192.132,1530193128.2235
2024-06-29 04:00:00,60760.0,61128.1,60706.5,61049.8,12412.104,756060086.1958
2024-06-29 08:00:00,61049.8,61232.0,60895.5,61111.0,15840.048,967066400.8568
2024-06-29 12:00:00,61110.9,61188.6,60951.1,61107.9,12366.272,755080453.1662
2024-06-29 16:00:00,61107.8,61130.0,60918.6,61056.5,6981.263,425888239.8458
2024-06-29 20:00:00,61056.4,61097.0,60883.1,60982.4,6888.47,420179080.7352
2024-06-30 00:00:00,60982.5,61081.4,60750.6,60898.2,11400.085,694364008.6438
2024-06-30 04:00:00,60898.2,61798.2,60705.0,61533.6,30029.87,1842569760.675
2024-06-30 08:00:00,61533.6,61720.0,61400.0,61555.6,17926.412,1103691603.0158
2024-06-30 12:00:00,61555.6,61871.8,61325.0,61722.4,25442.248,1567624000.1887
2024-06-30 16:00:00,61722.5,62100.0,61579.3,62016.8,21477.736,1328605002.3908
2024-06-30 20:00:00,62016.8,63058.4,61825.4,62766.0,41501.564,2594942669.1594
2024-07-01 00:00:00,62766.1,63800.0,62562.0,63416.4,49753.74,3152303898.8684
2024-07-01 04:00:00,63416.5,63453.7,63200.0,63265.5,13560.88,858837565.5506
2024-07-01 08:00:00,63265.5,63302.7,62580.0,62657.9,26439.402,1662795895.3946
2024-07-01 12:00:00,62657.9,63182.5,62502.2,63119.9,40119.806,2520252622.9638
2024-07-01 16:00:00,63120.0,63849.0,62947.4,63207.6,46436.922,2943950720.9314
2024-07-01 20:00:00,63207.2,63421.6,62780.0,62883.6,17627.188,1111618934.8413
2024-07-02 00:00:00,62883.7,63284.0,62765.7,63115.7,14302.825,900989127.6417
2024-07-02 04:00:00,63118.0,63227.0,62566.0,62617.9,19063.833,1197865875.4726
2024-07-02 08:00:00,62617.9,62861.1,62387.0,62823.3,26473.226,1658775752.2381
2024-07-02 12:00:00,62823.3,63167.4,61840.0,61945.0,63689.49,3974240006.062
2024-07-02 16:00:00,61945.0,62362.8,61800.0,61944.0,29330.932,1820408824.1329
2024-07-02 20:00:00,61944.0,62176.4,61870.8,62123.6,10240.937,635329066.7582
2024-07-03 00:00:00,62123.5,62278.2,60600.0,60983.5,55575.397,3410826286.2191
2024-07-03 04:00:00,60983.4,61179.4,60802.0,60859.9,23185.153,1413520869.2392
2024-07-03 08:00:00,60859.8,60987.3,59515.1,60384.9,81025.116,4889257151.5352
2024-07-03 12:00:00,60384.9,60700.0,59756.5,60176.1,66329.351,3996168545.7791
2024-07-03 16:00:00,60176.1,60653.0,59645.6,59661.2,38404.269,2312146105.7945
2024-07-03 20:00:00,59661.2,60361.7,59299.3,60208.0,30783.979,1843425413.4465
2024-07-04 00:00:00,60208.0,60500.0,57611.0,59092.4,99276.085,5862055362.2681
2024-07-04 04:00:00,59092.4,59131.7,58086.4,58214.0,46231.188,2713378030.7562
2024-07-04 08:00:00,58214.0,58484.5,56917.5,57748.4,97863.329,5643028524.73341
2024-07-04 12:00:00,57748.4,58350.0,56750.0,58137.6,110723.819,6349182345.69604
2024-07-04 16:00:00,58137.5,58653.4,57735.7,58267.0,42553.649,2475883643.2453
2024-07-04 20:00:00,58266.9,58800.0,56560.0,57045.9,49008.207,2830682134.72809
2024-07-05 00:00:00,57045.9,57533.4,54918.3,55214.6,163719.762,9220709117.55875
2024-07-05 04:00:00,55214.7,55350.0,53329.5,54389.4,128635.582,6986310098.63902
2024-07-05 08:00:00,54389.4,55629.7,53870.4,55458.9,78963.666,4325133419.81866
2024-07-05 12:00:00,55459.0,56663.5,54822.9,56637.5,106044.317,5907089998.67639
2024-07-05 16:00:00,56637.5,57000.0,55781.8,56446.2,83444.612,4710685312.23811
2024-07-05 20:00:00,56446.1,56847.0,56300.0,56604.9,16385.656,926725866.46995
2024-07-06 00:00:00,56604.9,56975.0,56157.3,56388.3,30655.656,1730963295.85758
2024-07-06 04:00:00,56388.4,56660.0,56000.0,56571.1,26523.01,1494084675.22845
2024-07-06 08:00:00,56571.1,56850.0,56412.5,56713.2,17676.392,1001323365.02123
2024-07-06 12:00:00,56713.2,57420.0,56475.7,57285.4,38884.253,2215826649.02832
2024-07-06 16:00:00,57285.4,58089.9,57150.0,57834.8,37978.044,2193698207.7011
2024-07-06 20:00:00,57834.9,58472.0,57792.2,58216.0,26862.667,1561865148.5601
2024-07-07 00:00:00,58216.0,58443.0,57820.0,57943.9,38936.027,2261202379.9467
2024-07-07 04:00:00,57944.0,57990.3,57041.7,57344.4,37722.788,2171485669.37617
2024-07-07 08:00:00,57344.5,57899.9,57331.2,57436.9,23278.542,1339977988.1427
2024-07-07 12:00:00,57436.9,57600.0,56555.1,56806.2,42475.284,2418093906.33942
2024-07-07 16:00:00,56806.2,57372.2,56723.0,57133.9,22235.384,1268974999.38589
2024-07-07 20:00:00,57133.9,57301.8,55688.0,55830.9,45713.956,2578088287.90572
2024-07-08 00:00:00,55831.0,55999.0,54243.1,55136.6,97328.846,5355722205.88557
2024-07-08 04:00:00,55136.6,55878.0,54935.3,55828.4,40128.204,2227918524.00172
2024-07-08 08:00:00,55828.4,58200.0,55715.2,57137.3,124398.512,7112475019.44076
2024-07-08 12:00:00,57137.3,57629.3,54890.0,55736.8,131119.632,7380499465.48954
2024-07-08 16:00:00,55736.8,56550.0,55400.5,56462.3,44260.458,2479944449.32346
2024-07-08 20:00:00,56462.9,56955.0,56175.4,56686.4,26871.305,1520375785.26847
2024-07-09 00:00:00,56686.4,57350.0,56256.2,57139.5,45966.233,2610904223.60204
2024-07-09 04:00:00,57139.5,57744.8,57000.0,57102.5,36022.582,2063791718.22448
2024-07-09 08:00:00,57102.5,57899.9,57000.0,57407.1,42043.643,2416915960.95131
2024-07-09 12:00:00,57407.1,58159.6,56862.9,57445.3,74279.844,4262655167.95229
2024-07-09 16:00:00,57445.3,58290.6,57318.3,57837.7,40891.309,2361667143.8658
2024-07-09 20:00:00,57837.7,58256.0,57684.6,58023.2,18033.437,1044539879.7652
2024-07-10 00:00:00,58023.1,58190.0,57315.9,58157.7,27261.073,1574279169.1134
2024-07-10 04:00:00,58157.6,59449.6,58153.3,58948.1,69642.36,4107094471.1645
2024-07-10 08:00:00,58948.0,59013.9,58288.0,58469.4,39133.753,2292758245.1828
2024-07-10 12:00:00,58469.4,58544.5,57416.5,57658.0,68439.925,3960631365.2392
2024-07-10 16:00:00,57658.1,57995.0,57333.0,57374.1,26039.13,1500510739.7983
2024-07-10 20:00:00,57374.8,57860.8,57125.0,57707.0,23732.696,1364392748.4452
2024-07-11 00:00:00,57707.0,58380.0,57030.0,57540.5,43339.762,2501719184.9865
2024-07-11 04:00:00,57540.4,58288.6,57464.2,58168.1,25661.286,1486025240.3316
2024-07-11 08:00:00,58168.2,58887.0,58024.0,58754.1,39948.267,2333593323.7071
2024-07-11 12:00:00,58754.0,59780.0,57242.0,57382.8,131206.798,7668089604.4131
2024-07-11 16:00:00,57382.8,57969.6,57152.0,57354.7,31336.599,1804651951.4681
2024-07-11 20:00:00,57354.8,57593.2,57118.0,57315.5,21614.247,1239197014.841
2024-07-12 00:00:00,57315.7,57554.4,56500.1,56887.6,45049.617,2568310440.92754
2024-07-12 04:00:00,56887.6,57378.0,56690.0,57071.4,27355.661,1560084777.73622
2024-07-12 08:00:00,57071.4,57325.2,56740.6,57188.8,31049.857,1772502103.51832
2024-07-12 12:00:00,57188.7,58255.4,57066.0,58188.9,59825.465,3449043683.62467
2024-07-12 16:00:00,58188.9,58500.0,57446.1,57546.1,49492.814,2873238945.4526
2024-07-12 20:00:00,57546.2,57887.6,57107.7,57870.0,25327.202,1457059912.4301
2024-07-13 00:00:00,57870.0,57962.8,57730.2,57792.4,11605.553,671354557.1691
2024-07-13 04:00:00,57792.5,58195.7,57728.6,58140.0,14463.35,838555336.6103
2024-07-13 08:00:00,58140.0,58900.0,57882.3,58513.9,34849.5,2035771281.1933
2024-07-13 12:00:00,58514.0,58873.1,58408.1,58808.5,30158.627,1769479153.9002
2024-07-13 16:00:00,58808.5,58950.0,58538.9,58596.6,17510.271,1027968025.2202
2024-07-13 20:00:00,58596.7,59850.0,58254.5,59174.0,49297.021,2914240770.7379
2024-07-14 00:00:00,59173.9,59816.5,59164.0,59435.0,31878.101,1896201298.0573
2024-07-14 04:00:00,59435.0,60299.0,59387.4,60031.3,46649.503,2796638405.5843
2024-07-14 08:00:00,60031.2,60397.2,59879.3,60079.0,26938.154,1619639739.069
2024-07-14 12:00:00,60079.0,60220.0,59438.0,60053.3,38864.156,2323683375.4611
2024-07-14 16:00:00,60053.3,60154.6,59858.0,59886.3,10270.212,616063214.0873
2024-07-14 20:00:00,59886.3,61412.4,59850.0,60766.0,53460.757,3248796235.9532
2024-07-15 00:00:00,60766.0,62777.0,60622.6,62617.3,79541.414,4922373244.7592
2024-07-15 04:00:00,62617.3,63075.8,62400.0,62816.0,44695.396,2804827475.7104
2024-07-15 08:00:00,62816.1,63239.2,62266.0,62431.9,44412.806,2784896973.4899
2024-07-15 12:00:00,62432.0,63299.8,62419.5,62985.9,56556.02,3556241515.9192
2024-07-15 16:00:00,62986.0,63777.0,62812.8,63309.9,70459.802,4465754820.0897
2024-07-15 20:00:00,63309.9,64870.7,63216.2,64680.6,56556.743,3629744820.263
2024-07-16 00:00:00,64680.6,64936.1,64405.0,64725.1,33143.185,2143480362.9468
2024-07-16 04:00:00,64725.1,64988.8,62672.4,62881.8,86305.499,5491040403.1186
2024-07-16 08:00:00,62881.8,63839.0,62350.0,63719.8,66858.749,4220093822.5494
2024-07-16 12:00:00,63719.8,64942.0,63031.5,64833.9,85549.043,5470416262.5681
2024-07-16 16:00:00,64833.9,65177.0,64070.4,65125.2,63666.014,4115452409.3921
2024-07-16 20:00:00,65125.2,65388.0,64058.0,65010.0,39736.126,2574867475.6746
2024-07-17 00:00:00,65010.0,66100.0,64885.3,65662.8,54516.165,3576958327.0885
2024-07-17 04:00:00,65662.8,65968.5,65167.6,65226.2,30419.751,1995006665.3857
2024-07-17 08:00:00,65226.2,65479.5,64531.0,64700.0,48428.987,3149545502.989
2024-07-17 12:00:00,64699.9,65379.8,64489.5,64695.8,64341.879,4174828697.618
2024-07-17 16:00:00,64696.0,64745.6,63823.0,64550.6,57856.457,3719710016.2626
2024-07-17 20:00:00,64550.7,64654.4,64020.0,64055.7,21093.154,1355833221.1942
2024-07-18 00:00:00,64055.8,65173.8,63871.2,64827.8,35420.27,2285974048.9078
2024-07-18 04:00:00,64827.9,65038.5,64355.1,64644.8,22100.793,1430746553.1072
2024-07-18 08:00:00,64644.8,64930.7,64413.0,64728.9,20655.775,1335845492.3289
2024-07-18 12:00:00,64729.0,65098.9,63359.1,63500.1,79341.492,5088089599.0657
2024-07-18 16:00:00,63500.1,63933.3,63206.4,63535.6,40122.803,2550647306.458
2024-07-18 20:00:00,63535.5,64096.3,63413.1,63959.9,18007.024,1149183905.451
2024-07-19 00:00:00,63960.0,64348.2,63266.2,64298.0,30771.327,1963877539.4036
2024-07-19 04:00:00,64297.9,64469.3,63565.0,63673.9,28188.859,1805593253.2304
2024-07-19 08:00:00,63673.9,64165.8,63371.4,64095.2,35395.006,2258745550.9957
2024-07-19 12:00:00,64095.6,65870.0,64010.1,65791.5,93974.647,6120122062.5891
2024-07-19 16:00:00,65791.5,67362.8,65784.0,67107.8,96570.502,6428123477.0016
2024-07-19 20:00:00,67107.8,67320.9,66590.9,66627.9,26959.464,1804191142.7011
2024-07-20 00:00:00,66627.9,66797.0,66159.1,66568.7,22374.296,1487487223.8666
2024-07-20 04:00:00,66568.7,66729.0,66401.0,66526.3,11307.037,752610323.9213
2024-07-20 08:00:00,66526.4,66700.0,66422.9,66445.9,11122.777,739939636.4761
2024-07-20 12:00:00,66446.0,66799.9,66241.4,66797.0,17627.83,1172846425.3801
2024-07-20 16:00:00,66797.0,67648.7,66632.0,67195.0,41238.669,2770611307.9642
2024-07-20 20:00:00,67195.0,67412.4,66737.7,67095.6,19893.797,1333882753.0451
2024-07-21 00:00:00,67095.6,67400.0,66918.4,67145.8,13108.955,880768295.1593
2024-07-21 04:00:00,67145.8,67194.3,66560.0,66670.0,18387.329,1228879988.964
2024-07-21 08:00:00,66669.9,67040.4,66645.6,66845.4,11562.755,772866521.9136
2024-07-21 12:00:00,66845.4,67498.0,66571.3,67130.9,31277.598,2097671887.7542
2024-07-21 16:00:00,67130.9,67719.8,65750.0,67391.4,89763.164,6001099127.9964
2024-07-21 20:00:00,67391.5,68351.2,67239.9,68138.0,43128.571,2930177728.214
2024-07-22 00:00:00,68138.0,68459.7,67700.0,67847.3,29357.1,1997181945.8485
2024-07-22 04:00:00,67847.3,67966.0,67100.0,67210.3,26807.626,1809057505.7381
2024-07-22 08:00:00,67210.4,67571.4,66904.2,67479.1,20838.304,1401887520.4132
2024-07-22 12:00:00,67479.1,67932.2,66538.6,67044.3,56104.431,3768544037.7324
2024-07-22 16:00:00,67044.3,68228.6,66784.1,68193.5,34521.383,2329810930.3723
2024-07-22 20:00:00,68193.6,68221.5,67202.1,67499.2,25362.547,1717395426.1669
2024-07-23 00:00:00,67499.2,67729.3,67175.6,67437.3,20135.362,1358631511.0457
2024-07-23 04:00:00,67437.3,67493.3,66216.1,66550.0,45758.851,3050000298.591
2024-07-23 08:00:00,66549.9,67135.5,66413.0,66641.0,34676.727,2316053623.9862
2024-07-23 12:00:00,66641.0,67338.0,65921.7,66552.8,86188.637,5740487639.3419
2024-07-23 16:00:00,66552.8,66745.1,65416.5,65516.1,57758.536,3809523188.8665
2024-07-23 20:00:00,65516.2,66040.0,65453.4,65916.4,25912.567,1705775722.848
2024-07-24 00:00:00,65916.3,66135.5,65450.8,66027.5,23229.873,1528810608.2855
2024-07-24 04:00:00,66027.4,66056.0,65577.5,66049.0,16527.006,1088347857.0218
2024-07-24 08:00:00,66049.0,66590.0,65974.9,66345.7,28364.608,1881997498.2609
2024-07-24 12:00:00,66345.7,67087.3,66066.0,66155.7,64013.824,4260140264.7679
2024-07-24 16:00:00,66155.8,66687.9,65537.0,65631.8,46286.693,3059406469.9268
2024-07-24 20:00:00,65631.8,66059.7,65040.5,65350.8,36657.417,2401373312.91
2024-07-25 00:00:00,65350.7,65606.3,63823.3,64074.0,86228.936,5556257569.1474
2024-07-25 04:00:00,64073.9,64378.0,63800.0,64115.1,29134.565,1869128576.6937
2024-07-25 08:00:00,64115.0,64474.2,63857.2,64082.6,32232.038,2067436748.2683
2024-07-25 12:00:00,64082.6,64993.6,63456.7,64773.3,85867.664,5513060874.2625
2024-07-25 16:00:00,64773.3,65170.0,64357.5,64669.5,43249.638,2803705595.075
2024-07-25 20:00:00,64669.5,66144.0,64390.8,65773.0,42972.6,2813417956.7465
2024-07-26 00:00:00,65773.0,67470.4,65688.2,67014.0,54322.043,3622802861.0127
2024-07-26 04:00:00,67014.0,67168.2,66839.5,66873.8,27381.084,1833753943.5981
2024-07-26 08:00:00,66873.7,67466.0,66873.7,67293.9,25036.72,1682923396.7014
2024-07-26 12:00:00,67293.9,67982.4,66865.7,67528.0,69433.176,4682929591.459
2024-07-26 16:00:00,67527.9,68143.0,67277.0,67957.2,30157.705,2039304470.234
2024-07-26 20:00:00,67957.2,68200.0,67365.0,67882.5,29053.798,1969631881.9597
2024-07-27 00:00:00,67882.5,68055.6,67588.3,67766.2,15182.442,1029559979.7172
2024-07-27 04:00:00,67766.2,68278.8,67752.1,68013.6,17714.409,1205409181.2689
2024-07-27 08:00:00,68013.5,68244.6,67864.8,68184.7,14552.231,990597415.5692
2024-07-27 12:00:00,68184.7,69381.7,68162.9,68822.0,69130.287,4758532123.1527
2024-07-27 16:00:00,68821.9,68976.4,67538.4,68209.2,61397.72,4201726909.3014
2024-07-27 20:00:00,68209.3,69200.0,66624.5,67873.8,153005.558,10379865006.4192
2024-07-28 00:00:00,67873.7,68246.6,67222.7,67910.9,22253.123,1510038480.5831
2024-07-28 04:00:00,67910.9,68003.5,67037.0,67517.7,25149.842,1695747608.1803
2024-07-28 08:00:00,67517.6,67969.1,67178.9,67800.0,18990.816,1283454651.3348
2024-07-28 12:00:00,67800.1,68093.4,67527.4,67624.3,21697.193,1471602317.3462
2024-07-28 16:00:00,67624.2,68300.0,67588.4,68090.0,15542.059,1056779074.5017
2024-07-28 20:00:00,68090.0,68254.7,67771.6,68215.5,13280.902,903501726.0369
2024-07-29 00:00:00,68215.5,69782.2,68130.1,69323.1,64456.552,4452672595.4735
2024-07-29 04:00:00,69323.1,69872.6,69240.0,69510.6,28440.561,1978077923.5683
2024-07-29 08:00:00,69510.5,69841.2,69345.0,69549.9,23274.384,1619575273.0226
2024-07-29 12:00:00,69549.8,70081.0,67650.0,68067.2,122246.263,8416630807.6205
2024-07-29 16:00:00,68067.3,68093.1,66365.8,67276.6,102883.789,6906922826.9024
2024-07-29 20:00:00,67276.7,67521.0,66547.1,66750.0,31236.269,2094789775.7181
2024-07-30 00:00:00,66750.1,66865.3,65820.0,66585.6,53988.278,3580954176.1649
2024-07-30 04:00:00,66585.7,66966.6,66288.0,66914.0,23753.397,1583477878.1473
2024-07-30 08:00:00,66914.0,66956.6,66358.9,66532.5,23447.894,1562703176.3285
2024-07-30 12:00:00,66532.6,66923.8,65500.0,66198.0,66028.538,4370507319.538
2024-07-30 16:00:00,66198.0,66526.1,65501.1,65899.4,47748.809,3146984370.3781
2024-07-30 20:00:00,65900.0,66319.0,65254.5,66159.3,31584.128,2081516738.8761
2024-07-31 00:00:00,66159.3,66380.0,65825.9,66028.9,19978.559,1321565339.5847
2024-07-31 04:00:00,66028.1,66540.8,65459.4,66196.4,40885.994,2700408436.7045
2024-07-31 08:00:00,66196.4,66360.4,65906.7,66062.6,19153.975,1266773328.2068
2024-07-31 12:00:00,66062.7,66826.3,65939.7,66354.5,46270.954,3071606038.5396
2024-07-31 16:00:00,66354.4,66820.0,64894.0,65229.8,71073.914,4694276184.0954
2024-07-31 20:00:00,65228.1,65399.0,64500.4,64601.8,49026.05,3177955678.285
2024-08-01 00:00:00,64601.8,64824.4,63722.0,63912.8,53076.972,3407742906.7809
2024-08-01 04:00:00,63912.7,64468.6,63559.5,64297.4,43263.551,2770271860.505
2024-08-01 08:00:00,64297.5,64681.9,64280.0,64645.3,20514.248,1322807058.6832
2024-08-01 12:00:00,64645.2,64927.2,62646.7,62892.6,101176.373,6446545798.8751
2024-08-01 16:00:00,62892.6,63480.0,62271.2,63403.0,81788.779,5145211057.6775
2024-08-01 20:00:00,63403.0,65650.0,63312.0,65328.9,72834.667,4716473946.9517
2024-08-02 00:00:00,65329.0,65577.0,63630.6,64600.1,52628.167,3396010088.0422
2024-08-02 04:00:00,64600.1,64640.0,63800.0,64146.0,35151.989,2259080921.9861
2024-08-02 08:00:00,64146.0,64957.4,64026.5,64640.0,33125.652,2138410497.7697
2024-08-02 12:00:00,64640.0,65534.3,62350.0,63393.5,162016.878,10363613202.1949
2024-08-02 16:00:00,63393.5,63600.0,62478.0,62619.7,57246.326,3609170624.9225
2024-08-02 20:00:00,62619.6,63181.0,61200.2,61483.7,81459.408,5053397702.3458
2024-08-03 00:00:00,61483.7,61956.4,60473.3,61862.2,65725.345,4023408028.7615
2024-08-03 04:00:00,61862.2,61945.0,61380.8,61636.0,19226.551,1185881379.1179
2024-08-03 08:00:00,61636.0,61986.3,61420.2,61884.8,19753.37,1218618652.1472
2024-08-03 12:00:00,61884.7,62166.0,60800.0,60857.7,42750.029,2636232951.8789
2024-08-03 16:00:00,60857.8,61262.5,59888.0,60216.7,100562.58,6092474914.9577
2024-08-03 20:00:00,60216.8,60842.2,59800.0,60684.6,42452.081,2565640186.8185
2024-08-04 00:00:00,60684.5,61089.5,60290.9,60705.3,23040.242,1399320091.0063
2024-08-04 04:00:00,60705.3,60915.1,60228.0,60346.0,18248.526,1105747381.7017
2024-08-04 08:00:00,60344.6,60986.2,60080.5,60880.1,25833.958,1566139794.0218
2024-08-04 12:00:00,60880.1,61064.6,58926.1,59070.0,81031.408,4846733291.1073
2024-08-04 16:00:00,59069.9,59475.0,57040.0,59234.0,141030.817,8240997728.82972
2024-08-04 20:00:00,59233.9,59569.2,57975.4,58144.5,50327.464,2956551245.3896
2024-08-05 00:00:00,58144.5,58286.9,52222.0,53864.1,295951.644,16261992469.99765
2024-08-05 04:00:00,53864.0,54538.0,48888.0,52645.6,285579.138,14837247580.58339
2024-08-05 08:00:00,52645.6,53200.0,50590.1,51316.8,170229.54,8815171199.51666
2024-08-05 12:00:00,51316.7,54952.3,49501.0,54289.8,313707.062,16351319359.9671
2024-08-05 16:00:00,54289.7,55523.0,52520.4,53450.4,141719.563,7659947568.42976
2024-08-05 20:00:00,53450.3,55192.2,53439.9,54003.1,74795.078,4064392477.68822
2024-08-06 00:00:00,54003.5,56254.8,53925.3,55638.1,75090.615,4172435011.85058
2024-08-06 04:00:00,55638.1,56152.0,55220.0,55979.1,46375.502,2581895272.8072
2024-08-06 08:00:00,55979.0,56090.0,54531.6,55188.0,69864.431,3849542300.68608
2024-08-06 12:00:00,55188.0,56599.0,54288.0,56370.0,126550.5,7039825875.24667
2024-08-06 16:00:00,56370.0,56999.9,56205.1,56737.0,68281.366,3867728857.8246
2024-08-06 20:00:00,56737.0,56919.8,55792.0,55991.2,49791.025,2803813045.59186
2024-08-07 00:00:00,55991.3,57249.0,55516.3,56826.8,65654.654,3709794054.61989
2024-08-07 04:00:00,56826.9,57219.4,56510.0,56898.7,36392.101,2070728076.27202
2024-08-07 08:00:00,56898.8,57699.0,56838.0,56938.0,57955.694,3319295528.56002
2024-08-07 12:00:00,56938.0,57454.0,55620.5,56067.5,92698.036,5237500276.29893
2024-08-07 16:00:00,56067.4,56279.8,54650.0,54739.9,72193.669,3997755368.55326
2024-08-07 20:00:00,54739.9,55550.0,54519.8,55102.9,52548.386,2892902634.41875
2024-08-08 00:00:00,55102.9,57688.8,54672.4,57031.7,78167.269,4418919170.2063
2024-08-08 04:00:00,57031.8,57399.2,56636.9,57166.4,34216.433,1952067101.7107
2024-08-08 08:00:00,57166.4,57650.0,56943.7,57292.3,31182.131,1787452395.22875
2024-08-08 12:00:00,57292.4,59493.0,56645.0,59391.3,161033.47,9360563843.69242
2024-08-08 16:00:00,59391.9,59839.7,59213.6,59389.1,61744.499,3675985785.931
2024-08-08 20:00:00,59389.0,62737.2,59273.5,61659.8,103773.706,6360768671.4262
2024-08-09 00:00:00,61659.8,61726.0,60728.7,61327.0,45368.076,2780092994.4496
2024-08-09 04:00:00,61327.0,61361.9,60555.0,60844.0,32873.145,2002858585.1203
2024-08-09 08:00:00,60844.1,61184.9,60150.0,60633.5,44404.398,2692429604.5487
2024-08-09 12:00:00,60633.5,61089.7,59500.0,59786.4,95689.828,5765730231.6424
2024-08-09 16:00:00,59786.4,60729.5,59705.9,60649.5,44486.156,2678832355.6443
2024-08-09 20:00:00,60649.6,60961.5,59862.6,60808.6,45852.736,2774980084.3068
2024-08-10 00:00:00,60808.6,61450.0,60231.6,60410.0,32792.529,1991689589.1013
2024-08-10 04:00:00,60410.0,60823.7,60208.5,60809.5,13222.181,799504819.6832
2024-08-10 08:00:00,60809.6,61082.0,60582.4,60892.4,20424.968,1242373450.8363
2024-08-10 12:00:00,60892.3,60926.0,60375.0,60480.5,17862.337,1082425758.8748
2024-08-10 16:00:00,60480.5,61200.0,60360.0,60989.1,21578.607,1312911776.001
2024-08-10 20:00:00,60989.1,61136.3,60721.0,60889.9,9712.732,591799537.6368
2024-08-11 00:00:00,60889.8,61350.0,60857.0,61054.8,16049.514,980923524.8456
2024-08-11 04:00:00,61054.8,61233.0,60838.5,61224.9,14422.756,880157386.5394
2024-08-11 08:00:00,61225.0,62000.0,60380.1,60637.6,42331.908,2584885566.857
2024-08-11 12:00:00,60637.5,60736.6,59911.0,60100.0,39701.126,2395246262.0477
2024-08-11 16:00:00,60099.9,60330.6,59512.2,59598.0,24736.746,1483152559.7599
2024-08-11 20:00:00,59598.1,59657.5,58255.4,58693.1,65297.026,3839820745.4445
2024-08-12 00:00:00,58693.1,59055.0,58078.8,58488.6,34275.824,2005775186.1999
2024-08-12 04:00:00,58488.6,58958.1,57615.0,58640.1,40522.628,2364180226.5176
2024-08-12 08:00:00,58640.1,59937.8,58086.1,59809.2,61662.719,3635830459.2147
2024-08-12 12:00:00,59809.2,60666.0,57774.0,60171.2,143983.432,8552036268.5026
2024-08-12 16:00:00,60171.3,60390.8,58403.9,59025.9,53835.075,3195540270.8132
2024-08-12 20:00:00,59026.0,59721.0,58520.7,59323.6,32846.612,1941342294.1448
2024-08-13 00:00:00,59323.7,59895.0,58840.2,59014.0,33883.54,2012982194.8252
2024-08-13 04:00:00,59014.0,59442.5,58803.0,59209.0,18668.52,1104598449.7117
2024-08-13 08:00:00,59209.1,59302.5,58360.0,58803.0,27235.168,1601325252.4768
2024-08-13 12:00:00,58803.0,59748.8,58668.0,59438.4,58301.15,3452656180.0217
2024-08-13 16:00:00,59438.4,61545.0,59402.6,60792.1,93646.839,5691471603.6339
2024-08-13 20:00:00,60794.5,61120.8,60355.0,60550.5,24199.504,1468300454.1057
2024-08-14 00:00:00,60550.4,61277.0,60390.0,60920.0,21570.954,1311108158.0298
2024-08-14 04:00:00,60920.1,61131.2,60588.8,60887.2,18265.191,1110939596.5367
2024-08-14 08:00:00,60887.3,61419.2,60600.0,61260.7,29257.399,1785769029.0932
2024-08-14 12:00:00,61260.6,61839.7,58773.3,59396.9,157618.112,9457767631.3704
2024-08-14 16:00:00,59396.9,59436.2,58500.0,58854.0,47736.564,2818157466.8789
2024-08-14 20:00:00,58853.8,59151.6,58367.2,58648.1,21214.588,1248013408.9836
2024-08-15 00:00:00,58648.1,59021.0,57971.2,58420.0,35121.967,2053273245.1325
2024-08-15 04:00:00,58420.0,58622.0,57679.6,58031.9,33573.459,1951348949.9315
2024-08-15 08:00:00,58031.9,58836.5,57937.7,58712.1,30951.155,1808320316.4037
2024-08-15 12:00:00,58712.0,59749.2,58508.1,59643.7,81773.999,4841897800.2957
2024-08-15 16:00:00,59643.3,59820.0,56633.0,57002.4,114222.529,6626726080.29213
2024-08-15 20:00:00,57002.5,57850.0,55969.0,57511.0,65172.837,3716722066.28228
2024-08-16 00:00:00,57511.1,58494.9,57062.1,57858.1,42608.887,2460618210.15739
2024-08-16 04:00:00,57858.1,58619.9,57766.3,58423.4,26572.525,1548097046.9683
2024-08-16 08:00:00,58423.4,58656.2,58175.9,58369.3,28098.257,1641579756.7339
2024-08-16 12:00:00,58369.4,58908.5,57500.0,58035.6,87458.985,5084100292.6642
2024-08-16 16:00:00,58035.1,59780.2,57965.4,59649.2,60447.637,3566351173.7969
2024-08-16 20:00:00,59649.3,59678.2,58711.4,58854.9,23570.238,1393832730.4809
2024-08-17 00:00:00,58854.9,59363.0,58769.4,59128.2,16955.085,1002092533.9853
2024-08-17 04:00:00,59128.2,59238.0,59024.6,59222.0,8228.101,486690698.5303
2024-08-17 08:00:00,59221.9,59450.1,59026.0,59106.5,13687.324,810334930.2095
2024-08-17 12:00:00,59106.5,59638.8,59065.6,59357.6,18213.242,1081049904.8271
2024-08-17 16:00:00,59357.7,59690.2,59265.3,59446.3,12678.586,753922319.7569
2024-08-17 20:00:00,59446.2,59474.4,59122.1,59468.5,7323.194,434352338.0525
2024-08-18 00:00:00,59468.5,60249.8,59258.5,59308.5,34857.959,2082084496.9357
2024-08-18 04:00:00,59308.5,59666.0,59214.0,59545.4,13583.873,807781004.4905
2024-08-18 08:00:00,59545.5,60177.4,59401.1,59991.3,29934.066,1791637592.5388
2024-08-18 12:00:00,59991.3,60250.0,59629.3,59828.8,22362.047,1340108320.3965
2024-08-18 16:00:00,59828.8,59916.0,59327.8,59671.9,18061.423,1076324137.3341
2024-08-18 20:00:00,59672.0,59847.5,58352.0,58390.0,30860.896,1821768911.6437
2024-08-19 00:00:00,58390.1,58736.6,58173.2,58696.6,36689.134,2144310642.7115
2024-08-19 04:00:00,58696.7,58724.8,58339.8,58475.5,17094.209,1000401147.7957
2024-08-19 08:00:00,58475.5,58648.7,57750.0,58360.9,41220.822,2396984064.1262
2024-08-19 12:00:00,58360.8,58945.4,58019.4,58505.0,56087.605,3279814460.7298
2024-08-19 16:00:00,58504.5,59262.9,58332.0,58933.0,39519.485,2326449625.1278
2024-08-19 20:00:00,58935.7,59585.4,58879.3,59398.5,23431.884,1387065840.9773
2024-08-20 00:00:00,59398.4,60887.0,59324.2,60588.6,51764.706,3122276285.8803
2024-08-20 04:00:00,60588.5,61386.0,60539.0,60899.9,38075.289,2320723617.0846
2024-08-20 08:00:00,60899.9,60949.7,60386.7,60494.9,23776.837,1442951059.879
2024-08-20 12:00:00,60494.9,60920.5,58663.4,58783.7,109188.639,6519785741.0981
2024-08-20 16:00:00,58783.7,59574.0,58501.1,59482.5,41313.283,2438538198.3505
2024-08-20 20:00:00,59482.5,59689.5,58831.1,58982.9,22930.376,1358871358.9192
2024-08-21 00:00:00,58982.7,59489.0,58728.9,59290.3,20416.045,1207405897.7895
2024-08-21 04:00:00,59290.3,59721.2,59164.7,59689.2,16832.524,1001832169.1609
2024-08-21 08:00:00,59689.2,59893.0,59058.0,59332.4,30713.81,1824062975.4356
2024-08-21 12:00:00,59332.3,60192.3,58801.1,59486.0,89664.322,5338336473.6483
2024-08-21 16:00:00,59485.9,61600.0,59339.9,61538.1,69687.927,4219880457.0563
2024-08-21 20:00:00,61538.1,61793.9,60865.2,61120.0,43269.051,2651648207.2789
2024-08-22 00:00:00,61120.0,61184.7,59677.6,60514.9,45566.023,2755197145.2348
2024-08-22 04:00:00,60515.0,61128.8,60422.4,60946.0,23500.574,1427406915.3524
2024-08-22 08:00:00,60946.0,61392.0,60761.2,61297.0,28590.7,1746176690.8576
2024-08-22 12:00:00,61296.9,61364.0,60060.3,60370.9,71562.025,4339803118.5199
2024-08-22 16:00:00,60370.9,60554.9,60100.0,60272.7,28524.433,1721170978.1617
2024-08-22 20:00:00,60272.8,60673.1,60250.0,60349.9,13355.204,807214300.3488
2024-08-23 00:00:00,60349.9,60990.0,60301.5,60565.1,19144.284,1161708693.9714
2024-08-23 04:00:00,60565.0,61370.0,60548.8,61045.0,28205.46,1719873192.6992
2024-08-23 08:00:00,61045.0,61317.7,60651.6,60710.2,27019.442,1648456812.6801
2024-08-23 12:00:00,60710.1,62307.6,60710.1,61499.0,126207.328,7753545281.876
2024-08-23 16:00:00,61498.6,63794.0,61300.0,63577.2,115228.93,7235698616.7003
2024-08-23 20:00:00,63577.4,65000.0,63435.1,64019.9,66685.265,4281866543.5093
2024-08-24 00:00:00,64020.0,64168.0,63600.0,63800.1,22317.765,1425256835.727
2024-08-24 04:00:00,63800.0,64298.9,63790.2,64269.3,19125.053,1224591819.0883
2024-08-24 08:00:00,64269.3,64472.5,63836.6,63881.7,22828.946,1465142194.0187
2024-08-24 12:00:00,63881.7,64222.0,63828.0,63943.3,19592.894,1254987007.277
2024-08-24 16:00:00,63943.4,64414.2,63897.6,64170.0,24371.542,1564102643.9614
2024-08-24 20:00:00,64170.1,64306.2,63522.7,64116.5,24505.702,1564951123.6063
2024-08-25 00:00:00,64116.6,64549.0,63962.9,64065.0,22855.305,1467162201.0392
2024-08-25 04:00:00,64065.0,64164.3,63751.0,63835.4,14721.603,941550898.9071
2024-08-25 08:00:00,63835.5,63990.0,63731.3,63851.7,12960.856,827756832.073
2024-08-25 12:00:00,63851.7,64270.0,63777.0,64099.9,16885.471,1081580663.3037
2024-08-25 16:00:00,64099.9,64226.2,63950.0,64152.2,8486.783,543892004.9219
2024-08-25 20:00:00,64152.3,65175.4,64098.6,64190.2,39636.87,2556670147.2701
2024-08-26 00:00:00,64190.1,64455.8,63711.2,64089.5,23198.666,1485750643.8337
2024-08-26 04:00:00,64089.5,64183.2,63541.9,63603.2,21222.012,1354218710.5547
2024-08-26 08:00:00,63603.3,64022.2,63074.5,63816.6,33534.559,2136827359.1862
2024-08-26 12:00:00,63816.6,63934.7,63032.0,63493.0,54988.264,3490140327.2929
2024-08-26 16:00:00,63493.0,63859.2,63138.4,63305.0,35175.091,2232953411.2425
2024-08-26 20:00:00,63305.0,63536.1,62750.2,62807.6,27858.63,1757032479.2065
2024-08-27 00:00:00,62807.7,63196.0,62618.0,62947.2,29706.099,1868669559.0698
2024-08-27 04:00:00,62947.1,63178.7,62688.5,62882.0,20401.076,1283810445.7353
2024-08-27 08:00:00,62881.9,62987.1,62200.2,62392.5,39119.07,2445950032.148
2024-08-27 12:00:00,62392.4,62485.2,61426.1,61673.3,76715.331,4753910955.045
2024-08-27 16:00:00,61673.4,62165.0,61484.3,62071.8,33637.142,2079577089.4009
2024-08-27 20:00:00,62071.8,62075.0,57928.2,59384.5,139691.087,8347605668.3278
2024-08-28 00:00:00,59384.4,59625.0,58872.3,59597.3,38342.376,2270654196.2032
2024-08-28 04:00:00,59597.3,59640.0,58475.2,58579.0,29969.699,1771049845.6285
2024-08-28 08:00:00,58579.0,60197.8,58510.0,59900.1,49925.701,2974654979.1518
2024-08-28 12:00:00,59900.2,60131.0,58400.0,58963.4,75714.471,4489063925.0519
2024-08-28 16:00:00,58963.4,59794.7,57820.0,58871.1,82316.682,4839720539.7937
2024-08-28 20:00:00,58871.0,59579.8,58602.6,59010.0,37519.638,2217653451.2769
2024-08-29 00:00:00,59010.0,59300.0,58834.0,59113.0,16919.526,999192600.4644
2024-08-29 04:00:00,59113.4,59734.1,59040.8,59548.9,19489.42,1158168883.3482
2024-08-29 08:00:00,59548.9,60450.0,59340.0,60040.0,34525.878,2067251096.9675
2024-08-29 12:00:00,60040.0,61144.9,59956.3,60750.9,61927.272,3751694473.716
2024-08-29 16:00:00,60750.9,60930.0,58876.8,59237.0,74013.459,4422806798.8602
2024-08-29 20:00:00,59236.9,59614.5,58655.0,59323.2,27021.13,1599855517.9765
2024-08-30 00:00:00,59323.3,59468.0,58862.2,59001.0,22767.268,1346134086.0409
2024-08-30 04:00:00,59001.1,59558.0,58650.0,59235.9,31797.878,1879234270.5252
2024-08-30 08:00:00,59236.0,59637.4,59235.9,59367.0,22816.7,1356657236.4997
2024-08-30 12:00:00,59367.0,59914.9,57901.2,58073.1,106557.21,6274344474.3479
2024-08-30 16:00:00,58073.7,59345.8,57525.0,58670.1,69320.59,4058135568.5466
2024-08-30 20:00:00,58670.0,59283.1,58668.8,59096.3,15016.823,886361695.9442
2024-08-31 00:00:00,59096.4,59436.0,59028.0,59199.9,11958.45,708265292.6873
2024-08-31 04:00:00,59200.0,59321.8,59044.0,59060.8,8559.326,506541700.9724
2024-08-31 08:00:00,59060.8,59153.0,58795.4,59093.1,13321.559,785858048.5048
2024-08-31 12:00:00,59093.1,59215.8,58860.0,58983.7,13422.2,792742399.9676
2024-08-31 16:00:00,58983.8,59108.3,58700.0,58834.2,13929.987,820677535.5123
2024-08-31 20:00:00,58834.3,59107.5,58756.0,58941.9,7675.152,452412739.9401
2024-09-01 00:00:00,58941.9,59052.7,58250.0,58501.6,21088.037,1235292693.9561
2024-09-01 04:00:00,58501.6,58575.7,57728.6,58444.1,36976.487,2149707669.2834
2024-09-01 08:00:00,58444.1,58469.9,57800.0,58208.0,23778.603,1381680970.6445
2024-09-01 12:00:00,58208.1,58345.3,57123.0,58184.1,64849.981,3753075531.0944
2024-09-01 16:00:00,58184.1,58787.2,57834.0,58480.8,31892.443,1860051315.1215
2024-09-01 20:00:00,58480.8,58626.3,57161.1,57268.1,44324.363,2554087630.6383
2024-09-02 00:00:00,57268.1,57735.0,57093.0,57708.7,40517.859,2327601646.2539
2024-09-02 04:00:00,57708.6,57966.9,57316.6,57523.2,22388.633,1290257896.8877
2024-09-02 08:00:00,57523.3,58639.0,57487.7,58396.0,49492.531,2881430324.3348
2024-09-02 12:00:00,58395.9,58783.0,58075.0,58508.0,37132.393,2170383326.0079
2024-09-02 16:00:00,58508.0,58645.4,58267.4,58418.8,15329.088,895765393.2106
2024-09-02 20:00:00,58418.8,59412.3,58354.8,59112.1,36357.88,2147172242.7421
2024-09-03 00:00:00,59112.2,59790.0,59000.0,59087.9,33235.22,1972727552.6351
2024-09-03 04:00:00,59087.9,59236.7,58838.1,59078.0,21946.896,1295650513.9027
2024-09-03 08:00:00,59078.0,59174.8,58668.5,59038.6,20272.022,1194429616.5826
2024-09-03 12:00:00,59038.5,59332.9,57530.1,57695.1,88841.444,5171470445.4491
2024-09-03 16:00:00,57695.1,58250.0,57560.7,58020.9,42995.514,2487512402.8735
2024-09-03 20:00:00,58021.0,58217.6,57320.0,57451.9,22905.401,1325442144.3089
2024-09-04 00:00:00,57452.0,57920.0,55555.0,56632.9,96559.93,5464305515.36747
2024-09-04 04:00:00,56632.9,56847.2,56107.9,56717.0,36160.82,2042013202.64551
2024-09-04 08:00:00,56717.1,56871.5,56411.6,56536.2,24166.838,1368329504.9523
2024-09-04 12:00:00,56536.1,58137.7,56154.0,58096.2,98800.802,5639097848.68646
2024-09-04 16:00:00,58096.0,58500.0,57615.9,58029.8,53202.151,3090959157.8729
2024-09-04 20:00:00,58029.8,58371.7,57781.3,57944.8,18092.77,1050291462.1256
2024-09-05 00:00:00,57944.8,58318.9,56869.4,57104.1,43700.153,2512912418.60825
2024-09-05 04:00:00,57104.1,57265.0,56500.8,57127.0,36290.493,2068134424.56573
2024-09-05 08:00:00,57126.9,57217.5,56591.0,56666.1,28862.997,1640103479.26179
2024-09-05 12:00:00,56666.1,57300.0,55779.1,55947.0,114809.769,6495421059.08201
2024-09-05 16:00:00,55947.0,56688.9,55760.0,56026.0,46207.195,2599041362.30486
2024-09-05 20:00:00,56025.2,56232.8,55600.0,56145.7,24832.985,1390870448.03654
2024-09-06 00:00:00,56145.7,56836.7,55955.1,56553.7,31267.057,1765598722.69998
2024-09-06 04:00:00,56553.7,56717.8,55250.0,55766.3,48647.469,2718875193.88057
2024-09-06 08:00:00,55766.3,56244.1,55607.3,55972.1,37288.305,2084991937.83506
2024-09-06 12:00:00,55972.1,57000.0,53780.9,54022.1,199654.457,11055742963.9786
2024-09-06 16:00:00,54022.1,54414.0,53235.7,53515.3,95828.271,5156636334.01884
2024-09-06 20:00:00,53515.3,53938.9,52510.8,53927.7,66377.554,3533667439.84662
2024-09-07 00:00:00,53927.7,54082.2,53725.0,53789.2,16109.681,867841257.45978
2024-09-07 04:00:00,53789.3,54369.7,53780.1,54258.1,26886.448,1456024930.87818
2024-09-07 08:00:00,54258.0,54472.8,54143.5,54298.9,16932.707,919364327.79379
2024-09-07 12:00:00,54299.0,54800.0,54298.9,54746.6,23152.43,1263432339.31036
2024-09-07 16:00:00,54746.7,54820.2,53969.0,54375.0,26559.311,1443199999.14213
2024-09-07 20:00:00,54375.1,54415.4,53778.1,54134.9,18046.017,975140466.7273
2024-09-08 00:00:00,54134.9,54478.9,53937.0,54371.5,16385.479,888706304.04626
2024-09-08 04:00:00,54371.5,54544.8,54232.1,54411.5,13982.548,760728616.44145
2024-09-08 08:00:00,54411.5,54700.0,54322.9,54528.6,15369.004,837991096.48768
2024-09-08 12:00:00,54528.7,54544.0,53610.0,53663.6,41767.656,2259502369.091
2024-09-08 16:00:00,53663.4,54497.4,53596.5,54301.3,25558.946,1383155810.7358
2024-09-08 20:00:00,54301.3,55300.0,54130.3,54839.6,49014.903,2683100781.66364
2024-09-09 00:00:00,54839.6,55351.4,54650.2,55084.9,34856.397,1917481380.23891
2024-09-09 04:00:00,55085.0,55118.3,54557.0,54939.1,25144.536,1378289030.24031
2024-09-09 08:00:00,54939.0,55549.0,54920.7,55236.8,35621.185,1968076256.4547
2024-09-09 12:00:00,55236.7,55774.9,54755.0,55360.3,77478.1,4281072986.88975
2024-09-09 16:00:00,55360.3,57148.6,55319.4,57060.1,89138.154,5025889596.95911
2024-09-09 20:00:00,57060.1,58153.2,56770.4,57010.0,50855.989,2917900757.78302
2024-09-10 00:00:00,57010.1,57041.9,56493.0,56500.1,25864.71,1467957140.41627
2024-09-10 04:00:00,56500.0,57266.6,56361.0,57183.2,28066.767,1595691512.91559
2024-09-10 08:00:00,57183.2,57366.0,56851.1,57190.1,26303.665,1502165723.98784
2024-09-10 12:00:00,57190.1,57439.0,56485.0,56561.0,68550.308,3899666593.9881
2024-09-10 16:00:00,56553.9,58033.2,56525.0,57923.6,58356.336,3348217451.97582
2024-09-10 20:00:00,57923.9,57945.4,57416.3,57609.1,21175.89,1220748587.0603
2024-09-11 00:00:00,57609.2,57729.0,56643.0,56793.5,45303.418,2584260460.44638
2024-09-11 04:00:00,56793.6,56794.9,56050.0,56675.1,42336.08,2388034894.48395
2024-09-11 08:00:00,56675.1,56850.0,56311.0,56768.9,32736.378,1851851910.03978
2024-09-11 12:00:00,56768.9,57138.0,55515.2,56676.1,129132.61,7271952807.14017
2024-09-11 16:00:00,56676.0,57954.4,56618.0,57560.9,74115.014,4255098462.48042
2024-09-11 20:00:00,57560.9,57648.0,57171.0,57306.0,14607.945,838328492.7094
2024-09-12 00:00:00,57305.6,58465.4,57283.1,58197.9,49947.024,2893452725.9018
2024-09-12 04:00:00,58197.9,58397.5,57810.0,58101.8,24243.847,1407798006.1934
2024-09-12 08:00:00,58101.7,58317.5,57867.0,58031.7,22402.437,1301264484.7294
2024-09-12 12:00:00,58031.7,58606.6,57310.0,57472.1,95837.316,5539520340.6936
2024-09-12 16:00:00,57472.2,58425.7,57454.4,58366.3,46353.896,2694314858.4931
2024-09-12 20:00:00,58366.3,58366.8,57734.9,58097.0,22665.168,1316249794.5136
2024-09-13 00:00:00,58097.1,58226.8,57800.8,57827.0,16460.526,954809025.2777
2024-09-13 04:00:00,57827.0,58108.8,57708.0,58079.8,16302.311,943578423.7622
2024-09-13 08:00:00,58079.7,58321.9,57792.5,57852.6,25215.501,1464845776.3565
2024-09-13 12:00:00,57852.6,59706.1,57594.0,59623.5,115499.474,6757679027.9495
2024-09-13 16:00:00,59623.6,59979.2,59278.9,59703.1,61622.677,3676193784.4656
2024-09-13 20:00:00,59703.1,60597.0,59588.0,60456.2,42329.003,2550184842.0464
2024-09-14 00:00:00,60456.2,60572.9,60255.4,60290.5,15486.844,935660903.4161
2024-09-14 04:00:00,60290.5,60318.8,59866.0,60110.4,17391.535,1044701427.2862
2024-09-14 08:00:00,60110.3,60130.0,59577.7,59680.0,19441.411,1163348344.3418
2024-09-14 12:00:00,59680.1,59988.9,59610.0,59840.1,17932.901,1072215068.1091
2024-09-14 16:00:00,59840.1,59953.0,59360.1,59778.4,20367.115,1216039559.6486
2024-09-14 20:00:00,59778.4,60135.8,59740.0,59964.0,11960.771,717282141.7141
2024-09-15 00:00:00,59963.9,60247.9,59950.0,60130.2,11165.607,671388007.2301
2024-09-15 04:00:00,60130.2,60193.6,60047.9,60166.8,7003.375,421127952.5283
2024-09-15 08:00:00,60166.7,60178.0,59848.6,59977.0,11882.577,712887097.2574
2024-09-15 12:00:00,59977.0,60369.4,59823.0,60304.6,25224.832,1517013276.4013
2024-09-15 16:00:00,60304.6,60323.1,59663.0,59847.7,29765.693,1783576506.0653
2024-09-15 20:00:00,59847.7,59910.2,58654.0,59100.5,45482.122,2694800796.9468
2024-09-16 00:00:00,59100.5,59182.2,58079.7,58546.5,54220.709,3174222968.6698
2024-09-16 04:00:00,58546.4,58935.0,58279.2,58874.6,26326.722,1543142024.0188
2024-09-16 08:00:00,58874.6,59159.1,58463.6,58630.0,28655.98,1684482375.1277
2024-09-16 12:00:00,58630.1,58766.0,57550.0,57860.7,71193.929,4133276666.3827
2024-09-16 16:00:00,57860.7,58250.0,57446.3,57915.4,48106.279,2781541690.5602
2024-09-16 20:00:00,57915.5,58397.9,57576.1,58187.0,22195.813,1286675520.2539
2024-09-17 00:00:00,58187.0,58320.0,57588.8,58035.2,26540.64,1537523743.6312
2024-09-17 04:00:00,58035.2,58762.0,57993.0,58668.1,23933.192,1399310620.5545
2024-09-17 08:00:00,58668.1,59274.4,58600.0,59055.1,37558.458,2214740007.4713
2024-09-17 12:00:00,59055.0,61345.0,58850.0,61103.0,138114.453,8307465628.817
2024-09-17 16:00:00,61111.0,61240.6,59600.0,59946.0,66312.487,4018082981.9232
2024-09-17 20:00:00,59945.9,60398.2,59696.0,60281.0,25982.836,1561207633.2772
2024-09-18 00:00:00,60281.0,60747.7,59838.0,60490.0,27659.69,1667927239.602
2024-09-18 04:00:00,60490.1,60664.9,60166.7,60403.7,18106.577,1093289499.2
2024-09-18 08:00:00,60403.6,60403.7,59360.1,59824.6,42775.42,2560024178.0313
2024-09-18 12:00:00,59824.5,60130.0,59261.9,59400.1,56105.508,3344697935.8393
2024-09-18 16:00:00,59400.1,61320.7,59138.0,60024.6,158110.08,9543636723.8133
2024-09-18 20:00:00,60024.6,61765.0,59430.0,61735.3,52972.037,3207934914.6082
2024-09-19 00:00:00,61735.3,62555.0,61534.0,62086.5,71083.208,4411136056.2399
2024-09-19 04:00:00,62086.6,62155.0,61779.9,62071.0,23263.94,1442246245.9918
2024-09-19 08:00:00,62071.0,62697.0,61851.3,62604.5,40249.506,2508297128.3266
2024-09-19 12:00:00,62604.5,63483.8,62540.3,63129.0,85542.087,5392349237.8382
2024-09-19 16:00:00,63129.0,63830.1,62905.6,63229.4,56180.057,3565485817.2185
2024-09-19 20:00:00,63229.4,63229.5,62623.4,62926.9,26063.614,1640650924.6696
2024-09-20 00:00:00,62926.9,63728.2,62579.2,63723.3,32841.521,2071492030.5682
2024-09-20 04:00:00,63723.2,64126.7,63363.7,63494.4,52132.864,3324094312.4414
2024-09-20 08:00:00,63494.5,63673.8,63080.1,63417.1,35056.918,2222965970.3899
2024-09-20 12:00:00,63417.2,63528.7,62535.0,63120.2,79408.734,5003683458.6083
2024-09-20 16:00:00,63120.2,63257.6,62320.0,62772.1,41022.336,2574743778.8215
2024-09-20 20:00:00,62772.0,63280.0,62669.2,63175.7,16710.462,1053995650.2702
2024-09-21 00:00:00,63175.8,63282.0,62790.0,62865.1,17298.311,1089670216.9987
2024-09-21 04:00:00,62865.0,63114.6,62714.2,63060.0,12981.75,816866164.8646
2024-09-21 08:00:00,63060.1,63120.0,62936.8,63058.0,8566.426,539964789.1612
2024-09-21 12:00:00,63058.0,63286.9,62995.2,63146.6,14099.266,890233742.4431
2024-09-21 16:00:00,63146.6,63378.8,63054.0,63174.2,12565.693,794461904.1349
2024-09-21 20:00:00,63174.1,63546.9,63025.0,63320.6,12736.916,805501277.4626
2024-09-22 00:00:00,63320.6,63423.7,62801.2,63088.9,19579.364,1234888703.4038
2024-09-22 04:00:00,63088.8,63182.4,62808.0,62909.3,10743.317,676327823.8213
2024-09-22 08:00:00,62909.2,63010.5,62520.2,62751.4,22546.486,1414677063.5805
2024-09-22 12:00:00,62751.4,62915.7,62435.0,62624.2,19079.416,1195305403.2183
2024-09-22 16:00:00,62624.1,63200.0,62443.2,63132.1,22456.101,1411811956.1104
2024-09-22 20:00:00,63132.2,64000.0,62339.0,63558.4,54725.2,3462409439.6929
2024-09-23 00:00:00,63558.5,64724.8,62534.4,64320.1,74683.458,4765617522.5518
2024-09-23 04:00:00,64320.1,64427.9,63356.8,63519.9,35083.345,2237404594.3408
2024-09-23 08:00:00,63519.9,63668.4,63279.5,63399.0,21731.18,1379584473.6217
2024-09-23 12:00:00,63398.9,63778.7,63033.9,63589.6,56370.517,3571555538.76
2024-09-23 16:00:00,63589.6,63790.0,63077.6,63272.6,28820.318,1825508938.058
2024-09-23 20:00:00,63272.7,63467.1,63050.0,63302.0,17654.746,1117237106.4911
2024-09-24 00:00:00,63302.1,63377.4,62688.2,63097.6,34882.224,2197010140.3011
2024-09-24 04:00:00,63097.6,63542.9,62913.6,63527.8,18863.348,1193727296.9393
2024-09-24 08:00:00,63527.7,63925.5,63350.0,63446.3,32217.024,2049475868.0353
2024-09-24 12:00:00,63446.3,63744.4,62695.0,63128.8,63631.464,4023036052.564
2024-09-24 16:00:00,63128.8,64357.7,63056.0,64270.0,49015.976,3124135513.4078
2024-09-24 20:00:00,64270.0,64666.0,63939.2,64243.1,38377.592,2467927238.5163
2024-09-25 00:00:00,64243.2,64800.0,63955.9,64422.4,29755.753,1914234543.3997
2024-09-25 04:00:00,64422.5,64430.0,63612.3,63814.9,25639.113,1640114761.5532
2024-09-25 08:00:00,63814.9,63888.3,63376.0,63808.1,30911.433,1967022050.3015
2024-09-25 12:00:00,63808.1,63971.0,63243.2,63470.1,39594.067,2520444855.9332
2024-09-25 16:00:00,63470.1,63642.4,62963.2,63151.6,37305.727,2360294731.7679
2024-09-25 20:00:00,63151.0,63533.3,62910.0,63118.4,21744.679,1374563454.8908
2024-09-26 00:00:00,63118.3,63518.9,62634.4,63482.9,36878.788,2326527697.4761
2024-09-26 04:00:00,63483.0,63843.1,63311.8,63823.4,22609.118,1438428662.1835
2024-09-26 08:00:00,63823.4,64500.0,63567.0,64373.0,46849.777,3003187849.353
2024-09-26 12:00:00,64372.9,65549.5,64127.1,65200.0,130644.247,8464919912.5202
2024-09-26 16:00:00,65200.0,65800.0,64656.1,64677.8,56313.884,3675492108.241
2024-09-26 20:00:00,64677.8,65214.2,64601.6,65139.2,27890.542,1810435955.9042
2024-09-27 00:00:00,65139.1,65412.0,64788.0,65338.0,25651.759,1670161440.2642
2024-09-27 04:00:00,65338.0,65534.6,65071.0,65438.9,26033.49,1701182201.6998
2024-09-27 08:00:00,65438.8,65968.1,65307.0,65408.2,41461.345,2720504254.3878
2024-09-27 12:00:00,65408.3,66450.0,65287.6,65974.0,76731.833,5060686642.9954
2024-09-27 16:00:00,65974.1,66329.0,65477.7,65612.8,43546.194,2869572405.076
2024-09-27 20:00:00,65612.9,65950.0,65587.2,65749.6,12979.4,853790110.6902
2024-09-28 00:00:00,65749.5,66237.0,65692.3,66041.0,15236.279,1005247845.6171
2024-09-28 04:00:00,66041.0,66060.1,65706.1,65790.0,12621.823,831390279.5284
2024-09-28 08:00:00,65790.0,65790.1,65392.7,65761.5,19888.929,1304860572.7896
2024-09-28 12:00:00,65761.5,65796.8,65368.1,65593.7,20472.053,1342424852.094
2024-09-28 16:00:00,65593.6,65798.7,65460.0,65699.6,9155.286,600883762.5795
2024-09-28 20:00:00,65699.7,65980.0,65380.0,65822.6,15399.183,1011182334.5394
2024-09-29 00:00:00,65822.7,65954.5,65599.8,65781.6,12438.833,818301083.7094
2024-09-29 04:00:00,65781.5,65781.6,65400.0,65436.9,12286.502,805419817.9052
2024-09-29 08:00:00,65436.9,65702.7,65401.0,65670.4,11851.759,776985503.4991
2024-09-29 12:00:00,65670.4,65832.9,65480.0,65720.0,17725.988,1164406594.4843
2024-09-29 16:00:00,65720.0,65947.4,65623.8,65926.3,12855.578,845988611.497
2024-09-29 20:00:00,65926.2,66059.3,65491.4,65568.1,20973.139,1378545101.9588
2024-09-30 00:00:00,65568.2,65588.8,64150.0,64539.9,69881.834,4530207288.1979
2024-09-30 04:00:00,64539.9,64686.0,64300.0,64539.1,24981.714,1611249179.9761
2024-09-30 08:00:00,64539.0,64552.9,63222.0,63794.4,76458.979,4877240720.4026
2024-09-30 12:00:00,63794.4,64130.8,63490.2,63535.6,48875.81,3119719593.9235
2024-09-30 16:00:00,63535.7,63722.4,63036.2,63472.8,45469.704,2883301406.2212
2024-09-30 20:00:00,63472.9,63845.0,62825.0,63309.1,31180.332,1975913729.6373
2024-10-01 00:00:00,63309.0,63732.0,63000.0,63707.2,30145.062,1910962776.1617
2024-10-01 04:00:00,63707.2,64092.6,63627.6,64017.0,23523.665,1502678270.5808
2024-10-01 08:00:00,64016.9,64075.5,63683.1,63699.9,18586.91,1187189070.4409
2024-10-01 12:00:00,63700.0,63784.0,61801.6,62613.8,149631.728,9369026474.0355
2024-10-01 16:00:00,62613.8,62760.0,61100.0,61739.7,126786.01,7850718611.5205
2024-10-01 20:00:00,61739.8,61750.2,60128.2,60776.8,81144.46,4934926079.0747
2024-10-02 00:00:00,60776.7,61858.2,60703.3,61718.0,37462.528,2298400295.4393
2024-10-02 04:00:00,61718.1,61926.7,61325.0,61702.5,27147.209,1672194272.3649
2024-10-02 08:00:00,61702.5,61888.2,60856.8,61140.8,42121.394,2583150437.3174
2024-10-02 12:00:00,61140.8,61902.6,60495.0,61833.9,91786.77,5616762056.6504
2024-10-02 16:00:00,61833.9,62355.0,59934.9,60155.0,93642.638,5717482501.3252
2024-10-02 20:00:00,60155.0,60972.9,60091.3,60622.6,34841.266,2111415644.65
2024-10-03 00:00:00,60622.7,61445.1,60508.7,61434.3,31925.503,1948010129.3031
2024-10-03 04:00:00,61434.4,61452.6,60789.2,60898.6,24875.301,1521920793.1989
2024-10-03 08:00:00,60898.5,61047.3,60101.5,60733.0,53727.324,3253829673.6297
2024-10-03 12:00:00,60732.9,60909.1,59815.0,60606.5,101228.614,6108489779.179
2024-10-03 16:00:00,60606.4,61024.1,59888.0,60998.0,55409.577,3350467378.2097
2024-10-03 20:00:00,60998.0,61073.7,60580.0,60727.2,18970.893,1153374082.7496
2024-10-04 00:00:00,60727.1,61247.4,60434.1,60928.7,29090.101,1771739615.8465
2024-10-04 04:00:00,60928.7,61476.1,60896.3,61403.9,21411.632,1309661573.9524
2024-10-04 08:00:00,61403.9,61616.0,61236.0,61423.0,24727.149,1518500130.7101
2024-10-04 12:00:00,61423.0,61985.0,60700.5,61843.1,97099.192,5966363951.5031
2024-10-04 16:00:00,61843.2,62442.8,61611.0,62337.0,46119.924,2864668899.2525
2024-10-04 20:00:00,62337.2,62457.1,61934.0,62054.4,16347.838,1016904789.9536
2024-10-05 00:00:00,62054.3,62169.3,61648.0,61835.5,15990.326,990406876.6854
2024-10-05 04:00:00,61835.5,62242.4,61790.3,62043.0,11996.567,744540439.1943
2024-10-05 08:00:00,62043.0,62298.2,62043.0,62149.1,8605.565,535083692.5451
2024-10-05 12:00:00,62149.1,62344.0,62058.9,62131.4,11275.172,701070909.1617
2024-10-05 16:00:00,62131.5,62159.4,61740.4,61822.4,15845.23,981160262.4133
2024-10-05 20:00:00,61822.4,62076.9,61671.9,62023.1,10617.921,656891953.5224
2024-10-06 00:00:00,62023.1,62132.4,61840.5,61852.4,8978.768,556381445.3914
2024-10-06 04:00:00,61852.5,61987.7,61778.9,61919.8,6470.994,400551623.2834
2024-10-06 08:00:00,61919.8,62139.8,61890.0,62067.1,8955.265,555467471.3905
2024-10-06 12:00:00,62067.0,62750.0,62027.0,62690.4,32004.279,1998182647.3606
2024-10-06 16:00:00,62690.4,62961.5,62511.0,62601.5,20697.883,1298322812.0481
2024-10-06 20:00:00,62601.4,62888.0,62265.0,62789.3,19306.264,1208215071.8014
2024-10-07 00:00:00,62789.2,63950.0,62620.1,63494.6,53427.045,3391404428.4925
2024-10-07 04:00:00,63494.5,63689.8,63281.6,63509.9,19040.589,1208967712.2696
2024-10-07 08:00:00,63509.9,63680.0,62621.9,63114.1,46007.292,2901912053.4658
2024-10-07 12:00:00,63114.1,64448.2,62800.0,63620.0,92256.761,5878468554.2291
2024-10-07 16:00:00,63620.1,63885.0,62700.0,63349.4,46946.801,2973300097.5927
2024-10-07 20:00:00,63349.4,63379.9,62091.8,62190.7,41270.887,2586782190.8663
2024-10-08 00:00:00,62190.6,62794.0,62126.3,62602.4,28564.66,1785476743.6106
2024-10-08 04:00:00,62602.3,62753.3,61941.0,62291.4,35539.487,2216370036.2378
2024-10-08 08:00:00,62291.4,62637.0,62159.8,62595.7,20264.489,1265228065.4304
2024-10-08 12:00:00,62595.8,63178.7,61836.0,62259.9,84886.204,5307318553.9338
2024-10-08 16:00:00,62259.9,62571.8,61843.6,62228.3,42234.458,2627221125.758
2024-10-08 20:00:00,62228.5,62544.6,62000.0,62131.7,14787.061,920627472.2377
2024-10-09 00:00:00,62131.8,62478.6,61962.8,62365.0,19352.949,1205005301.7561
2024-10-09 04:00:00,62365.0,62520.9,62164.7,62243.0,14632.884,912785019.9365
2024-10-09 08:00:00,62243.0,62261.7,62025.0,62177.8,16509.769,1025760647.11
2024-10-09 12:00:00,62177.7,62386.0,61600.1,62285.4,64587.868,4001287956.7699
2024-10-09 16:00:00,62285.4,62320.0,60800.2,61013.7,60119.581,3696038779.0319
2024-10-09 20:00:00,61013.6,61092.5,60251.9,60606.4,42099.122,2553799865.8398
2024-10-10 00:00:00,60606.3,60930.0,60309.0,60838.7,25500.217,1546633621.3412
2024-10-10 04:00:00,60838.7,61128.1,60782.5,60871.0,15827.297,964704247.8182
2024-10-10 08:00:00,60871.1,61297.0,60600.0,61235.9,27636.423,1684894648.6057
2024-10-10 12:00:00,61235.9,61294.7,60414.0,60769.9,67108.376,4082470757.0107
2024-10-10 16:00:00,60770.0,61020.0,58900.0,59696.9,99979.096,5969683314.4875
2024-10-10 20:00:00,59696.9,60295.7,59550.0,60293.2,26896.244,1612019677.0539
2024-10-11 00:00:00,60293.3,60749.9,60057.8,60572.6,26586.058,1605946127.7486
2024-10-11 04:00:00,60572.6,60893.4,60541.6,60643.3,19170.546,1163664667.9643
2024-10-11 08:00:00,60643.2,61228.9,60618.4,61140.0,29003.451,1768869687.5053
2024-10-11 12:00:00,61140.1,62432.6,61091.8,62218.0,87805.333,5422979860.8244
2024-10-11 16:00:00,62218.0,63400.0,62080.1,63042.4,75652.829,4741830570.5466
2024-10-11 20:00:00,63042.3,63144.0,62328.0,62509.0,25472.925,1596941928.7954
2024-10-12 00:00:00,62509.0,63055.9,62458.0,62537.0,23211.182,1455273247.1573
2024-10-12 04:00:00,62537.1,62770.0,62537.0,62734.1,10128.848,634611284.8916
2024-10-12 08:00:00,62734.0,63248.0,62645.5,62900.3,17567.587,1105713242.3502
2024-10-12 12:00:00,62900.4,63462.6,62781.0,63124.8,26797.661,1691874102.3779
2024-10-12 16:00:00,63124.9,63366.8,62862.0,62966.3,16359.048,1031910956.8102
2024-10-12 20:00:00,62966.2,63345.2,62966.2,63176.0,8720.08,550796106.1106
2024-10-13 00:00:00,63176.0,63260.0,62615.4,62686.2,22542.817,1417777637.7667
2024-10-13 04:00:00,62686.2,62960.0,62675.4,62819.0,9250.078,581059248.6558
2024-10-13 08:00:00,62819.0,62938.1,62486.1,62528.5,13355.855,837308738.9338
2024-10-13 12:00:00,62528.4,62811.0,62020.0,62195.3,32569.283,2031285223.3517
2024-10-13 16:00:00,62195.2,62864.8,62141.1,62699.3,33647.995,2103894259.6758
2024-10-13 20:00:00,62699.2,63118.3,62574.1,62839.8,18330.128,1151427908.0573
2024-10-14 00:00:00,62839.7,64377.6,62420.0,64281.6,49743.051,3153634062.4321
2024-10-14 04:00:00,64280.8,64676.7,63752.8,64599.6,63161.449,4055653362.3082
2024-10-14 08:00:00,64599.5,65221.6,64306.9,64899.4,53429.685,3458350449.3756
2024-10-14 12:00:00,64899.5,66288.0,64630.0,65850.9,97129.105,6364467866.889
2024-10-14 16:00:00,65850.9,66066.0,65520.0,65901.0,41167.572,2708277197.8079
2024-10-14 20:00:00,65900.9,66533.0,65710.0,66064.9,33620.739,2223605426.6362
2024-10-15 00:00:00,66064.9,66312.4,65300.0,65382.1,30836.404,2028442511.9267
2024-10-15 04:00:00,65382.2,65830.0,65200.1,65638.4,27701.846,1814875436.8753
2024-10-15 08:00:00,65638.4,65838.9,65255.0,65385.3,26501.689,1737620953.8653
2024-10-15 12:00:00,65385.3,67953.7,64771.7,65994.6,218343.805,14461188663.9357
2024-10-15 16:00:00,65994.7,67372.9,65952.6,66937.1,78846.996,5265520199.6226
2024-10-15 20:00:00,66937.0,67136.0,66095.8,67044.1,39774.771,2649393661.8551
2024-10-16 00:00:00,67044.0,67548.6,66724.2,67064.5,31340.546,2105227417.124
2024-10-16 04:00:00,67064.5,67335.9,66732.7,66948.8,24048.074,1611756311.4794
2024-10-16 08:00:00,66948.8,68400.0,66888.0,67872.3,67489.134,4571414898.1508
2024-10-16 12:00:00,67872.3,68299.9,67076.0,67726.0,85352.33,5777971475.8991
2024-10-16 16:00:00,67725.9,68087.9,67447.1,67692.4,30240.739,2049712447.3463
2024-10-16 20:00:00,67692.4,67945.0,67468.1,67592.0,15682.678,1061693521.0409
2024-10-17 00:00:00,67592.0,67925.9,67369.3,67570.0,23822.274,1610750515.0219
2024-10-17 04:00:00,67570.1,67570.1,67054.2,67280.8,27116.955,1824509107.354
2024-10-17 08:00:00,67280.8,67516.7,66766.0,66853.6,34930.91,2343951946.5801
2024-10-17 12:00:00,66853.5,67673.9,66600.0,67561.9,75033.595,5031827527.0008
2024-10-17 16:00:00,67561.9,67570.0,66682.3,66821.1,42147.009,2827142714.9678
2024-10-17 20:00:00,66821.1,67473.5,66802.6,67401.5,17222.094,1157034516.5266
2024-10-18 00:00:00,67401.5,68268.0,67165.0,67532.3,42849.602,2903623095.3651
2024-10-18 04:00:00,67532.3,68371.0,67520.1,67955.0,35988.833,2446440274.5467
2024-10-18 08:00:00,67955.1,68044.8,67656.6,67692.7,20054.459,1361017101.2644
2024-10-18 12:00:00,67692.7,68870.7,67629.0,68710.0,82701.774,5648307035.209
2024-10-18 16:00:00,68710.0,69000.0,68338.0,68582.3,44954.462,3089212500.6073
2024-10-18 20:00:00,68582.3,68669.6,68173.4,68407.8,18752.631,1282349878.226
2024-10-19 00:00:00,68407.8,68684.9,68278.8,68428.4,14128.924,966994894.398
2024-10-19 04:00:00,68428.4,68544.6,68270.8,68328.9,9447.218,645854538.5413
2024-10-19 08:00:00,68328.9,68456.0,68042.5,68071.6,13259.148,904938222.4859
2024-10-19 12:00:00,68071.6,68347.2,68063.5,68206.9,12650.205,862747559.4546
2024-10-19 16:00:00,68206.9,68228.9,68000.0,68162.5,9668.409,658536556.7342
2024-10-19 20:00:00,68162.5,68401.6,68145.2,68357.1,9478.204,647254175.7322
2024-10-20 00:00:00,68357.1,68435.6,68069.8,68161.1,9136.247,623128712.1247
2024-10-20 04:00:00,68161.1,68423.0,68151.3,68347.0,10766.222,735176174.0664
2024-10-20 08:00:00,68347.0,68498.0,68330.0,68396.3,7315.345,500360072.9698
2024-10-20 12:00:00,68396.4,68749.0,68176.7,68605.0,26395.008,1808232395.2647
2024-10-20 16:00:00,68605.0,68649.0,68384.3,68484.9,9301.881,637468199.2432
2024-10-20 20:00:00,68484.9,69425.8,68431.9,69020.1,43024.789,2967684760.2332
2024-10-21 00:00:00,69020.2,69566.0,68590.0,68938.0,37444.311,2588161136.7163
2024-10-21 04:00:00,68937.9,69200.0,68468.0,68519.3,26063.349,1794167768.0723
2024-10-21 08:00:00,68519.3,68675.0,68136.0,68250.9,27692.483,1893552192.3084
2024-10-21 12:00:00,68250.8,68350.8,66865.9,67354.3,97480.381,6575831005.7129
2024-10-21 16:00:00,67354.2,67949.0,66920.0,67755.4,45291.764,3053229489.4024
2024-10-21 20:00:00,67755.6,67928.4,67341.4,67368.8,19465.045,1316856017.3495
2024-10-22 00:00:00,67368.7,67688.0,66536.5,67390.3,42456.35,2850215983.3474
2024-10-22 04:00:00,67390.3,67784.9,67278.0,67387.3,17437.114,1178296629.0367
2024-10-22 08:00:00,67387.2,67524.6,66740.0,67280.6,41352.412,2774397594.9778
2024-10-22 12:00:00,67280.6,67718.0,66613.0,67266.8,69808.374,4690079284.9477
2024-10-22 16:00:00,67266.8,67630.0,66902.1,67466.8,29595.381,1990853192.0144
2024-10-22 20:00:00,67466.2,67825.0,67266.6,67406.4,17869.346,1207335977.413
2024-10-23 00:00:00,67406.5,67449.0,66856.7,67057.8,18075.878,1213597255.9664
2024-10-23 04:00:00,67057.8,67290.0,66779.5,66838.0,18800.014,1259898798.9194
2024-10-23 08:00:00,66838.0,67046.8,66150.0,66406.1,47764.715,3176957929.6526
2024-10-23 12:00:00,66406.1,66921.7,65900.0,66201.6,61638.876,4091283896.6747
2024-10-23 16:00:00,66201.7,66566.0,65222.3,66465.2,80361.232,5291318917.949
2024-10-23 20:00:00,66465.3,66806.2,66300.0,66647.2,21574.343,1435482530.3243
2024-10-24 00:00:00,66647.3,67615.3,66482.0,67192.7,37890.497,2546644518.9997
2024-10-24 04:00:00,67192.7,67457.0,67050.0,67104.4,17146.619,1153325797.3868
2024-10-24 08:00:00,67104.5,67327.2,66700.0,67276.3,28291.929,1895358596.3731
2024-10-24 12:00:00,67276.3,68000.0,67243.3,67672.7,58248.604,3941414891.2888
2024-10-24 16:00:00,67672.7,68296.0,67329.2,68279.7,35683.92,2419374110.4804
2024-10-24 20:00:00,68279.7,68842.5,67890.0,68173.8,35079.153,2397949757.4249
2024-10-25 00:00:00,68173.8,68256.5,67800.0,67983.1,21316.585,1449551233.3617
2024-10-25 04:00:00,67983.2,68019.3,67222.4,67503.6,30679.87,2074457662.1132
2024-10-25 08:00:00,67503.6,68158.0,67289.5,68081.6,29234.239,1980419741.599
2024-10-25 12:00:00,68081.6,68748.0,67397.1,67660.6,69478.441,4736170607.6292
2024-10-25 16:00:00,67660.6,67895.5,65950.3,66825.8,130344.496,8733256922.4372
2024-10-25 20:00:00,66825.7,67376.9,65557.2,66662.8,67458.24,4480166636.8475
2024-10-26 00:00:00,66662.7,67016.1,66414.1,66885.7,27492.406,1834085595.8882
2024-10-26 04:00:00,66885.8,67211.2,66730.1,66982.0,14541.648,974721889.9665
2024-10-26 08:00:00,66982.0,67250.0,66939.5,67110.1,11608.638,778760112.5402
2024-10-26 12:00:00,67110.2,67156.0,66708.0,66864.2,18967.953,1268854680.6118
2024-10-26 16:00:00,66864.3,67160.0,66760.5,67154.5,10647.402,713210219.7513
2024-10-26 20:00:00,67154.4,67450.0,67056.5,67071.8,10911.945,733435882.8255
2024-10-27 00:00:00,67071.9,67297.2,66909.4,67261.8,8720.051,584831535.7308
2024-10-27 04:00:00,67261.9,67291.8,67081.6,67174.7,5970.87,401030440.6409
2024-10-27 08:00:00,67174.7,67246.0,67011.1,67101.1,7730.454,518845476.2773
2024-10-27 12:00:00,67101.0,67835.1,67095.0,67759.9,26035.205,1759415292.3577
2024-10-27 16:00:00,67759.9,67994.2,67513.0,67816.8,16831.536,1140094695.1932
2024-10-27 20:00:00,67816.8,68306.1,67600.0,67992.6,23180.692,1577715795.7309
2024-10-28 00:00:00,67992.7,68094.6,67651.0,67698.1,17259.456,1170700667.3307
2024-10-28 04:00:00,67698.1,68666.0,67584.2,68395.2,31198.17,2128195782.0064
2024-10-28 08:00:00,68395.3,68820.9,68207.4,68731.1,31556.121,2162810498.3034
2024-10-28 12:00:00,68731.1,69272.1,68390.6,68459.1,73534.015,5063229188.2487
2024-10-28 16:00:00,68459.1,69902.4,68424.0,69566.1,71038.675,4918705778.5584
2024-10-28 20:00:00,69650.0,70331.0,69480.3,69940.0,31542.185,2206278649.2502
2024-10-29 00:00:00,69939.9,71607.0,69733.0,70927.5,70969.906,5029164598.1792
2024-10-29 04:00:00,70927.4,71343.9,70803.0,71004.2,27074.597,1923553754.843
2024-10-29 08:00:00,71004.1,71580.0,70960.0,71440.1,27038.505,1927425395.8451
2024-10-29 12:00:00,71440.0,72490.0,70900.0,72374.9,101844.283,7304677709.4812
2024-10-29 16:00:00,72374.9,73660.0,72328.6,72528.6,111067.51,8094228082.8522
2024-10-29 20:00:00,72534.6,72999.0,71871.1,72739.5,44507.259,3223220226.8084
2024-10-30 00:00:00,72739.5,72797.4,72018.0,72249.9,28141.259,2036102418.8107
2024-10-30 04:00:00,72249.9,72628.5,72112.6,72244.8,18203.431,1317448500.7917
2024-10-30 08:00:00,72244.8,72620.0,71931.1,71995.0,28224.538,2041357195.2762
2024-10-30 12:00:00,71994.9,72484.5,71444.2,72058.8,69872.822,5029014725.8621
2024-10-30 16:00:00,72058.8,72207.1,71655.0,71826.1,25715.669,1850190191.5332
2024-10-30 20:00:00,71826.0,72984.9,71631.6,72349.0,56951.089,4120568760.1806
2024-10-31 00:00:00,72349.0,72598.5,72030.5,72359.9,19966.004,1444007028.7122
2024-10-31 04:00:00,72360.0,72488.9,72144.8,72417.8,12421.816,898149837.5185
2024-10-31 08:00:00,72417.8,72720.3,72150.0,72213.3,25593.011,1852977593.0023
2024-10-31 12:00:00,72213.4,72270.0,70453.1,70638.7,108897.549,7757725635.1608
2024-10-31 16:00:00,70638.6,70922.4,70050.0,70128.1,54149.039,3818291114.2555
2024-10-31 20:00:00,70128.0,70669.7,69705.0,70321.9,35457.909,2489708987.2845
2024-11-01 00:00:00,70321.9,70500.0,68870.4,69397.7,61743.169,4295988864.8709
2024-11-01 04:00:00,69397.7,69721.8,69100.9,69301.0,21979.496,1525642469.4209
2024-11-01 08:00:00,69301.0,70248.6,69270.0,70024.8,33299.189,2325808197.4348
2024-11-01 12:00:00,70024.7,71650.0,69036.0,69381.0,132614.932,9357996907.4854
2024-11-01 16:00:00,69381.1,70543.3,68822.5,69278.6,82079.073,5717928723.6995
2024-11-01 20:00:00,69278.6,69634.9,68856.3,69495.5,20875.229,1446332427.2708
2024-11-02 00:00:00,69495.4,69913.1,69480.8,69599.9,13396.546,933513187.6607
2024-11-02 04:00:00,69599.9,69822.5,69450.0,69813.1,9480.066,660149501.2173
2024-11-02 08:00:00,69813.0,69846.2,69413.0,69602.5,9919.876,690401310.4195
2024-11-02 12:00:00,69602.6,69700.0,69022.8,69394.0,25701.195,1782432860.5808
2024-11-02 16:00:00,69393.9,69610.9,69221.6,69502.6,11944.529,829481797.4181
2024-11-02 20:00:00,69502.5,69570.0,69150.1,69366.6,8871.893,615301700.6186
2024-11-03 00:00:00,69366.6,69393.7,67846.0,68367.5,53265.097,3646870020.1078
2024-11-03 04:00:00,68367.6,68772.8,68287.6,68395.6,20698.181,1418488308.6624
2024-11-03 08:00:00,68395.5,68605.5,68183.8,68345.4,17859.381,1221486575.7263
2024-11-03 12:00:00,68345.4,68549.7,67446.6,68076.0,57554.991,3908770440.6445
2024-11-03 16:00:00,68075.6,68691.4,67660.0,68670.0,43218.091,2950287289.2145
2024-11-03 20:00:00,68670.0,69348.0,68483.1,68762.5,33881.635,2335237620.9055
2024-11-04 00:00:00,68762.5,69495.3,68220.0,69034.0,31791.122,2190689557.0838
2024-11-04 04:00:00,69034.0,69397.2,68600.9,68601.0,21320.158,1470350367.1723
2024-11-04 08:00:00,68601.0,69029.8,68456.3,68778.0,25361.648,1742688893.6685
2024-11-04 12:00:00,68778.1,69243.8,68173.3,68614.7,47079.052,3229973693.2978
2024-11-04 16:00:00,68614.8,68808.6,67205.0,67845.7,66818.212,4532819706.7162
2024-11-04 20:00:00,67845.6,68093.0,66810.0,67834.3,52541.974,3542882795.1006
2024-11-05 00:00:00,67834.4,68264.3,67454.2,68226.3,26196.71,1779568224.0874
2024-11-05 04:00:00,68226.2,68967.0,68200.0,68876.0,24619.45,1688249884.3867
2024-11-05 08:00:00,68875.9,69100.0,68588.2,68788.4,24112.3,1659873444.0804
2024-11-05 12:00:00,68788.5,70300.0,68642.1,69615.3,85206.886,5927041941.2156
2024-11-05 16:00:00,69615.2,70537.4,68650.0,68955.9,72195.636,5043501120.9668
2024-11-05 20:00:00,68955.9,69875.1,68786.4,69353.1,40739.888,2825089371.3498
2024-11-06 00:00:00,69353.1,75656.1,69272.7,74367.1,220262.621,15994546710.6163
2024-11-06 04:00:00,74367.1,75486.4,73112.0,73435.9,150835.366,11228390322.2255
2024-11-06 08:00:00,73435.8,74488.1,72721.5,74291.6,80333.054,5911780132.299
2024-11-06 12:00:00,74291.7,74801.1,73500.0,74289.6,98258.389,7285949783.5854
2024-11-06 16:00:00,74289.7,75896.5,74134.5,75817.9,72281.048,5415323032.0165
2024-11-06 20:00:00,75817.9,76420.0,75500.0,75579.9,55469.808,4207243619.8238
2024-11-07 00:00:00,75579.9,76072.5,75000.0,75062.9,42389.268,3195460427.5132
2024-11-07 04:00:00,75062.8,75083.0,74450.0,74800.0,33140.462,2478445178.0134
2024-11-07 08:00:00,74800.0,75195.0,74719.3,74776.9,22641.139,1697667158.801
2024-11-07 12:00:00,74776.9,76094.6,74508.0,76081.6,53654.903,4032267415.5709
2024-11-07 16:00:00,76081.5,76750.4,75577.8,76533.3,85759.805,6533900882.9942
2024-11-07 20:00:00,76533.2,76900.0,75471.1,75859.4,43089.456,3283925391.5929
2024-11-08 00:00:00,75859.4,76350.2,75576.3,75900.4,26499.94,2012797622.05
2024-11-08 04:00:00,75900.4,76247.0,75696.1,76171.0,20162.471,1532099746.1995
2024-11-08 08:00:00,76171.0,76350.0,75775.8,75951.9,23054.513,1752560312.6515
2024-11-08 12:00:00,75952.0,76627.8,75620.1,76423.3,58380.345,4442345619.2992
2024-11-08 16:00:00,76423.3,77182.9,75820.0,76894.4,72505.49,5547264852.3173
2024-11-08 20:00:00,76894.4,77080.4,76278.5,76482.2,29767.565,2279135805.2259
2024-11-09 00:00:00,76482.2,76618.3,76122.4,76330.0,15792.551,1205838146.1011
2024-11-09 04:00:00,76330.1,76800.0,76285.7,76523.9,18270.772,1397867099.3719
2024-11-09 08:00:00,76523.9,76735.0,76358.8,76478.6,12472.435,954457649.4119
2024-11-09 12:00:00,76478.6,76552.1,76255.0,76305.7,15353.18,1172061721.9659
2024-11-09 16:00:00,76305.6,76700.0,75683.2,76195.2,35282.838,2687678300.4324
2024-11-09 20:00:00,76195.2,76920.0,76158.8,76675.1,20582.258,1576374761.2498
2024-11-10 00:00:00,76675.1,77543.1,76501.1,77204.0,45047.568,3472226565.445
2024-11-10 04:00:00,77204.0,79882.8,77133.3,78858.2,112080.688,8852340582.764
2024-11-10 08:00:00,78858.2,80178.0,78858.1,79926.7,48780.387,3883200872.7887
2024-11-10 12:00:00,79926.7,80200.0,79200.0,79735.1,54489.793,4339685061.7684
2024-11-10 16:00:00,79735.1,81199.0,79386.0,79793.4,75109.372,6036541245.5586
2024-11-10 20:00:00,79793.4,81699.8,78549.2,80410.0,81919.091,6555803589.5408
2024-11-11 00:00:00,80409.9,81944.6,80261.2,81662.4,47331.713,3841907264.1275
2024-11-11 04:00:00,81662.3,81783.5,80467.0,81147.9,38159.913,3093645664.1608
2024-11-11 08:00:00,81147.8,82431.4,81051.6,82168.7,52573.957,4301845996.1901
2024-11-11 12:00:00,82168.7,84359.7,81467.5,84114.2,143031.996,11840401071.2792
2024-11-11 16:00:00,84114.1,86971.0,83897.2,86181.0,158908.501,13539097018.4169
2024-11-11 20:00:00,86180.9,89800.0,86123.1,88728.9,174135.582,15304412625.5392
2024-11-12 00:00:00,88729.0,89589.2,86657.4,88145.1,112158.288,9895015458.0706
2024-11-12 04:00:00,88145.0,90070.1,87769.0,89095.4,82836.942,7377641334.185
2024-11-12 08:00:00,89095.5,89590.2,85500.0,87229.5,152590.451,13354200324.3221
2024-11-12 12:00:00,87229.5,87933.3,85159.9,86659.9,131106.429,11336029684.1323
2024-11-12 16:00:00,86660.0,89830.0,85792.5,88762.8,98262.57,8638637223.9691
2024-11-12 20:00:00,88762.9,89920.0,87384.6,87972.0,62526.904,5543722083.9495
2024-11-13 00:00:00,87972.0,88619.0,87061.6,87198.2,50628.657,4448494687.0602
2024-11-13 04:00:00,87198.3,87755.0,86180.0,87402.9,52550.607,4569369001.7946
2024-11-13 08:00:00,87402.9,88154.3,87132.4,87710.7,32402.081,2836718621.2203
2024-11-13 12:00:00,87710.7,92808.0,87551.0,92608.1,179178.401,16215834208.3029
2024-11-13 16:00:00,92608.0,93421.1,90005.8,90218.8,144613.188,13297567530.0141
2024-11-13 20:00:00,90218.8,91233.0,88005.1,90413.3,95915.363,8600697505.7718
2024-11-14 00:00:00,90413.3,90642.5,89531.7,89988.0,37865.206,3409805397.382
2024-11-14 04:00:00,89988.1,90900.0,89095.5,90818.9,35453.645,3188095203.0989
2024-11-14 08:00:00,90818.9,91726.1,90370.0,91536.7,58116.522,5290027941.3773
2024-11-14 12:00:00,91536.8,91846.1,87855.0,88000.0,106437.305,9563045412.5795
2024-11-14 16:00:00,87999.9,89763.9,87555.0,89502.7,59001.492,5240139031.8219
2024-11-14 20:00:00,89502.6,89502.6,86714.0,87382.7,67747.51,5947076837.073
2024-11-15 00:00:00,87382.6,88544.5,87302.4,88253.1,33647.259,2963485705.9161
2024-11-15 04:00:00,88253.2,88450.0,87111.0,87693.9,30043.698,2637717541.5677
2024-11-15 08:00:00,87693.9,89831.1,87418.4,89782.9,45281.393,4026609090.7757
2024-11-15 12:00:00,89783.0,90780.0,87815.0,88485.4,100346.13,8962223077.2117
2024-11-15 16:00:00,88485.5,90898.0,88428.9,90418.4,60358.503,5410661413.0737
2024-11-15 20:00:00,90418.5,91921.5,90371.1,91074.6,44754.925,4083527017.0313
2024-11-16 00:00:00,91074.6,91745.0,90900.0,91286.8,22409.14,2045506200.3458
2024-11-16 04:00:00,91286.9,91849.8,91107.4,91173.3,15216.836,1390389629.8692
2024-11-16 08:00:00,91173.3,91650.1,91050.0,91240.1,16860.827,1539952234.072
2024-11-16 12:00:00,91240.1,91384.4,90120.0,90578.0,37507.082,3405781156.3111
2024-11-16 16:00:00,90577.9,91443.5,90250.0,91176.9,22394.018,2036541314.9279
2024-11-16 20:00:00,91176.9,91253.7,90350.3,90643.3,14635.544,1328336151.7218
2024-11-17 00:00:00,90643.2,90954.9,89400.1,90294.9,31001.004,2792975227.1767
2024-11-17 04:00:00,90294.9,90949.9,90194.2,90600.0,19011.425,1722109445.2203
2024-11-17 08:00:00,90600.0,91539.6,90523.3,90743.4,25814.112,2349550195.8928
2024-11-17 12:00:00,90743.3,91250.0,89935.7,90305.1,32101.076,2907610436.6486
2024-11-17 16:00:00,90305.2,90701.0,89713.7,90099.5,25084.894,2262578257.4112
2024-11-17 20:00:00,90099.6,90276.3,88736.1,89899.9,34492.281,3088030273.5966
2024-11-18 00:00:00,89900.0,91000.0,89666.9,90728.6,22915.771,2072618816.2787
2024-11-18 04:00:00,90728.6,92414.9,90502.1,91795.9,38769.822,3549778146.7727
2024-11-18 08:00:00,91795.9,92338.9,90077.7,90338.7,44082.727,4028503409.0254
2024-11-18 12:00:00,90338.7,92700.0,89422.1,92407.8,95658.795,8683730401.3986
2024-11-18 16:00:00,92407.8,92675.9,89706.2,90657.8,78011.62,7118278695.5787
2024-11-18 20:00:00,90657.7,92084.7,90280.0,90507.4,54118.375,4941061849.4509
2024-11-19 00:00:00,90507.4,91634.2,90405.6,91499.9,24546.623,2234751712.8294
2024-11-19 04:00:00,91500.0,92123.7,91292.5,91696.0,23000.398,2110122442.2493
2024-11-19 08:00:00,91696.1,92029.2,91250.0,91717.6,24939.284,2286142087.3138
2024-11-19 12:00:00,91717.6,92885.0,91015.6,92453.3,96334.675,8860645928.9704
2024-11-19 16:00:00,92455.5,93985.9,92105.9,93271.4,79233.61,7383606094.9957
2024-11-19 20:00:00,93271.6,93633.1,91334.4,92335.9,55477.441,5122856594.0847
2024-11-20 00:00:00,92335.9,92459.2,91500.0,92072.1,26421.429,2429180436.9017
2024-11-20 04:00:00,92072.0,92866.6,91882.4,92856.6,21131.099,1953730074.5561
2024-11-20 08:00:00,92856.6,93712.5,92730.2,93485.1,40106.881,3739961280.8901
2024-11-20 12:00:00,93485.2,94849.0,93328.6,94737.6,96267.382,9076323176.2141
2024-11-20 16:00:00,94737.6,94840.0,93093.3,93999.9,78303.055,7350394227.9145
2024-11-20 20:00:00,93999.9,94626.8,93750.3,94288.0,27814.381,2620221663.6292
2024-11-21 00:00:00,94288.0,95991.4,94008.7,95790.2,61140.448,5806904428.4247
2024-11-21 04:00:00,95790.1,97899.9,95790.1,96950.0,83899.747,8140644699.8948
2024-11-21 08:00:00,96950.0,98438.9,96757.6,98014.0,54909.632,5366192611.4871
2024-11-21 12:00:00,98014.0,98289.3,95625.0,96684.0,103958.368,10092751962.0641
2024-11-21 16:00:00,96684.1,99100.0,96311.0,97891.5,76195.107,7462166961.2607
2024-11-21 20:00:00,97891.5,98767.0,97531.7,98366.8,38279.834,3758195145.6894
2024-11-22 00:00:00,98366.8,99414.0,97860.1,98888.9,38616.603,3807417274.3656
2024-11-22 04:00:00,98888.9,99537.6,98550.0,99252.6,32825.662,3251632303.956
2024-11-22 08:00:00,99252.6,99340.0,98300.0,98929.9,33443.457,3303026390.7846
2024-11-22 12:00:00,98930.0,99019.2,97199.9,98696.5,77364.746,7583756377.6596
2024-11-22 16:00:00,98696.6,99660.0,98264.2,99112.6,54528.558,5400026796.234
2024-11-22 20:00:00,99112.6,99500.0,98508.1,98921.4,28995.041,2871050383.3787
2024-11-23 00:00:00,98921.5,98937.3,98309.9,98702.6,17253.83,1701347644.9044
2024-11-23 04:00:00,98702.6,98842.8,98314.4,98600.6,14055.072,1385989893.7016
2024-11-23 08:00:00,98600.5,98666.0,98355.0,98470.8,11785.19,1160699377.3792
2024-11-23 12:00:00,98470.8,98916.8,98412.8,98426.0,19215.669,1896066776.9607
2024-11-23 16:00:00,98426.1,98504.4,97368.0,97562.4,40309.275,3943540582.5344
2024-11-23 20:00:00,97562.5,98088.4,97173.5,97725.5,17739.386,1732097126.6041
2024-11-24 00:00:00,97725.6,98666.0,97670.9,98260.8,17187.628,1688887683.0832
2024-11-24 04:00:00,98260.9,98490.8,97947.4,98490.1,12556.249,1233498589.0661
2024-11-24 08:00:00,98490.1,98578.9,97286.0,97337.6,20554.068,2010466097.6602
2024-11-24 12:00:00,97337.6,97680.0,95976.0,95986.4,60350.265,5847618895.8844
2024-11-24 16:00:00,95986.3,96846.4,95822.1,96396.8,32601.995,3137955637.405
2024-11-24 20:00:00,96396.8,98429.7,96265.1,97960.4,29868.635,2913387931.6301
2024-11-25 00:00:00,97960.5,98106.9,96929.9,97935.9,22932.841,2237392867.1446
2024-11-25 04:00:00,97935.8,98421.6,97600.0,98112.9,20355.41,1996245642.7718
2024-11-25 08:00:00,98113.0,98999.0,97911.1,98268.0,32738.055,3224630152.5766
2024-11-25 12:00:00,98268.1,98390.0,94665.4,96040.4,112741.637,10867213400.51
2024-11-25 16:00:00,96040.4,96562.7,94467.4,94723.6,64872.212,6191637065.5588
2024-11-25 20:00:00,94723.7,95366.8,92666.0,93064.0,75734.866,7117670990.2174
2024-11-26 00:00:00,93064.0,94981.8,92800.1,94537.8,39545.582,3725751052.2784
2024-11-26 04:00:00,94537.7,95064.0,93533.9,93842.1,24648.316,2324074078.8711
2024-11-26 08:00:00,93842.1,93846.1,91553.0,92420.0,90231.256,8369197251.8179
2024-11-26 12:00:00,92420.0,93639.5,91809.9,92877.4,73826.177,6842964016.369
2024-11-26 16:00:00,92877.4,94745.2,91650.6,91760.0,67285.049,6270444969.7422
2024-11-26 20:00:00,91760.0,92443.2,90866.4,92021.4,49392.853,4526523297.2677
2024-11-27 00:00:00,92021.5,93133.0,91864.0,92645.3,30203.735,2794201578.5353
2024-11-27 04:00:00,92645.2,93721.8,92413.2,93651.3,23144.634,2154941170.1516
2024-11-27 08:00:00,93651.3,93939.0,93167.2,93423.8,21517.494,2013200621.6174
2024-11-27 12:00:00,93423.8,95908.0,92903.4,95610.5,67850.746,6411739754.3161
2024-11-27 16:00:00,95610.4,96687.4,95238.7,96670.0,54604.299,5243043638.2856
2024-11-27 20:00:00,96670.1,97250.0,95776.6,95905.2,39685.079,3829042291.9056
2024-11-28 00:00:00,95905.2,96627.6,94878.2,95523.1,30725.546,2943346108.3789
2024-11-28 04:00:00,95523.1,95985.1,95135.8,95371.6,21039.487,2010942244.5574
2024-11-28 08:00:00,95371.5,95862.0,94700.1,95509.9,28019.076,2667846609.6431
2024-11-28 12:00:00,95509.9,96284.0,94950.0,95067.3,35794.858,3419091028.1688
2024-11-28 16:00:00,95067.3,95521.5,94863.8,95196.3,18747.366,1784085467.794
2024-11-28 20:00:00,95196.4,96082.7,94768.0,95694.4,19680.693,1877484341.6184
2024-11-29 00:00:00,95694.4,96932.9,95404.5,96646.4,24959.608,2402114599.8202
2024-11-29 04:00:00,96646.5,96684.4,95669.4,95690.2,19223.755,1849842925.0579
2024-11-29 08:00:00,95690.2,97437.1,95690.1,97302.2,30200.689,2918318267.1986
2024-11-29 12:00:00,97302.2,98713.3,96822.0,98076.2,60395.647,5905922123.5756
2024-11-29 16:00:00,98076.3,98514.9,96903.2,97380.0,41569.331,4056402417.1164
2024-11-29 20:00:00,97380.0,97687.4,97036.9,97516.3,14171.919,1380141234.0174
2024-11-30 00:00:00,97516.2,97522.1,96400.0,96708.1,23965.592,2319506553.0863
2024-11-30 04:00:00,96708.1,97300.0,96599.8,96843.3,19485.822,1888379967.8208
2024-11-30 08:00:00,96843.3,97047.2,96150.0,96321.3,16897.44,1631487409.9379
2024-11-30 12:00:00,96321.3,96800.0,96300.0,96707.4,11979.631,1157255117.083
2024-11-30 16:00:00,96707.4,97128.4,96581.9,97072.5,10495.275,1016909113.4429
2024-11-30 20:00:00,97072.6,97109.1,96380.0,96475.1,10250.458,991170234.3674
2024-12-01 00:00:00,96475.2,96746.3,95736.5,96404.0,26132.18,2515420303.1308
2024-12-01 04:00:00,96404.0,96585.0,96249.1,96525.4,9153.515,882834895.344
2024-12-01 08:00:00,96525.4,97250.0,96480.0,97163.7,21533.374,2088201818.7317
2024-12-01 12:00:00,97163.7,97481.3,96705.3,97081.4,20941.01,2034606595.8053
2024-12-01 16:00:00,97081.5,97632.8,97029.5,97242.0,15616.016,1519524498.1742
2024-12-01 20:00:00,97242.1,97933.0,96852.7,97265.1,19846.895,1934555793.6699
2024-12-02 00:00:00,97265.0,98266.0,96402.5,96549.8,29835.063,2908825614.2279
2024-12-02 04:00:00,96549.9,97000.0,95788.4,96053.6,39372.545,3794416219.3725
2024-12-02 08:00:00,96053.5,96177.9,94887.0,95191.3,43471.871,4141753175.487
2024-12-02 12:00:00,95191.4,97286.2,94826.0,97106.5,60495.623,5816172375.6354
2024-12-02 16:00:00,97106.6,97435.0,94400.0,95873.9,63080.969,6049197070.4856
2024-12-02 20:00:00,95873.9,96389.9,95171.5,95890.5,21357.84,2044759426.6995
2024-12-03 00:00:00,95890.6,96375.0,95463.6,96136.8,18629.132,1787357831.7371
2024-12-03 04:00:00,96136.8,96324.9,95336.3,95608.8,17487.71,1676041633.847
2024-12-03 08:00:00,95608.8,95739.8,94661.3,95045.8,25645.596,2439647474.6292
2024-12-03 12:00:00,95045.9,96315.5,93605.0,95743.7,85647.457,8124910035.5886
2024-12-03 16:00:00,95744.7,96236.3,94925.8,95512.7,38288.732,3656266365.4761
2024-12-03 20:00:00,95512.6,96200.0,95337.2,95913.3,20903.353,2004081889.0671
2024-12-04 00:00:00,95913.3,96740.0,95271.6,95852.0,27822.359,2669156904.5587
2024-12-04 04:00:00,95852.1,96799.9,95783.5,96652.1,18405.832,1774623079.3493
2024-12-04 08:00:00,96652.2,97041.1,96239.7,96270.0,20925.907,2023444367.2906
2024-12-04 12:00:00,96270.1,96634.6,95398.1,95813.0,54479.082,5228432013.4382
2024-12-04 16:00:00,95813.0,97310.3,94650.8,97283.4,67941.454,6502456270.7626
2024-12-04 20:00:00,97283.4,99099.9,97189.3,98669.8,86374.571,8500439744.2246
2024-12-05 00:00:00,98669.8,104630.4,97970.5,103084.8,155798.412,15766652473.103
2024-12-05 04:00:00,103084.7,103696.7,101359.8,102292.1,69178.653,7092156430.417
2024-12-05 08:00:00,102292.1,103228.9,102290.3,102668.2,31253.697,3210480264.6495
2024-12-05 12:00:00,102668.2,103661.7,100932.6,101350.1,82540.521,8466963630.5528
2024-12-05 16:00:00,101350.1,102063.8,98704.6,99111.6,78445.371,7900349636.309
2024-12-05 20:00:00,99111.5,99542.9,90200.0,97001.5,163060.737,15754277498.1917
2024-12-06 00:00:00,97001.6,98858.6,96429.5,97802.7,54871.518,5355377888.1944
2024-12-06 04:00:00,97802.7,98356.6,97422.8,98209.6,23490.73,2301798627.9736
2024-12-06 08:00:00,98209.7,98765.4,97705.2,98127.4,34097.618,3349295475.4616
2024-12-06 12:00:00,98127.4,99592.1,97550.0,99358.5,67051.277,6622931601.7562
2024-12-06 16:00:00,99358.5,101900.0,98800.0,101532.6,67789.279,6821799335.2682
2024-12-06 20:00:00,101532.6,101988.8,99111.0,99802.5,35069.186,3531956221.8842
2024-12-07 00:00:00,99802.5,100499.0,99361.0,99383.0,19615.533,1961432790.3674
2024-12-07 04:00:00,99383.0,99741.0,98876.9,99442.6,21001.06,2086157291.7883
2024-12-07 08:00:00,99442.6,99895.3,99314.8,99660.4,12084.542,1203817647.7657
2024-12-07 12:00:00,99660.3,99890.0,99101.7,99811.4,15668.723,1559611730.5847
2024-12-07 16:00:00,99811.5,100336.8,99528.0,100140.6,15477.404,1546830389.6234
2024-12-07 20:00:00,100140.7,100497.5,99655.0,99899.2,12011.396,1201887485.6623
2024-12-08 00:00:00,99899.2,100415.0,99686.4,99996.7,10362.305,1036802480.0751
2024-12-08 04:00:00,99996.7,100100.0,99388.5,99741.5,11720.725,1168844702.1348
2024-12-08 08:00:00,99741.6,99898.0,98709.4,99755.3,24081.257,2390935777.2532
2024-12-08 12:00:00,99755.2,100597.5,99409.3,99975.0,29860.114,2985929318.8857
2024-12-08 16:00:00,99974.9,100272.2,99538.4,100182.3,14904.59,1489210419.5469
2024-12-08 20:00:00,100182.4,101457.9,99800.0,101200.0,18826.685,1892940036.4149
2024-12-09 00:00:00,101200.1,101300.0,98500.1,99180.0,41149.178,4102136320.3075
2024-12-09 04:00:00,99179.9,99798.1,98374.3,99637.1,29272.885,2903113735.2038
2024-12-09 08:00:00,99637.2,99757.5,98112.0,98157.4,37959.165,3748449956.1573
2024-12-09 12:00:00,98157.5,100481.3,97555.0,97856.0,78567.275,7770137102.4498
2024-12-09 16:00:00,97856.1,98448.5,97029.5,97126.8,42609.82,4167856589.8669
2024-12-09 20:00:00,97126.8,97627.3,94039.7,97349.1,97415.267,9403546483.17
2024-12-10 00:00:00,97349.1,98197.8,95591.9,96958.0,47046.703,4566564016.3284
2024-12-10 04:00:00,96957.9,97540.8,95923.8,97217.7,28323.888,2744469401.0201
2024-12-10 08:00:00,97217.7,97948.0,96961.1,97745.8,20244.349,1975170676.8345
2024-12-10 12:00:00,97745.7,98320.6,95639.5,95687.9,69046.59,6716308926.3711
2024-12-10 16:00:00,95674.8,96566.8,94265.5,95862.9,98509.952,9390394004.7114
2024-12-10 20:00:00,95862.9,97238.9,95621.1,96602.4,28319.262,2736134978.93
2024-12-11 00:00:00,96602.3,97643.0,95650.0,97406.8,37997.227,3671445348.9144
2024-12-11 04:00:00,97406.9,97800.0,97185.7,97337.9,14407.389,1404640901.482
2024-12-11 08:00:00,97337.9,98499.9,97310.6,98289.7,24609.143,2413638235.3518
2024-12-11 12:00:00,98289.7,100798.6,98047.5,100352.7,66071.763,6566351691.9484
2024-12-11 16:00:00,100352.7,101136.6,99583.4,101094.1,50125.706,5037045437.9191
2024-12-11 20:00:00,101094.2,101880.0,100844.6,101115.3,28596.477,2897199526.156
2024-12-12 00:00:00,101115.3,101812.3,100309.8,101000.0,27234.965,2750384333.8923
2024-12-12 04:00:00,101000.0,101162.1,100359.6,100481.6,17652.59,1777819335.7568
2024-12-12 08:00:00,100481.5,101122.4,100150.0,100339.8,20809.1,2093635811.9666
2024-12-12 12:00:00,100339.8,101850.0,100336.3,101775.1,56891.436,5752955080.2544
2024-12-12 16:00:00,101775.1,102538.4,99280.2,99455.1,64519.39,6519660651.4611
2024-12-12 20:00:00,99455.1,100461.5,99428.6,99982.4,28111.594,2809384388.9947
2024-12-13 00:00:00,99982.3,100333.0,99149.6,99690.6,21321.108,2124080506.8903
2024-12-13 04:00:00,99690.6,100215.0,99446.4,100100.0,15814.867,1579596531.4917
2024-12-13 08:00:00,100099.9,100770.0,99863.5,100331.3,17660.896,1770737528.5834
2024-12-13 12:00:00,100331.3,101339.0,99653.6,99831.0,38171.736,3837963010.8565
2024-12-13 16:00:00,99831.0,101869.5,99750.0,101416.0,45302.268,4579426131.4268
2024-12-13 20:00:00,101416.1,101822.4,101028.7,101371.9,14166.443,1436035824.9856
2024-12-14 00:00:00,101371.9,102638.0,101106.1,102040.7,30294.884,3089919261.5311
2024-12-14 04:00:00,102040.7,102113.6,101557.8,101787.0,12566.304,1278768897.1334
2024-12-14 08:00:00,101787.0,101840.2,101298.4,101562.7,9813.394,996565175.1463
2024-12-14 12:00:00,101562.6,101729.2,100777.0,101601.9,26386.649,2672186910.4768
2024-12-14 16:00:00,101601.9,101716.3,100806.0,101293.0,17681.995,1789005250.8088
2024-12-14 20:00:00,101293.1,101450.0,100559.8,101381.0,10937.323,1105270879.2387
2024-12-15 00:00:00,101381.0,102165.4,101200.1,101700.1,15592.176,1586639044.715
2024-12-15 04:00:00,101700.0,102900.0,101460.8,101671.9,27541.411,2814934312.92
2024-12-15 08:00:00,101671.8,102666.0,101525.2,102623.1,15406.991,1574200887.4017
2024-12-15 12:00:00,102623.0,103362.3,102438.0,102668.5,31971.916,3288571708.9697
2024-12-15 16:00:00,102668.5,103498.9,102556.3,103227.7,18789.402,1938092518.7881
2024-12-15 20:00:00,103227.8,105374.6,102592.4,104460.4,48432.02,5036871614.8561
2024-12-16 00:00:00,104460.5,106665.8,104245.2,104560.0,62637.778,6597491049.4222
2024-12-16 04:00:00,104560.0,105390.0,104439.3,104949.9,18270.625,1917341175.6299
2024-12-16 08:00:00,104950.0,104991.7,103585.2,103717.8,24163.793,2522744124.2435
2024-12-16 12:00:00,103717.9,106466.9,103264.6,106281.2,72852.537,7649845563.3447
2024-12-16 16:00:00,106281.1,107777.0,105769.0,106546.0,71322.401,7614666292.3582
2024-12-16 20:00:00,106546.1,106618.2,105424.0,106023.2,25148.622,2665114909.5638
2024-12-17 00:00:00,106023.2,106980.0,105623.0,106824.4,21309.575,2264424117.6018
2024-12-17 04:00:00,106824.4,107113.9,106331.6,106784.0,16950.593,1808497354.302
2024-12-17 08:00:00,106784.0,107493.9,106671.7,106777.2,21219.982,2273709214.1583
2024-12-17 12:00:00,106777.1,108366.8,105674.0,106429.9,71086.715,7607214409.2469
2024-12-17 16:00:00,106429.9,107596.0,106104.6,106450.5,40303.166,4307073278.8048
2024-12-17 20:00:00,106450.4,106877.3,105252.0,106074.6,26903.881,2854101101.5861
2024-12-18 00:00:00,106074.6,106484.6,104527.6,104716.8,36652.409,3864251726.8201
2024-12-18 04:00:00,104716.8,104716.9,103065.6,104200.1,46474.659,4827305685.627
2024-12-18 08:00:00,104200.1,104993.7,103683.9,104978.6,21989.201,2294001365.0489
2024-12-18 12:00:00,104978.6,105343.8,103611.7,104395.1,45761.763,4779922202.2237
2024-12-18 16:00:00,104395.2,104959.4,102777.1,102782.1,60569.29,6292457930.5809
2024-12-18 20:00:00,102781.8,102954.8,99951.1,100181.1,117134.613,11866311046.7177
2024-12-19 00:00:00,100181.2,101305.1,98744.0,101163.3,68598.754,6867228542.618
2024-12-19 04:00:00,101163.4,101694.9,100613.2,101615.2,19507.702,1974031032.9997
2024-12-19 08:00:00,101615.1,102600.0,101338.8,102419.9,23149.224,2361446266.355
2024-12-19 12:00:00,102420.0,102756.7,99455.0,100631.1,75610.02,7644181196.4121
2024-12-19 16:00:00,100631.1,101162.5,96233.7,97172.1,121737.036,11989955292.6
2024-12-19 20:00:00,97172.2,98391.4,95681.2,97434.4,64365.727,6244379972.6773
2024-12-20 00:00:00,97434.3,97795.5,95946.9,97083.2,42560.281,4129253339.3711
2024-12-20 04:00:00,97083.2,98243.0,96350.1,97826.1,44423.807,4328138433.2826
2024-12-20 08:00:00,97826.1,97867.5,92613.7,92715.1,108658.87,10289378356.1448
2024-12-20 12:00:00,92715.1,97555.0,92272.6,96961.3,115205.819,10943715245.1195
2024-12-20 16:00:00,96961.4,97721.0,96254.0,97079.6,53735.933,5213385756.5743
2024-12-20 20:00:00,97079.6,97777.0,95393.8,97764.4,31604.085,3054856527.7819
2024-12-21 00:00:00,97764.5,97773.1,97142.0,97444.9,16567.071,1613458079.6112
2024-12-21 04:00:00,97444.9,99485.0,97330.0,98988.1,32678.501,3218822712.7591
2024-12-21 08:00:00,98988.0,99137.5,97757.8,98225.3,25724.796,2530981258.4978
2024-12-21 12:00:00,98225.4,98253.5,96375.0,97486.5,42516.701,4137048606.3197
2024-12-21 16:00:00,97486.6,97695.0,96800.0,97242.2,22571.885,2195583824.0257
2024-12-21 20:00:00,97242.3,98084.9,96520.0,97261.8,21199.526,2062607062.7552
2024-12-22 00:00:00,97261.7,97437.9,96532.0,96965.1,16009.718,1552990688.0445
2024-12-22 04:00:00,96965.1,97057.0,95867.3,96192.1,22249.568,2143354425.8864
2024-12-22 08:00:00,96192.1,97322.1,96172.1,97054.8,16254.938,1574621124.2707
2024-12-22 12:00:00,97054.7,97266.6,95085.0,95341.0,35517.211,3410509546.8128
2024-12-22 16:00:00,95341.0,96426.7,94642.4,94795.4,27681.696,2645133159.301
2024-12-22 20:00:00,94795.4,95787.7,94200.0,95153.5,30401.604,2889354324.3352
2024-12-23 00:00:00,95153.4,96019.8,93655.3,95989.9,43781.728,4145606736.9761
2024-12-23 04:00:00,95989.8,96488.8,94639.5,95360.5,28583.122,2730733576.7983
2024-12-23 08:00:00,95360.5,96499.0,94974.2,95899.4,21634.571,2074057075.4176
2024-12-23 12:00:00,95899.4,96377.2,93060.3,93217.6,63342.199,5985192308.7556
2024-12-23 16:00:00,93217.7,94249.3,92634.7,92997.7,49457.666,4617579304.8568
2024-12-23 20:00:00,92997.7,95480.4,92464.4,94861.1,40412.569,3799269470.1396
2024-12-24 00:00:00,94861.0,94861.1,93525.6,94330.1,24731.379,2329526741.6295
2024-12-24 04:00:00,94330.1,94638.6,93774.4,94200.0,14943.809,1408309140.7947
2024-12-24 08:00:00,94199.9,94618.0,93800.0,94369.0,14932.806,1406614585.6994
2024-12-24 12:00:00,94368.3,98274.9,94039.8,98243.5,66173.325,6388898334.1388
2024-12-24 16:00:00,98243.5,99450.0,97522.5,97558.5,60647.937,5971977459.1106
2024-12-24 20:00:00,97558.4,99074.8,97226.2,98627.2,30181.376,2961867470.0549
2024-12-25 00:00:00,98626.9,98848.4,97681.3,98000.0,16945.268,1664456740.9874
2024-12-25 04:00:00,98000.1,98539.5,97807.5,98049.7,11793.716,1157288176.5411
2024-12-25 08:00:00,98049.8,99323.3,97709.9,97889.3,28204.972,2779542864.3327
2024-12-25 12:00:00,97888.4,98797.9,97570.0,98493.3,27000.386,2654149825.7314
2024-12-25 16:00:00,98493.3,99258.0,98100.0,98981.3,16271.137,1605636695.9752
2024-12-25 20:00:00,98981.3,99580.7,98331.5,99379.7,24481.413,2423027006.4984
2024-12-26 00:00:00,99379.6,99950.0,98400.1,98957.7,30003.867,2972209784.7555
2024-12-26 04:00:00,98957.7,98957.7,97647.2,97669.6,20353.109,1998009522.7054
2024-12-26 08:00:00,97669.5,97721.8,95153.0,95662.7,61946.222,5952443692.1066
2024-12-26 12:00:00,95662.6,96227.4,95200.1,95993.5,37273.37,3566068428.2363
2024-12-26 16:00:00,95993.1,96580.0,95400.0,96064.8,28521.113,2737427621.5307
2024-12-26 20:00:00,96064.8,96079.9,95276.4,95751.0,16759.97,1602804447.5755
2024-12-27 00:00:00,95750.9,96419.0,95350.1,96377.8,24193.173,2321629364.7819
2024-12-27 04:00:00,96377.8,96580.0,94620.0,95074.4,33137.794,3167830850.3643
2024-12-27 08:00:00,95080.1,97564.5,95080.1,96900.3,47936.629,4625987929.4666
2024-12-27 12:00:00,96900.3,96999.0,93982.4,94539.9,46582.934,4441955396.4786
2024-12-27 16:00:00,94539.9,94979.9,93440.0,94720.3,38793.661,3656145244.2469
2024-12-27 20:00:00,94720.2,94794.0,94094.0,94258.9,15364.052,1451199699.1049
2024-12-28 00:00:00,94258.9,94687.6,94100.0,94550.6,9504.565,897353209.4191
2024-12-28 04:00:00,94550.6,94762.3,94256.9,94334.7,7504.281,709318983.8226
2024-12-28 08:00:00,94334.6,94850.0,94261.7,94711.3,8716.735,824397488.981
2024-12-28 12:00:00,94711.3,95346.1,94320.0,94407.7,20174.431,1911098043.5726
2024-12-28 16:00:00,94407.8,95197.3,94356.5,94993.8,12257.034,1162938383.1871
2024-12-28 20:00:00,94993.7,95700.0,94836.0,95259.1,9834.303,936480424.2467
2024-12-29 00:00:00,95259.1,95300.0,94761.0,95135.3,8086.524,768472129.3202
2024-12-29 04:00:00,95135.3,95250.0,94930.0,95233.2,4847.215,460977293.161
2024-12-29 08:00:00,95233.3,95286.4,94968.4,94986.1,5718.538,543944761.3421
2024-12-29 12:00:00,94986.2,95195.0,93925.4,94468.4,25557.782,2417703946.5803
2024-12-29 16:00:00,94468.3,94537.7,93333.0,93559.6,26206.812,2457736679.5233
2024-12-29 20:00:00,93559.5,93892.5,92961.8,93700.0,24631.063,2300532156.6534
2024-12-30 00:00:00,93699.9,94240.0,93326.0,93681.1,19319.653,1810608169.7973
2024-12-30 04:00:00,93680.8,94048.9,93181.8,93688.9,16272.993,1523189755.8754
2024-12-30 08:00:00,93688.9,94053.5,93433.0,93900.1,14170.338,1328887225.973
2024-12-30 12:00:00,93900.1,94249.9,91510.0,92081.5,70350.035,6511229756.8462
2024-12-30 16:00:00,92081.5,94668.5,91758.3,94400.0,56405.037,5275526909.471
2024-12-30 20:00:00,94400.1,95031.6,91850.0,92759.3,45825.537,4269317875.4111
2024-12-31 00:00:00,92759.3,92875.4,92000.0,92481.5,16941.843,1565904272.6877
2024-12-31 04:00:00,92481.5,93000.0,92315.4,92819.6,11095.688,1028385466.612
2024-12-31 08:00:00,92819.5,94738.4,92800.0,94202.5,36509.765,3432488589.5078
2024-12-31 12:00:00,94202.4,96254.3,94202.4,95389.4,58306.271,5561751572.5162
2024-12-31 16:00:00,95389.3,95569.6,93145.1,94155.8,41481.273,3909533931.8994
2024-12-31 20:00:00,94155.8,94218.3,93343.4,93548.9,14313.276,1341088992.3054
2025-01-01 00:00:00,93548.8,94449.2,93460.2,93810.0,13962.019,1311013770.8959
2025-01-01 04:00:00,93810.0,93914.7,93502.0,93660.7,7852.483,735674231.9001
2025-01-01 08:00:00,93660.7,93735.2,92796.5,93420.1,19004.988,1773124210.657
2025-01-01 12:00:00,93420.1,94489.5,93375.0,94409.9,22127.069,2079473769.9962
2025-01-01 16:00:00,94409.9,94823.2,93729.2,94612.1,14907.698,1404832252.726
2025-01-01 20:00:00,94612.1,95161.2,94522.1,94580.9,13382.403,1268497143.5999
2025-01-02 00:00:00,94580.9,95523.5,94357.4,95000.0,22798.717,2166316138.2363
2025-01-02 04:00:00,95000.0,96031.4,94971.3,95815.3,20140.275,1925767685.4398
2025-01-02 08:00:00,95815.4,96870.9,95612.5,96715.4,25249.289,2433763740.8202
2025-01-02 12:00:00,96715.4,97440.0,95910.8,96428.5,52717.632,5096343826.6619
2025-01-02 16:00:00,96428.5,97777.0,96018.7,97292.7,44624.753,4331509961.103
2025-01-02 20:00:00,97292.7,97822.4,96642.7,96967.5,16114.829,1566672217.4134
2025-01-03 00:00:00,96967.6,97325.7,96622.0,97019.1,11388.626,1104019924.5007
2025-01-03 04:00:00,97019.1,97034.9,96236.6,96275.0,14493.689,1399643537.4913
2025-01-03 08:00:00,96275.1,96788.0,96061.5,96710.5,16109.732,1553404601.364
2025-01-03 12:00:00,96710.4,97637.7,96422.5,97479.5,33904.407,3288392175.7878
2025-01-03 16:00:00,97479.6,98949.0,97353.6,98545.5,36541.023,3589180241.4712
2025-01-03 20:00:00,98545.6,98705.0,98028.5,98145.7,12783.197,1256867787.7063
2025-01-04 00:00:00,98145.7,98272.6,97762.1,98149.4,11796.611,1156508375.6751
2025-01-04 04:00:00,98149.3,98300.0,97830.0,98244.2,7743.12,759341259.3089
2025-01-04 08:00:00,98244.2,98300.0,97438.2,97831.8,14626.729,1430647209.8788
2025-01-04 12:00:00,97831.8,98117.6,97472.0,97623.6,15225.112,1489102359.2949
2025-01-04 16:00:00,97623.5,98334.6,97535.7,98120.3,9987.065,977915446.9838
2025-01-04 20:00:00,98120.4,98760.9,98076.4,98173.2,12535.997,1233552464.016
2025-01-05 00:00:00,98173.2,98349.8,98001.1,98160.1,5656.739,555197394.7004
2025-01-05 04:00:00,98160.0,98496.3,98160.0,98225.3,7364.236,724128666.018
2025-01-05 08:00:00,98225.3,98225.4,97533.6,97609.5,13194.206,1290345220.7801
2025-01-05 12:00:00,97609.5,98248.5,97227.0,97986.6,19204.699,1876648954.4315
2025-01-05 16:00:00,97987.1,98297.3,97530.0,98050.0,12523.264,1225978727.9936
2025-01-05 20:00:00,98050.0,98852.6,97986.3,98340.2,17006.145,1674305793.947
2025-01-06 00:00:00,98340.2,99278.0,97872.6,99005.0,26621.424,2628067551.3046
2025-01-06 04:00:00,99005.0,99886.7,99005.0,99280.0,25842.394,2570695724.5401
2025-01-06 08:00:00,99280.0,99600.0,98662.7,99219.3,21919.386,2171486039.8066
2025-01-06 12:00:00,99219.2,102443.9,98670.0,102104.5,78806.424,7923004364.3733
2025-01-06 16:00:00,102104.5,102444.0,101223.0,101771.7,38386.837,3912212729.8991
2025-01-06 20:00:00,101771.7,102298.8,101551.2,102180.4,15916.864,1623086703.4711
2025-01-07 00:00:00,102180.5,102762.1,101459.4,101661.3,18124.335,1848794325.0175
2025-01-07 04:00:00,101661.4,101986.1,101528.8,101649.3,9587.694,975390117.6905
2025-01-07 08:00:00,101649.3,101973.1,100435.4,100787.0,27244.306,2755973105.5499
2025-01-07 12:00:00,100787.0,100914.2,97100.0,97915.3,102572.629,10160275907.8402
2025-01-07 16:00:00,97915.4,98307.9,96295.9,96433.3,68434.86,6654469615.8708
2025-01-07 20:00:00,96433.3,97185.8,96153.0,96920.3,32747.485,3165098051.2591
2025-01-08 00:00:00,96920.2,97242.2,96200.0,96504.1,22590.19,2185783752.7966
2025-01-08 04:00:00,96504.1,96616.3,95222.0,95628.4,38378.445,3679274945.5991
2025-01-08 08:00:00,95628.3,96100.0,94480.7,95093.9,33435.244,3188839417.4855
2025-01-08 12:00:00,95093.8,96064.5,94588.9,95450.0,55769.475,5311553634.3627
2025-01-08 16:00:00,95449.9,95456.2,92500.0,94217.2,87321.554,8210435184.0451
2025-01-08 20:00:00,94217.1,95265.8,93509.8,95014.1,24517.205,2314601941.0767
2025-01-09 00:00:00,95014.0,95358.7,93405.3,93985.0,32781.223,3094250898.1844
2025-01-09 04:00:00,93985.0,94582.0,93156.0,93176.4,23080.953,2166638408.9377
2025-01-09 08:00:00,93176.5,93832.8,92700.0,93414.4,35074.143,3268765711.11
2025-01-09 12:00:00,93414.3,94547.7,91747.0,94195.2,67736.15,6288842482.6862
2025-01-09 16:00:00,94195.1,94644.8,91853.0,91858.3,54387.438,5068403662.6984
2025-01-09 20:00:00,91858.2,92674.9,91055.8,92505.9,44700.995,4107510409.0808
2025-01-10 00:00:00,92506.0,93682.8,92395.9,93654.9,20708.684,1926210175.7883
2025-01-10 04:00:00,93655.0,94975.2,93450.8,94457.0,26429.005,2488185246.0634
2025-01-10 08:00:00,94457.0,95239.9,94344.5,95030.5,24667.579,2338588890.163
2025-01-10 12:00:00,95030.5,95078.0,92173.6,93704.0,110225.73,10324694958.0416
2025-01-10 16:00:00,93704.0,95882.5,93151.5,95275.9,64309.711,6079549900.1307
2025-01-10 20:00:00,95276.0,95412.3,94531.4,94675.5,15602.245,1479254896.5299
2025-01-11 00:00:00,94675.6,94700.0,94060.8,94168.3,10624.496,1002572722.5235
2025-01-11 04:00:00,94168.3,94394.3,93802.1,94210.3,9858.079,928018670.0913
2025-01-11 08:00:00,94210.2,94757.9,94000.0,94570.4,11530.321,1087672465.7231
2025-01-11 12:00:00,94570.4,94613.6,94262.1,94365.8,8787.678,829886814.8968
2025-01-11 16:00:00,94365.9,94680.3,93943.0,94206.5,12137.832,1143994537.3493
2025-01-11 20:00:00,94206.5,94988.0,94150.9,94562.5,11723.357,1109452497.9558
2025-01-12 00:00:00,94562.4,94665.7,94260.0,94586.0,6125.373,578737659.6485
2025-01-12 04:00:00,94586.0,94614.5,94227.2,94291.3,4831.221,456203596.7624
2025-01-12 08:00:00,94291.2,94359.5,93661.1,94209.0,15455.056,1453003900.3656
2025-01-12 12:00:00,94209.0,95444.0,94128.0,95035.6,21151.098,2004162665.9196
2025-01-12 16:00:00,95035.7,95278.0,94527.8,94625.1,11349.438,1077460987.0397
2025-01-12 20:00:00,94625.0,94777.2,93727.4,94499.9,18385.947,1732450820.1011
2025-01-13 00:00:00,94499.9,95934.5,93852.0,94215.4,39756.953,3766936707.6061
2025-01-13 04:00:00,94215.4,94878.0,93222.2,93557.9,29936.963,2812827959.6332
2025-01-13 08:00:00,93557.9,93626.1,90809.8,90827.5,69147.558,6366048983.201
2025-01-13 12:00:00,90827.5,93055.0,88909.0,92093.6,127451.604,11623759933.4545
2025-01-13 16:00:00,92093.7,92501.5,91207.8,92274.8,54692.581,5024190199.5436
2025-01-13 20:00:00,92274.9,94681.1,91869.3,94485.3,40164.831,3763975825.3915
2025-01-14 00:00:00,94485.4,95260.0,94305.4,94821.2,22691.711,2151389436.1335
2025-01-14 04:00:00,94821.3,95437.8,94710.0,94823.3,16022.964,1522284275.9259
2025-01-14 08:00:00,94823.4,97353.9,94823.3,96508.4,55743.583,5370238947.7603
2025-01-14 12:00:00,96508.3,97250.0,95715.8,96416.7,59887.331,5780092127.4721
2025-01-14 16:00:00,96416.8,97044.8,95309.9,96496.5,43657.669,4197819425.9531
2025-01-14 20:00:00,96496.5,96882.8,96100.1,96514.9,14856.403,1433692616.8259
2025-01-15 00:00:00,96514.9,97530.2,96450.2,97288.7,26432.753,2565501429.3683
2025-01-15 04:00:00,97288.8,97688.0,96689.2,97253.7,22265.926,2163712912.4445
2025-01-15 08:00:00,97253.7,97488.0,96480.0,96725.4,20975.23,2032803235.8558
2025-01-15 12:00:00,96725.5,99746.6,96500.0,98943.4,85483.105,8430776411.1711
2025-01-15 16:00:00,98943.3,100038.1,98550.1,99807.4,34322.161,3405623270.315
2025-01-15 20:00:00,99807.4,100658.9,99410.3,100460.0,32938.391,3291845714.4982
2025-01-16 00:00:00,100460.0,100850.0,99106.8,99438.8,28294.304,2825499010.3032
2025-01-16 04:00:00,99438.9,99869.2,99284.2,99756.5,12552.843,1249975205.8216
2025-01-16 08:00:00,99756.5,99787.8,98557.8,99107.1,34575.941,3424160492.5771
2025-01-16 12:00:00,99107.1,99479.7,97293.6,99258.3,68005.563,6691171829.917
2025-01-16 16:00:00,99258.2,100426.0,99023.9,100382.0,46977.234,4681210100.7145
2025-01-16 20:00:00,100382.0,100599.8,99326.3,99937.4,26396.635,2640677946.7393
2025-01-17 00:00:00,99937.4,102133.7,99902.0,101005.1,45074.023,4560203109.1416
2025-01-17 04:00:00,101005.2,101845.6,100900.0,101406.9,16966.096,1720482185.515
2025-01-17 08:00:00,101406.9,102568.8,101400.0,102181.6,30304.328,3092056410.6527
2025-01-17 12:00:00,102181.6,104198.9,102137.1,103946.2,68462.094,7063990564.1111
2025-01-17 16:00:00,103946.3,105784.0,103772.6,105770.9,59774.108,6260779157.3202
2025-01-17 20:00:00,105771.0,105783.9,104024.8,104042.5,28869.32,3026209933.6495
2025-01-18 00:00:00,104042.6,104620.0,103001.1,103531.1,21840.674,2270329529.1486
2025-01-18 04:00:00,103531.2,103746.7,102561.0,102781.0,37862.007,3906518345.6076
2025-01-18 08:00:00,102781.1,103855.0,102242.8,103547.0,31937.663,3291107792.8426
2025-01-18 12:00:00,103547.0,104962.1,103086.5,104517.1,32980.549,3431053722.17
2025-01-18 16:00:00,104517.1,104681.7,103110.0,104349.9,30255.347,3143239391.0747
2025-01-18 20:00:00,104349.9,104744.3,103750.0,104524.3,13063.852,1361317718.9314
2025-01-19 00:00:00,104524.3,105439.0,103980.0,104958.3,20810.853,2179769507.0906
2025-01-19 04:00:00,104958.2,105629.4,104214.6,105151.8,24589.2,2582792121.847
2025-01-19 08:00:00,105151.8,105458.4,103458.6,104353.8,48225.235,5044335398.3674
2025-01-19 12:00:00,104353.8,105743.1,104285.7,104936.0,36699.724,3852749305.589
2025-01-19 16:00:00,104936.0,106259.8,104520.0,106247.9,21082.5,2217983096.083
2025-01-19 20:00:00,106247.9,106450.0,99600.0,101311.5,129541.666,13297219023.0734
2025-01-20 00:00:00,101311.5,102300.0,99501.0,101874.5,78880.347,7956975087.1479
2025-01-20 04:00:00,101873.8,110000.0,101519.5,107178.8,116597.377,12479350605.7273
2025-01-20 08:00:00,107178.8,109300.8,107140.0,108267.5,43506.419,4709527476.6691
2025-01-20 12:00:00,108267.6,108756.6,104500.0,105008.7,85667.609,9151218145.6652
2025-01-20 16:00:00,105001.3,107082.8,100138.2,103674.2,174874.235,18146181023.5264
2025-01-20 20:00:00,103674.3,104313.2,101714.4,102247.6,30982.193,3193229656.5803
2025-01-21 00:00:00,102247.7,103279.9,100097.2,102922.7,54348.06,5535716495.4067
2025-01-21 04:00:00,102922.7,102972.5,101102.8,101980.7,27001.2,2754878668.4776
2025-01-21 08:00:00,101980.7,103956.2,101719.4,103725.0,28413.984,2926268596.3074
2025-01-21 12:00:00,103725.0,105292.3,102800.0,103929.1,64361.253,6693405903.1739
2025-01-21 16:00:00,103929.1,107241.6,103781.5,106989.9,68892.901,7295810601.3355
2025-01-21 20:00:00,106989.9,107180.0,105400.2,106114.5,30279.43,3216311039.4939
2025-01-22 00:00:00,106115.4,106390.0,105431.9,105588.2,16342.423,1730051628.3043
2025-01-22 04:00:00,105588.1,105948.6,105037.2,105063.8,16263.508,1715632022.7928
2025-01-22 08:00:00,105063.8,105449.9,104610.0,105083.9,19448.044,2042186979.9031
2025-01-22 12:00:00,105083.9,105557.2,103612.0,104138.0,47832.318,4996408671.5575
2025-01-22 16:00:00,104138.1,104721.8,103211.6,104600.0,32231.051,3354376341.3266
2025-01-22 20:00:00,104600.0,104804.5,103556.7,103664.9,19126.184,1990917844.2867
2025-01-23 00:00:00,103664.9,103777.4,102082.0,102417.0,30890.534,3176402620.0674
2025-01-23 04:00:00,102417.1,102955.0,101550.4,102668.4,24694.165,2525064935.5764
2025-01-23 08:00:00,102668.3,102668.4,101211.0,101909.2,21357.796,2176306445.3272
2025-01-23 12:00:00,101909.2,106000.0,101279.8,105235.2,136243.99,14162555650.4368
2025-01-23 16:00:00,105235.2,106840.2,103342.0,103713.7,83709.753,8820904843.9532
2025-01-23 20:00:00,103713.7,106387.4,102161.9,103864.1,121257.781,12653770139.1884
2025-01-24 00:00:00,103864.0,104289.9,102680.0,103842.6,24734.677,2560758341.1655
2025-01-24 04:00:00,103842.6,105331.2,103745.5,104999.9,21476.673,2249039898.1742
2025-01-24 08:00:00,104999.9,105732.1,104875.7,105374.0,18221.84,1918895647.0415
2025-01-24 12:00:00,105374.1,106307.6,104623.0,105821.8,36536.511,3854764252.3693
2025-01-24 16:00:00,105821.3,107076.5,105533.0,105726.7,39006.248,4145150163.9517
2025-01-24 20:00:00,105726.7,105733.4,104400.0,104808.1,25771.001,2706515201.572
2025-01-25 00:00:00,104808.0,105234.5,104310.0,105153.9,14022.122,1467655256.9252
2025-01-25 04:00:00,105153.9,105153.9,104128.2,104349.3,10568.419,1104118422.9965
2025-01-25 08:00:00,104349.4,104650.5,104040.6,104626.8,10038.856,1047668431.6908
2025-01-25 12:00:00,104626.9,105066.0,104400.1,104852.1,10788.444,1129816772.3121
2025-01-25 16:00:00,104852.1,105274.7,104410.8,105005.6,13101.27,1373406221.9435
2025-01-25 20:00:00,105005.7,105234.3,104643.3,104702.0,7111.052,746406995.8937
2025-01-26 00:00:00,104702.0,105263.3,104461.6,105036.5,8524.479,893353397.9936
2025-01-26 04:00:00,105036.6,105496.9,104905.3,104963.7,6808.86,715753924.974
2025-01-26 08:00:00,104963.7,105208.8,104358.3,104775.6,13300.655,1392216206.4243
2025-01-26 12:00:00,104775.6,105043.4,104648.8,104919.9,6971.965,731183611.2801
2025-01-26 16:00:00,104920.0,105237.0,104850.1,105050.1,6836.178,718068148.4127
2025-01-26 20:00:00,105050.1,105175.0,102450.3,102560.1,33344.95,3453080036.9679
2025-01-27 00:00:00,102560.0,103216.5,100632.5,101349.2,52340.587,5323332800.7885
2025-01-27 04:00:00,101349.1,101349.3,97680.0,98996.3,72374.471,7196566129.635
2025-01-27 08:00:00,98996.3,99495.0,98200.0,98700.0,35594.681,3520887827.8523
2025-01-27 12:00:00,98700.1,102267.8,98666.0,101070.8,80059.767,8078001701.374
2025-01-27 16:00:00,101070.8,101207.1,98820.6,99660.4,47155.292,4705180996.8079
2025-01-27 20:00:00,99660.3,102423.3,99548.9,102021.3,38165.076,3870588202.6169
2025-01-28 00:00:00,102021.3,102846.1,101263.0,102582.7,25966.028,2650559209.2208
2025-01-28 04:00:00,102582.7,103325.3,102473.3,102753.8,20947.894,2156200709.7571
2025-01-28 08:00:00,102754.3,103151.0,102352.3,102717.9,14152.903,1454229844.1823
2025-01-28 12:00:00,102717.9,103797.0,101770.5,102730.6,41814.816,4294351292.8455
2025-01-28 16:00:00,102730.6,103089.9,101778.0,102368.7,35294.657,3615446734.7066
2025-01-28 20:00:00,102368.7,102495.0,100235.0,101279.6,31740.963,3209658519.9491
2025-01-29 00:00:00,101279.7,102300.0,101269.7,101994.0,14925.038,1518671585.9798
2025-01-29 04:00:00,101994.1,102800.6,101908.5,102723.2,12728.903,1303500502.2636
2025-01-29 08:00:00,102723.2,103012.6,102153.8,102594.7,14137.703,1450400214.2104
2025-01-29 12:00:00,102594.7,102783.7,101526.8,101934.2,28727.356,2931897799.3873
2025-01-29 16:00:00,101934.2,103997.0,101365.0,103550.5,58082.504,5960081941.269
2025-01-29 20:00:00,103550.6,104755.0,102791.0,103698.2,41388.448,4300187178.1612
2025-01-30 00:00:00,103698.1,105287.9,103224.5,105155.7,23135.964,2414589867.958
2025-01-30 04:00:00,105155.6,105564.5,104762.9,105085.1,21889.357,2301366493.6749
2025-01-30 08:00:00,105085.2,105514.2,104879.3,105251.9,12288.148,1292896395.3582
2025-01-30 12:00:00,105251.9,106450.0,104607.2,105519.4,41745.937,4404575007.5496
2025-01-30 16:00:00,105519.4,105960.0,104704.1,105659.8,21888.068,2305445100.4248
2025-01-30 20:00:00,105659.9,105767.1,104628.3,104676.9,16019.926,1684199640.0338
2025-01-31 00:00:00,104676.9,104982.2,103880.0,104286.7,19595.66,2045641561.8058
2025-01-31 04:00:00,104286.6,104776.4,103926.4,104160.1,15289.239,1595301438.901
2025-01-31 08:00:00,104160.0,104821.8,103888.6,104691.9,14789.404,1542721471.1334
2025-01-31 12:00:00,104692.0,106000.0,104050.0,105407.0,36319.944,3813518244.8281
2025-01-31 16:00:00,105406.9,105537.0,102100.0,102275.8,54110.43,5605520416.9154
2025-01-31 20:00:00,102275.7,102443.9,101509.0,102379.7,32133.14,3275923866.3214
2025-02-01 00:00:00,102379.8,102734.9,102131.0,102203.9,11261.398,1153738237.7831
2025-02-01 04:00:00,102203.8,102543.0,102058.8,102127.0,7685.936,786273123.5892
2025-02-01 08:00:00,102127.0,102242.3,101344.0,101980.1,17719.955,1803542692.0176
2025-02-01 12:00:00,101980.0,102297.0,101680.0,102031.5,13065.456,1332831708.5273
2025-02-01 16:00:00,102031.6,102250.0,101392.9,101620.1,12351.277,1258486741.8868
2025-02-01 20:00:00,101620.1,101620.1,100215.0,100603.6,28779.069,2905459021.7872
2025-02-02 00:00:00,100603.6,101426.0,99111.0,99160.8,32062.059,3213493444.6495
2025-02-02 04:00:00,99160.8,100470.1,98989.0,99586.2,24488.446,2443024263.5267
2025-02-02 08:00:00,99586.2,100071.0,98550.0,98811.6,25456.429,2527927856.5247
2025-02-02 12:00:00,98811.5,99384.5,98100.0,99298.6,33912.653,3350886097.3154
2025-02-02 16:00:00,99298.6,99319.0,96750.1,98232.0,67223.464,6570853348.2444
2025-02-02 20:00:00,98232.0,98594.9,96029.6,97664.5,49791.642,4843412599.2219
2025-02-03 00:00:00,97664.5,97748.0,91130.3,94001.6,168653.996,15919494256.7268
2025-02-03 04:00:00,94001.6,95373.1,92595.7,95271.1,40481.456,3798507445.3235
2025-02-03 08:00:00,95271.1,95891.9,94716.5,95070.8,36094.712,3439930054.101
2025-02-03 12:00:00,95070.9,99501.4,94111.0,98802.7,91828.338,8872348714.4671
2025-02-03 16:00:00,98802.8,101832.0,97993.3,101831.9,73898.605,7349551594.8656
2025-02-03 20:00:00,101831.9,102456.0,100861.0,101293.7,44130.927,4482027844.2347
2025-02-04 00:00:00,101293.6,101729.3,100500.1,100597.1,21676.343,2191447633.9733
2025-02-04 04:00:00,100597.2,100736.3,98183.0,98405.1,52017.001,5157219161.4594
2025-02-04 08:00:00,98405.1,99387.0,97792.8,98924.0,29726.53,2931574174.4064
2025-02-04 12:00:00,98924.1,100371.0,98215.7,99310.6,55172.933,5482062034.9431
2025-02-04 16:00:00,99310.5,100743.6,98724.1,98811.8,38784.927,3860311897.1787
2025-02-04 20:00:00,98812.0,99400.0,96100.0,97709.9,65368.469,6386764298.5998
2025-02-05 00:00:00,97710.0,98914.4,97069.0,97989.5,26689.012,2613085661.3631
2025-02-05 04:00:00,97989.5,98300.0,97320.0,97814.9,17884.945,1748726638.4119
2025-02-05 08:00:00,97814.9,98178.0,97206.0,98161.7,15468.776,1512364940.4705
2025-02-05 12:00:00,98161.7,99124.2,97709.9,98063.3,34048.979,3348831346.1554
2025-02-05 16:00:00,98063.3,98262.3,96442.1,97327.1,33419.487,3252366382.7321
2025-02-05 20:00:00,97327.2,97662.6,96106.1,96553.2,23868.467,2312228404.3065
2025-02-06 00:00:00,96553.2,97460.0,96373.4,97305.6,14758.431,1430989284.5237
2025-02-06 04:00:00,97305.6,98390.5,97215.2,98164.9,15525.03,1520221121.2437
2025-02-06 08:00:00,98164.9,99093.0,97880.0,98826.3,24612.47,2426698017.2071
2025-02-06 12:00:00,98826.3,99019.9,96866.9,97285.6,42424.16,4158463366.981
2025-02-06 16:00:00,97285.7,97500.0,95613.5,95946.1,43232.83,4172517290.4189
2025-02-06 20:00:00,95946.0,97041.4,95736.0,96515.1,20968.092,2023492924.2281
2025-02-07 00:00:00,96515.0,97805.8,96358.3,97410.2,16612.27,1613807538.9398
2025-02-07 04:00:00,97410.2,97835.0,96536.5,96705.1,17746.436,1722474644.4268
2025-02-07 08:00:00,96705.0,97722.3,96566.3,97703.8,14669.521,1426952104.6339
2025-02-07 12:00:00,97703.8,100112.4,97150.0,98257.1,98527.475,9718627606.388
2025-02-07 16:00:00,98257.1,98535.5,96817.0,96840.1,45070.845,4402895850.4469
2025-02-07 20:00:00,96840.0,96885.6,95555.0,96454.5,30747.082,2952710517.6305
2025-02-08 00:00:00,96454.5,96850.0,96288.0,96660.0,12426.456,1200325292.1208
2025-02-08 04:00:00,96660.0,96660.1,95714.4,96153.4,13155.164,1264626816.1878
2025-02-08 08:00:00,96153.4,96248.3,95805.0,96074.1,9887.085,949432849.9803
2025-02-08 12:00:00,96074.0,96466.0,95600.0,95798.0,14840.001,1424777605.4926
2025-02-08 16:00:00,95798.0,96725.2,95685.6,96550.0,13291.749,1279241075.9024
2025-02-08 20:00:00,96550.0,96673.5,96311.6,96411.9,5449.977,525718887.4365
2025-02-09 00:00:00,96412.0,97284.1,96306.5,97278.4,12620.838,1221955426.5285
2025-02-09 04:00:00,97278.3,97301.7,96738.3,97020.0,7892.281,765684902.5257
2025-02-09 08:00:00,97020.0,97279.3,96498.5,96511.2,13729.086,1329298841.085
2025-02-09 12:00:00,96511.2,96663.6,95633.6,96438.0,21436.138,2062059946.4796
2025-02-09 16:00:00,96438.0,96541.6,95828.0,96011.4,10274.1,987905114.8095
2025-02-09 20:00:00,96011.4,96750.0,94650.1,96423.6,35224.843,3369198480.5145
2025-02-10 00:00:00,96423.6,97091.8,95200.1,96770.0,32348.746,3114937780.8922
2025-02-10 04:00:00,96770.0,97634.0,96591.8,97386.3,23605.802,2291650309.9344
2025-02-10 08:00:00,97386.3,97930.0,97305.5,97627.2,18947.956,1851028275.1312
2025-02-10 12:00:00,97627.3,98328.0,96806.6,97187.7,35096.177,3421981473.4768
2025-02-10 16:00:00,97187.7,97611.0,96828.4,97343.6,16027.97,1558536927.6001
2025-02-10 20:00:00,97343.6,97455.5,97090.3,97379.2,6905.894,671852072.8952
2025-02-11 00:00:00,97379.2,98108.5,97352.2,97565.5,15100.134,1475904278.8201
2025-02-11 04:00:00,97565.4,98482.2,97514.6,98231.1,16552.116,1624640494.1376
2025-02-11 08:00:00,98231.2,98306.9,97834.3,98100.0,10582.887,1037738392.8388
2025-02-11 12:00:00,98100.1,98112.2,96529.3,96963.3,40145.936,3898632835.0871
2025-02-11 16:00:00,96963.2,97002.0,94814.3,94988.0,43455.599,4163553402.8715
2025-02-11 20:00:00,94988.0,96468.5,94871.2,95731.4,28996.232,2773861783.4768
2025-02-12 00:00:00,95731.4,96230.0,95050.0,95251.4,15872.659,1518707511.6169
2025-02-12 04:00:00,95251.4,96130.1,95213.2,96025.8,12022.343,1150743661.6154
2025-02-12 08:00:00,96025.1,96437.5,95860.5,96062.4,15330.015,1474059652.3331
2025-02-12 12:00:00,96062.4,96596.3,94003.9,95762.1,81170.853,7723232681.4638
2025-02-12 16:00:00,95762.0,97700.0,95074.0,97156.6,52129.395,5043965239.8365
2025-02-12 20:00:00,97156.7,98090.9,96811.2,97816.3,25922.814,2528929606.0137
2025-02-13 00:00:00,97816.3,98053.8,97309.1,97463.4,12528.34,1223590838.975
2025-02-13 04:00:00,97463.4,97519.3,95706.8,96018.5,29528.25,2847131770.1721
2025-02-13 08:00:00,96018.5,96288.9,95500.0,95883.6,20319.939,1950439096.7438
2025-02-13 12:00:00,95883.6,96432.4,95288.5,95943.5,37774.418,3622395393.9197
2025-02-13 16:00:00,95943.2,96325.0,95160.1,95587.8,26297.007,2515900173.4587
2025-02-13 20:00:00,95587.9,96756.8,95544.9,96560.6,15792.572,1521329863.4075
2025-02-14 00:00:00,96560.6,97163.0,96309.5,97094.9,13958.196,1349915888.0014
2025-02-14 04:00:00,97094.9,97212.0,96505.0,96889.9,12651.199,1225105049.1693
2025-02-14 08:00:00,96889.9,97150.0,96743.4,96844.6,9939.549,963653884.7813
2025-02-14 12:00:00,96844.6,97561.1,96225.7,96886.5,34393.742,3330221304.3096
2025-02-14 16:00:00,96886.5,98792.8,96444.6,97898.3,51033.979,4994948900.4636
2025-02-14 20:00:00,97898.4,98229.1,96636.7,97445.1,22476.292,2187102352.7114
2025-02-15 00:00:00,97445.2,97941.2,97170.0,97619.4,10051.551,980954016.0982
2025-02-15 04:00:00,97619.4,97750.0,97306.3,97312.4,5995.987,584596016.5581
2025-02-15 08:00:00,97312.4,97692.3,97255.2,97569.4,6186.788,603157995.6929
2025-02-15 12:00:00,97569.5,97899.8,97377.0,97594.5,11164.25,1089865493.4089
2025-02-15 16:00:00,97594.5,97682.4,97274.5,97496.9,7776.703,757961561.2637
2025-02-15 20:00:00,97497.0,97698.4,97370.0,97538.0,6243.314,608769148.191
2025-02-16 00:00:00,97538.0,97665.8,97373.1,97504.9,5666.471,552573558.483
2025-02-16 04:00:00,97504.8,97638.8,97137.0,97207.4,5859.374,570761734.2586
2025-02-16 08:00:00,97207.4,97355.0,97011.0,97293.1,7282.127,707705573.4023
2025-02-16 12:00:00,97293.1,97295.7,96629.5,96849.9,13685.034,1326309833.8866
2025-02-16 16:00:00,96850.0,97134.0,96572.5,97021.5,9001.586,872250950.8692
2025-02-16 20:00:00,97021.4,97247.6,96002.0,96067.0,15190.281,1466363170.9904
2025-02-17 00:00:00,96067.0,96605.7,96000.0,96171.5,11350.76,1092405282.398
2025-02-17 04:00:00,96171.4,96421.9,95739.6,96023.8,13627.4,1309460680.1866
2025-02-17 08:00:00,96023.8,96347.0,95897.1,96018.2,12992.848,1248939152.8106
2025-02-17 12:00:00,96018.3,97000.0,95491.7,95605.5,29886.124,2877825853.3217
2025-02-17 16:00:00,95605.5,95900.0,95150.6,95490.8,24809.586,2368767227.895
2025-02-17 20:00:00,95490.7,96386.9,95452.8,95743.2,12910.268,1239269696.2934
2025-02-18 00:00:00,95743.1,96296.5,95508.8,96163.1,12045.894,1156251744.1181
2025-02-18 04:00:00,96163.1,96267.7,95199.9,95409.9,18722.38,1789258484.0313
2025-02-18 08:00:00,95409.9,95849.0,95000.0,95606.1,15643.511,1493501898.3149
2025-02-18 12:00:00,95606.0,96737.3,95115.1,95501.6,39510.683,3788693481.6149
2025-02-18 16:00:00,95501.6,95595.0,93321.6,94062.1,59876.925,5642600398.1645
2025-02-18 20:00:00,94062.2,95645.3,93696.4,95622.0,33373.969,3164104552.0608
2025-02-19 00:00:00,95622.0,95929.0,95020.0,95672.1,17813.797,1701550701.3704
2025-02-19 04:00:00,95672.2,95816.2,95012.5,95640.4,16957.175,1617833840.7969
2025-02-19 08:00:00,95640.5,96443.9,95571.2,96392.0,20145.348,1935773376.0601
2025-02-19 12:00:00,96392.0,96676.0,95494.4,95895.4,32576.279,3130758027.3329
2025-02-19 16:00:00,95895.4,96447.0,95362.8,96159.9,22433.716,2153760037.0392
2025-02-19 20:00:00,96159.8,96878.7,96011.6,96598.0,15070.558,1453320507.7521
2025-02-20 00:00:00,96597.9,97339.8,96366.0,97017.4,16242.992,1573786094.8086
2025-02-20 04:00:00,97017.4,97310.4,96743.8,96825.8,10876.646,1055082858.2825
2025-02-20 08:00:00,96825.7,97350.0,96757.2,97164.6,9215.261,895100430.9979
2025-02-20 12:00:00,97164.6,98000.0,96756.1,96870.5,40545.385,3947191504.1119
2025-02-20 16:00:00,96871.1,98480.0,96838.1,98370.0,34903.809,3417544180.8235
2025-02-20 20:00:00,98369.9,98662.1,97952.8,98252.9,17396.079,1710220731.6205
2025-02-21 00:00:00,98252.8,98450.0,98030.3,98106.1,9636.148,946203420.0956
2025-02-21 04:00:00,98106.0,98555.0,98072.4,98130.0,9837.915,966922266.8951
2025-02-21 08:00:00,98129.9,98888.0,98057.5,98579.7,21699.494,2136318217.7078
2025-02-21 12:00:00,98579.7,99431.5,97143.0,98057.6,85401.79,8402808431.2217
2025-02-21 16:00:00,98057.6,98720.0,95201.2,95247.5,85986.94,8338386652.667
2025-02-21 20:00:00,95247.4,96150.0,94830.4,96127.9,38055.986,3629949690.7143
2025-02-22 00:00:00,96128.0,96399.9,95701.9,96249.9,12887.85,1238707098.5185
2025-02-22 04:00:00,96250.0,96542.7,96219.9,96241.7,8085.678,779302237.8826
2025-02-22 08:00:00,96241.7,96571.2,96107.0,96526.4,11109.977,1070688378.319
2025-02-22 12:00:00,96526.5,96988.0,96444.2,96552.4,18121.719,1751690446.7007
2025-02-22 16:00:00,96552.3,96794.6,96333.8,96596.6,10553.783,1019195221.2009
2025-02-22 20:00:00,96596.5,96659.5,96432.6,96503.3,5033.143,485936901.4711
2025-02-23 00:00:00,96503.3,96602.9,96309.6,96373.7,5921.475,571015766.3168
2025-02-23 04:00:00,96373.7,96504.1,96102.2,96454.6,10823.841,1042370397.0632
2025-02-23 08:00:00,96454.6,96459.4,96030.0,96064.3,7616.299,732797483.9401
2025-02-23 12:00:00,96064.2,96118.1,95326.8,95391.5,21371.74,2045842694.4248
2025-02-23 16:00:00,95391.5,95823.5,95180.2,95706.5,11934.582,1139977234.3469
2025-02-23 20:00:00,95706.5,96290.0,95476.5,96218.4,11630.754,1115359215.9072
2025-02-24 00:00:00,96218.4,96470.0,95263.0,95388.1,17763.849,1703801645.2862
2025-02-24 04:00:00,95388.0,95918.4,95018.0,95834.2,17643.499,1684329568.3536
2025-02-24 08:00:00,95834.2,96147.5,95282.4,95774.8,19209.488,1837034951.9127
2025-02-24 12:00:00,95774.9,96055.1,93800.0,94295.9,60104.206,5702581706.3997
2025-02-24 16:00:00,94295.9,95182.3,93612.9,93916.1,39593.268,3740793129.0763
2025-02-24 20:00:00,93917.4,94551.1,91300.0,91514.5,63174.44,5874654678.4021
2025-02-25 00:00:00,91514.5,92500.0,90850.0,92125.3,49736.339,4566083302.8752
2025-02-25 04:00:00,92125.3,92287.0,88131.6,89262.9,92098.853,8278741088.9356
2025-02-25 08:00:00,89262.8,89952.0,86800.0,89186.8,100778.92,8910754172.8394
2025-02-25 12:00:00,89186.9,89499.9,86020.4,87206.9,108732.091,9531794158.5562
2025-02-25 16:00:00,87206.8,88048.9,86125.9,87914.3,72441.612,6311010894.8919
2025-02-25 20:00:00,87914.2,89442.7,87578.1,88639.1,48508.687,4295816944.8223
2025-02-26 00:00:00,88639.1,89367.1,88101.9,88851.8,21365.208,1894295714.0396
2025-02-26 04:00:00,88851.8,89214.8,88366.0,88682.3,16621.135,1475321857.8813
2025-02-26 08:00:00,88682.3,89285.7,88092.0,88570.0,27628.135,2452165127.007
2025-02-26 12:00:00,88570.1,88641.0,85377.2,87536.4,113336.525,9878484269.8158
2025-02-26 16:00:00,87536.5,87784.7,83265.5,83832.0,137446.696,11723413787.819
2025-02-26 20:00:00,83832.0,85382.0,82222.0,84208.5,84744.122,7112981235.0827
2025-02-27 00:00:00,84208.6,85397.1,84000.0,85174.0,31978.449,2707861756.8125
2025-02-27 04:00:00,85174.0,86687.5,84640.1,86227.9,33054.482,2835506309.6961
2025-02-27 08:00:00,86228.0,87066.0,85827.1,86655.3,36174.377,3126000106.3438
2025-02-27 12:00:00,86655.4,86756.1,84609.0,85473.0,71815.48,6159534755.9265
2025-02-27 16:00:00,85472.9,85664.8,83567.4,84084.0,44193.184,3735529925.0122
2025-02-27 20:00:00,84084.0,84894.0,82667.0,84668.1,52192.558,4366647349.752
2025-02-28 00:00:00,84668.2,84858.6,79500.0,80429.2,150178.095,12229509067.2313
2025-02-28 04:00:00,80429.2,80939.9,78787.0,79159.9,109818.611,8756458290.1411
2025-02-28 08:00:00,79159.9,80800.0,78200.2,80474.3,76070.275,6052554203.4628
2025-02-28 12:00:00,80474.4,84380.9,80030.0,83948.1,103925.229,8545970789.95
2025-02-28 16:00:00,83948.1,85084.5,83153.3,84393.3,72721.105,6114799944.9486
2025-02-28 20:00:00,84393.3,84743.8,83555.0,84299.6,23629.916,1987102846.4594
2025-03-01 00:00:00,84299.6,85638.0,83779.0,85279.3,31502.988,2671827078.7031
2025-03-01 04:00:00,85279.1,86516.5,84698.8,84707.3,39241.067,3357911067.5681
2025-03-01 08:00:00,84707.2,85452.4,84343.0,84593.6,26089.157,2215359717.5772
2025-03-01 12:00:00,84593.6,84908.5,84285.0,84755.1,17714.663,1498443104.9985
2025-03-01 16:00:00,84755.0,85613.4,84652.0,85431.2,16936.818,1441854475.5318
2025-03-01 20:00:00,85431.1,86219.7,85239.6,86007.7,15511.978,1330492975.6038
2025-03-02 00:00:00,86007.7,86449.9,85571.8,85811.9,18529.902,1593938654.8901
2025-03-02 04:00:00,85812.0,86515.0,85490.0,86191.4,13859.725,1192334622.6922
2025-03-02 08:00:00,86191.4,86219.5,85605.0,86047.0,16697.034,1433954651.7092
2025-03-02 12:00:00,86047.1,88644.0,85015.0,87390.1,74595.642,6472957825.4691
2025-03-02 16:00:00,87390.1,94971.0,87236.0,93467.3,192872.48,17718491476.5881
2025-03-02 20:00:00,93467.2,94800.0,93444.9,94222.8,48156.755,4531705986.064
2025-03-03 00:00:00,94222.0,94373.4,92380.1,92660.0,37429.12,3484806962.9064
2025-03-03 04:00:00,92660.0,93304.9,91150.0,92318.0,40159.56,3703326982.0458
2025-03-03 08:00:00,92318.0,92888.0,91100.0,92700.0,37107.704,3413931817.3713
2025-03-03 12:00:00,92700.0,93666.0,89100.0,90009.5,115283.973,10512698025.072
2025-03-03 16:00:00,90009.5,90959.1,85495.5,85552.0,122196.084,10779085082.6065
2025-03-03 20:00:00,85552.0,86999.9,85029.0,86192.7,83855.961,7213800698.9283
2025-03-04 00:00:00,86193.3,86773.5,82420.0,83929.0,106129.625,8936890067.8078
2025-03-04 04:00:00,83928.9,84566.0,83100.3,83159.4,32146.523,2693634532.5963
2025-03-04 08:00:00,83159.4,84359.5,83000.1,83890.1,26599.17,2227173700.9882
2025-03-04 12:00:00,83890.1,84934.9,81200.0,82945.0,118850.856,9885772946.2927
2025-03-04 16:00:00,82945.0,88488.0,81911.1,88165.3,91455.087,7824627780.8959
2025-03-04 20:00:00,88165.3,88931.0,86544.0,87245.9,57253.537,5022913034.6294
2025-03-05 00:00:00,87245.9,87850.0,86328.0,86813.6,31773.108,2771185478.1334
2025-03-05 04:00:00,86813.7,87688.0,86694.0,87573.9,15899.215,1385749697.9375
2025-03-05 08:00:00,87573.9,90625.0,87549.0,89777.6,50928.602,4546357764.6103
2025-03-05 12:00:00,89777.6,90897.1,87890.0,88312.6,93893.227,8387867287.4671
2025-03-05 16:00:00,88312.5,90444.0,87558.0,89711.2,63517.478,5660380230.6436
2025-03-05 20:00:00,89711.2,91000.0,89626.3,90566.1,22989.46,2075237357.8673
2025-03-06 00:00:00,90566.1,91988.0,89955.0,91563.2,37147.404,3386470023.4134
2025-03-06 04:00:00,91563.2,92780.3,91222.0,91311.3,32218.874,2966161435.904
2025-03-06 08:00:00,91311.4,91642.3,90572.4,91319.2,30673.037,2795837776.0681
2025-03-06 12:00:00,91319.2,91420.0,89070.0,90777.9,79791.931,7199040757.5346
2025-03-06 16:00:00,90777.9,91025.7,87790.5,88488.5,73825.248,6568817456.3129
2025-03-06 20:00:00,88488.5,90748.0,88428.8,89887.8,49402.138,4434307487.7749
2025-03-07 00:00:00,89887.9,91257.7,84600.0,86958.5,132530.28,11573793377.7687
2025-03-07 04:00:00,86958.4,88569.9,86809.2,88308.8,26269.039,2310129190.6951
2025-03-07 08:00:00,88308.8,89666.0,87932.0,88928.8,27344.006,2429019887.6846
2025-03-07 12:00:00,88928.9,91107.9,87979.0,88424.9,106013.324,9481805229.1814
2025-03-07 16:00:00,88425.0,88990.0,86530.0,87787.2,87066.667,7641501164.8852
2025-03-07 20:00:00,87787.3,88494.3,85555.0,86753.8,73250.879,6348930307.0895
2025-03-08 00:00:00,86753.8,86876.5,85108.0,85880.0,27166.455,2335907554.4235
2025-03-08 04:00:00,85880.0,86622.9,85607.7,86159.2,14502.391,1251035124.4287
2025-03-08 08:00:00,86159.2,86422.0,85720.0,85923.9,12411.924,1067883044.6594
2025-03-08 12:00:00,85923.9,86587.0,85774.8,86360.0,14833.073,1279665206.0723
2025-03-08 16:00:00,86360.0,86459.0,85605.5,86190.5,18610.891,1600303983.4269
2025-03-08 20:00:00,86190.5,86458.8,85800.0,86184.7,8581.453,739484851.7928
2025-03-09 00:00:00,86184.7,86470.6,85902.0,86077.1,10664.199,919045173.1372
2025-03-09 04:00:00,86077.1,86128.3,85753.3,85968.9,8708.738,748556392.3363
2025-03-09 08:00:00,85968.8,86092.8,84601.3,84990.1,28696.135,2445364010.6695
2025-03-09 12:00:00,84990.0,85028.1,82619.3,83030.5,56855.474,4760616450.4233
2025-03-09 16:00:00,83030.4,83727.8,82176.9,82604.9,53961.081,4464209319.8105
2025-03-09 20:00:00,82605.0,83515.0,79933.4,80688.8,62723.721,5101362859.43
2025-03-10 00:00:00,80690.7,82694.2,80001.0,82000.1,51441.0,4190620069.1243
2025-03-10 04:00:00,82000.1,82761.0,81947.0,82277.6,18157.406,1494692714.2006
2025-03-10 08:00:00,82277.7,84031.5,81110.0,83540.2,76138.678,6285608675.1845
2025-03-10 12:00:00,83540.3,83728.2,79142.8,80009.7,124660.837,10096658774.8973
2025-03-10 16:00:00,80009.7,80217.6,77410.1,79037.1,106456.31,8377896011.7218
2025-03-10 20:00:00,79035.3,79844.4,78363.6,78567.8,39532.566,3130991907.9042
2025-03-11 00:00:00,78567.8,79888.0,76560.0,79486.6,78235.731,6108795220.8771
2025-03-11 04:00:00,79486.7,80585.5,79411.2,80386.0,33668.415,2697232251.5731
2025-03-11 08:00:00,80386.0,82061.5,80291.0,81684.6,41608.884,3385993256.2353
2025-03-11 12:00:00,81684.5,82240.0,79026.2,81190.7,139695.873,11280953869.8627
2025-03-11 16:00:00,81190.7,83600.0,80600.0,83060.1,74604.747,6120250773.7637
2025-03-11 20:00:00,83060.1,83261.7,82512.4,82896.0,22965.519,1903624674.8265
2025-03-12 00:00:00,82896.0,83741.8,82066.5,82098.2,35999.113,2979475093.9034
2025-03-12 04:00:00,82098.2,82500.0,81250.0,82402.9,37098.324,3034810036.8259
2025-03-12 08:00:00,82402.8,83046.9,81980.0,82972.0,37875.934,3124080031.1943
2025-03-12 12:00:00,82971.9,84487.0,80578.5,81688.1,122716.834,10134222376.5268
2025-03-12 16:00:00,81688.0,83127.4,81575.6,82877.3,53129.002,4372738945.1071
2025-03-12 20:00:00,82877.3,83849.0,82662.0,83640.7,19351.917,1611713753.3888
2025-03-13 00:00:00,83640.7,84307.1,83267.1,83537.1,24001.951,2011315114.1987
2025-03-13 04:00:00,83537.2,83663.0,82813.2,83118.5,24236.411,2017167110.7206
2025-03-13 08:00:00,83118.6,83494.6,82350.0,82939.5,30560.697,2536210980.4491
2025-03-13 12:00:00,82939.3,84030.0,80914.4,81016.0,88799.609,7294448319.6797
2025-03-13 16:00:00,81016.0,81243.8,79903.4,80177.9,58197.608,4689047614.8395
2025-03-13 20:00:00,80177.5,81450.5,80162.9,81085.4,22163.776,1790902076.7541
2025-03-14 00:00:00,81085.5,82249.0,80772.0,81861.5,27108.918,2212677132.2963
2025-03-14 04:00:00,81861.5,82425.0,81730.9,82124.5,17419.406,1428643470.8916
2025-03-14 08:00:00,82124.6,83330.0,82121.2,83202.8,30208.907,2501573550.5618
2025-03-14 12:00:00,83202.9,85270.2,82594.3,84692.2,97510.76,8167150785.4081
2025-03-14 16:00:00,84692.1,84908.8,83908.3,84508.1,40100.559,3387595128.0278
2025-03-14 20:00:00,84504.8,84507.8,83654.7,83939.8,21196.158,1782760115.8212
2025-03-15 00:00:00,83939.9,84625.0,83915.4,84439.9,13976.156,1178657161.8162
2025-03-15 04:00:00,84440.0,84520.0,83752.9,83797.0,12901.624,1085267545.0308
2025-03-15 08:00:00,83797.1,84143.9,83564.5,84054.8,18511.016,1551894174.1732
2025-03-15 12:00:00,84054.7,84442.0,83961.6,84295.8,16141.216,1359410447.1085
2025-03-15 16:00:00,84295.7,84453.4,84060.0,84261.2,9720.647,819344182.0068
2025-03-15 20:00:00,84261.2,84433.1,84191.2,84302.9,5424.311,457428970.8698
2025-03-16 00:00:00,84303.0,84357.1,83691.3,84295.9,13994.399,1175818107.9697
2025-03-16 04:00:00,84296.0,84382.2,83924.4,84242.0,10835.962,912689608.8255
2025-03-16 08:00:00,84242.1,84300.0,82333.4,82367.9,37793.928,3145238909.2249
2025-03-16 12:00:00,82367.9,83454.0,82354.8,83280.0,36041.854,2987043058.807
2025-03-16 16:00:00,83280.0,85136.0,82500.0,83064.3,51260.232,4300062242.6387
2025-03-16 20:00:00,83064.3,83424.4,81925.6,82541.6,24704.325,2039378062.1974
2025-03-17 00:00:00,82541.6,83696.6,82483.9,83641.0,21622.978,1797318053.2836
2025-03-17 04:00:00,83641.1,83842.8,82630.8,83525.2,23981.245,1997666172.208
2025-03-17 08:00:00,83525.3,83749.9,83171.7,83475.0,18023.286,1504563210.4182
2025-03-17 12:00:00,83475.0,84000.0,82384.0,83499.0,64260.353,5342664118.4799
2025-03-17 16:00:00,83499.1,84727.1,83054.9,84436.2,39230.746,3295470852.0762
2025-03-17 20:00:00,84436.2,84464.1,83700.0,83962.9,15543.474,1306078546.2712
2025-03-18 00:00:00,83963.0,83979.8,82913.6,83107.6,23013.546,1917235133.3979
2025-03-18 04:00:00,83107.6,83241.1,82207.7,83124.8,33722.964,2792539172.5358
2025-03-18 08:00:00,83124.7,83422.8,82457.6,82550.0,21256.271,1762473962.6849
2025-03-18 12:00:00,82550.1,82791.3,81113.5,81567.8,61034.89,4989653778.7398
2025-03-18 16:00:00,81567.5,82446.8,81203.1,82273.4,33916.237,2772135403.773
2025-03-18 20:00:00,82273.5,82772.7,81823.5,82666.1,15953.841,1312927158.3659
2025-03-19 00:00:00,82666.2,83200.0,82501.8,83008.4,20173.238,1671833686.1492
2025-03-19 04:00:00,83008.4,83329.9,82752.1,83152.5,16262.798,1351383416.4653
2025-03-19 08:00:00,83152.5,84088.2,83137.8,83848.4,29259.361,2446703740.8624
2025-03-19 12:00:00,83848.5,84855.0,83455.6,84693.3,47755.976,4016895394.3882
2025-03-19 16:00:00,84693.3,85908.0,83500.0,85382.5,102445.196,8685978306.4774
2025-03-19 20:00:00,85382.6,86990.0,85163.9,86809.8,36065.172,3105606261.8282
2025-03-20 00:00:00,86809.8,87500.0,85580.6,85849.5,46168.248,3986150367.6965
2025-03-20 04:00:00,85849.6,85972.3,85383.0,85764.7,17109.791,1466158558.5301
2025-03-20 08:00:00,85764.7,86285.8,84685.5,85462.2,39885.293,3409007453.0018
2025-03-20 12:00:00,85462.9,86490.0,84520.0,84642.1,65648.016,5614153581.0584
2025-03-20 16:00:00,84642.0,84846.1,83613.6,84129.3,55952.889,4705348827.0642
2025-03-20 20:00:00,84129.3,84582.8,83877.4,84183.6,18179.255,1531315703.3308
2025-03-21 00:00:00,84183.6,84813.6,84140.0,84409.9,15520.668,1311331612.0257
2025-03-21 04:00:00,84410.0,84773.6,83650.3,83889.6,20591.929,1732870333.5333
2025-03-21 08:00:00,83889.5,84319.5,83679.8,84006.0,19775.675,1661184691.6479
2025-03-21 12:00:00,84005.9,84344.4,83122.0,83525.9,52089.133,4362491643.6278
2025-03-21 16:00:00,83525.9,84405.9,83333.0,83925.0,25233.681,2116564600.6371
2025-03-21 20:00:00,83925.0,84550.0,83778.0,84050.3,11211.185,943770434.1099
2025-03-22 00:00:00,84050.3,84286.0,83940.2,84214.1,7551.459,635240488.093
2025-03-22 04:00:00,84214.1,84389.0,84110.6,84235.4,6393.596,538775029.081
2025-03-22 08:00:00,84235.4,84509.0,84073.7,84190.8,9147.168,771199448.7522
2025-03-22 12:00:00,84190.8,84257.2,83932.0,84073.5,8977.145,754717148.7419
2025-03-22 16:00:00,84073.4,84292.0,84021.1,84134.6,6453.155,543064273.1088
2025-03-22 20:00:00,84134.5,84171.6,83589.5,83804.9,13696.129,1148949773.5422
2025-03-23 00:00:00,83804.9,84241.5,83761.2,84195.1,7066.186,593862545.5303
2025-03-23 04:00:00,84195.1,84282.4,84025.2,84229.9,5066.142,426314698.7649
2025-03-23 08:00:00,84229.9,85024.8,84216.8,84651.5,20060.748,1697161672.7392
2025-03-23 12:00:00,84651.4,85231.7,84529.0,85148.0,18572.248,1577145593.6712
2025-03-23 16:00:00,85148.0,85376.4,84756.0,84966.7,19055.791,1620863847.4392
2025-03-23 20:00:00,84966.7,86110.9,84868.9,86044.2,21078.758,1801911829.9451
2025-03-24 00:00:00,86044.1,86619.9,85478.3,86502.6,34610.78,2978735550.5542
2025-03-24 04:00:00,86502.6,87277.5,86502.5,86827.6,31398.367,2727618519.3657
2025-03-24 08:00:00,86827.5,87898.9,86808.0,87643.5,26543.017,2320429898.9688
2025-03-24 12:00:00,87643.6,88752.0,87100.0,88283.6,58494.267,5140196581.6192
2025-03-24 16:00:00,88283.7,88492.1,87630.0,88162.3,34573.071,3048346690.432
2025-03-24 20:00:00,88162.3,88438.5,87010.0,87463.4,25287.982,2217223036.6988
2025-03-25 00:00:00,87463.4,87644.0,86278.5,86477.4,28269.465,2458155856.7089
2025-03-25 04:00:00,86477.3,86847.3,86260.0,86404.4,22193.451,1920501954.5111
2025-03-25 08:00:00,86404.5,87448.0,86358.2,87323.3,22125.787,1925255778.0184
2025-03-25 12:00:00,87323.4,88221.0,86839.2,87723.0,47579.277,4167738744.9285
2025-03-25 16:00:00,87723.0,88284.0,87532.3,88051.4,23475.471,2063456496.7884
2025-03-25 20:00:00,88054.0,88500.0,87079.0,87369.8,29861.838,2620707040.1437
2025-03-26 00:00:00,87369.9,87864.4,86980.0,87120.6,16890.189,1476678912.3305
2025-03-26 04:00:00,87120.6,88270.2,87000.3,88106.7,22666.057,1987310772.4897
2025-03-26 08:00:00,88106.7,88235.0,87781.8,87914.9,15319.543,1348522549.7454
2025-03-26 12:00:00,87914.9,87975.0,86387.7,86696.9,63270.743,5506789970.1768
2025-03-26 16:00:00,86696.8,87032.6,85816.3,86525.3,40992.066,3543038463.94
2025-03-26 20:00:00,86525.2,87360.0,86473.8,86873.8,28818.097,2505842374.7195
2025-03-27 00:00:00,86873.9,87722.4,86752.3,87631.1,18655.879,1628967796.6548
2025-03-27 04:00:00,87631.2,87654.2,87210.0,87363.2,10658.862,931380557.9833
2025-03-27 08:00:00,87363.1,87562.4,86741.5,86900.7,20115.926,1754395493.035
2025-03-27 12:00:00,86900.7,87528.0,85724.5,86931.2,77093.821,6677673175.0827
2025-03-27 16:00:00,86931.2,87380.6,86738.0,87025.8,23043.518,2005589191.6558
2025-03-27 20:00:00,87025.9,87695.9,86892.0,87191.2,13883.683,1212142131.5571
2025-03-28 00:00:00,87191.2,87470.0,86694.5,86746.8,19440.395,1691938663.6298
2025-03-28 04:00:00,86746.8,86792.8,85121.1,85175.1,50638.309,4347751918.6771
2025-03-28 08:00:00,85175.1,85409.5,84767.0,85214.0,36315.505,3090760257.8904
2025-03-28 12:00:00,85214.0,85575.0,83915.6,84011.1,66581.578,5637446008.484
2025-03-28 16:00:00,84011.0,84190.0,83531.7,83760.7,32959.417,2763259541.3448
2025-03-28 20:00:00,83760.7,84499.5,83659.6,84380.8,16349.356,1374860715.5863
2025-03-29 00:00:00,84380.8,84589.7,83668.1,84125.7,18318.477,1541465519.6233
2025-03-29 04:00:00,84125.8,84222.0,83618.0,83696.0,11481.064,962409125.0943
2025-03-29 08:00:00,83696.1,83917.5,81963.0,82255.1,43603.689,3615819190.8415
2025-03-29 12:00:00,82255.1,82839.9,82104.0,82377.3,22396.817,1847461691.953
2025-03-29 16:00:00,82377.3,82737.6,81601.0,82722.9,29476.229,2423065281.6096
2025-03-29 20:00:00,82722.9,82759.4,82214.0,82604.7,10237.429,844490226.1898
2025-03-30 00:00:00,82604.8,83456.0,82450.9,83042.8,19850.117,1648119127.8222
2025-03-30 04:00:00,83042.8,83283.3,82818.5,83037.4,13129.496,1090538964.7681
2025-03-30 08:00:00,83037.5,83490.0,82924.1,83080.0,14250.728,1185744523.9371
2025-03-30 12:00:00,83080.0,83229.6,82531.4,82699.9,18904.413,1566026478.9584
2025-03-30 16:00:00,82699.9,82878.2,82000.0,82510.6,19922.238,1642907785.6731
2025-03-30 20:00:00,82510.5,82732.5,81501.4,82352.8,23508.933,1931388835.659
2025-03-31 00:00:00,82353.1,82416.0,81222.0,81491.5,31536.956,2578805727.7764
2025-03-31 04:00:00,81491.6,82275.5,81358.1,81895.2,19826.27,1624129463.9184
2025-03-31 08:00:00,81895.1,82236.0,81250.0,82171.5,28834.653,2359542228.3235
2025-03-31 12:00:00,82171.6,83895.8,81600.5,83373.4,80021.15,6631115879.7738
2025-03-31 16:00:00,83373.3,83655.4,82350.0,82426.7,32906.251,2733689902.5163
2025-03-31 20:00:00,82426.7,82898.6,82221.0,82517.5,18939.296,1562375193.4903
2025-04-01 00:00:00,82517.5,83213.0,82383.3,82929.9,15244.22,1261911400.5386
2025-04-01 04:00:00,82930.0,83565.0,82846.1,83415.2,15232.027,1267532310.6271
2025-04-01 08:00:00,83415.2,84474.8,83401.0,83879.9,35987.638,3025919132.0498
2025-04-01 12:00:00,83880.0,85475.0,82505.0,85245.4,81146.631,6813331095.3014
2025-04-01 16:00:00,85245.5,85452.5,84666.3,84911.7,31993.203,2720191352.0526
2025-04-01 20:00:00,84911.6,85595.5,84715.7,85120.9,17659.457,1503945093.2241
2025-04-02 00:00:00,85121.0,85217.9,84479.2,84509.5,19256.193,1633687752.5786
2025-04-02 04:00:00,84509.5,84695.0,83846.0,84389.8,24222.399,2040246021.3227
2025-04-02 08:00:00,84389.7,85425.0,84220.0,84528.4,30044.064,2549837656.811
2025-04-02 12:00:00,84528.3,87288.0,84424.1,86709.5,101403.902,8715428051.7097
2025-04-02 16:00:00,86709.5,87255.0,86142.0,86854.2,42796.162,3710228868.7779
2025-04-02 20:00:00,86854.2,88500.0,82300.0,82485.1,131241.658,11183324340.9705
2025-04-03 00:00:00,82485.1,83889.2,82137.3,83449.0,43538.786,3623559087.3985
2025-04-03 04:00:00,83449.2,83707.9,82962.1,83423.7,18012.198,1500539543.8025
2025-04-03 08:00:00,83423.7,83774.1,83008.4,83058.1,25845.247,2156232432.6061
2025-04-03 12:00:00,83058.0,83112.0,81172.2,82001.8,92135.552,7560977587.2737
2025-04-03 16:00:00,82001.7,82463.7,81504.8,81977.4,35332.973,2896951707.9745
2025-04-03 20:00:00,81977.4,83298.0,81754.9,83181.5,24298.763,2007347259.6008
2025-04-04 00:00:00,83181.7,83376.0,82553.8,82787.9,23066.562,1914000888.7235
2025-04-04 04:00:00,82787.9,83987.0,82569.9,83968.2,24342.362,2027985765.1212
2025-04-04 08:00:00,83968.1,84686.2,81624.6,82633.7,90960.907,7573578219.9469
2025-04-04 12:00:00,82633.7,83682.9,81796.6,82822.0,128058.822,10605463177.0024
2025-04-04 16:00:00,82821.9,84580.0,82700.0,83971.9,67073.197,5616555834.1841
2025-04-04 20:00:00,83969.3,84422.9,83449.7,83861.3,19607.356,1646262017.2899
2025-04-05 00:00:00,83861.4,84244.5,83323.7,83585.7,17023.772,1427093416.5931
2025-04-05 04:00:00,83585.6,83832.1,83300.5,83490.0,10620.814,887463698.8975
2025-04-05 08:00:00,83490.0,83866.3,83326.2,83428.4,11518.556,962928309.4131
2025-04-05 12:00:00,83428.3,83516.8,82333.8,82576.4,33111.923,2742962761.024
2025-04-05 16:00:00,82576.5,83108.8,82561.8,82818.7,12394.7,1026746404.7045
2025-04-05 20:00:00,82818.7,83674.9,82781.5,83506.1,14904.439,1240156964.8214
2025-04-06 00:00:00,83506.1,83790.5,83100.0,83301.7,13707.665,1143520075.6248
2025-04-06 04:00:00,83301.7,83496.9,82980.0,82990.9,10928.376,909468886.1692
2025-04-06 08:00:00,82990.9,83143.9,82625.0,82810.1,16830.905,1394338372.0086
2025-04-06 12:00:00,82810.1,82944.0,82155.4,82497.4,29601.982,2443254534.152
2025-04-06 16:00:00,82497.4,82524.9,78635.0,79572.6,108788.065,8737271193.6893
2025-04-06 20:00:00,79572.6,79858.7,77111.0,78390.0,101334.76,7955078380.1471
2025-04-07 00:00:00,78390.1,79311.5,77311.0,77669.6,69452.679,5435303925.4026
2025-04-07 04:00:00,77669.5,77950.0,74457.0,75084.1,120677.337,9164574963.2344
2025-04-07 08:00:00,75084.1,77550.6,75051.7,76655.9,91159.234,6973955553.9445
2025-04-07 12:00:00,76656.0,81200.0,75761.5,78444.6,284460.151,22287968503.7991
2025-04-07 16:00:00,78444.6,79347.1,77262.6,78086.3,91535.93,7175970039.1885
2025-04-07 20:00:00,78093.7,80184.7,78060.0,79140.0,36558.172,2899327483.4799
2025-04-08 00:00:00,79140.1,80832.1,78726.5,79869.2,44433.57,3552339870.8623
2025-04-08 04:00:00,79869.3,80383.4,79177.0,79448.6,25868.771,2060727626.5028
2025-04-08 08:00:00,79448.5,80049.8,78788.0,79949.7,33896.193,2685960133.3769
2025-04-08 12:00:00,79949.7,80359.5,78136.0,78460.0,92487.008,7341737735.5505
2025-04-08 16:00:00,78459.9,78500.0,76311.0,76830.0,100174.783,7736883571.466
2025-04-08 20:00:00,76832.0,77259.9,76200.1,76297.9,31549.209,2418931973.7621
2025-04-09 00:00:00,76298.0,76834.6,74578.5,75040.0,79097.57,5990999234.9914
2025-04-09 04:00:00,75039.9,77906.6,74952.0,77651.4,75116.64,5766267386.453
2025-04-09 08:00:00,77651.3,77833.8,75735.9,76204.1,72634.361,5570800893.2498
2025-04-09 12:00:00,76204.1,78288.8,75988.0,77237.6,98020.43,7565442546.8579
2025-04-09 16:00:00,77237.5,82967.4,77104.0,82291.4,183836.453,14871820550.0675
2025-04-09 20:00:00,82291.4,83554.9,81980.1,82588.0,51944.408,4306992272.4779
2025-04-10 00:00:00,82587.9,82706.9,81424.3,81731.8,34510.348,2833866263.9669
2025-04-10 04:00:00,81731.9,82315.4,81241.1,81561.6,28212.148,2309052060.0822
2025-04-10 08:00:00,81561.5,82083.3,81300.9,81839.2,27826.27,2273947536.9415
2025-04-10 12:00:00,81839.1,82488.0,78559.0,78731.7,115295.495,9305594881.203
2025-04-10 16:00:00,78731.7,80011.8,78416.0,79611.1,67707.74,5362497183.2442
2025-04-10 20:00:00,79611.1,79999.9,79335.2,79560.2,20110.099,1602511559.3921
2025-04-11 00:00:00,79560.3,80855.0,78935.5,80796.9,41672.942,3334367172.2316
2025-04-11 04:00:00,80796.9,81388.0,80460.0,81213.6,30258.33,2449113059.9211
2025-04-11 08:00:00,81213.7,82944.3,80691.3,82096.6,68755.993,5635362211.3093
2025-04-11 12:00:00,82096.5,83297.9,81305.0,82486.7,79925.014,6575684849.5404
2025-04-11 16:00:00,82486.8,84178.7,81968.0,83809.5,54200.084,4519387565.5505
2025-04-11 20:00:00,83809.5,84300.0,83115.1,83378.3,20965.508,1753721896.4606
2025-04-12 00:00:00,83378.3,83537.6,82756.0,82940.3,18705.45,1555116594.7146
2025-04-12 04:00:00,82940.3,83785.4,82824.2,83685.4,21558.323,1798184515.2553
2025-04-12 08:00:00,83685.4,83998.9,83260.0,83484.0,16179.792,1352057195.3824
2025-04-12 12:00:00,83484.0,85388.0,83432.6,84974.1,58881.989,4975606841.1167
2025-04-12 16:00:00,84974.1,85225.0,84389.5,84891.8,21838.433,1852630460.9367
2025-04-12 20:00:00,84891.7,85884.2,84830.8,85237.8,20838.85,1780055049.2805
2025-04-13 00:00:00,85237.9,86100.0,84689.5,85388.8,34243.838,2923916791.0391
2025-04-13 04:00:00,85388.8,85400.0,84355.1,84378.4,28885.799,2446074608.6033
2025-04-13 08:00:00,84378.4,84918.0,84160.8,84490.6,21104.862,1784144525.1784
2025-04-13 12:00:00,84490.6,84649.0,83450.7,83820.1,40410.003,3392613206.4362
2025-04-13 16:00:00,83820.1,84999.9,82991.5,83949.9,42854.152,3607831236.7188
2025-04-13 20:00:00,83950.0,84424.3,82999.9,83713.7,39539.726,3303087429.3559
2025-04-14 00:00:00,83713.8,85534.8,83630.9,84536.4,53910.823,4566331017.2675
2025-04-14 04:00:00,84536.4,85067.1,84170.2,84544.2,20195.283,1707597175.0254
2025-04-14 08:00:00,84544.3,84936.9,84202.0,84891.5,21445.178,1814826848.8215
2025-04-14 12:00:00,84891.6,85755.0,83668.9,84054.4,69300.966,5874274670.6516
2025-04-14 16:00:00,84054.4,85171.9,83813.9,84872.6,32361.607,2736800432.7223
2025-04-14 20:00:00,84872.5,84925.5,84376.0,84553.9,12135.499,1027013831.7801
2025-04-15 00:00:00,84553.9,85392.2,84303.0,85351.9,22331.604,1896825749.9062
2025-04-15 04:00:00,85351.9,85835.0,85109.9,85691.3,24303.263,2079146045.2782
2025-04-15 08:00:00,85691.3,85974.9,85314.4,85549.3,27366.079,2345605625.279
2025-04-15 12:00:00,85549.3,86443.0,84567.0,84871.9,65580.031,5603951307.0476
2025-04-15 16:00:00,84871.9,85115.1,83888.0,83954.6,26216.961,2213902891.0165
2025-04-15 20:00:00,83954.5,84197.9,83560.0,83608.7,18724.244,1570428933.6329
2025-04-16 00:00:00,83608.6,83915.7,83063.9,83654.0,25553.467,2133416755.9409
2025-04-16 04:00:00,83653.9,83788.5,83165.8,83325.0,20539.39,1714202330.1927
2025-04-16 08:00:00,83325.0,84091.7,83100.0,84008.5,28400.044,2377494761.6079
2025-04-16 12:00:00,84008.4,85232.0,83453.4,84810.7,51343.8,4332083989.2584
2025-04-16 16:00:00,84811.3,85493.5,83198.2,84286.0,69049.234,5815438600.2952
2025-04-16 20:00:00,84286.0,84642.8,83986.7,83990.0,14555.483,1227828563.4931
2025-04-17 00:00:00,83990.1,84468.8,83772.5,83953.3,16179.399,1360020001.7616
2025-04-17 04:00:00,83953.3,85043.4,83856.9,84629.0,20775.92,1756185283.4418
2025-04-17 08:00:00,84629.0,84730.0,84144.1,84531.8,15124.909,1277223325.8121
2025-04-17 12:00:00,84531.8,84829.4,83700.0,84495.5,36468.828,3075221301.2199
2025-04-17 16:00:00,84495.6,85441.5,84358.0,84797.5,42706.516,3626447176.0803
2025-04-17 20:00:00,84797.0,85100.0,84681.4,84915.0,9777.623,830340152.1279
2025-04-18 00:00:00,84914.9,85100.0,84682.8,84790.3,8330.771,706956182.4686
2025-04-18 04:00:00,84790.4,84803.1,84349.3,84622.9,12408.591,1049434727.2863
2025-04-18 08:00:00,84622.9,84734.5,84428.9,84629.4,8899.434,752704939.2216
2025-04-18 12:00:00,84629.5,84730.0,84300.5,84332.3,11609.942,980763118.826
2025-04-18 16:00:00,84332.2,84616.1,84260.0,84529.1,8055.92,680366752.5738
2025-04-18 20:00:00,84529.0,84659.8,84291.4,84421.0,5914.184,499475318.0418
2025-04-19 00:00:00,84421.0,84947.8,84317.2,84845.3,10423.621,882807744.9308
2025-04-19 04:00:00,84845.3,85240.0,84840.1,85174.5,13824.92,1175768586.5167
2025-04-19 08:00:00,85174.5,85400.0,85070.9,85179.3,12830.984,1093896594.4765
2025-04-19 12:00:00,85179.3,85600.0,85006.2,85146.3,15225.821,1299298589.0337
2025-04-19 16:00:00,85146.3,85277.8,84613.5,85054.3,16462.047,1399125081.9286
2025-04-19 20:00:00,85054.2,85332.7,84966.0,85046.9,4613.173,392976774.2537
2025-04-20 00:00:00,85046.9,85283.6,85001.0,85116.6,5474.433,466220705.0593
2025-04-20 04:00:00,85116.7,85210.0,84650.0,84736.5,15243.765,1293865420.672
2025-04-20 08:00:00,84736.6,84751.0,83900.0,84084.6,23477.675,1978815640.0131
2025-04-20 12:00:00,84084.6,84638.4,84050.5,84304.5,17096.184,1442181508.5818
2025-04-20 16:00:00,84304.6,84624.5,84234.1,84608.8,7272.931,614496870.3509
2025-04-20 20:00:00,84608.9,85266.5,84572.0,85138.8,22086.83,1876878602.1379
2025-04-21 00:00:00,85138.9,87621.8,85100.0,87166.6,72207.253,6261971089.5007
2025-04-21 04:00:00,87166.6,87702.3,87007.0,87400.6,19796.228,1730023819.3164
2025-04-21 08:00:00,87400.7,87777.0,86610.0,86936.4,29449.949,2567969870.378
2025-04-21 12:00:00,86936.5,88418.2,86750.0,87997.4,72486.723,6355881250.269
2025-04-21 16:00:00,87997.3,88216.3,86327.0,87369.1,57440.549,5001191902.5229
2025-04-21 20:00:00,87369.2,87599.8,86852.0,87466.0,22689.169,1977400087.9252
2025-04-22 00:00:00,87466.0,88850.0,87017.5,88111.0,52155.508,4591138823.4961
2025-04-22 04:00:00,88111.0,88445.0,87911.1,88434.9,18699.693,1649255292.785
2025-04-22 08:00:00,88434.9,88649.9,88187.2,88572.7,19693.026,1741873076.8283
2025-04-22 12:00:00,88572.8,91373.0,88432.9,90881.2,124199.257,11194703203.0972
2025-04-22 16:00:00,90881.1,91686.6,90561.7,91356.4,50079.386,4561739292.9074
2025-04-22 20:00:00,91356.3,94142.5,90999.3,93404.9,69178.211,6408100998.5093
2025-04-23 00:00:00,93404.9,93864.9,92552.0,93126.0,33940.086,3159202880.4945
2025-04-23 04:00:00,93126.0,94263.0,92964.1,94102.5,28985.949,2711640073.2633
2025-04-23 08:00:00,94102.6,94453.0,93280.0,93425.2,35725.834,3353572529.0424
2025-04-23 12:00:00,93425.2,94904.3,91898.0,93140.3,86830.394,8092873650.5653
2025-04-23 16:00:00,93140.3,94178.0,92860.0,93436.3,33955.173,3173883105.174
2025-04-23 20:00:00,93436.4,93869.9,93181.8,93632.1,13310.992,1245619246.019
2025-04-24 00:00:00,93632.2,93735.1,92607.0,92632.9,19305.989,1799078547.5515
2025-04-24 04:00:00,92632.8,92869.9,92055.1,92166.0,24136.437,2232229788.1049
2025-04-24 08:00:00,92166.1,92620.0,91619.0,92575.1,30141.353,2778078761.5526
2025-04-24 12:00:00,92575.2,93429.6,92380.4,93144.8,36090.385,3353027747.4443
2025-04-24 16:00:00,93144.8,93595.7,92625.0,93497.5,26446.208,2465278092.6656
2025-04-24 20:00:00,93497.6,93980.6,92969.0,93931.6,20972.356,1961784751.1959
2025-04-25 00:00:00,93931.5,94409.5,92788.0,93262.9,29877.009,2795130890.8295
2025-04-25 04:00:00,93262.9,93821.7,92959.2,93734.0,16763.171,1565826199.2917
2025-04-25 08:00:00,93733.9,94642.6,93493.9,94602.3,24204.202,2273106642.5412
2025-04-25 12:00:00,94602.2,95769.6,93876.0,94999.8,78266.827,7426222506.741
2025-04-25 16:00:00,94999.8,95498.3,94310.0,95229.2,31103.127,2953201596.032
2025-04-25 20:00:00,95229.3,95284.5,94402.0,94591.8,11616.141,1100840654.3548
2025-04-26 00:00:00,94591.8,95157.1,94500.5,94685.0,13091.802,1241658584.3348
2025-04-26 04:00:00,94685.0,94776.1,94274.0,94520.1,10766.592,1018248007.4095
2025-04-26 08:00:00,94520.0,94680.0,93947.5,94095.6,17868.057,1683829828.9552
2025-04-26 12:00:00,94095.7,94360.0,93833.0,94325.0,12882.691,1212533025.8874
2025-04-26 16:00:00,94325.0,94332.6,94000.0,94261.0,6646.13,626074367.0508
2025-04-26 20:00:00,94261.0,94850.2,94043.1,94575.7,11282.937,1066134173.4817
2025-04-27 00:00:00,94575.7,95280.5,94000.0,94121.7,25352.851,2398087727.4024
2025-04-27 04:00:00,94121.6,94250.0,93586.7,94027.6,12220.315,1147865510.5767
2025-04-27 08:00:00,94027.7,94295.4,93840.0,93871.1,9208.402,866108393.8259
2025-04-27 12:00:00,93871.1,94140.8,93547.3,93857.7,15121.759,1419017256.4268
2025-04-27 16:00:00,93857.7,94394.3,93680.0,94388.9,9835.889,925161280.4548
2025-04-27 20:00:00,94388.9,94517.9,93600.0,93697.1,12076.967,1135112177.8684
2025-04-28 00:00:00,93697.0,93943.8,92700.0,93799.9,34243.196,3194841646.3027
2025-04-28 04:00:00,93800.0,94758.0,93799.9,94641.6,19207.845,1811644766.1309
2025-04-28 08:00:00,94641.6,95490.0,94259.2,95276.1,36146.553,3430620417.4154
2025-04-28 12:00:00,95276.1,95578.8,93520.2,93772.8,60496.166,5716669464.6912
2025-04-28 16:00:00,93772.7,94874.2,93367.2,94740.9,27658.149,2601093616.1046
2025-04-28 20:00:00,94741.0,95146.3,94244.5,94969.0,16668.807,1578834107.6156
2025-04-29 00:00:00,94969.0,95415.7,94380.0,94599.9,32535.76,3087995967.2781
2025-04-29 04:00:00,94599.9,94927.6,94154.1,94878.0,17947.813,1696034056.6831
2025-04-29 08:00:00,94877.9,95264.9,94700.1,95086.9,17261.808,1638815280.9773
2025-04-29 12:00:00,95087.0,95260.0,94466.5,94790.7,25266.996,2396387153.0028
2025-04-29 16:00:00,94790.6,95426.4,94590.5,95250.5,25414.524,2418231724.0861
2025-04-29 20:00:00,95250.5,95350.0,93678.7,94200.1,29404.893,2773270246.4874
2025-04-30 00:00:00,94200.1,95078.5,94081.4,94989.3,18097.325,1711010772.4481
2025-04-30 04:00:00,94989.3,95149.9,94442.3,94577.6,15073.172,1429345314.3783
2025-04-30 08:00:00,94577.6,95186.5,94468.6,95126.5,14665.449,1391103496.7841
2025-04-30 12:00:00,95126.4,95163.6,92848.1,93948.4,81587.654,7659261436.2827
2025-04-30 16:00:00,93948.4,94488.0,93476.2,94118.2,22363.333,2101857662.0274
2025-04-30 20:00:00,94118.2,94751.8,93950.0,94125.1,19142.377,1806932960.5697
2025-05-01 00:00:00,94125.2,94978.1,94086.7,94737.5,19363.191,1833098484.4402
2025-05-01 04:00:00,94737.6,95146.2,94660.2,94978.6,16342.808,1551514677.3501
2025-05-01 08:00:00,94978.6,96351.8,94866.6,96129.9,41762.093,4000481515.3599
2025-05-01 12:00:00,96130.0,97388.0,95742.1,96793.9,62733.29,6054947620.0981
2025-05-01 16:00:00,96793.9,97300.0,96344.4,96459.1,28899.433,2796783695.1434
2025-05-01 20:00:00,96459.5,96834.4,96122.4,96423.3,15425.94,1487668709.7299
2025-05-02 00:00:00,96423.2,97193.7,96400.0,97054.9,17200.018,1666403299.9591
2025-05-02 04:00:00,97055.0,97262.0,96283.1,96302.0,19341.642,1869266355.0361
2025-05-02 08:00:00,96302.0,97072.2,96300.0,96875.7,14786.274,1429895808.1126
2025-05-02 12:00:00,96875.7,97865.4,96585.1,97270.1,54228.73,5270795182.2412
2025-05-02 16:00:00,97270.1,97740.0,96700.0,96856.8,23304.485,2266787515.3399
2025-05-02 20:00:00,96856.8,97083.4,96507.6,96831.2,10336.377,1000019732.8634
2025-05-03 00:00:00,96831.2,96868.4,96255.0,96292.1,12788.794,1234187365.6536
2025-05-03 04:00:00,96292.1,96557.7,96064.1,96290.8,10809.148,1040956098.1701
2025-05-03 08:00:00,96290.8,96377.8,95804.8,95895.6,15912.985,1528391548.4978
2025-05-03 12:00:00,95895.7,96456.0,95834.4,96358.7,11574.759,1113579960.4179
2025-05-03 16:00:00,96358.7,96370.0,95812.7,96312.0,10135.037,973989618.1022
2025-05-03 20:00:00,96312.0,96399.9,95700.0,95803.3,10199.906,980278304.6895
2025-05-04 00:00:00,95803.3,96266.6,95508.7,95680.0,14654.377,1404558865.8913
2025-05-04 04:00:00,95680.0,96109.6,95634.0,95842.1,9794.382,939178413.423
2025-05-04 08:00:00,95842.1,95886.5,95227.2,95376.0,17133.692,1635985721.9287
2025-05-04 12:00:00,95376.0,95649.0,95172.4,95421.1,13352.424,1274288977.3231
2025-05-04 16:00:00,95421.1,95590.0,95200.1,95533.9,9415.553,898056399.7472
2025-05-04 20:00:00,95534.0,95700.0,94116.4,94230.2,29910.449,2835943112.6977
2025-05-05 00:00:00,94230.2,94750.1,93445.1,94001.1,35169.994,3309661387.3989
2025-05-05 04:00:00,94001.2,94778.5,93980.0,94696.4,18884.983,1784337522.7921
2025-05-05 08:00:00,94696.4,94726.8,93835.0,93986.0,18035.166,1699728284.6959
2025-05-05 12:00:00,93986.1,94501.0,93559.6,93726.0,37424.134,3517180366.2639
2025-05-05 16:00:00,93726.0,94871.8,93705.3,94295.5,24018.27,2267710185.0109
2025-05-05 20:00:00,94295.2,95165.1,93814.2,94696.7,21369.828,2022235135.4951
2025-05-06 00:00:00,94696.7,94893.3,93961.0,94418.3,16000.398,1510457684.9191
2025-05-06 04:00:00,94418.4,94600.0,94267.0,94350.0,8862.333,836714825.4072
2025-05-06 08:00:00,94350.0,94354.6,93662.2,93770.3,23699.819,2228107349.1736
2025-05-06 12:00:00,93770.3,94697.2,93327.0,94513.2,48631.997,4574602960.9711
2025-05-06 16:00:00,94513.2,95119.9,94145.4,94910.8,27227.515,2577968078.8582
2025-05-06 20:00:00,94910.8,96879.5,94400.0,96798.9,49261.004,4716164399.6286
2025-05-07 00:00:00,96798.9,97700.0,96153.2,96453.8,49252.243,4774065886.95
2025-05-07 04:00:00,96453.8,96963.0,96268.0,96940.0,15114.534,1459483890.9629
2025-05-07 08:00:00,96940.0,97077.6,96783.0,97000.0,14368.674,1392876455.9354
2025-05-07 12:00:00,97000.0,97446.8,96655.2,96889.0,34956.983,3391105989.1201
2025-05-07 16:00:00,96889.0,96916.5,95718.5,96124.6,48429.239,4667116835.0192
2025-05-07 20:00:00,96124.5,97363.8,96015.1,96988.4,23145.469,2242775721.7013
2025-05-08 00:00:00,96988.4,99199.9,96831.5,99097.9,60617.723,5952329715.8364
2025-05-08 04:00:00,99098.0,99374.3,98680.1,99212.0,32945.558,3263364218.6805
2025-05-08 08:00:00,99212.1,99863.3,99165.2,99369.8,31717.498,3158263789.9404
2025-05-08 12:00:00,99369.9,101493.2,99050.1,100730.8,83079.999,8319909153.7034
2025-05-08 16:00:00,100730.9,101686.7,100550.0,101254.2,44847.125,4534822557.0419
2025-05-08 20:00:00,101254.3,104305.3,101231.7,103228.1,64214.566,6595120935.3587
2025-05-09 00:00:00,103228.0,103228.1,102327.9,102419.5,24344.001,2501253559.8481
2025-05-09 04:00:00,102419.5,104373.0,102345.7,103597.4,31095.632,3213792146.2905
2025-05-09 08:00:00,103597.4,103920.0,102376.5,102914.5,46422.104,4783374677.937
2025-05-09 12:00:00,102914.5,103746.8,102358.0,102852.9,38682.86,3985976915.2261
2025-05-09 16:00:00,102853.0,103336.1,102240.0,103145.5,23424.037,2408976945.1854
2025-05-09 20:00:00,103145.5,103366.0,102700.0,102941.9,8915.288,918196085.235
2025-05-10 00:00:00,102941.9,103232.0,102784.0,103179.4,9036.731,930706427.2505
2025-05-10 04:00:00,103179.3,104085.0,102997.3,103721.7,18134.111,1878072870.4528
2025-05-10 08:00:00,103721.7,104066.2,103311.0,103374.6,18529.911,1920095927.4596
2025-05-10 12:00:00,103374.7,103781.1,103038.7,103102.6,13607.261,1407696380.1577
2025-05-10 16:00:00,103102.6,103589.0,102940.0,103148.6,14747.802,1522763399.7282
2025-05-10 20:00:00,103148.7,105000.1,103016.2,104788.8,30328.721,3161036029.8139
2025-05-11 00:00:00,104788.8,104950.0,103406.3,103947.8,27276.827,2840945350.5515
2025-05-11 04:00:00,103947.8,104363.9,103283.3,103327.9,18978.685,1969459869.7128
2025-05-11 08:00:00,103327.8,104750.0,103321.0,104613.7,24045.282,2505345044.6302
2025-05-11 12:00:00,104613.7,104873.5,103726.6,104083.0,30912.963,3222988618.981
2025-05-11 16:00:00,104082.9,104800.0,103691.9,104373.8,20721.626,2158974595.9729
2025-05-11 20:00:00,104373.8,104526.3,103502.4,104072.7,17201.038,1788609182.5797
2025-05-12 00:00:00,104072.7,105190.4,103664.8,104064.0,30422.81,3173243914.7158
2025-05-12 04:00:00,104064.0,105863.1,103696.3,104426.2,52152.229,5470151632.1277
2025-05-12 08:00:00,104426.3,104684.0,103550.0,103705.1,27636.31,2880441334.7254
2025-05-12 12:00:00,103705.0,104620.1,102345.0,102481.7,70155.841,7252847407.2981
2025-05-12 16:00:00,102481.8,103040.8,100678.0,101812.8,55847.607,5690529889.788
2025-05-12 20:00:00,101812.9,103080.9,101728.3,102739.3,20327.902,2084388890.4856
2025-05-13 00:00:00,102739.3,102743.9,101400.0,101681.3,25611.921,2615547307.6529
2025-05-13 04:00:00,101681.3,102900.0,101580.4,102624.0,18458.159,1890899710.19
2025-05-13 08:00:00,102624.0,103778.9,102507.6,103685.5,22686.973,2342245380.5667
2025-05-13 12:00:00,103685.5,103930.1,102762.9,103633.1,44843.029,4640469128.0272
2025-05-13 16:00:00,103633.0,104949.2,103488.2,104744.7,35688.452,3721022989.8915
2025-05-13 20:00:00,104744.7,104889.2,103795.5,104082.0,15079.794,1572949533.7942
2025-05-14 00:00:00,104082.0,104086.5,103409.0,103549.2,16919.418,1755355403.8218
2025-05-14 04:00:00,103549.1,103949.6,103314.0,103662.2,13321.09,1380862683.8568
2025-05-14 08:00:00,103662.2,104109.6,102815.0,103903.4,29067.801,3008229327.5517
2025-05-14 12:00:00,103903.3,104319.0,102773.4,103461.4,39994.122,4140477173.7939
2025-05-14 16:00:00,103461.3,103675.0,102536.0,103278.7,20724.08,2138365209.295
2025-05-14 20:00:00,103278.8,103626.5,103248.9,103458.1,6237.586,645287067.0603
2025-05-15 00:00:00,103458.1,103820.0,102663.5,102706.1,16572.907,1710064638.6235
2025-05-15 04:00:00,102706.0,102926.2,101677.0,101733.9,23248.87,2377897135.4311
2025-05-15 08:00:00,101734.0,102398.7,101433.0,102335.3,26222.22,2672799250.8604
2025-05-15 12:00:00,102335.3,103242.0,101270.8,103211.2,48382.314,4947305989.2137
2025-05-15 16:00:00,103211.2,104162.8,102500.0,103107.0,40544.155,4191844672.638
2025-05-15 20:00:00,103107.1,103939.8,102662.0,103714.5,21373.64,2209889700.3878
2025-05-16 00:00:00,103714.2,104440.1,103414.8,103979.0,22492.546,2338673409.6384
2025-05-16 04:00:00,103979.1,104150.0,103640.0,103646.6,14442.576,1500591296.1476
2025-05-16 08:00:00,103646.5,103872.9,103062.3,103614.5,21526.35,2228126783.4615
2025-05-16 12:00:00,103614.6,104258.7,103300.0,104144.0,26264.535,2724894371.1745
2025-05-16 16:00:00,104144.0,104524.2,103533.2,103974.3,20926.27,2176768004.3398
2025-05-16 20:00:00,103974.3,103991.7,103361.6,103412.2,9860.772,1021149519.6502
2025-05-17 00:00:00,103412.2,103564.7,102541.6,103464.7,26575.089,2738712072.5719
2025-05-17 04:00:00,103464.6,103658.0,103239.6,103399.4,10427.045,1078856527.6781
2025-05-17 08:00:00,103399.5,103524.7,102705.0,102944.2,22486.468,2317126704.7985
2025-05-17 12:00:00,102944.1,103132.3,102591.0,102900.0,11160.074,1148398904.5702
2025-05-17 16:00:00,102900.1,103305.8,102706.6,103100.1,10946.644,1127742788.3589
2025-05-17 20:00:00,103100.1,103458.6,102851.5,103079.6,8777.349,905181421.6395
2025-05-18 00:00:00,103079.5,103380.8,103052.2,103244.2,6439.874,664760166.7925
2025-05-18 04:00:00,103244.3,103949.6,103244.3,103893.0,13111.12,1357799335.9979
2025-05-18 08:00:00,103893.0,104066.1,103754.4,103769.0,12871.838,1337295900.7998
2025-05-18 12:00:00,103769.0,105665.3,103660.7,105484.2,41829.124,4384795286.2012
2025-05-18 16:00:00,105484.2,105999.7,103800.0,103834.0,49587.471,5198134436.9252
2025-05-18 20:00:00,103834.1,106629.8,103217.2,106407.6,49384.857,5181276912.5959
2025-05-19 00:00:00,106407.5,107114.3,103502.4,103569.4,51326.874,5398280300.1676
2025-05-19 04:00:00,103569.5,103739.2,102038.8,103167.0,57011.12,5867522586.4977
2025-05-19 08:00:00,103167.1,103359.5,102732.8,102912.0,20571.05,2119577927.6587
2025-05-19 12:00:00,102912.1,104920.2,102088.9,104740.4,60679.364,6278963633.5323
2025-05-19 16:00:00,104740.5,105519.8,104426.8,105457.8,47160.881,4953926053.6575
2025-05-19 20:00:00,105457.9,105798.5,104982.0,105531.6,21076.315,2222094098.8742
2025-05-20 00:00:00,105531.5,106800.0,105480.1,105720.0,42632.84,4523784966.7769
2025-05-20 04:00:00,105720.0,106371.3,104868.5,104980.1,27220.608,2875592357.9942
2025-05-20 08:00:00,104980.1,105371.7,104808.6,105159.2,20790.139,2185490228.1148
2025-05-20 12:00:00,105159.3,105357.6,104115.2,105294.5,41453.456,4338348490.3963
2025-05-20 16:00:00,105294.5,107252.9,105028.4,106972.2,54588.39,5788051344.8791
2025-05-20 20:00:00,106972.3,107292.5,105875.8,106800.1,39501.813,4212816697.9155
2025-05-21 00:00:00,106800.0,107168.7,106146.9,106791.0,22911.733,2445261046.9332
2025-05-21 04:00:00,106791.0,107950.0,106400.0,106463.6,49534.063,5313713354.1753
2025-05-21 08:00:00,106463.7,106748.7,106037.9,106490.9,30178.731,3209682568.815
2025-05-21 12:00:00,106490.9,109430.0,106277.8,108936.6,94965.494,10268924247.4723
2025-05-21 16:00:00,108936.6,109804.2,106085.3,108547.3,157112.935,16904101320.0641
2025-05-21 20:00:00,108547.2,110830.0,107671.7,109609.5,58886.898,6434620730.3603
2025-05-22 00:00:00,109609.6,111866.4,109153.4,111755.9,64755.016,7152881378.3264
2025-05-22 04:00:00,111755.9,111776.3,110433.0,111005.8,47573.709,5283809153.5927
2025-05-22 08:00:00,111005.8,111303.8,110238.5,110944.1,32748.467,3625242174.3016
2025-05-22 12:00:00,110944.0,111582.5,110492.8,111250.6,49945.987,5548988143.2534
2025-05-22 16:00:00,111251.0,111959.5,110860.5,111136.1,34534.378,3850180946.727
2025-05-22 20:00:00,111136.2,111692.9,110704.1,111662.7,16509.476,1834614279.1007
2025-05-23 00:00:00,111662.6,111770.4,110958.5,111044.0,22959.44,2556933743.6144
2025-05-23 04:00:00,111044.0,111143.3,110351.5,110685.2,23761.569,2629499912.7078
2025-05-23 08:00:00,110685.3,111348.0,108816.0,109033.2,45137.26,4972626318.2719
2025-05-23 12:00:00,109033.2,109969.6,107250.0,108892.4,108855.124,11845545563.4163
2025-05-23 16:00:00,108892.5,109760.0,107950.0,108659.4,46212.629,5031400574.7744
2025-05-23 20:00:00,108659.5,108677.2,106721.9,107271.5,32554.325,3507703146.659
2025-05-24 00:00:00,107271.6,108330.6,106836.0,108306.8,24382.839,2623992936.4628
2025-05-24 04:00:00,108306.7,108520.0,107520.0,107550.6,21546.444,2327511097.9566
2025-05-24 08:00:00,107550.7,109440.2,107546.1,109152.2,34423.684,3740559834.1931
2025-05-24 12:00:00,109152.2,109227.1,108495.8,108889.2,29417.399,3202149809.611
2025-05-24 16:00:00,108889.1,109165.8,108647.1,108912.7,18957.367,2063927440.3954
2025-05-24 20:00:00,108912.7,109084.8,107394.7,107698.9,36431.025,3937100774.4508
2025-05-25 00:00:00,107699.0,108210.0,107142.0,108045.4,24941.567,2686299931.8279
2025-05-25 04:00:00,108045.4,108250.1,107387.8,107637.1,14442.712,1557518319.1173
2025-05-25 08:00:00,107637.1,107650.5,106653.0,107214.0,32864.988,3518661414.2821
2025-05-25 12:00:00,107214.0,107698.4,106497.0,106927.9,33112.095,3548454589.5445
2025-05-25 16:00:00,106928.0,107888.0,106593.4,107656.3,14416.703,1544895491.8578
2025-05-25 20:00:00,107656.3,109285.1,107118.8,108955.9,39687.738,4303354485.3795
2025-05-26 00:00:00,108956.0,109856.0,108616.6,109587.0,31295.991,3422709498.1422
2025-05-26 04:00:00,109587.1,110197.9,109327.4,110049.9,21821.547,2394859782.3181
2025-05-26 08:00:00,110049.9,110138.8,109500.0,109736.7,14879.39,1632610086.1253
2025-05-26 12:00:00,109736.6,110400.0,109412.9,109963.2,30300.067,3328515826.8924
2025-05-26 16:00:00,109963.2,110394.7,108807.0,109074.3,34224.496,3742551394.6306
2025-05-26 20:00:00,109074.4,109863.2,108894.0,109386.8,14470.729,1582019308.2266
2025-05-27 00:00:00,109386.8,109633.8,107438.0,108844.9,51580.633,5593084033.7294
2025-05-27 04:00:00,108845.0,109600.0,108483.0,109488.0,24898.577,2714753665.2982
2025-05-27 08:00:00,109488.0,109861.5,109366.9,109541.8,22031.647,2415060744.9895
2025-05-27 12:00:00,109541.9,110700.0,108609.4,110091.3,77612.286,8523596217.5872
2025-05-27 16:00:00,110091.3,110459.7,109516.1,109822.8,27423.933,3018302331.8797
2025-05-27 20:00:00,109824.8,109857.6,108533.5,108889.3,20052.829,2188032106.3837
2025-05-28 00:00:00,108889.2,109252.6,108339.2,108807.6,20569.689,2237352329.3296
2025-05-28 04:00:00,108807.3,109040.7,108568.7,108764.9,12077.087,1314228049.8214
2025-05-28 08:00:00,108764.9,109076.2,108178.1,108821.4,25977.609,2823322978.7861
2025-05-28 12:00:00,108821.3,109012.0,107000.0,107065.5,53509.222,5773738726.6431
2025-05-28 16:00:00,107065.5,107793.0,106881.5,106894.1,25973.073,2789376930.3604
2025-05-28 20:00:00,106894.0,107999.0,106723.9,107723.1,20311.079,2181376334.9363
2025-05-29 00:00:00,107723.1,108450.0,107378.6,107996.4,22974.724,2481302029.0047
2025-05-29 04:00:00,107996.5,108056.8,106877.4,107839.4,21142.095,2273649308.3623
2025-05-29 08:00:00,107839.5,108860.0,107638.6,108740.0,27695.002,3003712080.96
2025-05-29 12:00:00,108740.0,108772.9,106400.0,106972.5,66342.689,7131785194.3416
2025-05-29 16:00:00,106972.6,107121.1,105580.0,105699.2,52209.294,5552219009.3472
2025-05-29 20:00:00,105699.1,106415.0,105054.2,105539.9,22737.451,2407629957.7604
2025-05-30 00:00:00,105539.9,106175.9,104521.0,105978.8,41953.33,4426943828.4996
2025-05-30 04:00:00,105978.8,106266.0,104680.4,104997.5,28438.438,3001010849.0254
2025-05-30 08:00:00,104997.5,105940.1,104568.0,105827.4,35034.252,3690094057.6501
2025-05-30 12:00:00,105827.4,105949.1,105000.1,105504.0,38288.794,4039991702.5607
2025-05-30 16:00:00,105504.0,105531.5,103650.2,104597.6,52008.664,5426751125.9158
2025-05-30 20:00:00,104597.6,104849.9,103555.0,103950.0,23977.824,2498384437.9276
2025-05-31 00:00:00,103949.9,104259.4,103032.1,103640.1,32955.856,3414462414.2899
2025-05-31 04:00:00,103640.2,103863.6,103433.1,103700.6,11063.629,1146964103.3846
2025-05-31 08:00:00,103700.5,103770.2,103249.9,103460.9,10547.557,1091481283.1481
2025-05-31 12:00:00,103460.9,104800.0,103444.4,104497.1,29627.761,3088243138.3317
2025-05-31 16:00:00,104497.1,104743.8,104215.0,104653.9,11091.248,1159020934.5171
2025-05-31 20:00:00,104653.9,104859.3,104423.0,104544.7,8321.789,871059140.0564
2025-06-01 00:00:00,104544.6,104599.6,103860.9,104336.4,14341.262,1494574423.2166
2025-06-01 04:00:00,104336.4,104700.0,104138.0,104231.0,9469.678,988693150.0332
2025-06-01 08:00:00,104230.9,104410.5,103704.1,104038.0,15555.538,1617474940.6697
2025-06-01 12:00:00,104038.0,104760.0,103708.6,104664.0,16896.822,1763524927.5276
2025-06-01 16:00:00,104663.9,105285.0,104280.1,105075.2,24033.126,2521074043.7899
2025-06-01 20:00:00,105075.2,105823.6,104833.1,105583.3,17123.814,1804393208.0395
2025-06-02 00:00:00,105583.3,105700.0,104520.0,104781.8,17614.141,1851799777.5764
2025-06-02 04:00:00,104781.8,105398.5,104549.8,105346.4,15376.453,1614097051.5661
2025-06-02 08:00:00,105346.4,105900.0,103867.8,104000.0,39491.959,4137952375.7934
2025-06-02 12:00:00,104000.1,104646.1,103600.6,104396.8,42551.179,4430377424.7079
2025-06-02 16:00:00,104396.9,104699.4,103982.9,104366.4,15855.761,1653474357.1724
2025-06-02 20:00:00,104366.5,105893.8,104366.5,105814.3,27363.425,2881073046.7583
2025-06-03 00:00:00,105814.4,106470.8,105280.0,105448.8,29321.06,3106506054.4771
2025-06-03 04:00:00,105448.8,105475.4,105062.5,105134.4,12956.522,1363841873.445
2025-06-03 08:00:00,105134.4,105305.2,104822.4,105240.1,12289.458,1291619143.7914
2025-06-03 12:00:00,105240.1,106775.0,104969.4,106556.1,42236.633,4477072333.5646
2025-06-03 16:00:00,106556.1,106619.6,105526.2,106171.8,25039.332,2655054853.6118
2025-06-03 20:00:00,106179.7,106208.0,105200.4,105330.1,17373.002,1834021649.8952
2025-06-04 00:00:00,105330.1,105800.0,105072.0,105474.9,15154.628,1598544478.4556
2025-06-04 04:00:00,105474.8,105566.4,105200.0,105260.2,9967.039,1049952406.286
2025-06-04 08:00:00,105260.1,105967.2,105039.1,105044.1,22229.278,2344837518.8336
2025-06-04 12:00:00,105044.2,105510.2,104111.7,105254.7,44030.271,4617509524.4547
2025-06-04 16:00:00,105254.7,105437.8,104824.0,104870.4,14054.096,1477469745.8298
2025-06-04 20:00:00,104870.4,105006.3,104350.0,104641.8,13098.813,1371249477.9806
2025-06-05 00:00:00,104641.8,105225.6,104594.8,104991.4,11856.411,1243923908.9888
2025-06-05 04:00:00,104991.5,105183.0,104321.2,104473.0,15487.56,1621008383.8643
2025-06-05 08:00:00,104473.1,104880.0,104373.0,104772.7,10288.16,1076735868.575
2025-06-05 12:00:00,104772.7,105878.3,103825.0,104490.5,68596.82,7188311584.4903
2025-06-05 16:00:00,104490.5,104547.9,101500.0,101872.9,76338.478,7856618626.3312
2025-06-05 20:00:00,101873.0,102163.9,100305.1,101458.6,63671.245,6439935580.7351
2025-06-06 00:00:00,101458.7,102464.7,101003.4,102444.9,24397.812,2482944052.1948
2025-06-06 04:00:00,102445.0,103424.5,102321.1,103096.8,28923.945,2976248841.7675
2025-06-06 08:00:00,103096.7,103953.9,103096.7,103866.0,24302.565,2517654417.7315
2025-06-06 12:00:00,103865.9,105283.0,103471.4,105035.4,61774.111,6448969351.1543
2025-06-06 16:00:00,105035.4,105240.0,104010.0,104176.9,25548.57,2673572071.3005
2025-06-06 20:00:00,104177.0,104574.9,104109.2,104240.0,9353.903,975714484.4552
2025-06-07 00:00:00,104240.1,104856.0,103800.1,104822.4,15787.969,1648329243.148
2025-06-07 04:00:00,104822.4,105293.0,104591.9,104813.6,13412.441,1407220000.1174
2025-06-07 08:00:00,104813.7,105222.0,104632.0,105094.5,10912.449,1145449112.1397
2025-06-07 12:00:00,105094.5,105758.8,105094.4,105507.9,19660.879,2073433475.9746
2025-06-07 16:00:00,105507.9,105850.0,105222.6,105694.2,13309.422,1405280002.7743
2025-06-07 20:00:00,105694.1,105878.3,105482.7,105507.5,6750.013,713619656.372
2025-06-08 00:00:00,105507.5,105760.5,105347.0,105436.4,8070.07,851205632.5269
2025-06-08 04:00:00,105436.5,105617.2,105358.2,105380.4,5648.935,595752468.17
2025-06-08 08:00:00,105380.5,105666.6,104927.4,105619.2,15763.69,1659862457.5722
2025-06-08 12:00:00,105619.2,106200.0,105450.0,105917.5,19486.972,2060724529.6149
2025-06-08 16:00:00,105917.6,106300.0,105888.5,106242.6,13202.73,1401587686.2874
2025-06-08 20:00:00,106242.6,106482.6,105511.0,105676.5,12932.707,1369880622.2635
2025-06-09 00:00:00,105676.5,105929.8,105253.2,105617.0,12640.84,1334426901.2337
2025-06-09 04:00:00,105617.0,105685.7,105265.0,105516.7,8731.33,920920665.2203
2025-06-09 08:00:00,105516.7,107774.8,105429.2,107707.9,49256.42,5265294678.608
2025-06-09 12:00:00,107707.8,107985.0,106800.3,107564.3,43730.983,4702663077.2503
2025-06-09 16:00:00,107564.3,108791.8,107563.4,108515.1,31629.447,3423205581.6145
2025-06-09 20:00:00,108515.1,110653.6,108383.0,110227.9,46967.389,5153877911.0005
2025-06-10 00:00:00,110228.0,110280.0,109340.0,109525.8,20879.389,2291430494.1554
2025-06-10 04:00:00,109525.9,109690.8,109041.1,109178.0,17640.424,1928940247.7828
2025-06-10 08:00:00,109178.1,109800.0,109010.2,109498.1,22098.84,2418273155.2416
2025-06-10 12:00:00,109498.0,109852.9,108282.0,108975.3,44120.927,4808445815.6209
2025-06-10 16:00:00,108975.2,110367.2,108467.5,109460.0,29872.958,3268602539.1344
2025-06-10 20:00:00,109460.1,110265.5,109189.0,110235.4,17604.436,1931962051.607
2025-06-11 00:00:00,110235.4,110247.0,109500.0,109664.1,12285.286,1348644984.523
2025-06-11 04:00:00,109664.1,109715.4,109322.0,109396.9,9255.542,1013623470.0366
2025-06-11 08:00:00,109396.9,109629.3,109133.8,109200.1,11892.147,1300114295.6456
2025-06-11 12:00:00,109200.1,110350.0,108950.1,109694.8,47346.71,5194212937.7811
2025-06-11 16:00:00,109694.9,109776.5,108331.7,108684.5,33333.871,3631790325.2867
2025-06-11 20:00:00,108684.5,109164.8,108001.2,108600.0,20308.765,2203255833.2944
2025-06-12 00:00:00,108600.1,108782.1,107650.0,107820.5,24193.834,2618183512.763
2025-06-12 04:00:00,107820.5,107951.0,107300.0,107577.0,17432.701,1876768019.0378
2025-06-12 08:00:00,107577.0,107798.0,106830.0,106862.9,20489.988,2198213787.698
2025-06-12 12:00:00,106862.9,107769.1,106539.1,106960.6,44438.417,4761155329.7228
2025-06-12 16:00:00,106960.6,108398.4,106621.0,106749.6,36093.638,3884725379.4283
2025-06-12 20:00:00,106749.5,106929.9,105602.0,105609.5,43141.612,4577174896.6298
2025-06-13 00:00:00,105609.4,105661.0,102614.0,104233.9,98662.526,10251103016.0772
2025-06-13 04:00:00,104233.9,104891.4,103733.7,104831.4,27313.357,2848242147.1677
2025-06-13 08:00:00,104831.4,105459.7,104360.0,104989.9,28154.767,2952484004.8637
2025-06-13 12:00:00,104990.0,105750.0,104069.5,105391.9,46774.893,4908130741.1143
2025-06-13 16:00:00,105392.0,105912.0,104607.0,105050.0,31938.527,3362047647.6739
2025-06-13 20:00:00,105050.1,106141.1,104963.1,106027.3,13091.343,1382789820.7474
2025-06-14 00:00:00,106027.3,106173.6,105150.1,105189.4,16567.596,1749651228.4557
2025-06-14 04:00:00,105189.3,105374.9,104738.7,105025.1,9863.73,1036657437.5287
2025-06-14 08:00:00,105025.0,105088.0,104772.3,105030.6,7912.806,830398884.694
2025-06-14 12:00:00,105030.5,105084.2,104570.0,104783.4,11378.285,1192916497.1828
2025-06-14 16:00:00,104783.4,105011.0,104290.0,104582.3,18623.517,1948121219.0242
2025-06-14 20:00:00,104584.2,105438.0,104225.4,105359.9,15565.636,1633921116.2655
2025-06-15 00:00:00,105359.8,105631.6,105208.7,105425.6,7896.238,832707838.6256
2025-06-15 04:00:00,105425.6,106099.4,105137.0,105374.1,16601.294,1753451803.6198
2025-06-15 08:00:00,105374.2,105444.9,104812.2,104924.5,10938.222,1148842293.5175
2025-06-15 12:00:00,104924.6,105810.6,104900.0,105526.0,16414.581,1730202286.8464
2025-06-15 16:00:00,105525.9,105744.0,104999.9,105252.0,10211.904,1076225880.6029
2025-06-15 20:00:00,105251.9,105571.4,104399.9,105534.6,16757.16,1758322544.6554
2025-06-16 00:00:00,105534.7,105927.0,104920.0,105865.6,17792.791,1878350168.0046
2025-06-16 04:00:00,105865.6,107250.0,105817.3,107023.8,30100.727,3208709896.2528
2025-06-16 08:00:00,107023.8,107199.9,106540.0,106842.5,16343.835,1747263456.1127
2025-06-16 12:00:00,106842.6,107759.8,106446.6,107374.9,32297.364,3461664482.5879
2025-06-16 16:00:00,107375.0,108882.0,107258.0,108594.2,31766.821,3436495329.6117
2025-06-16 20:00:00,108594.2,108900.0,106640.1,106750.1,38511.681,4154725234.4676
2025-06-17 00:00:00,106750.1,107727.4,106068.0,107553.3,37289.67,3985877521.9331
2025-06-17 04:00:00,107553.3,107655.6,106413.4,106711.1,17587.099,1881318290.7956
2025-06-17 08:00:00,106711.0,106785.2,105461.4,105592.9,28139.512,2983648521.6631
2025-06-17 12:00:00,105592.9,105816.5,104068.0,104199.2,60675.19,6371741792.1962
2025-06-17 16:00:00,104199.2,105288.0,103300.0,104630.6,58959.759,6140887601.514
2025-06-17 20:00:00,104630.5,104865.8,104143.4,104508.0,23400.633,2444920177.3258
2025-06-18 00:00:00,104508.0,105192.2,104312.2,105132.2,14529.003,1522890792.5471
2025-06-18 04:00:00,105132.1,105500.0,104660.0,104925.7,17150.86,1803293240.7897
2025-06-18 08:00:00,104925.6,105276.8,104111.4,104791.2,24837.186,2598417103.3605
2025-06-18 12:00:00,104791.1,105300.0,103750.0,104744.2,52718.894,5511269451.1572
2025-06-18 16:00:00,104744.2,104795.0,103426.1,103773.3,44220.997,4603954182.9371
2025-06-18 20:00:00,103773.3,105098.0,103601.5,104832.8,19249.459,2013127954.0859
2025-06-19 00:00:00,104832.8,105185.7,104364.5,105054.4,15050.881,1577193604.9284
2025-06-19 04:00:00,105054.4,105184.0,104560.6,104585.9,12630.633,1324179681.8684
2025-06-19 08:00:00,104585.8,105032.1,104570.1,104717.7,9030.799,946802439.9949
2025-06-19 12:00:00,104717.8,104861.0,104021.3,104055.1,21664.367,2260888708.0049
2025-06-19 16:00:00,104055.2,104795.2,103870.3,104202.6,19357.697,2019501484.428
2025-06-19 20:00:00,104202.6,104869.4,104094.6,104607.1,9976.228,1042089728.2362
2025-06-20 00:00:00,104607.1,104770.0,104338.5,104555.1,8187.275,856278831.3855
2025-06-20 04:00:00,104555.0,105765.8,104185.3,105763.5,22781.587,2390619793.632
2025-06-20 08:00:00,105763.6,106486.2,105715.0,105928.6,35129.8,3725276861.8508
2025-06-20 12:00:00,105928.7,106111.9,103805.9,104168.5,58185.489,6101879282.4327
2025-06-20 16:00:00,104168.5,104221.0,102255.3,103263.9,58187.934,6002987962.3128
2025-06-20 20:00:00,103263.8,103796.8,102903.6,103246.1,16630.05,1718509099.0876
2025-06-21 00:00:00,103246.1,103641.0,103067.7,103434.5,8659.61,894965512.5852
2025-06-21 04:00:00,103434.6,103550.0,103268.6,103402.2,6144.184,635231177.4744
2025-06-21 08:00:00,103402.1,103940.6,103401.9,103827.5,12050.22,1250226831.1363
2025-06-21 12:00:00,103827.5,103899.0,103222.7,103516.7,17939.107,1857920727.8309
2025-06-21 16:00:00,103516.7,103600.0,102128.2,102207.5,22756.187,2340380045.8865
2025-06-21 20:00:00,102207.5,102849.2,100789.9,102079.8,53222.042,5411431820.5732
2025-06-22 00:00:00,102079.8,103362.6,101781.8,102340.0,46913.542,4805703927.1542
2025-06-22 04:00:00,102340.0,102910.7,102220.9,102399.0,16170.421,1659093721.8485
2025-06-22 08:00:00,102399.1,102770.6,102022.5,102693.7,14959.174,1532175658.6734
2025-06-22 12:00:00,102693.7,102789.7,98786.9,98849.9,119443.671,11973912449.1343
2025-06-22 16:00:00,98849.7,100348.7,98608.9,98829.7,44659.1,4435978544.8416
2025-06-22 20:00:00,98829.7,100993.5,98115.4,100904.7,51416.728,5123976448.2726
2025-06-23 00:00:00,100904.7,101580.6,100425.6,101104.4,27455.568,2772309093.2959
2025-06-23 04:00:00,101104.3,102155.1,100899.3,101874.5,23144.867,2352863544.5039
2025-06-23 08:00:00,101874.4,102028.9,101071.1,101248.5,18847.037,1912930431.0132
2025-06-23 12:00:00,101248.4,102596.5,100749.8,101369.7,54410.602,5535184291.1353
2025-06-23 16:00:00,101369.6,103273.7,99547.6,103114.2,96846.702,9839180500.4079
2025-06-23 20:00:00,103114.2,106050.0,102818.4,105290.9,76517.265,8011654261.8119
2025-06-24 00:00:00,105291.0,105454.1,104658.0,104870.0,22863.359,2400756156.3955
2025-06-24 04:00:00,104870.0,105775.9,104651.4,104891.8,27514.69,2895681110.9836
2025-06-24 08:00:00,104891.8,105525.0,104570.8,105134.6,23689.654,2488575589.0093
2025-06-24 12:00:00,105134.5,105675.0,104750.0,105184.4,32530.67,3423245121.5886
2025-06-24 16:00:00,105184.3,106239.0,105125.3,105582.1,27242.579,2880286883.8628
2025-06-24 20:00:00,105582.1,106073.9,105382.4,106034.9,10608.935,1122642680.9836
2025-06-25 00:00:00,106034.9,106750.9,105755.6,106177.0,25837.304,2747141701.2585
2025-06-25 04:00:00,106176.9,106664.2,105949.2,106547.5,11857.788,1260214552.6301
2025-06-25 08:00:00,106547.5,107187.6,106286.5,107136.3,25270.696,2698874208.6322
2025-06-25 12:00:00,107136.3,108095.7,106700.0,106982.6,62655.746,6734665072.1899
2025-06-25 16:00:00,106982.7,107863.1,106859.0,107698.2,20971.111,2251596738.494
2025-06-25 20:00:00,107698.1,107965.9,107022.6,107280.0,12685.178,1363084052.3097
2025-06-26 00:00:00,107280.1,108249.9,107041.4,107809.3,21442.778,2309419517.0859
2025-06-26 04:00:00,107809.4,108044.9,107467.6,107768.5,10862.684,1170526338.133
2025-06-26 08:00:00,107768.6,108135.0,107050.0,107272.8,17852.704,1918227541.2946
2025-06-26 12:00:00,107272.8,107724.5,106500.0,107260.0,33276.67,3563856345.6591
2025-06-26 16:00:00,107259.9,107630.8,106952.0,107476.1,13297.913,1426738065.2643
2025-06-26 20:00:00,107476.0,107971.3,106789.9,106913.7,17700.637,1898224810.2867
2025-06-27 00:00:00,106913.8,107462.5,106345.2,107428.0,15903.805,1701100550.6672
2025-06-27 04:00:00,107428.1,107686.0,106801.0,106816.9,13995.556,1500915544.9521
2025-06-27 08:00:00,106816.9,107125.9,106616.8,106943.7,18756.592,2005105897.8582
2025-06-27 12:00:00,106943.7,107378.6,106313.1,107261.3,34011.743,3630785194.3356
2025-06-27 16:00:00,107261.2,107659.9,106373.3,106748.1,27344.038,2924216016.7212
2025-06-27 20:00:00,106748.2,107232.1,106736.7,107010.7,8625.716,923281042.6713
2025-06-28 00:00:00,107010.6,107313.4,106767.0,107248.0,8573.672,917593613.0412
2025-06-28 04:00:00,107248.0,107458.4,107127.2,107433.0,5266.941,565190274.3008
2025-06-28 08:00:00,107433.1,107450.0,107194.7,107320.3,5080.545,545105343.8088
2025-06-28 12:00:00,107320.2,107538.0,107039.8,107407.6,6987.81,749361825.2253
2025-06-28 16:00:00,107407.7,107494.0,107157.0,107162.5,6567.659,704905842.8525
2025-06-28 20:00:00,107162.5,107324.8,107096.7,107241.0,3193.792,342414978.8062
2025-06-29 00:00:00,107240.9,107464.0,107112.6,107156.5,6341.251,680425243.6186
2025-06-29 04:00:00,107156.5,107372.6,107156.4,107367.2,3360.312,360436587.7115
2025-06-29 08:00:00,107367.3,108460.0,107351.6,108448.3,25224.949,2722544382.1438
2025-06-29 12:00:00,108448.3,108499.0,107580.6,107686.9,14699.842,1587816211.9221
2025-06-29 16:00:00,107686.9,107735.7,107233.1,107346.5,13327.099,1432321396.9466
2025-06-29 20:00:00,107346.5,108400.0,107203.8,108309.8,16494.872,1779858021.7789
2025-06-30 00:00:00,108309.8,108783.9,108193.5,108466.7,16475.112,1788053811.1753
2025-06-30 04:00:00,108466.8,108500.0,107427.5,107562.6,20237.325,2182961428.4671
2025-06-30 08:00:00,107562.6,107916.6,107320.0,107608.1,14358.165,1544862104.3191
2025-06-30 12:00:00,107608.1,107821.8,106686.4,107525.6,38964.361,4179128067.4508
2025-06-30 16:00:00,107525.7,107775.0,107057.9,107689.6,15502.118,1665802362.6082
2025-06-30 20:00:00,107689.6,107714.9,106863.8,107087.4,9144.305,980446016.3441
2025-07-01 00:00:00,107087.3,107499.9,106972.9,107149.4,9332.538,1000577047.0416
2025-07-01 04:00:00,107149.4,107164.5,106557.4,107134.9,15896.58,1698591287.9667
2025-07-01 08:00:00,107134.8,107139.1,106222.0,106556.8,16028.372,1707440550.3075
2025-07-01 12:00:00,106556.8,107140.7,105578.0,105908.3,45292.146,4810424746.363
2025-07-01 16:00:00,105908.3,106248.6,105333.0,105340.1,21726.122,2298191074.4861
2025-07-01 20:00:00,105340.1,106066.1,105182.6,105637.9,12158.643,1283742054.9332
2025-07-02 00:00:00,105637.9,106165.1,105010.0,106140.0,15209.233,1606918151.781
2025-07-02 04:00:00,106140.0,107144.4,106074.2,107026.0,21402.727,2283208591.2176
2025-07-02 08:00:00,107026.1,107799.9,107026.1,107439.6,30093.388,3236493096.3828
2025-07-02 12:00:00,107439.7,108754.6,107132.3,108695.3,42934.441,4633323677.9744
2025-07-02 16:00:00,108695.4,109690.4,108603.9,109621.9,52472.299,5732834537.0949
2025-07-02 20:00:00,109621.8,109621.9,108682.5,108800.0,15455.173,1686858718.1079
2025-07-03 00:00:00,108800.0,109075.1,108480.6,108594.8,12861.074,1398870226.0253
2025-07-03 04:00:00,108594.8,109516.3,108509.1,109235.0,16803.208,1833625799.3579
2025-07-03 08:00:00,109234.9,110265.1,109234.9,109551.0,26021.311,2856674353.9471
2025-07-03 12:00:00,109551.1,110484.0,108706.0,109089.8,60448.794,6626799537.1737
2025-07-03 16:00:00,109089.9,109865.9,108966.0,109743.9,17643.766,1930409644.4359
2025-07-03 20:00:00,109743.8,109963.1,109488.8,109545.2,7709.844,845949919.5532
2025-07-04 00:00:00,109545.1,109732.3,109050.0,109195.6,10659.199,1165549107.7304
2025-07-04 04:00:00,109195.7,109283.2,108661.0,108661.0,15465.862,1684571710.6156
2025-07-04 08:00:00,108661.1,109071.1,108456.4,108842.3,16634.811,1809991522.1046
2025-07-04 12:00:00,108842.2,108929.3,107436.0,107534.7,48983.286,5289705980.4596
2025-07-04 16:00:00,107534.6,107868.6,107200.0,107429.6,28292.819,3042880687.7695
2025-07-04 20:00:00,107429.6,108229.0,107385.9,107935.4,12269.87,1323723926.5809
2025-07-05 00:00:00,107935.3,108218.0,107688.3,108093.5,7916.035,854893014.7606
2025-07-05 04:00:00,108093.4,108368.1,107946.1,108000.9,7573.066,818764029.8457
2025-07-05 08:00:00,108000.8,108175.0,107828.1,108059.1,5891.798,636324570.857
2025-07-05 12:00:00,108059.2,108194.4,107908.8,108012.7,5090.317,550072722.842
2025-07-05 16:00:00,108012.6,108130.7,107809.2,108092.1,6157.434,664801629.8654
2025-07-05 20:00:00,108092.2,108183.8,107930.1,108153.4,4032.298,435798293.9957
2025-07-06 00:00:00,108153.4,108211.0,107968.1,107996.3,4372.14,472608460.1312
2025-07-06 04:00:00,107996.2,108180.0,107901.0,107991.3,3924.309,423914522.2067
2025-07-06 08:00:00,107991.4,108087.2,107743.4,108017.3,7597.263,819774287.1836
2025-07-06 12:00:00,108017.3,109079.1,107984.7,108856.8,25569.419,2778008965.7435
2025-07-06 16:00:00,108856.8,108917.0,108209.6,108493.8,10930.018,1186759025.3582
2025-07-06 20:00:00,108493.8,109684.7,108477.9,109145.8,19995.454,2183356228.6999
2025-07-07 00:00:00,109145.8,109667.3,108622.6,109348.9,15642.606,1707859730.2783
2025-07-07 04:00:00,109349.0,109409.7,108611.0,109016.3,11504.51,1253814881.0141
2025-07-07 08:00:00,109016.3,109041.2,108525.0,108599.9,12004.305,1305657765.6856
2025-07-07 12:00:00,108599.8,108612.2,107903.2,108249.0,30362.595,3287434033.0642
2025-07-07 16:00:00,108248.9,108460.8,107456.0,107999.9,28556.766,3082737203.9468
2025-07-07 20:00:00,107999.9,108250.1,107728.5,108203.9,8326.796,899179798.6413
2025-07-08 00:00:00,108203.9,108475.0,107400.0,107852.6,17984.307,1940061071.3891
2025-07-08 04:00:00,107852.5,108445.8,107696.5,108440.7,10189.634,1101987656.0167
2025-07-08 08:00:00,108440.7,108964.1,108172.4,108713.1,15943.556,1731500216.6738
2025-07-08 12:00:00,108713.2,109180.0,108151.0,108217.0,24144.169,2622919219.1488
2025-07-08 16:00:00,108217.0,109115.4,108041.0,108723.6,20875.072,2269034083.2576
2025-07-08 20:00:00,108723.6,108928.0,108570.1,108873.1,6019.289,654827982.7878
2025-07-09 00:00:00,108873.2,109107.4,108284.2,108311.9,11601.542,1260970675.9681
2025-07-09 04:00:00,108311.9,108900.0,108273.5,108674.8,9998.912,1085981837.6734
2025-07-09 08:00:00,108674.7,109074.0,108510.0,109008.3,9544.375,1038620502.9206
2025-07-09 12:00:00,109008.3,109738.5,108429.0,109020.0,44231.698,4827958488.3698
2025-07-09 16:00:00,109019.9,112036.8,108975.9,111718.8,55843.017,6173987601.574
2025-07-09 20:00:00,111718.8,111931.5,110508.0,111199.9,36615.187,4070682529.3929
2025-07-10 00:00:00,111199.8,111548.3,110834.6,111028.2,13062.149,1451853442.0394
2025-07-10 04:00:00,111028.3,111399.7,110894.2,111186.1,10503.767,1167258208.0987
2025-07-10 08:00:00,111186.2,111370.3,110800.0,110972.2,12366.984,1373314780.1251
2025-07-10 12:00:00,110972.1,111363.5,110432.2,111350.0,29486.905,3270598769.856
2025-07-10 16:00:00,111350.0,113760.0,111267.7,113246.1,78710.069,8885879183.3807
2025-07-10 20:00:00,113246.1,117500.0,113208.4,115979.2,81440.339,9424812072.8734
2025-07-11 00:00:00,115979.2,116945.8,115186.7,116839.5,29918.24,3473788751.8336
2025-07-11 04:00:00,116839.5,118395.9,116429.2,117522.7,57156.787,6724351573.0291
2025-07-11 08:00:00,117522.7,118882.8,117522.7,117790.1,30866.366,3646639751.9194
2025-07-11 12:00:00,117790.0,118226.0,116725.1,116910.3,41834.893,4919845283.7693
2025-07-11 16:00:00,116910.3,118128.0,116611.1,118072.7,25630.995,3008974974.8221
2025-07-11 20:00:00,118072.7,118072.7,117130.0,117500.0,14412.076,1694688598.6312
2025-07-12 00:00:00,117500.0,117818.6,117055.0,117730.0,8464.791,994891567.8977
2025-07-12 04:00:00,117730.0,118036.7,117454.9,117689.7,9786.843,1152341323.7505
2025-07-12 08:00:00,117689.6,118176.9,117579.8,117773.6,10654.146,1256257212.7969
2025-07-12 12:00:00,117773.5,117819.8,116862.4,117075.6,20538.261,2410040538.1639
2025-07-12 16:00:00,117075.6,117609.4,117012.0,117525.7,8165.529,958212181.2724
2025-07-12 20:00:00,117525.7,117527.8,116960.0,117389.3,6112.902,717041488.9675
2025-07-13 00:00:00,117389.4,117794.7,117164.3,117711.5,7178.918,843428661.208
2025-07-13 04:00:00,117711.6,118040.8,117639.7,117950.0,7310.041,861361805.8172
2025-07-13 08:00:00,117950.0,118058.3,117641.3,118036.1,6329.781,745909981.9048
2025-07-13 12:00:00,118036.0,119655.0,117933.4,118610.6,39022.92,4631601787.9757
2025-07-13 16:00:00,118610.6,119454.9,118325.4,118923.0,14954.202,1777365374.0815
2025-07-13 20:00:00,118922.9,119333.0,118197.7,119038.3,15256.519,1810873759.924
2025-07-14 00:00:00,119038.3,121800.0,118862.6,120733.2,43343.17,5205877339.1674
2025-07-14 04:00:00,120733.2,123300.0,120515.9,122731.0,55896.715,6822135812.4041
2025-07-14 08:00:00,122731.0,122772.7,121357.0,121474.5,26389.017,3220271659.9935
2025-07-14 12:00:00,121474.5,122113.9,119590.9,119863.1,50636.426,6125216100.458
2025-07-14 16:00:00,119863.1,120510.9,119200.0,119920.0,31947.629,3829448866.4237
2025-07-14 20:00:00,119920.3,120430.0,119505.0,119816.5,13343.163,1601498650.441
2025-07-15 00:00:00,119816.5,119919.4,116870.0,117209.2,58092.182,6865068813.289
2025-07-15 04:00:00,117209.2,117761.3,116227.0,116777.1,43592.968,5101473688.9935
2025-07-15 08:00:00,116777.1,117229.9,116300.0,117110.4,23334.349,2725626423.487
2025-07-15 12:00:00,117110.4,118499.8,115678.1,116393.0,79630.187,9318352523.0569
2025-07-15 16:00:00,116393.1,117727.4,116050.0,116428.9,45663.41,5340867312.2632
2025-07-15 20:00:00,116428.8,117965.6,116189.0,117738.5,19664.35,2305211131.8601
2025-07-16 00:00:00,117738.6,118208.6,117017.1,117477.6,17005.915,2000071575.1233
2025-07-16 04:00:00,117477.7,118297.1,117252.2,118181.2,14568.033,1718084747.3478
2025-07-16 08:00:00,118181.2,119299.9,118113.6,118755.1,24815.797,2948895803.8811
2025-07-16 12:00:00,118755.1,119786.7,118156.0,119056.0,52951.251,6294143985.491
2025-07-16 16:00:00,119055.9,119888.0,118430.3,119186.7,27062.815,3226270921.8631
2025-07-16 20:00:00,119186.7,120100.0,118359.4,118590.7,22762.137,2715757004.8191
2025-07-17 00:00:00,118590.7,119151.3,117663.6,118090.9,24347.198,2878403337.742
2025-07-17 04:00:00,118090.8,118763.4,117810.4,118293.9,15838.307,1873802499.6803
2025-07-17 08:00:00,118293.8,119216.4,117915.2,117968.9,19524.523,2313430220.8206
2025-07-17 12:00:00,117968.8,119100.0,117412.8,118875.0,33485.56,3956965259.395
2025-07-17 16:00:00,118875.0,119879.1,118293.6,118948.8,24071.418,2868611716.7324
2025-07-17 20:00:00,118948.8,120951.5,118343.2,119176.6,47007.395,5637912625.5331
2025-07-18 00:00:00,119176.5,120799.0,119003.8,120212.8,22719.763,2727067939.7584
2025-07-18 04:00:00,120212.8,120846.1,119300.0,119356.6,21765.573,2614303675.7638
2025-07-18 08:00:00,119356.5,119483.2,118384.6,119175.5,27047.111,3215032620.8041
2025-07-18 12:00:00,119175.5,119519.8,117230.7,117830.0,46533.252,5504404159.8156
2025-07-18 16:00:00,117830.1,118053.5,117109.4,117361.6,20948.078,2462802403.7145
2025-07-18 20:00:00,117361.7,118000.0,116788.9,117896.4,23233.129,2727044413.7422
2025-07-19 00:00:00,117896.5,118340.7,117588.0,118295.2,9844.745,1161944236.9223
2025-07-19 04:00:00,118295.3,118337.5,118013.2,118135.0,5699.452,673538881.9461
2025-07-19 08:00:00,118134.9,118456.0,117904.0,118300.0,7488.051,885213798.278
2025-07-19 12:00:00,118300.0,118301.4,117615.3,118025.6,11576.241,1366029753.853
2025-07-19 16:00:00,118025.6,118149.8,117562.1,117978.3,8300.911,978573083.8909
2025-07-19 20:00:00,117978.4,118125.7,117245.9,117814.4,9621.793,1131861036.6568
2025-07-20 00:00:00,117814.3,118158.7,117618.0,117934.1,7587.22,894739226.9978
2025-07-20 04:00:00,117934.2,118214.0,117736.3,117984.3,5749.199,678086420.1674
2025-07-20 08:00:00,117984.3,118261.6,117801.0,117869.2,9129.395,1077458302.8157
2025-07-20 12:00:00,117869.2,118794.0,117701.1,118669.3,17153.006,2029798350.9184
2025-07-20 16:00:00,118669.4,118856.6,117912.8,118131.2,13641.525,1614644995.7197
2025-07-20 20:00:00,118131.2,118245.3,116370.1,117216.0,29120.237,3415434450.6459
2025-07-21 00:00:00,117216.1,118585.0,116454.1,118374.8,21656.729,2545574984.8329
2025-07-21 04:00:00,118374.8,119720.6,118144.0,119352.2,21794.769,2592723106.2353
2025-07-21 08:00:00,119352.3,119496.2,118035.0,118045.0,19078.201,2265806827.1761
2025-07-21 12:00:00,118044.9,119200.0,117726.7,118304.1,33398.891,3957798707.1242
2025-07-21 16:00:00,118304.2,118381.0,116600.0,116724.7,33604.587,3949092564.9603
2025-07-21 20:00:00,116724.7,117596.6,116566.9,117330.2,12352.671,1446947131.1071
2025-07-22 00:00:00,117330.2,117947.1,115865.0,117177.0,31111.146,3642213204.8695
2025-07-22 04:00:00,117176.9,118554.9,116484.2,117959.5,25633.459,3013678190.9954
2025-07-22 08:00:00,117959.5,119199.9,117441.5,119142.2,26898.785,3186137814.5715
2025-07-22 12:00:00,119142.2,119582.3,117522.0,118899.8,51696.429,6137994282.6659
2025-07-22 16:00:00,118899.8,120300.1,118377.0,119286.5,36767.964,4389012054.2891
2025-07-22 20:00:00,119286.6,120264.8,119207.5,119993.7,14724.667,1764186237.0362
2025-07-23 00:00:00,119993.7,120146.5,118522.0,118620.8,18660.208,2226669623.0529
2025-07-23 04:00:00,118620.7,118997.7,118236.1,118327.0,14724.267,1746165329.3294
2025-07-23 08:00:00,118326.9,118586.3,117789.2,118484.8,20516.01,2424970360.3302
2025-07-23 12:00:00,118484.7,118687.1,117259.7,118531.0,37596.998,4432910830.6156
2025-07-23 16:00:00,118530.9,118530.9,117250.0,118344.4,22578.767,2662236519.1046
2025-07-23 20:00:00,118344.4,118725.3,117319.0,118713.5,22910.647,2706938168.2091
2025-07-24 00:00:00,118713.4,119265.4,118425.3,118451.5,19395.181,2306046240.5526
2025-07-24 04:00:00,118451.6,118542.5,117050.2,118368.0,33247.023,3915068911.4727
2025-07-24 08:00:00,118368.1,118789.3,117923.0,118558.0,21819.142,2585115019.3721
2025-07-24 12:00:00,118558.0,119469.9,117773.1,119074.1,34069.135,4042682053.2074
2025-07-24 16:00:00,119074.1,119376.9,118306.0,118902.0,19232.517,2287424261.7939
2025-07-24 20:00:00,118902.0,118953.9,118112.0,118294.3,9614.615,1139082779.5482
2025-07-25 00:00:00,118294.4,118410.8,115300.0,115384.6,67458.1,7869501731.994
2025-07-25 04:00:00,115384.7,116100.0,114667.3,115288.8,58534.653,6754001841.2345
2025-07-25 08:00:00,115288.9,116759.6,115000.0,116504.6,44704.838,5175225931.0085
2025-07-25 12:00:00,116504.6,116629.0,114846.1,115687.4,47785.037,5530086285.7542
2025-07-25 16:00:00,115687.4,116989.9,115413.1,116649.6,22061.427,2564343833.4301
2025-07-25 20:00:00,116649.6,117615.3,116530.0,117583.5,19842.699,2324235086.7936
2025-07-26 00:00:00,117583.4,117740.6,117114.2,117455.8,11547.475,1356060861.379
2025-07-26 04:00:00,117455.8,117515.9,117288.0,117288.1,5970.02,700779639.2383
2025-07-26 08:00:00,117288.0,118229.7,117288.0,117758.0,16554.074,1950670813.1156
2025-07-26 12:00:00,117758.1,118211.8,117755.0,118111.1,10334.632,1219566415.5025
2025-07-26 16:00:00,118111.1,118300.0,117917.7,118209.0,6040.431,713258629.1791
2025-07-26 20:00:00,118209.1,118289.3,117846.1,117889.2,6771.972,799005270.0049
2025-07-27 00:00:00,117889.3,118356.0,117800.8,118162.0,6261.936,739493104.5438
2025-07-27 04:00:00,118161.9,118432.1,118041.6,118083.6,5969.934,705707639.8949
2025-07-27 08:00:00,118083.5,118273.8,117822.2,118053.4,8614.694,1016968413.7703
2025-07-27 12:00:00,118053.3,118583.2,117850.0,118580.8,14083.048,1665818423.4037
2025-07-27 16:00:00,118580.9,119550.0,118580.8,118953.3,27165.447,3236936363.6157
2025-07-27 20:00:00,118953.3,119766.0,118709.2,119423.4,13883.9,1656946316.7059
2025-07-28 00:00:00,119423.5,119812.0,118949.9,119269.7,14577.544,1740272547.543
2025-07-28 04:00:00,119269.6,119692.0,118742.0,118873.2,13369.059,1593253860.6866
2025-07-28 08:00:00,118873.1,119091.2,118471.3,118813.3,12578.189,1493946655.707
2025-07-28 12:00:00,118813.4,119085.0,117900.0,118152.8,33484.739,3964258587.9933
2025-07-28 16:00:00,118152.9,118363.0,117388.0,118050.0,22310.897,2629064025.9817
2025-07-28 20:00:00,118050.0,118329.8,117466.1,118041.4,10391.901,1225792346.0384
2025-07-29 00:00:00,118041.5,118777.0,117406.3,118745.6,16848.829,1989610094.9399
2025-07-29 04:00:00,118745.6,119258.7,118377.1,118856.2,13443.52,1597329602.8841
2025-07-29 08:00:00,118856.2,119019.6,118119.1,118560.0,12770.764,1514601616.0711
2025-07-29 12:00:00,118560.0,119050.0,117218.7,117345.7,34225.744,4042122245.4809
2025-07-29 16:00:00,117345.7,118019.3,116923.0,117484.9,24192.938,2842980858.6292
2025-07-29 20:00:00,117485.5,117951.0,117044.1,117897.0,13781.668,1618513852.3393
2025-07-30 00:00:00,117897.1,118210.0,117363.0,118106.5,9850.102,1160685454.4787
2025-07-30 04:00:00,118106.5,118384.6,117616.1,118083.1,9746.446,1150941335.7797
2025-07-30 08:00:00,118083.2,118451.3,117291.6,117526.7,15902.454,1876018027.9026
2025-07-30 12:00:00,117526.6,118763.5,117300.6,117950.0,28851.628,3403527899.1269
2025-07-30 16:00:00,117949.9,117995.4,115700.0,116865.2,46229.505,5399284146.6448
2025-07-30 20:00:00,116865.2,117866.4,116829.8,117771.0,14337.722,1681406413.4703
2025-07-31 00:00:00,117771.1,118590.0,117713.5,118429.0,17973.204,2125170246.5789
2025-07-31 04:00:00,118429.0,118910.0,118238.7,118624.1,12172.541,1443183831.2969
2025-07-31 08:00:00,118624.0,118728.0,118246.8,118330.9,8609.962,1020271073.5165
2025-07-31 12:00:00,118330.9,118684.4,117783.3,118259.3,26860.019,3175023179.7659
2025-07-31 16:00:00,118259.4,118850.0,116691.1,116718.9,34611.488,4073562446.5956
2025-07-31 20:00:00,116718.9,116927.8,115373.9,115697.3,34810.253,4046294847.8808
2025-08-01 00:00:00,115697.3,116000.0,114239.0,115595.7,42604.847,4908711570.0313
2025-08-01 04:00:00,115595.6,115873.4,114579.5,115015.1,21214.534,2442910855.8211
2025-08-01 08:00:00,115015.1,115291.1,114055.6,115246.6,26589.382,3051479240.9784
2025-08-01 12:00:00,115246.5,115956.0,113871.1,115305.3,54800.767,6310135880.6145
2025-08-01 16:00:00,115305.3,115656.8,113173.7,113278.5,46088.416,5263580836.7008
2025-08-01 20:00:00,113278.4,114039.0,112660.0,113244.8,29984.153,3398061339.6275
2025-08-02 00:00:00,113244.8,113873.7,113145.0,113859.9,11027.075,1252521524.8554
2025-08-02 04:00:00,113860.0,114000.0,113415.8,113919.9,11938.326,1358374604.3376
2025-08-02 08:00:00,113920.0,113988.0,113370.0,113732.5,10218.835,1161303291.4199
2025-08-02 12:00:00,113732.6,113740.5,112769.2,112798.6,18494.393,2093208279.795
2025-08-02 16:00:00,112798.6,113388.9,111910.0,112175.5,36337.074,4091576544.752
2025-08-02 20:00:00,112175.5,113022.5,112007.9,112508.8,14443.745,1625343680.4157
2025-08-03 00:00:00,112508.8,113694.0,111850.0,113550.9,17961.77,2028064974.0308
2025-08-03 04:00:00,113550.9,113676.4,113285.7,113647.2,6301.771,715179589.7641
2025-08-03 08:00:00,113647.2,114200.0,113492.5,113810.1,11023.459,1254969382.1135
2025-08-03 12:00:00,113810.0,114049.8,113529.6,113904.3,10900.396,1240270714.0492
2025-08-03 16:00:00,113904.3,114730.0,113727.8,114259.0,10570.464,1207569687.5443
2025-08-03 20:00:00,114259.1,114567.3,114011.3,114150.8,6426.009,734206009.2642
2025-08-04 00:00:00,114150.9,114963.4,114053.8,114520.2,12295.237,1409151239.9608
2025-08-04 04:00:00,114520.3,114739.3,114089.0,114607.0,9279.797,1061284315.1197
2025-08-04 08:00:00,114607.0,114715.0,114166.0,114450.0,7637.669,874033851.4389
2025-08-04 12:00:00,114450.1,115431.6,114070.0,114766.3,27575.335,3167086532.1908
2025-08-04 16:00:00,114766.4,115686.0,114681.1,114724.0,17022.068,1960355104.6293
2025-08-04 20:00:00,114724.0,115299.0,114580.4,115002.1,9518.485,1094538157.7112
2025-08-05 00:00:00,115002.1,115073.3,114213.6,114215.0,10318.429,1182674735.9998
2025-08-05 04:00:00,114214.9,114468.1,113650.0,113924.7,16889.881,1927854270.5731
2025-08-05 08:00:00,113924.7,115057.0,113869.5,114782.0,15542.383,1780572403.507
2025-08-05 12:00:00,114782.1,114860.1,112582.4,112871.8,48789.021,5534959735.552
2025-08-05 16:00:00,112871.7,113731.7,112755.1,113573.1,16283.201,1844977287.1174
2025-08-05 20:00:00,113573.8,114178.4,113240.1,114069.6,11493.513,1307493670.5015
2025-08-06 00:00:00,114069.6,114091.3,113355.5,113470.1,9186.999,1044462790.4692
2025-08-06 04:00:00,113470.2,114390.2,113304.5,114179.2,14343.657,1634439886.2364
2025-08-06 08:00:00,114179.2,114372.7,113663.3,114188.0,11807.499,1346551919.4757
2025-08-06 12:00:00,114187.9,115488.0,113520.0,115366.3,37775.792,4327493797.3323
2025-08-06 16:00:00,115366.2,115674.2,114867.0,115215.1,18625.447,2147242435.362
2025-08-06 20:00:00,115215.0,115228.5,114732.8,114941.0,6859.276,788955691.7226
2025-08-07 00:00:00,114941.0,115144.0,114333.6,114500.8,10847.644,1244110928.6507
2025-08-07 04:00:00,114500.9,114834.4,114211.4,114751.1,10679.936,1223058220.9083
2025-08-07 08:00:00,114751.2,116782.6,114750.0,116469.1,40981.265,4749605610.8884
2025-08-07 12:00:00,116469.1,116747.6,115950.1,116634.6,24976.017,2906913736.1641
2025-08-07 16:00:00,116634.6,117487.2,115555.2,117407.6,31486.178,3669384033.0735
2025-08-07 20:00:00,117407.5,117580.0,116942.2,117419.9,15438.015,1810903707.2426
2025-08-08 00:00:00,117419.9,117591.8,116639.9,116692.2,17323.039,2026701560.8207
2025-08-08 04:00:00,116692.2,116917.1,116342.0,116772.0,10920.557,1273701184.3838
2025-08-08 08:00:00,116772.0,116880.0,116256.0,116840.5,10056.008,1172327088.1196
2025-08-08 12:00:00,116840.6,117229.9,115850.0,116162.0,25731.574,2997810414.4647
2025-08-08 16:00:00,116162.1,116863.9,115949.9,116384.4,18032.069,2099258781.5348
2025-08-08 20:00:00,116384.4,116941.5,116250.0,116628.2,7765.364,906369938.4532
2025-08-09 00:00:00,116628.2,116703.6,116304.0,116331.5,5712.949,665399766.0597
2025-08-09 04:00:00,116331.6,116950.1,116309.0,116703.2,14934.749,1742010556.5988
2025-08-09 08:00:00,116703.3,117906.7,116700.0,117064.9,25544.616,2997149497.9633
2025-08-09 12:00:00,117065.0,117200.0,116600.0,116835.6,13944.013,1630234692.5193
2025-08-09 16:00:00,116835.5,116900.9,116458.1,116499.9,7593.202,885585194.0286
2025-08-09 20:00:00,116499.9,117000.0,116350.0,116422.1,10195.005,1188698097.3685
2025-08-10 00:00:00,116422.1,118500.0,116413.2,118480.1,34945.874,4110850776.7087
2025-08-10 04:00:00,118480.0,118738.0,117342.0,117770.0,29066.653,3432714460.9919
2025-08-10 08:00:00,117770.0,118489.9,117568.9,118295.9,16040.238,1895087693.2422
2025-08-10 12:00:00,118295.9,119094.0,118192.6,118766.0,22868.048,2712841216.6623
2025-08-10 16:00:00,118766.0,118917.4,118395.8,118624.5,7283.134,863904972.2477
2025-08-10 20:00:00,118624.6,119291.9,118010.0,119255.3,20127.832,2387599163.7875
2025-08-11 00:00:00,119255.3,122165.4,118950.0,121700.1,59538.202,7191495820.1156
2025-08-11 04:00:00,121700.1,122450.0,121432.3,121534.8,27806.843,3391433804.6546
2025-08-11 08:00:00,121534.9,121820.7,120267.3,120545.0,28876.249,3495373061.079
2025-08-11 12:00:00,120545.0,120655.0,119345.0,120271.2,48113.091,5771424208.264
2025-08-11 16:00:00,120271.2,120799.0,118499.0,119035.3,32996.458,3947291521.4306
2025-08-11 20:00:00,119035.2,119149.6,118050.0,118641.9,19757.411,2343814713.7834
2025-08-12 00:00:00,118641.8,119246.4,118551.7,118813.1,13300.142,1581485212.2357
2025-08-12 04:00:00,118813.2,119120.0,118377.2,118931.9,14300.013,1699090083.2081
2025-08-12 08:00:00,118931.9,119011.9,118154.3,118464.1,13998.651,1659089762.3592
2025-08-12 12:00:00,118464.2,119927.9,118234.8,119888.0,45134.657,5376508004.1132
2025-08-12 16:00:00,119888.0,120163.6,119124.5,119600.3,22828.66,2730923453.2644
2025-08-12 20:00:00,119600.3,120270.0,119430.0,120081.0,16146.432,1936978742.9657
2025-08-13 00:00:00,120080.9,120146.6,119028.0,119436.0,16859.449,2014983209.4078
2025-08-13 04:00:00,119436.0,119798.6,118829.0,119540.3,16032.891,1913073247.907
2025-08-13 08:00:00,119540.3,120710.4,119408.8,120538.5,23680.705,2845826844.8618
2025-08-13 12:00:00,120538.4,122218.3,120066.1,120897.2,65444.155,7933680052.8078
2025-08-13 16:00:00,120897.3,122831.1,120897.3,122719.9,32963.963,4017829255.9108
2025-08-13 20:00:00,122720.0,123715.9,122314.1,123323.9,33092.71,4070890213.3289
2025-08-14 00:00:00,123323.9,124545.6,123272.1,123405.2,29585.605,3661745102.7049
2025-08-14 04:00:00,123405.1,123485.3,121318.5,121742.4,41732.33,5100088495.2427
2025-08-14 08:00:00,121742.3,122050.0,120657.6,120947.9,25372.784,3078178672.5668
2025-08-14 12:00:00,120947.8,121154.7,117410.0,118185.9,112404.602,13373737946.521
2025-08-14 16:00:00,118185.9,118500.0,117004.0,117889.5,32884.838,3873357918.504
2025-08-14 20:00:00,117889.4,118470.1,117255.0,118242.2,17821.411,2101310918.5599
2025-08-15 00:00:00,118242.2,119039.9,117970.7,118918.1,14657.063,1737389271.6422
2025-08-15 04:00:00,118918.1,119184.0,118569.7,118908.3,13276.33,1578587909.9067
2025-08-15 08:00:00,118908.4,119114.9,118550.0,118950.0,8916.305,1059952571.3984
2025-08-15 12:00:00,118950.1,119068.8,116750.0,117216.8,48081.547,5663356829.4059
2025-08-15 16:00:00,117216.8,117859.4,116736.3,116900.0,24658.013,2891165499.6384
2025-08-15 20:00:00,116900.0,117711.0,116820.5,117279.2,10953.099,1284366046.9808
2025-08-16 00:00:00,117279.1,117853.5,117162.6,117385.0,10472.387,1231275151.3393
2025-08-16 04:00:00,117385.0,117857.1,117226.8,117549.9,8878.588,1043462010.06
2025-08-16 08:00:00,117550.0,117664.9,117089.7,117340.4,8197.037,962205964.3916
2025-08-16 12:00:00,117340.5,117786.0,117268.5,117626.9,7789.925,916212701.854
2025-08-16 16:00:00,117627.0,117774.5,117588.7,117622.3,4894.852,575987003.9591
2025-08-16 20:00:00,117622.3,117673.9,117137.4,117329.7,6441.631,756198047.5885
2025-08-17 00:00:00,117329.8,117722.5,117121.6,117627.4,5731.934,672919860.3124
2025-08-17 04:00:00,117627.3,118187.0,117627.3,117949.9,9439.515,1113441843.6828
2025-08-17 08:00:00,117950.0,118435.0,117865.0,118253.9,9265.939,1095487890.805
2025-08-17 12:00:00,118254.0,118558.0,118010.0,118191.0,7883.199,931905501.1207
2025-08-17 16:00:00,118191.0,118267.9,117245.0,117527.0,15033.475,1770004465.4269
2025-08-17 20:00:00,117527.0,117945.0,117322.2,117353.8,7032.742,827391521.6764
2025-08-18 00:00:00,117353.9,117499.4,114950.3,115264.9,46974.544,5452563315.5751
2025-08-18 04:00:00,115264.8,115684.5,114815.2,115153.2,22828.276,2631300775.9535
2025-08-18 08:00:00,115153.2,115342.5,114605.0,114900.0,17981.665,2067241622.6082
2025-08-18 12:00:00,114900.1,116137.8,114769.2,116099.4,28586.539,3299067595.4705
2025-08-18 16:00:00,116099.4,116761.0,115773.3,116273.4,19769.43,2298782576.3898
2025-08-18 20:00:00,116273.4,116938.7,115929.9,116183.6,11079.325,1290202184.2317
2025-08-19 00:00:00,116183.6,116687.7,114734.8,114756.6,21808.316,2522980751.9976
2025-08-19 04:00:00,114756.7,115430.0,114303.8,114928.7,19906.291,2287320620.3749
2025-08-19 08:00:00,114928.7,115608.5,114750.0,115461.0,11178.156,1288546017.7633
2025-08-19 12:00:00,115461.0,115847.4,113506.0,113730.0,44225.425,5061727687.2039
2025-08-19 16:00:00,113730.1,113844.0,112714.4,113078.3,29407.714,3331021061.5116
2025-08-19 20:00:00,113078.2,113524.5,112666.6,112824.2,14498.385,1640123907.7374
2025-08-20 00:00:00,112824.1,113599.4,112500.0,113465.4,21619.508,2444937412.0905
2025-08-20 04:00:00,113465.4,113805.5,113360.9,113436.7,9143.536,1038479886.3899
2025-08-20 08:00:00,113436.7,113978.0,113009.5,113627.5,15623.162,1774299543.3247
2025-08-20 12:00:00,113627.4,114279.3,112301.8,113297.0,45124.338,5115547641.9243
2025-08-20 16:00:00,113296.9,114411.0,113200.0,114216.3,27678.02,3150921048.9902
2025-08-20 20:00:00,114216.3,114569.0,113941.9,114220.5,11333.806,1295088613.6672
2025-08-21 00:00:00,114220.5,114777.0,113843.7,113912.1,13829.073,1579620608.5638
2025-08-21 04:00:00,113912.0,113997.1,113520.0,113836.8,9921.262,1128518698.4247
2025-08-21 08:00:00,113836.8,113947.4,112924.6,113100.2,12824.8,1453971641.773
2025-08-21 12:00:00,113100.0,113936.0,112545.4,112748.9,27324.857,3092774372.5072
2025-08-21 16:00:00,112748.8,112940.6,111944.0,112152.8,21010.133,2360926658.9542
2025-08-21 20:00:00,112152.8,112833.3,112010.0,112462.2,11496.231,1292028313.9185
2025-08-22 00:00:00,112462.2,113485.9,112273.2,112889.9,15818.142,1786803157.1994
2025-08-22 04:00:00,112890.0,113350.2,112655.5,113040.1,12847.566,1452058381.3064
2025-08-22 08:00:00,113040.0,113273.9,112130.3,112272.8,13076.59,1473191163.5384
2025-08-22 12:00:00,112272.9,117266.9,111625.9,116319.3,110185.22,12626525029.5446
2025-08-22 16:00:00,116319.4,117397.4,116046.5,116625.5,35551.395,4146886203.7785
2025-08-22 20:00:00,116625.4,117140.6,116510.0,116897.5,11969.064,1398327505.3355
2025-08-23 00:00:00,116897.5,116988.0,115414.3,115522.5,21833.348,2533778377.3722
2025-08-23 04:00:00,115522.6,116015.3,115504.6,115769.9,10604.533,1228100448.6515
2025-08-23 08:00:00,115770.0,115840.4,115180.0,115266.7,9759.963,1127910855.2886
2025-08-23 12:00:00,115266.8,115450.0,114510.0,114776.5,22697.545,2608375471.6037
2025-08-23 16:00:00,114776.4,115166.5,114648.7,115104.9,7958.313,914973733.0373
2025-08-23 20:00:00,115104.9,115380.0,114957.7,115377.1,5565.713,641096395.6745
2025-08-24 00:00:00,115377.1,115640.0,114902.0,115006.5,11855.839,1366508562.7949
2025-08-24 04:00:00,115006.5,115264.4,114814.2,114854.8,8290.719,953428343.3529
2025-08-24 08:00:00,114854.9,115033.4,114574.1,114702.0,10131.968,1162832606.3013
2025-08-24 12:00:00,114701.9,114845.0,114324.9,114372.6,14203.317,1627339482.7775
2025-08-24 16:00:00,114372.7,114914.8,110484.0,112556.4,58915.204,6655619356.2032
2025-08-24 20:00:00,112556.4,113646.5,111555.0,113446.3,29990.955,3382339619.9197
2025-08-25 00:00:00,113446.2,113621.3,112100.2,112867.7,22365.177,2526776554.9743
2025-08-25 04:00:00,112867.8,113022.9,111245.9,111469.7,26547.559,2975776343.3595
2025-08-25 08:00:00,111469.7,111789.9,110891.0,111183.7,27037.38,3009687622.9958
2025-08-25 12:00:00,111183.7,112533.2,110532.2,112142.2,41669.829,4650938254.4365
2025-08-25 16:00:00,112142.2,112897.7,110601.7,110650.4,30479.325,3414070850.1602
2025-08-25 20:00:00,110650.4,111050.0,109219.8,110064.0,56740.515,6241472408.4111
2025-08-26 00:00:00,110064.1,110064.1,108559.7,109825.0,32739.345,3583678844.6699
2025-08-26 04:00:00,109825.1,110508.5,109711.0,110244.2,14571.872,1604344654.0429
2025-08-26 08:00:00,110244.2,110405.6,109529.5,109842.2,13433.107,1477858960.0776
2025-08-26 12:00:00,109842.2,110817.5,109350.0,109624.6,40914.503,4502526589.142
2025-08-26 16:00:00,109624.6,111106.5,109400.0,111053.5,21525.613,2374866941.175
2025-08-26 20:00:00,111053.5,112330.0,110855.0,111709.9,21856.998,2440167451.7841
2025-08-27 00:00:00,111710.0,111765.6,110867.1,111373.7,15375.235,1711684901.225
2025-08-27 04:00:00,111373.8,111700.4,110586.5,110688.0,11788.597,1310496215.4143
2025-08-27 08:00:00,110688.0,111328.9,110306.9,111270.8,12812.348,1420135342.6691
2025-08-27 12:00:00,111270.7,112568.5,110958.2,111965.1,29562.927,3303306691.454
2025-08-27 16:00:00,111965.0,112550.0,111489.8,112032.8,18174.547,2036151179.0817
2025-08-27 20:00:00,112032.9,112401.5,110854.4,111194.9,26491.468,2957463318.8053
2025-08-28 00:00:00,111194.9,111993.0,110811.0,111954.1,11667.908,1299953624.8999
2025-08-28 04:00:00,111954.0,113318.2,111892.4,113079.2,23087.347,2605256620.0536
2025-08-28 08:00:00,113079.3,113301.6,112780.3,112876.5,10509.946,1187603780.0426
2025-08-28 12:00:00,112876.5,113429.0,112344.4,112633.1,26239.509,2961374418.8975
2025-08-28 16:00:00,112633.1,113153.1,111853.6,111864.7,17144.949,1927478901.9341
2025-08-28 20:00:00,111864.8,112519.1,111829.4,112507.3,8980.618,1006954475.9797
2025-08-29 00:00:00,112507.3,112585.7,111238.5,111648.6,17249.864,1926945420.2787
2025-08-29 04:00:00,111648.6,111797.2,109850.0,109969.0,25126.998,2782869912.8734
2025-08-29 08:00:00,109969.0,110254.9,109360.0,110047.8,23367.603,2566460223.7927
2025-08-29 12:00:00,110047.8,111489.5,108034.1,108334.4,70997.82,7763304685.4059
2025-08-29 16:00:00,108334.4,108777.0,107869.6,108155.5,21364.211,2314936633.3766
2025-08-29 20:00:00,108155.5,108513.0,107411.4,108332.4,21618.676,2334151884.3299
2025-08-30 00:00:00,108332.4,108378.0,107281.0,108367.9,16398.309,1770245318.4104
2025-08-30 04:00:00,108368.0,108615.3,108067.5,108466.6,11466.765,1242465861.3223
2025-08-30 08:00:00,108466.6,108742.9,108359.6,108638.6,9160.751,994310325.6206
2025-08-30 12:00:00,108638.6,108879.6,108155.0,108809.8,13394.47,1453494111.2145
2025-08-30 16:00:00,108809.8,108851.0,108562.0,108769.4,5467.675,594446960.0949
2025-08-30 20:00:00,108769.5,108776.1,108412.2,108757.9,4768.913,517747159.649
2025-08-31 00:00:00,108758.0,109439.9,108750.0,109175.4,13765.096,1502927599.6679
2025-08-31 04:00:00,109175.5,109190.4,108455.0,108656.9,9506.115,1033396721.9397
2025-08-31 08:00:00,108656.9,109067.2,108251.3,108350.0,12792.96,1388696276.0331
2025-08-31 12:00:00,108350.0,108808.5,108153.8,108758.2,10880.915,1179537231.4713
2025-08-31 16:00:00,108758.2,109196.5,108504.7,108877.2,10481.101,1140959080.0981
2025-08-31 20:00:00,108877.3,109192.3,108021.0,108208.4,12723.359,1381425533.4009
2025-09-01 00:00:00,108208.4,108447.6,107355.0,107619.1,25068.79,2703200654.09
2025-09-01 04:00:00,107619.1,109390.3,107211.5,109390.3,26104.798,2823729114.5813
2025-09-01 08:00:00,109390.2,109874.8,108131.6,108721.9,33039.009,3605692807.2744
2025-09-01 12:00:00,108721.8,109479.2,108515.8,108738.0,21788.115,2375010695.2342
2025-09-01 16:00:00,108737.9,109298.6,108350.0,109178.7,12872.734,1401152186.5991
2025-09-01 20:00:00,109178.7,109410.5,107400.0,109187.9,31407.18,3402259690.1092
2025-09-02 00:00:00,109187.9,110597.9,108834.9,110286.0,28302.513,3104637397.1306
2025-09-02 04:00:00,110286.0,110571.9,109932.4,110190.1,13927.36,1535061556.1875
2025-09-02 08:00:00,110190.1,110700.0,109501.7,109698.6,18830.291,2075086479.4305
2025-09-02 12:00:00,109698.6,111742.1,108333.0,110789.9,79576.083,8771013857.2558
2025-09-02 16:00:00,110789.9,111076.8,110118.5,110742.9,20760.952,2297060771.4431
2025-09-02 20:00:00,110742.9,111487.9,110650.8,111188.0,14564.157,1618437163.4959
2025-09-03 00:00:00,111187.9,111732.9,110842.7,110991.7,14679.713,1632755224.3421
2025-09-03 04:00:00,110991.8,111117.5,110486.9,111041.5,11117.044,1231433323.2413
2025-09-03 08:00:00,111041.4,111670.0,110843.0,111391.6,11890.428,1323034246.7475
2025-09-03 12:00:00,111391.6,112470.5,110966.8,112168.6,42967.906,4800070477.5694
2025-09-03 16:00:00,112168.5,112541.2,111626.0,112139.9,17438.926,1954352013.4926
2025-09-03 20:00:00,112140.0,112207.1,111550.9,111659.8,7410.404,829114376.4142
2025-09-04 00:00:00,111659.7,112136.8,111081.1,111107.1,14897.088,1661692710.5007
2025-09-04 04:00:00,111107.1,111283.7,110237.2,110417.3,20718.869,2292496547.3137
2025-09-04 08:00:00,110417.3,111111.0,110366.0,110763.9,14846.823,1644394845.5249
2025-09-04 12:00:00,110763.8,111081.6,109269.1,109448.0,33312.199,3666018636.0244
2025-09-04 16:00:00,109448.0,110150.0,109315.0,109753.9,17804.968,1953973684.0266
2025-09-04 20:00:00,109753.9,111743.8,109702.8,110679.4,20720.422,2297450475.321
2025-09-05 00:00:00,110679.5,111444.1,110394.2,111266.9,14819.651,1644506435.5206
2025-09-05 04:00:00,111267.0,112949.0,111086.2,112900.1,28206.507,3165121543.3902
2025-09-05 08:00:00,112900.0,112947.6,112080.0,112299.6,22210.272,2497031395.5175
2025-09-05 12:00:00,112299.6,113344.3,110240.0,110674.1,88696.603,9927727838.502
2025-09-05 16:00:00,110674.1,111598.2,110153.3,111550.1,19053.407,2111851113.5685
2025-09-05 20:00:00,111550.0,111655.5,110307.6,110614.9,20388.964,2262030638.1603
2025-09-06 00:00:00,110614.8,111256.2,110504.9,111034.0,7401.22,820558886.9296
2025-09-06 04:00:00,111034.0,111034.0,110653.1,110779.9,5151.787,570617562.224
2025-09-06 08:00:00,110779.9,110928.5,110621.0,110732.9,5048.529,559034137.7562
2025-09-06 12:00:00,110732.8,110956.5,110285.2,110324.1,9309.436,1029955862.4752
2025-09-06 16:00:00,110324.2,110359.1,109850.0,109986.7,14613.108,1609369922.9338
2025-09-06 20:00:00,109986.8,110225.9,109981.2,110135.3,4758.436,523939338.1751
2025-09-07 00:00:00,110135.2,110700.0,110120.5,110579.8,8486.949,937171047.6251
2025-09-07 04:00:00,110579.8,110880.8,110414.4,110710.8,7174.867,793582993.4131
2025-09-07 08:00:00,110710.8,111348.0,110666.4,111249.5,14763.41,1639784997.7151
2025-09-07 12:00:00,111249.5,111371.4,110998.8,111276.2,7509.152,834652338.3523
2025-09-07 16:00:00,111276.2,111327.2,110817.5,111217.0,7640.787,848539286.6209
2025-09-07 20:00:00,111216.9,111559.5,110947.6,111076.0,8265.419,919340629.1207
2025-09-08 00:00:00,111075.5,111345.0,110566.5,111004.9,14141.826,1569282616.884
2025-09-08 04:00:00,111004.8,111580.7,110852.1,111236.4,9409.023,1045864769.0904
2025-09-08 08:00:00,111236.5,112144.0,111201.0,112022.0,24016.679,2685693329.6067
2025-09-08 12:00:00,112022.0,112867.6,111800.0,112573.6,28275.809,3175807403.7961
2025-09-08 16:00:00,112573.6,112635.0,111927.0,112051.0,14865.987,1669241111.5146
2025-09-08 20:00:00,112050.0,112460.4,111847.0,112012.6,8408.535,942819062.1118
2025-09-09 00:00:00,112012.7,112055.7,111050.0,111657.6,19290.25,2150373906.2779
2025-09-09 04:00:00,111657.7,113238.0,111576.7,112950.1,31921.636,3592738255.8957
2025-09-09 08:00:00,112950.2,113134.3,112350.0,112397.4,12841.685,1448473415.3299
2025-09-09 12:00:00,112397.5,112900.0,110714.9,110830.1,49386.303,5523074858.9336
2025-09-09 16:00:00,110830.1,111342.0,110738.6,111242.3,14928.609,1657406012.5399
2025-09-09 20:00:00,111242.4,111692.3,111041.1,111499.9,8906.65,991951122.6651
2025-09-10 00:00:00,111499.9,111545.0,110855.8,111498.9,17185.891,1910483916.7485
2025-09-10 04:00:00,111498.9,112555.0,111316.8,112500.1,16775.302,1876802260.4536
2025-09-10 08:00:00,112500.0,112832.0,112060.0,112266.4,19366.674,2177499973.5939
2025-09-10 12:00:00,112266.5,114287.9,112266.4,113801.3,64026.7,7268885489.9277
2025-09-10 16:00:00,113801.3,114046.8,113111.0,113525.2,21631.484,2456304293.0993
2025-09-10 20:00:00,113525.3,114005.0,113468.4,113896.8,12915.488,1469429987.3832
2025-09-11 00:00:00,113896.8,114433.2,113614.5,114354.4,11183.876,1274636786.5117
2025-09-11 04:00:00,114354.4,114419.9,113900.0,114040.0,11621.63,1326401661.4035
2025-09-11 08:00:00,114040.1,114161.0,113722.2,113960.9,11061.871,1260388442.7201
2025-09-11 12:00:00,113961.0,114691.7,113340.7,114122.3,50084.085,5711779780.4733
2025-09-11 16:00:00,114122.4,114564.0,114008.5,114370.5,11930.936,1363945633.4868
2025-09-11 20:00:00,114370.4,115439.0,114195.0,115427.0,17183.68,1974887017.869
2025-09-12 00:00:00,115427.0,116280.0,114993.0,115138.3,31719.513,3666510685.1223
2025-09-12 04:00:00,115138.3,115613.0,115024.3,115049.0,12398.784,1429904738.3768
2025-09-12 08:00:00,115048.9,115243.5,114833.8,114863.0,13385.479,1539083208.6652
2025-09-12 12:00:00,114863.0,115445.9,114681.5,115064.9,18827.404,2165918457.9618
2025-09-12 16:00:00,115064.8,116605.7,114989.9,116561.1,27949.158,3242523635.2666
2025-09-12 20:00:00,116561.0,116561.0,115701.4,115978.4,14733.38,1709863904.5625
2025-09-13 00:00:00,115978.4,116245.4,115500.1,115913.6,10867.694,1259713266.9363
2025-09-13 04:00:00,115913.6,115913.6,115594.9,115715.5,6578.872,761249966.0955
2025-09-13 08:00:00,115715.5,116126.0,115715.5,115912.9,6897.627,799480177.6723
2025-09-13 12:00:00,115913.0,116013.7,115546.1,115721.3,9103.39,1053751360.7423
2025-09-13 16:00:00,115721.4,115780.3,115032.0,115751.4,15004.094,1731536424.7354
2025-09-13 20:00:00,115751.4,115946.4,115745.6,115862.7,4077.913,472462216.2188
2025-09-14 00:00:00,115862.7,116075.8,115580.0,115626.0,7677.134,889118530.1381
2025-09-14 04:00:00,115626.0,115884.1,115406.1,115746.0,4741.452,548486870.1101
2025-09-14 08:00:00,115746.1,116118.6,115700.3,115750.0,7509.269,870453515.7568
2025-09-14 12:00:00,115750.0,115828.1,115100.5,115162.2,15997.51,1845622937.7151
2025-09-14 16:00:00,115162.2,115605.5,115132.4,115597.4,5946.542,686357893.9871
2025-09-14 20:00:00,115597.3,116050.0,115057.0,115210.0,13216.083,1528458423.8061
2025-09-15 00:00:00,115210.0,115536.0,114777.0,115387.6,13576.469,1562938844.4924
2025-09-15 04:00:00,115387.7,116759.9,115341.8,115769.5,27463.691,3188754183.1295
2025-09-15 08:00:00,115769.6,115769.6,114588.0,115009.0,30239.543,3477699573.1182
2025-09-15 12:00:00,115009.0,115045.5,114338.5,114788.4,25881.909,2967521484.1051
2025-09-15 16:00:00,114788.1,115528.8,114542.6,115246.7,14288.385,1643363930.8502
2025-09-15 20:00:00,115246.7,115550.0,115141.4,115300.6,6461.282,745101818.1314
2025-09-16 00:00:00,115300.5,115490.8,114890.0,115250.9,8274.606,952809572.6424
2025-09-16 04:00:00,115250.8,115968.0,114867.0,115799.4,18532.273,2142670802.6186
2025-09-16 08:00:00,115799.4,115945.0,115151.0,115222.2,9903.929,1143823426.15
2025-09-16 12:00:00,115222.1,115878.2,114600.0,115877.9,24558.996,2828281155.5682
2025-09-16 16:00:00,115877.9,116830.0,115549.9,116758.0,28427.493,3307789018.6111
2025-09-16 20:00:00,116757.1,116910.8,116543.7,116747.3,9748.887,1138316849.4544
2025-09-17 00:00:00,116747.3,117081.9,116317.0,116320.1,11721.837,1367131836.0277
2025-09-17 04:00:00,116320.2,117266.4,116107.2,117120.5,19903.725,2325150062.5832
2025-09-17 08:00:00,117120.5,117156.6,116197.0,116200.1,14747.898,1718945967.4691
2025-09-17 12:00:00,116200.1,116493.0,115340.0,115825.1,27934.073,3237056058.5329
2025-09-17 16:00:00,115825.1,116316.0,114623.3,115587.6,61585.442,7115618523.6102
2025-09-17 20:00:00,115587.5,116940.0,115257.1,116402.5,22232.095,2584269018.1294
2025-09-18 00:00:00,116402.6,117865.9,116033.5,117531.2,30344.595,3552798596.4537
2025-09-18 04:00:00,117531.3,117713.5,116834.5,117033.6,17350.923,2034172919.9415
2025-09-18 08:00:00,117033.7,117381.9,116955.0,117015.0,10057.804,1178419925.1549
2025-09-18 12:00:00,117015.0,117789.9,116913.9,117530.3,22097.569,2594513296.7544
2025-09-18 16:00:00,117530.2,117875.2,117133.0,117403.0,12457.02,1464561604.1618
2025-09-18 20:00:00,117402.9,117605.8,116489.7,117017.1,14907.806,1743947666.5527
2025-09-19 00:00:00,117017.1,117406.8,116800.0,116914.2,10269.21,1202646469.757
2025-09-19 04:00:00,116914.1,117049.9,116567.3,116850.1,12862.505,1502083085.9038
2025-09-19 08:00:00,116850.0,117050.6,116250.7,116343.1,13997.595,1631542818.1441
2025-09-19 12:00:00,116343.3,116488.0,115408.4,115826.9,27296.129,3165185677.8892
2025-09-19 16:00:00,115826.9,116093.0,115057.0,115082.4,16518.271,1908664368.7306
2025-09-19 20:00:00,115082.4,115600.0,115049.9,115569.5,7207.939,831594616.4688
2025-09-20 00:00:00,115569.6,115670.0,115355.0,115394.2,4785.626,552899103.4379
2025-09-20 04:00:00,115394.3,115933.4,115343.0,115909.8,6258.545,723901346.1576
2025-09-20 08:00:00,115909.9,115914.4,115605.6,115834.9,6129.028,709357608.6533
2025-09-20 12:00:00,115834.9,116059.2,115750.6,115928.5,6527.83,756638890.2944
2025-09-20 16:00:00,115928.4,116017.9,115636.6,115636.6,5001.456,579130023.9094
2025-09-20 20:00:00,115636.6,115887.6,115549.9,115624.9,3653.193,422618983.027
2025-09-21 00:00:00,115625.0,115671.2,115388.0,115613.8,4830.646,558119064.5535
2025-09-21 04:00:00,115613.8,115772.9,115430.2,115772.9,4856.719,561437787.4195
2025-09-21 08:00:00,115772.8,115778.0,115277.0,115559.3,6594.717,761732590.5512
2025-09-21 12:00:00,115559.3,115703.9,115413.0,115471.1,4436.358,512726728.7022
2025-09-21 16:00:00,115471.0,115620.0,115158.0,115441.0,6740.608,777640919.9566
2025-09-21 20:00:00,115441.0,115510.7,115137.6,115183.9,5334.383,614956566.7735
2025-09-22 00:00:00,115183.9,115344.6,114050.0,114602.9,34217.27,3918966208.2886
2025-09-22 04:00:00,114602.9,114604.9,111469.2,112454.4,53970.686,6093053692.7432
2025-09-22 08:00:00,112454.5,112927.0,112119.0,112814.1,16269.606,1830491338.0767
2025-09-22 12:00:00,112814.0,113413.5,112333.0,112768.7,26147.892,2952082367.1411
2025-09-22 16:00:00,112768.7,112839.0,111866.3,112072.9,17130.484,1924639058.2491
2025-09-22 20:00:00,112072.8,112942.4,111924.6,112604.7,11725.63,1319956307.9283
2025-09-23 00:00:00,112604.7,112808.4,111405.1,112294.0,21299.087,2387648625.5463
2025-09-23 04:00:00,112294.0,113080.0,111804.9,113048.1,19008.272,2141268686.4539
2025-09-23 08:00:00,113048.1,113236.0,112634.0,112938.6,12834.182,1449667511.6616
2025-09-23 12:00:00,112938.6,113254.8,112390.6,112828.6,16574.487,1869962545.4089
2025-09-23 16:00:00,112828.6,112927.8,111482.0,111611.8,22467.091,2518042441.6615
2025-09-23 20:00:00,111611.7,112178.0,111413.5,111947.0,10075.145,1127442613.7333
2025-09-24 00:00:00,111947.0,112466.6,111622.4,111639.7,16182.59,1813632655.6959
2025-09-24 04:00:00,111639.8,112732.8,110935.0,112544.7,23001.272,2576496980.5218
2025-09-24 08:00:00,112544.7,113121.8,112356.4,112982.0,14830.326,1672585262.84
2025-09-24 12:00:00,112982.0,113850.0,112760.0,113299.9,27960.187,3168281181.4231
2025-09-24 16:00:00,113300.0,113895.8,113107.4,113371.7,14802.65,1680803326.5174
2025-09-24 20:00:00,113371.7,113590.0,113143.3,113254.0,8537.071,967749309.1975
2025-09-25 00:00:00,113253.9,113462.1,112155.6,112485.8,27168.994,3062782605.9191
2025-09-25 04:00:00,112485.7,112574.6,111389.0,111708.5,26475.19,2959194350.1034
2025-09-25 08:00:00,111708.5,112220.3,111234.8,111316.1,15940.854,1780547319.1037
2025-09-25 12:00:00,111316.0,111682.6,110555.0,111538.4,42099.5,4682455024.651
2025-09-25 16:00:00,111538.4,111636.6,108574.1,109320.5,50538.879,5545673141.3604
2025-09-25 20:00:00,109320.5,109637.3,108694.8,108934.5,16440.324,1795268527.6028
2025-09-26 00:00:00,108934.6,109766.0,108750.0,109537.6,17356.486,1898282575.3638
2025-09-26 04:00:00,109537.5,109588.8,108841.0,109257.3,19163.4,2093105717.4099
2025-09-26 08:00:00,109257.4,109653.6,108566.0,109082.9,18038.068,1968088336.0024
2025-09-26 12:00:00,109082.9,109742.3,108656.8,108976.0,28268.466,3087355937.4561
2025-09-26 16:00:00,108976.0,110250.0,108953.7,109115.9,22207.427,2433812466.3391
2025-09-26 20:00:00,109115.8,109641.6,109028.7,109588.5,7243.812,792056426.6078
2025-09-27 00:00:00,109588.5,109700.0,109267.3,109503.8,7435.557,814034298.1439
2025-09-27 04:00:00,109503.8,109694.2,109284.3,109354.8,4334.991,474733751.556
2025-09-27 08:00:00,109354.9,109449.2,109021.9,109265.8,7603.852,830700310.5969
2025-09-27 12:00:00,109265.8,109444.2,109145.0,109340.7,7048.089,770206161.1337
2025-09-27 16:00:00,109340.8,109397.6,109188.1,109369.3,5170.985,565280942.3098
2025-09-27 20:00:00,109369.4,109653.2,109305.5,109577.3,4278.45,468446298.8153
2025-09-28 00:00:00,109577.2,109749.9,109284.1,109397.3,8565.21,937627100.5748
2025-09-28 04:00:00,109397.3,109500.0,109203.9,109468.5,4028.334,440551001.1412
2025-09-28 08:00:00,109468.4,109544.8,109188.0,109319.9,7836.57,857165214.5566
2025-09-28 12:00:00,109319.9,109990.0,109136.5,109990.0,16361.203,1792975856.1459
2025-09-28 16:00:00,109990.0,110350.0,109952.2,110281.6,12576.758,1385473783.9582
2025-09-28 20:00:00,110281.7,112300.0,110236.6,112119.6,27879.888,3107253145.7119
2025-09-29 00:00:00,112119.7,112269.3,111517.3,111817.9,18747.416,2097078676.4368
2025-09-29 04:00:00,111817.9,111860.0,111501.0,111814.7,12523.86,1398611278.0789
2025-09-29 08:00:00,111814.8,112381.3,111814.7,112052.0,15639.613,1752268785.6012
2025-09-29 12:00:00,112052.0,114188.0,111844.3,113752.0,48549.611,5498233554.5143
2025-09-29 16:00:00,113752.0,114349.7,113404.5,114204.8,17519.655,1995750061.7581
2025-09-29 20:00:00,114204.9,114377.2,113960.6,114257.1,12425.554,1418973946.851
2025-09-30 00:00:00,114257.1,114800.0,113985.1,114321.5,18219.208,2084651629.3816
2025-09-30 04:00:00,114321.5,114321.5,113531.7,113662.4,15263.367,1738506564.0909
2025-09-30 08:00:00,113662.3,113700.0,112615.3,113003.7,22065.979,2495131068.6482
2025-09-30 12:00:00,113003.7,113623.8,112800.1,113055.4,25466.936,2882073360.5448
2025-09-30 16:00:00,113055.4,114528.2,112743.6,114309.1,21865.766,2483162702.7612
2025-09-30 20:00:00,114309.1,114720.0,113710.0,113988.8,16438.759,1877446809.5458
2025-10-01 00:00:00,113988.7,114498.0,113899.4,114135.9,15897.091,1816340738.2447
2025-10-01 04:00:00,114135.8,114700.0,114095.2,114480.8,16277.671,1862606820.1414
2025-10-01 08:00:00,114480.8,116750.0,114425.6,116736.8,51889.352,6012749186.4142
2025-10-01 12:00:00,116736.8,117647.8,116311.5,117366.4,32115.557,3755920167.981
2025-10-01 16:00:00,117366.5,118190.0,116687.5,117374.1,35556.092,4176605023.4371
2025-10-01 20:00:00,117374.0,118631.8,117104.1,118552.4,21253.666,2506203207.4644
2025-10-02 00:00:00,118552.0,119457.0,118335.0,118697.0,30360.048,3607080536.2483
2025-10-02 04:00:00,118697.0,118893.8,118226.4,118444.1,11848.115,1404114328.5661
2025-10-02 08:00:00,118444.1,118885.8,118307.3,118716.0,9479.148,1124473973.552
2025-10-02 12:00:00,118716.1,119889.0,118458.4,119875.1,42758.205,5099116059.2993
2025-10-02 16:00:00,119875.1,120999.0,119317.0,120787.9,36408.207,4376492649.0947
2025-10-02 20:00:00,120787.8,120880.9,120018.0,120481.3,14603.215,1758404943.5483
2025-10-03 00:00:00,120481.3,120505.5,119766.0,120185.4,14304.582,1718544205.3144
2025-10-03 04:00:00,120185.4,120281.6,119579.6,119620.1,12310.71,1475439239.1302
2025-10-03 08:00:00,119620.1,120484.1,119200.0,120307.2,17880.291,2145243642.2778
2025-10-03 12:00:00,120307.2,122399.9,119820.4,122238.5,38616.185,4671747944.1885
2025-10-03 16:00:00,122238.5,123900.0,121425.5,122609.3,74701.828,9164459975.3374
2025-10-03 20:00:00,122609.3,122694.1,121944.7,122182.7,10066.666,1231075426.3262
2025-10-04 00:00:00,122182.6,122301.9,121636.4,122197.2,16539.763,2016643549.9587
2025-10-04 04:00:00,122197.3,122781.1,122168.4,122271.3,13166.182,1611916548.394
2025-10-04 08:00:00,122271.4,122497.4,121908.3,121924.6,8147.412,995699172.7943
2025-10-04 12:00:00,121924.6,122480.9,121638.5,121744.8,13471.868,1643914967.9664
2025-10-04 16:00:00,121744.8,121920.0,121432.0,121919.0,12409.999,1510085851.9834
2025-10-04 20:00:00,121918.9,122374.8,121813.4,122343.2,6743.986,823702961.0685
2025-10-05 00:00:00,122343.2,124374.0,122088.1,123735.7,34731.178,4288194045.7492
2025-10-05 04:00:00,123735.7,125877.3,123678.0,124692.4,42796.463,5347931390.277
2025-10-05 08:00:00,124692.5,124843.0,122472.0,123413.2,41554.431,5126338515.1891
2025-10-05 12:00:00,123413.3,123413.3,122600.0,122753.0,12408.739,1526283863.9363
2025-10-05 16:00:00,122752.9,123422.0,122160.0,122550.4,20005.211,2458382926.2191
2025-10-05 20:00:00,122550.5,123453.5,122425.7,123426.7,11074.978,1362807250.0057
2025-10-06 00:00:00,123426.7,124336.3,123018.5,123792.9,24935.811,3085475729.3484
2025-10-06 04:00:00,123792.8,124137.7,123217.9,123332.3,14538.648,1797380187.6231
2025-10-06 08:00:00,123332.4,124500.0,123332.3,124161.2,14441.381,1790193070.2935
2025-10-06 12:00:00,124161.3,125375.0,124123.3,124946.2,37455.595,4673438935.1634
2025-10-06 16:00:00,124946.2,126208.5,124742.5,125357.3,33248.277,4171901425.4448
2025-10-06 20:00:00,125357.3,125500.0,124463.0,124628.5,15581.617,1946825787.1307
2025-10-07 00:00:00,124628.6,125047.0,124055.0,124277.7,13050.893,1624435478.2583
2025-10-07 04:00:00,124277.8,124631.9,123503.9,123627.1,18156.34,2252368547.4454
2025-10-07 08:00:00,123627.1,124471.4,123261.6,124397.2,18443.485,2285572586.853
2025-10-07 12:00:00,124397.1,125098.0,121102.0,121788.3,70971.787,8719120836.638
2025-10-07 16:00:00,121788.2,122049.7,120516.0,121593.6,48194.981,5844208630.3665
2025-10-07 20:00:00,121593.5,122255.4,121218.0,121286.5,13081.861,1593684679.6537
2025-10-08 00:00:00,121286.6,122196.9,121137.0,121333.1,19688.959,2396667367.7691
2025-10-08 04:00:00,121333.1,121880.0,121005.3,121550.4,16141.831,1960504018.8608
2025-10-08 08:00:00,121550.5,123150.0,121468.5,122825.7,22689.216,2780572614.7747
2025-10-08 12:00:00,122825.8,123312.9,121607.8,122140.1,30420.126,3726291614.1066
2025-10-08 16:00:00,122140.1,124170.6,122055.8,123381.8,29648.513,3659454920.3361
2025-10-08 20:00:00,123381.8,123671.5,122739.7,123237.5,8511.141,1048602433.4081
2025-10-09 00:00:00,123237.4,123279.7,121411.8,121988.4,17473.027,2134721009.7173
2025-10-09 04:00:00,121988.4,122221.0,121657.3,121847.9,10691.44,1303770486.0343
2025-10-09 08:00:00,121847.8,122777.0,121081.5,122672.9,21258.055,2589627542.3478
2025-10-09 12:00:00,122673.0,123740.1,120595.5,121079.4,62517.268,7631783006.0577
2025-10-09 16:00:00,121079.4,121426.7,119572.8,120897.6,42006.187,5059703797.2782
2025-10-09 20:00:00,120897.6,121712.4,120787.9,121579.3,9650.403,1170670543.1549
2025-10-10 00:00:00,121579.4,121835.5,120850.0,120960.8,16114.114,1955122276.971
2025-10-10 04:00:00,120960.8,121712.2,120814.0,120886.1,13636.34,1653703624.6195
2025-10-10 08:00:00,120886.1,121728.3,120869.2,121493.2,10048.553,1219632656.1369
2025-10-10 12:00:00,121493.2,122497.0,118424.4,118965.3,67102.354,8067616142.926
2025-10-10 16:00:00,118965.2,119403.4,115845.0,116605.3,67842.528,7976529636.5613
2025-10-10 20:00:00,116605.2,117145.3,101516.5,112714.9,217219.743,24204221645.187
2025-10-11 00:00:00,112715.0,113300.1,110987.0,112261.9,45022.178,5049501768.8895
2025-10-11 04:00:00,112261.6,112931.9,110022.0,110338.7,38020.264,4240788275.894
2025-10-11 08:00:00,110338.7,112307.6,110100.5,112224.6,23492.99,2619127221.725
2025-10-11 12:00:00,112224.6,112466.2,111740.8,111744.4,16698.898,1872113035.0344
2025-10-11 16:00:00,111744.4,112142.0,110800.1,111126.7,17110.637,1908688940.9382
2025-10-11 20:00:00,111126.6,111333.5,109501.0,110579.1,23326.623,2577943831.6533
2025-10-12 00:00:00,110579.1,111424.0,109509.3,110643.3,32024.51,3530221434.1742
2025-10-12 04:00:00,110643.3,112110.0,110561.8,111464.0,18747.611,2090643878.3913
2025-10-12 08:00:00,111463.9,112084.3,111070.4,111783.8,19180.411,2140255764.4334
2025-10-12 12:00:00,111783.8,113687.6,111111.0,113119.0,60564.451,6804159715.2802
2025-10-12 16:00:00,113119.0,114654.5,113119.0,114288.7,44045.749,5018458799.6117
2025-10-12 20:00:00,114288.8,115730.3,114200.0,114894.4,43365.305,4988054702.1261
2025-10-13 00:00:00,114894.5,115912.0,114566.1,114773.6,33866.079,3902189865.5522
2025-10-13 04:00:00,114773.5,115500.0,114357.2,115341.7,27016.549,3103904377.9579
2025-10-13 08:00:00,115341.7,115376.3,113600.5,114129.3,29931.406,3429150077.9693
2025-10-13 12:00:00,114129.2,115488.9,113721.2,114260.7,52250.214,5984643461.5615
2025-10-13 16:00:00,114260.8,115827.6,114151.0,115726.6,38754.704,4453134295.2354
2025-10-13 20:00:00,115726.6,115817.4,114930.1,115111.9,14177.831,1636482296.3304
2025-10-14 00:00:00,115112.0,115360.2,113210.6,113441.0,31868.196,3634456027.517
2025-10-14 04:00:00,113440.9,113677.9,111302.0,111665.2,66212.874,7449435197.2947
2025-10-14 08:00:00,111665.2,112100.1,109969.2,111241.4,44800.731,4979148327.8256
2025-10-14 12:00:00,111241.4,112839.9,109802.0,112823.0,52781.51,5872156266.4534
2025-10-14 16:00:00,112822.9,113480.0,111615.1,112543.9,51041.328,5748927396.5316
2025-10-14 20:00:00,112543.9,113557.9,112164.6,112983.8,12539.857,1417036092.244
2025-10-15 00:00:00,112983.9,113576.1,111758.5,111978.7,20365.548,2294356518.6011
2025-10-15 04:00:00,111978.7,112637.0,111692.8,112524.3,12933.986,1451695759.3267
2025-10-15 08:00:00,112524.4,113477.9,111606.1,111841.0,25860.953,2908858789.9752
2025-10-15 12:00:00,111840.9,112183.4,110320.4,110757.5,40187.854,4472043016.3957
2025-10-15 16:00:00,110757.4,111500.0,110096.9,111202.7,18943.794,2099340817.4998
2025-10-15 20:00:00,111202.7,111499.7,110429.8,110699.0,13484.955,1495808682.5905
2025-10-16 00:00:00,110699.1,111827.5,110300.0,111277.4,15192.718,1687904545.2041
2025-10-16 04:00:00,111277.5,111711.4,110488.0,110518.2,19927.291,2213203424.5942
2025-10-16 08:00:00,110518.2,111677.1,109403.5,111363.9,35831.997,3969825449.9744
2025-10-16 12:00:00,111364.0,111960.0,108250.0,108474.0,56236.512,6196660445.2
2025-10-16 16:00:00,108473.9,109212.6,107503.3,108151.3,50886.082,5508067528.7558
2025-10-16 20:00:00,108151.2,108450.4,107350.0,108129.4,15470.185,1669754235.9436
2025-10-17 00:00:00,108129.4,109199.8,107885.6,109121.8,14999.648,1630168940.5192
2025-10-17 04:00:00,109121.9,109182.9,105457.4,105578.3,46920.111,5018520872.4482
2025-10-17 08:00:00,105578.3,106666.6,103470.0,105610.5,85777.861,9014767387.0285
2025-10-17 12:00:00,105610.5,106800.0,104489.5,106750.1,57751.674,6093408929.4121
2025-10-17 16:00:00,106750.0,107505.0,106016.6,106416.4,25754.742,2748740372.0398
2025-10-17 20:00:00,106416.5,107370.0,106296.3,106378.6,11585.656,1239126782.6649
2025-10-18 00:00:00,106378.5,107250.0,106270.0,107025.0,15612.225,1667471425.6819
2025-10-18 04:00:00,107024.9,107452.6,106374.2,106648.3,19538.235,2086789498.2994
2025-10-18 08:00:00,106648.2,107187.9,106550.0,107151.0,10415.868,1112451591.3279
2025-10-18 12:00:00,107151.0,107248.0,106669.0,106893.2,9353.647,1000260980.3067
2025-10-18 16:00:00,106893.3,107047.5,106410.8,107023.0,7832.113,835785801.165
2025-10-18 20:00:00,107023.0,107298.7,106788.4,107117.5,5757.815,616495543.8371
2025-10-19 00:00:00,107117.5,107333.0,106666.9,107221.9,9661.995,1033524148.1482
2025-10-19 04:00:00,107221.9,107241.5,106503.3,106733.3,8079.786,863180935.0913
2025-10-19 08:00:00,106733.3,108214.8,106055.8,107730.6,45768.235,4908228834.0783
2025-10-19 12:00:00,107730.6,108575.6,107312.2,108429.5,20332.538,2196114218.416
2025-10-19 16:00:00,108429.6,109399.9,108175.6,108850.0,19259.023,2097821458.8638
2025-10-19 20:00:00,108850.1,109340.7,108366.4,108586.2,10372.143,1128545947.7395
2025-10-20 00:00:00,108586.2,110404.3,107377.2,110100.4,30932.22,3360583342.6359
2025-10-20 04:00:00,110100.3,111350.0,109875.0,111126.2,28821.916,3189977084.8448
2025-10-20 08:00:00,111126.2,111650.0,110552.3,110969.5,19262.416,2137230022.3456
2025-10-20 12:00:00,110969.5,111649.0,110522.9,111079.1,22003.588,2443344055.3313
2025-10-20 16:00:00,111079.2,111255.0,109800.0,110735.0,29379.973,3248648124.6585
2025-10-20 20:00:00,110735.1,111215.3,110355.0,110469.9,9246.836,1024093504.9057
2025-10-21 00:00:00,110469.9,110486.3,109005.0,109005.0,17977.098,1972416534.4966
2025-10-21 04:00:00,109005.1,109005.1,107400.0,108020.0,34541.006,3729002440.1748
2025-10-21 08:00:00,108019.9,108772.4,107432.8,108519.4,20402.173,2204213780.9138
2025-10-21 12:00:00,108519.4,113480.0,107677.0,113355.2,76932.616,8520123749.9287
2025-10-21 16:00:00,113355.2,113940.0,111255.9,111720.7,51739.148,5824641946.6714
2025-10-21 20:00:00,111720.7,111747.7,108000.0,108253.7,39535.385,4337701678.2799
2025-10-22 00:00:00,108253.8,108649.4,107777.1,108174.1,22708.974,2456428175.2967
2025-10-22 04:00:00,108174.0,108581.9,107558.1,108284.1,19772.922,2136995344.6328
2025-10-22 08:00:00,108284.1,108313.8,106360.3,107501.7,28951.313,3116991980.9631
2025-10-22 12:00:00,107501.7,109160.0,107389.4,108369.9,61071.108,6606731385.2945
2025-10-22 16:00:00,108369.8,108780.0,107416.1,107829.0,24816.809,2681804525.6836
2025-10-22 20:00:00,107829.1,108032.0,106588.0,107532.0,23572.857,2529297507.3349
2025-10-23 00:00:00,107532.1,108660.0,107462.9,108322.2,17160.974,1856080704.7286
2025-10-23 04:00:00,108322.2,110275.9,108290.3,109228.6,26449.996,2895470610.961
2025-10-23 08:00:00,109228.6,109867.7,109021.3,109218.5,14083.275,1540973118.5961
2025-10-23 12:00:00,109218.5,110088.0,108639.4,109849.0,30294.704,3311508837.289
2025-10-23 16:00:00,109849.0,111240.0,109575.9,110137.8,26886.962,2969634176.2131
2025-10-23 20:00:00,110137.9,110145.8,109260.0,110025.9,14764.806,1620723926.9862
2025-10-24 00:00:00,110026.0,110839.9,109927.8,110399.9,13232.129,1460344670.9885
2025-10-24 04:00:00,110399.9,111498.8,110274.4,111013.7,19519.691,2168165448.3464
2025-10-24 08:00:00,111013.7,111438.3,110496.5,111006.7,15176.101,1684938424.3419
2025-10-24 12:00:00,111006.7,112086.0,109650.0,110009.8,43877.194,4857812098.4952
2025-10-24 16:00:00,110009.9,110907.1,109752.8,110571.3,10895.753,1202542434.004
2025-10-24 20:00:00,110571.4,111088.0,110431.0,110965.4,8058.664,893192644.4624
2025-10-25 00:00:00,110965.4,111187.5,110600.5,110962.3,5959.945,661093627.11
2025-10-25 04:00:00,110962.3,111775.1,110962.3,111445.4,9261.504,1031314225.182
2025-10-25 08:00:00,111445.5,111789.4,111328.0,111522.7,8330.669,929367703.5887
2025-10-25 12:00:00,111522.6,111903.9,111255.2,111340.9,10350.647,1154997822.8355
2025-10-25 16:00:00,111341.0,111686.0,111094.4,111574.9,7533.985,838917828.6824
2025-10-25 20:00:00,111574.9,111640.1,111291.0,111589.4,3832.733,427216290.2139
2025-10-26 00:00:00,111589.4,111866.7,111200.0,111210.1,6834.903,762458907.311
2025-10-26 04:00:00,111210.1,111677.9,111200.2,111672.8,3509.598,391282367.7383
2025-10-26 08:00:00,111672.9,113442.5,111650.3,113235.2,25720.793,2894084346.5431
2025-10-26 12:00:00,113235.1,114000.0,113221.5,113648.1,26931.538,3059103180.8309
2025-10-26 16:00:00,113648.0,113774.5,113231.2,113546.3,8821.993,1001522830.8464
2025-10-26 20:00:00,113546.2,115521.7,112800.0,114497.8,25516.562,2917380528.5548
2025-10-27 00:00:00,114497.9,115407.7,114300.0,114927.7,18053.27,2075307563.9818
2025-10-27 04:00:00,114927.8,116380.2,114925.6,115522.5,30815.659,3564123602.4699
2025-10-27 08:00:00,115522.4,115575.1,114780.2,115302.3,17780.233,2048469702.0018
2025-10-27 12:00:00,115302.3,115385.7,114433.0,114914.4,22572.882,2594042850.6203
2025-10-27 16:00:00,114914.5,115744.8,114712.4,114894.9,14588.861,1681780492.8257
2025-10-27 20:00:00,114894.8,114894.8,113792.4,114064.1,14800.707,1691400293.621
2025-10-28 00:00:00,114064.2,114500.1,113477.5,113863.9,15404.391,1755908060.9991
2025-10-28 04:00:00,113864.0,114320.6,113422.0,114128.7,11948.36,1360713564.1739
2025-10-28 08:00:00,114128.8,114619.2,114058.0,114290.7,9577.148,1095516353.9073
2025-10-28 12:00:00,114290.6,116074.3,114080.8,114571.9,40806.62,4694073335.0009
2025-10-28 16:00:00,114571.7,115554.5,113500.0,113629.0,24148.699,2767124349.2991
2025-10-28 20:00:00,113629.0,113647.4,112121.4,112833.5,29203.622,3295017469.4096
2025-10-29 00:00:00,112833.5,112927.5,112036.1,112459.6,16426.727,1847817696.7945
2025-10-29 04:00:00,112459.6,113525.0,112443.5,113511.9,14258.365,1612032391.845
2025-10-29 08:00:00,113512.0,113581.7,112666.0,113084.5,13158.647,1487629946.8286
2025-10-29 12:00:00,113084.6,113593.0,111326.5,111460.6,33870.214,3805241917.2988
2025-10-29 16:00:00,111460.7,111963.0,109026.4,110605.6,66487.33,7364696815.1421
2025-10-29 20:00:00,110605.9,111744.0,109686.4,109985.6,19719.583,2185252410.5545
2025-10-30 00:00:00,109985.6,110957.9,109670.6,110694.5,17053.264,1883988753.9844
2025-10-30 04:00:00,110694.4,111565.1,107817.3,111313.5,53901.189,5907580036.7922
2025-10-30 08:00:00,111313.6,111400.0,109638.6,109666.0,21769.837,2403748353.5903
2025-10-30 12:00:00,109665.9,109736.3,107254.1,107670.6,53828.523,5823083810.5376
2025-10-30 16:00:00,107670.5,108184.0,106200.0,106495.1,36902.37,3953894578.9182
2025-10-30 20:00:00,106494.3,108300.0,106257.0,108263.5,22298.461,2396813894.7251
2025-10-31 00:00:00,108263.6,110014.4,108226.6,109186.2,32333.602,3530961499.1174
2025-10-31 04:00:00,109186.3,110200.0,109062.7,109400.1,23926.082,2624698288.8906
2025-10-31 08:00:00,109400.0,110500.0,109159.0,110375.7,19137.691,2102644806.1951
2025-10-31 12:00:00,110375.7,111233.0,109308.1,110160.1,44500.399,4904556420.6647
2025-10-31 16:00:00,110160.1,110273.2,108600.0,109802.8,25323.478,2771052956.4939
2025-10-31 20:00:00,109802.7,109802.7,109277.7,109557.3,6842.524,749883516.1783
2025-11-01 00:00:00,109557.2,110300.0,109351.5,110194.6,8752.106,961404723.0241
2025-11-01 04:00:00,110194.6,110557.0,109885.5,110025.3,7330.524,807593685.3628
2025-11-01 08:00:00,110025.3,110237.6,109803.0,110096.2,5172.837,569285211.4489
2025-11-01 12:00:00,110096.3,110300.0,109654.5,110253.2,9755.49,1072678029.7051
2025-11-01 16:00:00,110253.1,110486.4,110125.1,110249.0,6444.769,710739341.3618
2025-11-01 20:00:00,110249.0,110487.0,109803.5,110047.2,4158.495,457967779.2872
2025-11-02 00:00:00,110047.3,110234.4,109836.7,110008.5,4533.29,498562244.7449
2025-11-02 04:00:00,110008.4,110988.0,109974.1,110844.1,12154.892,1342968944.5249
2025-11-02 08:00:00,110844.0,111193.5,110302.1,111145.4,12421.938,1375270866.8831
2025-11-02 12:00:00,111145.4,111216.0,110030.0,110066.1,13972.771,1544109267.9646
2025-11-02 16:00:00,110066.2,110286.2,109661.2,110125.2,9115.985,1002566732.6207
2025-11-02 20:00:00,110125.3,110700.0,109368.9,110494.9,8910.297,980609771.4893
2025-11-03 00:00:00,110494.9,110711.0,107850.0,107886.0,27059.636,2949865903.0932
2025-11-03 04:00:00,107886.0,108088.8,106946.7,107420.5,24838.664,2672212875.0401
2025-11-03 08:00:00,107420.6,107881.4,106618.7,107737.4,20106.721,2158191308.9349
2025-11-03 12:00:00,107737.4,108280.0,105500.0,105718.8,48388.035,5166649806.1257
2025-11-03 16:00:00,105718.8,107797.2,105300.0,107034.7,38120.26,4065853237.3408
2025-11-03 20:00:00,107034.7,107120.0,105750.1,106544.0,15744.731,1677089669.8282
2025-11-04 00:00:00,106544.0,107271.9,105820.0,107097.2,21672.139,2312391226.3281
2025-11-04 04:00:00,107097.1,107247.8,104125.3,104442.9,41302.896,4338415467.4625
2025-11-04 08:00:00,104442.9,104656.0,103550.0,104530.7,30893.792,3213486229.1443
2025-11-04 12:00:00,104530.7,104800.0,102870.0,103157.7,45886.912,4768297333.9432
2025-11-04 16:00:00,103157.7,103474.1,99980.0,100507.0,81901.563,8308118306.7365
2025-11-04 20:00:00,100507.0,101859.5,98888.8,101450.3,60084.858,6032484770.9831
2025-11-05 00:00:00,101450.2,102222.0,98909.7,102094.8,55517.144,5595947232.0323
2025-11-05 04:00:00,102094.8,102326.4,101433.3,101946.1,20988.348,2137890423.816
2025-11-05 08:00:00,101946.2,102174.9,101131.0,102019.4,20735.516,2107659780.091
2025-11-05 12:00:00,102019.3,103750.0,101867.8,103668.3,35318.597,3631556221.4179
2025-11-05 16:00:00,103668.2,104496.6,102972.8,103950.0,22268.689,2311650474.8108
2025-11-05 20:00:00,103950.0,104497.6,103240.5,103837.0,12941.8,1343013694.7713
2025-11-06 00:00:00,103837.0,103919.7,102684.7,103598.3,17770.869,1835329487.316
2025-11-06 04:00:00,103598.3,104210.2,102850.1,103138.6,13713.371,1418257717.9114
2025-11-06 08:00:00,103138.6,103406.0,102611.5,103182.6,12724.785,1310623650.58
2025-11-06 12:00:00,103182.6,103585.0,101570.5,101981.6,41011.914,4202993407.5504
2025-11-06 16:00:00,101981.6,102367.9,100238.4,101335.9,44808.954,4539435428.7585
2025-11-06 20:00:00,101335.9,101599.6,100500.0,101305.6,14999.928,1515633243.5506
2025-11-07 00:00:00,101305.6,102311.0,100700.1,101863.5,20217.531,2051940944.7114
2025-11-07 04:00:00,101863.4,102480.4,101530.0,101978.8,13280.182,1354971566.484
2025-11-07 08:00:00,101978.2,102024.7,99750.0,100369.1,30839.672,3101644703.6345
2025-11-07 12:00:00,100369.2,101230.0,99200.0,100758.0,47608.527,4773150933.8497
2025-11-07 16:00:00,100758.0,103350.7,100468.9,103350.0,34409.209,3512126814.8943
2025-11-07 20:00:00,103350.0,104070.7,102889.6,103305.2,17612.337,1824391449.4253
2025-11-08 00:00:00,103305.3,103373.8,102488.0,102545.8,15693.661,1615609105.9205
2025-11-08 04:00:00,102545.8,102794.0,101853.8,102302.9,14868.115,1521785971.9064
2025-11-08 08:00:00,102302.8,102654.1,101647.7,101805.6,11719.209,1197988470.5885
2025-11-08 12:00:00,101805.6,102142.9,101400.1,101678.0,14407.901,1466345472.8803
2025-11-08 16:00:00,101678.1,102182.7,101471.1,101934.3,8852.243,901264460.6295
2025-11-08 20:00:00,101934.4,102443.9,101906.6,102269.3,5150.82,526456497.5788
2025-11-09 00:00:00,102269.3,102294.9,101300.0,101622.9,8613.569,876591908.9414
2025-11-09 04:00:00,101623.0,102097.0,101602.1,101898.2,6756.373,687907886.2281
2025-11-09 08:00:00,101898.3,102274.9,101457.0,102198.2,9506.279,968381829.4614
2025-11-09 12:00:00,102198.2,104180.0,102001.0,103715.8,29922.195,3086336643.6724
2025-11-09 16:00:00,103715.8,104780.0,103290.8,104764.1,19690.095,2048522957.9661
2025-11-09 20:00:00,104764.1,105440.0,103999.5,104670.6,17879.159,1871585373.6941
2025-11-10 00:00:00,104670.7,106666.0,104205.9,105990.6,32933.122,3486553747.8412
2025-11-10 04:00:00,105990.6,106499.0,105800.0,106417.7,12528.833,1330066540.3744
2025-11-10 08:00:00,106417.6,106570.0,105780.1,106136.6,13572.766,1440879258.8758
2025-11-10 12:00:00,106136.5,106566.7,104615.7,105028.9,33078.144,3490831679.7533
2025-11-10 16:00:00,105028.9,106081.1,104735.6,105767.2,16326.419,1721985507.0127
2025-11-10 20:00:00,105767.1,106249.6,105202.7,105966.3,11964.254,1266227563.4754
2025-11-11 00:00:00,105966.3,107473.7,105399.6,106407.3,30111.804,3206531981.2735
2025-11-11 04:00:00,106407.4,106496.6,104685.3,104737.0,20998.664,2211071529.0253
2025-11-11 08:00:00,104737.1,105464.2,104718.2,105256.2,11555.593,1214832678.9717
2025-11-11 12:00:00,105256.2,105459.8,103135.2,103417.2,35003.229,3645359822.4266
2025-11-11 16:00:00,103417.2,103694.8,102777.0,103073.6,19238.124,1986319614.7044
2025-11-11 20:00:00,103073.6,103183.8,102400.0,103005.8,15696.36,1613724401.319
2025-11-12 00:00:00,103005.8,103399.4,102629.5,103267.2,13122.938,1352846599.4511
2025-11-12 04:00:00,103267.2,103605.0,102941.6,103066.7,8824.55,911643787.176
2025-11-12 08:00:00,103066.7,105162.6,103066.7,104979.9,27402.495,2862907486.6807
2025-11-12 12:00:00,104979.9,105297.0,101900.0,102124.9,41940.216,4353134600.002
2025-11-12 16:00:00,102124.9,102249.2,100711.0,101245.4,37825.035,3840839266.9187
2025-11-12 20:00:00,101245.3,101964.5,101087.8,101605.8,11761.042,1195450248.0499
2025-11-13 00:00:00,101605.8,102581.7,100850.0,102088.1,22639.572,2307989125.6546
2025-11-13 04:00:00,102088.0,104024.6,101602.2,103430.9,34325.354,3538707516.8811
2025-11-13 08:00:00,103430.9,103765.4,102509.1,102900.0,18566.647,1913493282.3356
2025-11-13 12:00:00,102900.1,103456.0,101135.0,101338.0,45078.899,4613957861.9567
2025-11-13 16:00:00,101338.0,101495.7,98100.0,98643.1,75018.436,7469567384.3778
2025-11-13 20:00:00,98643.1,100485.8,97959.0,99654.3,40417.891,4001341157.6586
2025-11-14 00:00:00,99654.3,99862.8,98657.0,99103.3,28715.78,2849034773.5871
2025-11-14 04:00:00,99103.3,99152.0,95840.9,97099.9,71313.808,6939178376.2796
2025-11-14 08:00:00,97099.9,97520.0,95597.9,96134.6,31110.834,3007357600.981
2025-11-14 12:00:00,96134.5,97280.0,94500.0,96752.6,82600.541,7903512754.1404
2025-11-14 16:00:00,96752.7,97377.6,94741.2,95737.3,42316.61,4063858579.7845
2025-11-14 20:00:00,95737.4,95900.0,93955.0,94544.9,31015.21,2936976993.8913
2025-11-15 00:00:00,94544.9,96800.0,94523.9,96388.5,27406.464,2623238815.0841
2025-11-15 04:00:00,96388.5,96543.8,95900.1,96289.4,13884.426,1335044005.144
2025-11-15 08:00:00,96289.3,96310.4,95587.3,95657.3,12856.23,1232679708.1565
2025-11-15 12:00:00,95657.3,96439.6,95534.1,96222.1,13204.02,1268462041.5614
2025-11-15 16:00:00,96222.1,96362.5,95677.7,95967.7,11960.891,1148123545.1452
2025-11-15 20:00:00,95967.7,95979.1,95072.1,95560.3,10908.288,1041291577.3463
2025-11-16 00:00:00,95560.4,95946.4,94800.0,95782.0,12634.047,1205155421.0025
2025-11-16 04:00:00,95782.0,96170.6,95602.0,96064.8,8616.379,826244663.1552
2025-11-16 08:00:00,96064.8,96600.0,95443.6,95588.0,16713.435,1604705851.1001
2025-11-16 12:00:00,95588.0,95870.0,94300.0,94531.3,18869.751,1797066884.7582
2025-11-16 16:00:00,94531.2,95544.8,93677.4,93994.5,44324.084,4183158298.2461
2025-11-16 20:00:00,93994.5,94700.0,92922.8,94221.7,34591.813,3242493493.6436
2025-11-17 00:00:00,94221.7,95539.3,93730.0,95472.1,24659.317,2340429958.6916
2025-11-17 04:00:00,95472.0,95838.0,94850.0,95587.9,15760.621,1501137679.8391
2025-11-17 08:00:00,95587.9,95980.1,95268.9,95530.1,14932.07,1428195199.464
2025-11-17 12:00:00,95530.0,96012.2,93511.8,93915.7,58887.551,5570396847.2387
2025-11-17 16:00:00,93915.8,94388.0,91550.2,91656.2,60184.076,5588430061.264
2025-11-17 20:00:00,91656.2,92370.9,91250.0,92169.7,30737.65,2822878567.2921
2025-11-18 00:00:00,92169.8,92335.4,89666.1,90811.9,54125.497,4925895505.2565
2025-11-18 04:00:00,90811.8,90842.1,89012.0,90459.1,44370.545,3991086321.8567
2025-11-18 08:00:00,90459.2,91567.0,90459.1,91473.6,28352.843,2585386336.8379
2025-11-18 12:00:00,91474.1,92991.7,90888.0,92851.4,58085.185,5336078414.2442
2025-11-18 16:00:00,92851.5,93799.1,92532.0,93143.1,33005.355,3079103993.8617
2025-11-18 20:00:00,93143.1,93400.0,92420.3,92916.9,14751.731,1370099530.1401
2025-11-19 00:00:00,92916.8,92944.8,91600.0,91842.2,24522.251,2262417937.7182
2025-11-19 04:00:00,91842.1,91987.2,89966.0,91826.6,46058.357,4187577674.2054
2025-11-19 08:00:00,91826.6,91920.0,91038.9,91372.4,19679.241,1799889173.6531
2025-11-19 12:00:00,91372.3,92348.2,89822.0,89901.0,42278.255,3855898092.9662
2025-11-19 16:00:00,89901.0,90202.5,88600.0,88857.7,54170.658,4841809981.573
2025-11-19 20:00:00,88857.8,91554.9,88564.4,91508.9,39729.688,3584053608.0794
2025-11-20 00:00:00,91509.0,92760.0,91140.2,92404.6,26837.515,2475482527.4122
2025-11-20 04:00:00,92404.7,93150.0,91640.2,92267.4,27995.866,2586448414.5367
2025-11-20 08:00:00,92267.5,92363.1,91388.5,91892.6,17102.033,1570667235.771
2025-11-20 12:00:00,91892.7,92498.6,89804.1,89835.4,50957.631,4642139095.0549
2025-11-20 16:00:00,89835.5,89885.7,86066.6,86880.3,114064.312,9986158174.9138
2025-11-20 20:00:00,86880.2,88214.1,86291.7,86601.3,39555.67,3449232570.3526
2025-11-21 00:00:00,86601.4,87465.4,85288.0,85782.5,45579.338,3934311567.1453
2025-11-21 04:00:00,85782.4,86313.2,81111.0,84006.7,78365.775,6611787304.5997
2025-11-21 08:00:00,84006.7,84667.1,81601.7,82279.1,84124.192,6976797485.5752
2025-11-21 12:00:00,82279.2,85449.2,80600.0,82905.1,129537.87,10789205509.7616
2025-11-21 16:00:00,82905.0,85548.4,82300.0,84167.2,80734.325,6794365243.6199
2025-11-21 20:00:00,84167.1,85374.5,83418.4,85093.5,31462.824,2659737424.5047
2025-11-22 00:00:00,85093.6,85599.9,84180.0,84414.1,19897.887,1687067980.9034
2025-11-22 04:00:00,84414.0,84764.3,83792.0,84537.4,15965.292,1344791191.6796
2025-11-22 08:00:00,84537.4,84546.4,83456.0,84066.2,20664.044,1735078903.4578
2025-11-22 12:00:00,84066.2,84712.7,83578.5,84239.9,18582.456,1562700463.0402
2025-11-22 16:00:00,84239.9,84888.0,84175.0,84566.7,9063.108,766362255.2864
2025-11-22 20:00:00,84566.8,85238.3,84193.8,84689.4,10024.268,848940401.5949
2025-11-23 00:00:00,84689.4,86300.0,84622.0,86261.0,24200.097,2073330083.1397
2025-11-23 04:00:00,86261.0,86826.8,85348.7,85732.0,24602.446,2119558813.7478
2025-11-23 08:00:00,85732.1,86438.5,85724.7,86290.3,16673.741,1435212201.3896
2025-11-23 12:00:00,86290.3,87222.0,86222.0,87042.8,26845.253,2327548160.4993
2025-11-23 16:00:00,87042.8,87653.9,86458.0,87276.7,24543.305,2137113657.1495
2025-11-23 20:00:00,87276.7,88100.0,86700.0,86807.7,22065.231,1929203008.5891
2025-11-24 00:00:00,86807.6,88049.5,85915.0,87408.8,36758.713,3198515549.1394
2025-11-24 04:00:00,87408.7,87795.9,86400.0,87004.6,26095.166,2271211938.8974
2025-11-24 08:00:00,87004.6,87004.6,85654.1,86232.5,25190.047,2170688829.3985
2025-11-24 12:00:00,86232.5,86700.0,85226.4,86571.0,47419.81,4083277603.8654
2025-11-24 16:00:00,86571.1,88788.0,86571.0,88277.0,51453.968,4519927534.6287
2025-11-24 20:00:00,88277.1,89177.3,88205.3,88247.1,24195.628,2146646990.6102
2025-11-25 00:00:00,88247.1,88247.1,87378.8,87775.1,19713.977,1731841753.1882
2025-11-25 04:00:00,87775.0,88477.6,87240.0,87362.2,17064.891,1499934160.0568
2025-11-25 08:00:00,87362.2,87585.7,86628.4,87311.9,23787.173,2072000404.477
2025-11-25 12:00:00,87312.0,87732.7,86061.1,86946.5,39724.105,3451871006.4931
2025-11-25 16:00:00,86946.6,88115.0,86132.7,86835.0,30082.125,2621992184.64
2025-11-25 20:00:00,86835.1,87869.4,86542.0,87324.1,19265.384,1680480430.0258
2025-11-26 00:00:00,87324.1,88200.0,87022.2,87088.5,17140.975,1502013943.1581
2025-11-26 04:00:00,87088.4,87947.0,86851.1,87896.2,14105.593,1233288675.3626
2025-11-26 08:00:00,87896.2,87909.2,86630.0,87049.2,17454.952,1519512279.9884
2025-11-26 12:00:00,87049.1,87646.8,86260.9,86926.2,36287.132,3153842758.4355
2025-11-26 16:00:00,86926.3,90362.7,86914.3,89923.3,54312.066,4838895275.6812
2025-11-26 20:00:00,89923.3,90655.4,89458.7,90438.1,19845.815,1788378441.5968
2025-11-27 00:00:00,90438.0,91850.0,90024.4,91049.3,32745.927,2980706816.5163
2025-11-27 04:00:00,91049.3,91520.0,90843.8,91361.5,14177.4,1292953482.017
2025-11-27 08:00:00,91361.4,91931.9,91177.2,91334.9,18138.117,1659861391.3429
2025-11-27 12:00:00,91334.9,91418.4,90410.6,90912.9,24029.717,2182974904.9651
2025-11-27 16:00:00,90913.0,91800.0,90800.4,91489.0,17191.032,1570516841.0548
2025-11-27 20:00:00,91489.0,91562.8,91058.4,91292.2,7403.039,676367629.8634
2025-11-28 00:00:00,91292.2,91386.6,90612.2,91168.0,13757.156,1251117549.6437
2025-11-28 04:00:00,91168.0,91690.0,90824.1,90870.2,13510.903,1233609178.4522
2025-11-28 08:00:00,90870.2,92000.0,90863.6,91382.9,21589.404,1973893466.9896
2025-11-28 12:00:00,91383.0,93080.0,91314.4,92299.9,48122.799,4438099591.0187
2025-11-28 16:00:00,92299.8,92323.6,90155.0,91106.1,41246.173,3751496859.9005
2025-11-28 20:00:00,91106.0,91209.0,90657.6,90847.8,8693.912,790942439.5882
2025-11-29 00:00:00,90847.8,91078.4,90500.0,90638.0,7053.901,640145178.107
2025-11-29 04:00:00,90638.1,90884.8,90265.2,90523.5,9280.403,840380094.5224
2025-11-29 08:00:00,90523.4,90691.5,90335.2,90633.7,6285.01,569067896.7521
2025-11-29 12:00:00,90633.8,91068.1,90484.3,91030.0,8755.57,794684812.1545
2025-11-29 16:00:00,91030.0,91130.0,90092.7,90602.9,14802.817,1340529258.7873
2025-11-29 20:00:00,90602.9,91020.0,90363.0,90765.0,8018.978,727871050.8889
2025-11-30 00:00:00,90764.9,91016.0,90414.0,90873.0,6739.259,611722766.4864
2025-11-30 04:00:00,90872.9,90999.4,90626.2,90924.5,4260.813,387014734.7711
2025-11-30 08:00:00,90924.5,91580.0,90879.3,91000.9,14264.111,1301389966.576
2025-11-30 12:00:00,91000.9,91934.4,90960.0,91405.8,16461.441,1506560883.9875
2025-11-30 16:00:00,91405.9,91818.8,91088.1,91423.2,8957.664,819356817.4454
2025-11-30 20:00:00,91423.1,91592.3,90300.0,90320.6,15456.43,1404436820.1076
2025-12-01 00:00:00,90320.5,90396.9,86126.0,86319.2,80222.892,7039489732.6554
2025-12-01 04:00:00,86319.1,86524.6,85563.7,86487.6,31809.427,2736135155.1674
2025-12-01 08:00:00,86487.3,86886.0,86090.0,86100.1,19775.516,1711379516.3788
2025-12-01 12:00:00,86100.0,86625.0,83786.0,84650.0,83435.905,7125267853.7091
2025-12-01 16:00:00,84650.0,85528.7,84011.0,84985.0,46606.811,3954722200.7673
2025-12-01 20:00:00,84985.0,86817.0,84966.8,86241.6,34996.615,3010929787.8016
2025-12-02 00:00:00,86241.5,87384.0,86140.1,86936.0,23647.179,2048707029.2144
2025-12-02 04:00:00,86935.9,87245.9,86772.0,86965.0,11979.706,1041961329.4885
2025-12-02 08:00:00,86965.0,87640.0,86321.0,87326.9,24568.861,2134963767.5092
2025-12-02 12:00:00,87327.0,91211.3,87005.0,90809.2,78565.044,7009801706.4391
2025-12-02 16:00:00,90809.2,92273.2,90156.4,91849.9,54905.622,5017131905.6828
2025-12-02 20:00:00,91849.9,91970.4,90643.5,91249.1,34434.753,3145452878.9421
2025-12-03 00:00:00,91249.1,93068.9,90954.8,92589.2,30608.344,2822204248.2457
2025-12-03 04:00:00,92589.2,93932.7,92578.0,92969.9,37966.712,3541426292.0741
2025-12-03 08:00:00,92970.0,93338.4,92602.8,92957.7,21367.918,1985409068.8805
2025-12-03 12:00:00,92957.6,93653.6,91637.4,92332.9,58413.578,5404029954.3236
2025-12-03 16:00:00,92333.0,93471.1,91733.2,92995.8,30690.222,2842865591.9362
2025-12-03 20:00:00,92995.8,94185.0,92784.3,93376.7,22251.543,2079879888.8443
2025-12-04 00:00:00,93376.8,94040.0,92628.0,93499.9,24501.316,2288247102.5572
2025-12-04 04:00:00,93500.0,93549.2,92737.0,93358.6,16001.449,1490059383.7487
2025-12-04 08:00:00,93358.5,93600.0,92666.1,92894.9,16325.267,1521350054.6688
2025-12-04 12:00:00,92894.9,93256.3,91762.0,92933.5,38745.228,3586141350.1873
2025-12-04 16:00:00,92933.4,93143.4,90822.5,91941.5,38482.82,3539153368.334
2025-12-04 20:00:00,91941.5,92676.8,91649.8,92034.7,12716.347,1172490150.1959
2025-12-05 00:00:00,92034.7,92665.5,91917.7,92104.9,10956.852,1011594438.769
2025-12-05 04:00:00,92104.8,92455.4,91750.6,92227.5,12306.339,1133334129.2494
2025-12-05 08:00:00,92227.6,92227.6,90940.4,91307.9,21552.042,1969451470.8922
2025-12-05 12:00:00,91308.0,91445.2,89863.0,90414.0,55291.144,5014258116.8038
2025-12-05 16:00:00,90413.9,90460.0,87976.3,89590.5,66447.207,5915424735.7
2025-12-05 20:00:00,89590.5,89706.0,88856.7,89288.5,12571.473,1122280997.6318
2025-12-06 00:00:00,89288.6,89758.0,88986.1,89636.5,10198.215,911433132.8375
2025-12-06 04:00:00,89636.5,89732.4,89410.8,89549.6,6055.827,542505033.3872
2025-12-06 08:00:00,89549.5,89679.0,89165.9,89585.4,8658.915,774471567.0422
2025-12-06 12:00:00,89585.4,90257.3,89424.2,89713.4,14787.6,1327941050.5688
2025-12-06 16:00:00,89713.3,89940.3,89203.0,89369.4,8623.445,772454321.6848
2025-12-06 20:00:00,89369.5,89578.3,88870.1,89197.1,8502.865,758368813.274
2025-12-07 00:00:00,89197.1,89704.5,89131.5,89675.6,5748.385,514155610.9979
2025-12-07 04:00:00,89675.7,89750.0,89155.0,89337.1,6553.596,586260017.5037
2025-12-07 08:00:00,89337.1,89494.4,89012.9,89109.4,7659.024,683266274.0623
2025-12-07 12:00:00,89109.3,89700.0,87688.0,89505.0,41325.561,3663920093.0655
2025-12-07 16:00:00,89505.0,91722.0,89065.2,91379.7,36596.274,3315679848.5972
2025-12-07 20:00:00,91379.8,91473.2,88890.0,90345.4,31709.165,2852441022.5501
2025-12-08 00:00:00,90345.4,91650.0,89806.4,91039.4,20651.383,1876740877.0921
2025-12-08 04:00:00,91039.3,91868.0,90979.2,91519.8,12977.758,1186328142.4205
2025-12-08 08:00:00,91519.8,92262.6,91433.6,91923.5,16068.448,1477209947.7609
2025-12-08 12:00:00,91923.6,92106.4,89553.8,89912.6,57039.196,5180228934.4615
2025-12-08 16:00:00,89912.7,90471.6,89629.1,90073.6,29715.552,2676272220.8228
2025-12-08 20:00:00,90073.7,91338.2,90073.7,90610.8,16022.402,1454403176.4811
2025-12-09 00:00:00,90610.8,90810.8,89774.1,90364.0,15639.888,1411230047.9436
2025-12-09 04:00:00,90364.1,90485.8,89368.9,90449.9,20910.849,1881319998.2432
2025-12-09 08:00:00,90449.9,90584.8,89868.0,90341.9,10989.605,992142337.7155
2025-12-09 12:00:00,90342.0,92867.0,89953.0,92676.9,45314.765,4130259824.9918
2025-12-09 16:00:00,92676.9,94555.0,92656.5,93761.9,62023.498,5819453340.7014
2025-12-09 20:00:00,93761.9,93819.1,92199.0,92638.4,27051.658,2512361934.8723
2025-12-10 00:00:00,92638.3,92748.2,91900.0,92366.0,16458.476,1518766627.668
2025-12-10 04:00:00,92366.0,92749.8,92339.8,92744.7,9066.291,839156706.8399
2025-12-10 08:00:00,92744.7,93278.9,91721.0,92085.5,22951.746,2121036415.0427
2025-12-10 12:00:00,92085.4,92197.3,91520.0,92021.8,20761.517,1908166851.2688
2025-12-10 16:00:00,92021.8,93223.6,91605.0,92913.8,47793.664,4421577967.2155
2025-12-10 20:00:00,92913.9,94443.7,91825.0,91977.5,43457.086,4039901531.6356
2025-12-11 00:00:00,91977.5,92046.3,89321.0,89833.1,41765.03,3780513341.6773
2025-12-11 04:00:00,89833.1,90445.6,89640.4,90231.4,16187.084,1458657521.4837
2025-12-11 08:00:00,90231.3,90494.7,89931.0,90195.3,11011.162,993181746.3144
2025-12-11 12:00:00,90195.3,90618.0,89200.0,89830.1,36667.082,3298248288.3428
2025-12-11 16:00:00,89830.1,91499.0,89288.0,90793.5,36608.297,3309046083.4753
2025-12-11 20:00:00,90793.5,93547.3,90749.6,92477.5,48909.413,4519574874.6586
2025-12-12 00:00:00,92477.6,92719.0,91400.0,92234.3,22813.99,2102004901.2133
2025-12-12 04:00:00,92234.3,92685.5,92028.4,92389.5,11201.46,1034593705.4769
2025-12-12 08:00:00,92389.5,92600.0,92050.0,92381.5,9687.193,894295770.1042
2025-12-12 12:00:00,92381.4,92630.0,89688.0,89895.0,49205.788,4491441437.3641
2025-12-12 16:00:00,89895.0,90617.7,89429.0,90147.3,41898.523,3772874493.9991
2025-12-12 20:00:00,90147.4,90357.5,89843.0,90229.6,10037.156,904914742.0306
2025-12-13 00:00:00,90229.7,90432.0,90077.0,90304.0,5591.18,504676862.0876
2025-12-13 04:00:00,90304.1,90379.5,90226.8,90286.1,3796.6,342844247.7951
2025-12-13 08:00:00,90286.0,90599.0,90239.0,90298.4,7893.366,713817077.8613
2025-12-13 12:00:00,90298.5,90441.9,89888.0,90055.4,9021.404,813481608.3627
2025-12-13 16:00:00,90055.3,90236.6,89944.0,90150.9,4576.962,412272985.8176
2025-12-13 20:00:00,90150.8,90248.0,89711.9,90191.3,5358.221,482478320.4098
2025-12-14 00:00:00,90191.3,90440.0,90071.6,90222.3,7086.65,639735774.5246
2025-12-14 04:00:00,90222.4,90300.0,90005.8,90205.1,3999.939,360516709.6958
2025-12-14 08:00:00,90205.1,90250.0,88412.8,89308.2,24641.953,2203682791.7117
2025-12-14 12:00:00,89308.3,89630.8,88831.7,88985.2,17265.699,1540198176.6398
2025-12-14 16:00:00,88985.2,89372.8,88432.0,88598.7,17696.731,1571305723.0964
2025-12-14 20:00:00,88598.7,88779.1,87504.3,88118.8,21395.682,1887033069.7618
2025-12-15 00:00:00,88118.8,89972.4,88025.3,89239.9,27815.116,2476536417.6548
2025-12-15 04:00:00,89240.0,89880.0,89229.5,89703.0,10941.101,980082063.274
2025-12-15 08:00:00,89702.9,89940.0,89525.0,89606.0,11790.519,1058346030.9973
2025-12-15 12:00:00,89606.0,89845.0,86563.6,86996.6,67384.379,5931561693.6694
2025-12-15 16:00:00,86996.5,87189.9,85073.0,86104.2,56199.332,4838857229.6488
2025-12-15 20:00:00,86104.2,86437.1,85489.7,86389.9,20085.598,1726542357.1882
2025-12-16 00:00:00,86390.0,86478.6,85340.1,85837.7,16787.316,1441863436.9097
2025-12-16 04:00:00,85837.6,86577.0,85226.0,85964.8,17300.472,1488238553.008
2025-12-16 08:00:00,85964.9,87299.7,85874.6,87216.6,18856.619,1635415439.2452
2025-12-16 12:00:00,87216.6,88143.9,86055.9,87936.3,54188.458,4722240544.2853
2025-12-16 16:00:00,87936.3,88012.5,87015.8,87538.7,26033.481,2279496360.4469
2025-12-16 20:00:00,87538.7,87900.0,87297.9,87826.3,9058.702,794268709.9013
2025-12-17 00:00:00,87826.3,87925.8,87104.2,87178.1,11671.628,1020951117.7902
2025-12-17 04:00:00,87178.2,87360.8,86158.4,87010.4,22749.284,1972826230.8553
2025-12-17 08:00:00,87010.4,87100.0,86201.0,86939.3,15486.489,1341030124.4704
2025-12-17 12:00:00,86939.2,90363.2,86768.8,87191.4,86140.012,7626770393.6051
2025-12-17 16:00:00,87191.0,87737.3,85261.3,85982.7,55699.358,4813445196.0579
2025-12-17 20:00:00,85982.7,86421.0,85630.0,86201.6,16899.977,1453442741.8424
2025-12-18 00:00:00,86201.6,86836.2,85820.6,86575.1,16118.556,1391939513.9772
2025-12-18 04:00:00,86575.1,86859.1,86323.7,86787.5,11560.136,1001534563.9638
2025-12-18 08:00:00,86787.5,87417.6,86640.5,87268.1,14444.149,1258021320.2891
2025-12-18 12:00:00,87257.0,89447.9,87068.0,88480.8,75762.851,6697663174.6394
2025-12-18 16:00:00,88480.7,88500.0,84429.9,84447.0,83673.674,7209058614.425
2025-12-18 20:00:00,84447.0,85800.0,84408.6,85469.7,28014.313,2385865797.1023
2025-12-19 00:00:00,85469.8,87550.0,85062.7,86863.1,30604.064,2639625989.3101
2025-12-19 04:00:00,86863.2,88366.0,86651.9,87909.7,28039.593,2450680421.8556
2025-12-19 08:00:00,87909.7,88345.1,87700.0,88169.9,16798.031,1479344596.2298
2025-12-19 12:00:00,88170.0,89374.6,87488.0,87925.6,51776.28,4566670398.3807
2025-12-19 16:00:00,87925.6,88888.0,86795.5,87812.8,36941.972,3237405698.3054
2025-12-19 20:00:00,87812.9,88406.3,87569.1,88100.0,14124.554,1243610693.5711
2025-12-20 00:00:00,88100.0,88294.8,87926.7,88165.3,5637.357,496686777.8915
2025-12-20 04:00:00,88165.3,88551.8,88065.9,88239.9,6898.331,609064888.9487
2025-12-20 08:00:00,88240.0,88397.8,88063.8,88243.6,4869.385,429560292.4946
2025-12-20 12:00:00,88243.6,88320.0,87698.5,88134.6,11529.379,1015404208.3412
2025-12-20 16:00:00,88134.5,88407.7,88060.0,88196.3,3919.255,345703665.7946
2025-12-20 20:00:00,88196.4,88434.9,88111.1,88320.8,3120.141,275362944.7668
2025-12-21 00:00:00,88320.7,88400.0,87821.1,88043.2,7336.323,646099106.88
2025-12-21 04:00:00,88043.3,88174.5,88010.0,88138.7,2659.008,234215238.2478
2025-12-21 08:00:00,88138.8,89050.0,88103.3,88570.6,15426.009,1367377675.1929
2025-12-21 12:00:00,88570.7,88885.9,87548.5,88024.7,25733.455,2266031027.654
2025-12-21 16:00:00,88024.7,88588.0,87902.0,88448.2,10214.556,901384621.6258
2025-12-21 20:00:00,88448.3,88786.9,88047.4,88621.3,6255.037,553026222.2191
2025-12-22 00:00:00,88621.3,89600.0,87845.0,88727.5,31996.805,2839146347.3352
2025-12-22 04:00:00,88727.4,89173.8,88665.3,89127.7,9144.909,813127234.7559
2025-12-22 08:00:00,89127.8,90085.0,89050.1,89905.2,25914.874,2323136194.5931
2025-12-22 12:00:00,89905.2,90599.0,89109.1,89688.5,43053.447,3869160833.9288
2025-12-22 16:00:00,89688.6,90088.0,87906.7,88011.1,26150.733,2329138359.1831
2025-12-22 20:00:00,88011.0,88805.9,87872.6,88581.5,18432.701,1627889582.4565
2025-12-23 00:00:00,88581.5,88904.9,87738.3,88128.2,16525.238,1460343676.0456
2025-12-23 04:00:00,88128.2,88342.0,86976.6,87531.3,23180.432,2028973129.2093
2025-12-23 08:00:00,87531.3,87852.0,87256.3,87813.9,12098.9,1059742186.1069
2025-12-23 12:00:00,87813.8,87914.0,86536.0,87405.3,34384.868,3001092433.5961
2025-12-23 16:00:00,87405.2,88247.8,87121.4,87724.2,32501.327,2853223631.199
2025-12-23 20:00:00,87724.2,88349.2,87145.0,87463.0,14967.183,1311501713.0894
2025-12-24 00:00:00,87463.1,87849.9,86817.9,87311.4,15341.836,1339175935.9745
2025-12-24 04:00:00,87311.4,87430.0,86738.8,86868.1,11302.398,983633681.9259
2025-12-24 08:00:00,86868.1,87316.7,86671.7,87162.6,10537.249,916466389.2374
2025-12-24 12:00:00,87162.6,87450.0,86355.0,87012.0,23298.985,2025706277.7647
2025-12-24 16:00:00,87012.0,87660.0,86878.3,87521.4,13327.506,1164009362.8866
2025-12-24 20:00:00,87521.4,88033.3,87484.6,87627.3,7735.534,678561591.7488
2025-12-25 00:00:00,87627.4,87933.5,87466.9,87811.6,5633.524,493927390.4627
2025-12-25 04:00:00,87811.6,87830.0,87617.1,87795.9,3874.387,339888231.0299
2025-12-25 08:00:00,87795.9,87858.8,87219.0,87485.2,8305.291,726358051.5378
2025-12-25 12:00:00,87485.2,88594.0,87360.7,88338.9,15360.367,1351845356.6068
2025-12-25 16:00:00,88339.0,88451.6,87947.8,88112.3,9470.156,835079934.2911
2025-12-25 20:00:00,88112.3,88139.2,86902.1,87182.8,15152.527,1325501585.035
2025-12-26 00:00:00,87182.8,89432.0,86824.8,88796.2,38115.137,3372409354.9736
2025-12-26 04:00:00,88796.2,89557.6,88300.5,88433.0,21937.337,1950545124.9835
2025-12-26 08:00:00,88433.0,88888.0,88380.0,88507.5,11419.104,1012496490.8961
2025-12-26 12:00:00,88507.6,89037.0,86619.9,87100.0,51437.502,4507300378.8644
2025-12-26 16:00:00,87100.0,87555.0,86760.4,87453.7,19187.707,1672946980.6197
2025-12-26 20:00:00,87453.7,87750.0,87266.6,87318.2,7874.95,689033979.7607
2025-12-27 00:00:00,87318.3,87493.4,87203.0,87473.4,4564.436,398795486.1964
2025-12-27 04:00:00,87473.4,87669.7,87374.5,87490.9,3525.475,308428402.9098
2025-12-27 08:00:00,87490.9,87634.9,87324.6,87433.6,5166.212,452062598.0363
2025-12-27 12:00:00,87433.6,87555.0,87264.8,87516.2,4515.048,394754975.3085
2025-12-27 16:00:00,87516.3,87545.6,87397.5,87522.4,2442.758,213692509.4558
2025-12-27 20:00:00,87522.3,87956.9,87455.5,87829.4,7080.18,620941322.7732
2025-12-28 00:00:00,87829.5,87921.7,87674.4,87693.0,4818.273,423004019.4731
2025-12-28 04:00:00,87693.1,87802.5,87566.0,87697.7,3595.942,315275482.2994
2025-12-28 08:00:00,87697.7,87980.9,87676.4,87850.8,5882.811,516693455.1056
2025-12-28 12:00:00,87850.9,88078.3,87762.2,87797.7,6369.212,559785887.4019
2025-12-28 16:00:00,87797.6,87902.7,87448.4,87488.6,9230.702,808994164.6167
2025-12-28 20:00:00,87488.7,88023.4,87402.6,87920.5,7463.024,654452495.0603
2025-12-29 00:00:00,87920.4,90156.5,87778.5,90091.6,45213.489,4021800688.8379
2025-12-29 04:00:00,90091.5,90373.4,89448.1,89583.0,25464.187,2290568866.7356
2025-12-29 08:00:00,89583.0,89791.5,87520.1,87529.0,45300.356,4003099512.6526
2025-12-29 12:00:00,87529.1,88150.0,86760.0,87636.6,49719.631,4346271006.7167
2025-12-29 16:00:00,87636.4,87968.1,87259.6,87328.9,15239.929,1334921605.4851
2025-12-29 20:00:00,87328.9,87569.2,87043.4,87203.3,9066.617,791089351.3666
2025-12-30 00:00:00,87203.2,87393.1,86789.0,87334.7,13438.983,1170721639.1775
2025-12-30 04:00:00,87334.7,87581.4,87105.6,87457.5,8171.089,713871591.1827
2025-12-30 08:00:00,87457.5,88190.6,87455.5,87875.2,23327.302,2050228932.9562
2025-12-30 12:00:00,87875.3,89126.0,87788.2,88966.8,38901.923,3439699501.608
2025-12-30 16:00:00,88966.8,89355.0,87910.4,88189.7,32511.331,2880952967.3353
2025-12-30 20:00:00,88189.8,88533.0,87833.2,88455.3,10394.632,916805583.2911
2025-12-31 00:00:00,88455.2,88780.0,88134.9,88411.5,11679.228,1033642747.5127
2025-12-31 04:00:00,88411.6,88596.0,88280.1,88569.0,6284.482,555800111.8832
2025-12-31 08:00:00,88568.9,89000.0,88339.9,88967.6,12440.16,1103628082.2566
2025-12-31 12:00:00,88967.6,89192.8,87729.2,87909.0,31536.84,2789104070.3455
2025-12-31 16:00:00,87909.0,88024.3,87350.5,87515.0,24053.975,2109253941.6918
2025-12-31 20:00:00,87515.0,87849.7,87189.2,87608.2,10773.672,943182401.8502
2026-01-01 00:00:00,87608.3,88065.0,87600.0,87824.6,7102.55,624149714.8035
2026-01-01 04:00:00,87824.6,87831.6,87508.4,87603.7,5685.305,498199677.9597
2026-01-01 08:00:00,87603.7,87985.6,87590.0,87980.1,6046.668,530913902.959
2026-01-01 12:00:00,87980.1,88079.3,87758.4,87986.8,8130.085,714756257.6801
2026-01-01 16:00:00,87986.8,88475.8,87833.1,88354.8,11314.033,997983119.7741
2026-01-01 20:00:00,88354.8,88881.4,88193.2,88800.0,9662.662,855681398.3452
2026-01-02 00:00:00,88800.0,89088.0,88324.4,88899.3,19809.197,1758003738.4791
2026-01-02 04:00:00,88899.3,89055.0,88533.6,88829.3,12241.301,1087156534.9322
2026-01-02 08:00:00,88829.3,89900.0,88780.0,89458.3,27887.349,2494299404.0811
2026-01-02 12:00:00,89458.3,90126.5,88401.2,89373.1,50647.142,4523268334.4644
2026-01-02 16:00:00,89373.0,90945.1,89145.2,89865.0,53631.695,4836160124.9347
2026-01-02 20:00:00,89865.0,90368.7,89588.0,89951.4,12445.764,1119548227.6217
2026-01-03 00:00:00,89951.5,90365.9,89914.5,90279.9,6484.185,584504058.2057
2026-01-03 04:00:00,90280.0,90456.0,89261.2,89535.9,14358.15,1289442082.958
2026-01-03 08:00:00,89535.9,89943.9,89380.2,89706.4,9668.717,867277770.1728
2026-01-03 12:00:00,89706.4,90200.0,89620.0,89931.8,10078.954,906930302.749
2026-01-03 16:00:00,89931.7,90189.0,89866.5,90091.8,4811.57,433299059.2312
2026-01-03 20:00:00,90091.8,90716.9,89972.9,90595.8,11489.693,1039250891.3434
2026-01-04 00:00:00,90595.8,91597.6,90595.7,91192.7,21036.474,1918605936.6457
2026-01-04 04:00:00,91192.7,91779.7,91142.3,91477.5,13544.574,1238452580.366
2026-01-04 08:00:00,91477.5,91581.7,91111.9,91262.7,11954.424,1092007574.0717
2026-01-04 12:00:00,91262.8,91377.2,90968.0,91292.8,10317.597,940761985.9221
2026-01-04 16:00:00,91292.8,91429.4,90790.1,91102.9,9385.331,855399961.4452
2026-01-04 20:00:00,91102.9,91567.0,91085.1,91497.1,7534.629,687995121.7513
2026-01-05 00:00:00,91497.2,93382.5,91476.5,92835.2,51047.503,4726270146.6817
2026-01-05 04:00:00,92835.3,92920.0,92102.0,92492.1,20234.161,1871439379.6019
2026-01-05 08:00:00,92492.1,93131.8,92292.0,93093.3,20213.743,1875325432.4863
2026-01-05 12:00:00,93093.3,93998.9,92370.9,93899.9,43133.117,4020490063.7498
2026-01-05 16:00:00,93900.0,94475.7,93201.0,94248.6,35514.604,3336884745.0669
2026-01-05 20:00:00,94248.6,94760.3,93757.9,93822.4,19273.184,1815761516.1539
2026-01-06 00:00:00,93822.3,94125.1,93467.1,93725.8,13154.652,1233164428.471
2026-01-06 04:00:00,93725.7,93966.4,93088.0,93207.4,16653.016,1557956166.5415
2026-01-06 08:00:00,93207.4,93865.5,93130.4,93799.9,13061.435,1220932941.0355
2026-01-06 12:00:00,93800.0,94415.4,93292.0,93608.2,42110.368,3952955594.5568
2026-01-06 16:00:00,93608.2,93728.9,91209.0,92062.2,69722.545,6430736913.776
2026-01-06 20:00:00,92062.2,93825.0,92062.2,93708.0,32741.034,3049814762.3951
2026-01-07 00:00:00,93708.1,93708.1,92202.9,92778.2,23633.179,2193784452.5324
2026-01-07 04:00:00,92778.1,92893.0,92457.9,92848.1,9331.514,865006484.8741
2026-01-07 08:00:00,92848.1,92928.0,91549.9,92041.9,31461.263,2896411199.572
2026-01-07 12:00:00,92041.8,92249.3,90987.0,91303.1,39915.388,3655810402.4545
2026-01-07 16:00:00,91303.2,91750.0,90634.1,91143.6,28364.998,2585086529.5794
2026-01-07 20:00:00,91143.6,91462.1,90740.5,91328.0,16280.508,1483993082.8002
2026-01-08 00:00:00,91328.1,91666.0,90555.1,90780.1,15801.589,1439468462.2484
2026-01-08 04:00:00,90780.0,91157.6,89588.1,90509.9,33939.861,3064940903.1695
2026-01-08 08:00:00,90509.8,90741.2,89733.6,90192.3,26745.978,2412662812.3879
2026-01-08 12:00:00,90192.2,90790.0,89242.0,90730.0,49177.48,4424022789.8952
2026-01-08 16:00:00,90730.0,91425.1,90244.7,90890.9,28633.856,2603394183.2193
2026-01-08 20:00:00,90890.9,91449.9,90519.9,91059.8,14177.18,1290349522.3103
2026-01-09 00:00:00,91059.8,91600.0,90800.6,91190.1,13112.406,1195381623.4016
2026-01-09 04:00:00,91190.1,91203.0,90704.0,90712.1,7718.517,702163268.4895
2026-01-09 08:00:00,90712.1,90812.0,89632.8,90398.1,29857.973,2694196469.0813
2026-01-09 12:00:00,90398.1,91999.0,89800.0,91137.7,50210.138,4561163174.556
2026-01-09 16:00:00,91137.8,91749.9,90145.0,90290.6,30045.679,2733769137.7154
2026-01-09 20:00:00,90290.6,90693.0,90082.6,90603.6,9449.964,854542941.49
2026-01-10 00:00:00,90603.7,90748.6,90474.4,90591.3,4296.028,389250990.9796
2026-01-10 04:00:00,90591.3,90650.4,90351.6,90627.1,3897.275,352740050.4777
2026-01-10 08:00:00,90627.1,90800.0,90570.0,90692.8,5112.255,463638022.8819
2026-01-10 12:00:00,90692.9,90758.7,90494.0,90622.7,4673.046,423448093.5353
2026-01-10 16:00:00,90622.8,90708.0,90450.0,90591.4,3632.768,329081620.8229
2026-01-10 20:00:00,90591.3,90627.6,90358.5,90469.6,3659.369,331069086.4493
2026-01-11 00:00:00,90469.7,90699.9,90410.6,90696.5,3298.738,298871379.8039
2026-01-11 04:00:00,90696.4,90818.0,90530.9,90664.0,3375.466,306136487.6638
2026-01-11 08:00:00,90663.9,90787.8,90555.0,90707.3,4860.961,440880074.451
2026-01-11 12:00:00,90707.2,91143.1,90650.0,90834.1,11189.115,1016912031.4544
2026-01-11 16:00:00,90834.0,91252.5,90609.5,90644.7,7657.326,696368509.7724
2026-01-11 20:00:00,90644.7,91000.0,90175.3,90964.4,13162.776,1192421906.3423
2026-01-12 00:00:00,90964.4,92488.0,90642.0,91766.2,34613.115,3174569990.8043
2026-01-12 04:00:00,91766.2,92245.1,91342.0,91369.2,14891.693,1367641584.0462
2026-01-12 08:00:00,91369.2,91586.5,90319.4,90573.9,30364.738,2755419106.5713
2026-01-12 12:00:00,90573.9,91637.8,90066.0,91618.7,33382.596,3033313347.5198
2026-01-12 16:00:00,91618.6,92299.0,90966.0,91821.9,43461.407,3986035514.3568
2026-01-12 20:00:00,91821.9,92017.0,90870.0,91252.6,12523.834,1143807782.7687
2026-01-13 00:00:00,91252.5,91524.5,91011.0,91380.9,11584.552,1057463098.8572
2026-01-13 04:00:00,91380.9,92258.0,91316.3,91908.0,20473.116,1881678731.1564
2026-01-13 08:00:00,91908.0,92676.6,91850.6,91962.1,23092.118,2129360935.9611
2026-01-13 12:00:00,91962.1,93408.0,91700.6,93407.9,48588.204,4493366268.3095
2026-01-13 16:00:00,93407.9,94189.0,93009.8,94179.5,39149.646,3661932562.9615
2026-01-13 20:00:00,94179.6,96863.7,94011.7,95375.2,57658.282,5478957617.4356
2026-01-14 00:00:00,95375.2,95670.0,95082.0,95665.7,16464.491,1570060916.4607
2026-01-14 04:00:00,95665.6,95755.0,94413.4,95166.6,23449.918,2227997708.8409
2026-01-14 08:00:00,95166.6,95288.0,94700.0,94763.6,14291.289,1357760929.1664
2026-01-14 12:00:00,94763.7,97100.0,94643.0,96691.9,56131.329,5395034451.0642
2026-01-14 16:00:00,96691.9,97733.9,96180.0,97221.8,52868.159,5133522902.0791
2026-01-14 20:00:00,97221.8,97932.1,96666.6,96907.9,18838.305,1833488000.7884
2026-01-15 00:00:00,96908.0,96960.9,95733.1,95943.1,19713.874,1899184529.3262
2026-01-15 04:00:00,95943.1,96744.2,95909.1,96601.2,17931.66,1727319124.563
2026-01-15 08:00:00,96601.2,97155.0,96243.8,96548.9,15485.899,1498183760.612
2026-01-15 12:00:00,96548.9,97100.0,95403.7,96717.3,45603.132,4387086111.1019
2026-01-15 16:00:00,96717.3,97047.6,95080.0,95469.2,37698.441,3624336028.0644
2026-01-15 20:00:00,95469.2,95837.8,95089.0,95567.3,12771.735,1218819876.9283
2026-01-16 00:00:00,95567.4,95825.0,95279.8,95319.6,9561.47,913529293.6219
2026-01-16 04:00:00,95319.6,95790.0,95111.1,95608.4,14107.35,1346846603.8584
2026-01-16 08:00:00,95608.4,95805.0,95210.5,95382.6,9683.442,924556566.997
2026-01-16 12:00:00,95382.5,95763.0,94234.5,94537.5,37520.56,3562704629.8631
2026-01-16 16:00:00,94537.6,95191.8,94454.5,94961.0,17146.236,1626280507.1566
2026-01-16 20:00:00,94961.0,95550.0,94630.0,95503.7,13199.031,1257866177.9721
2026-01-17 00:00:00,95503.8,95536.9,95136.2,95324.0,5524.505,526728532.9202
2026-01-17 04:00:00,95324.1,95346.1,94999.9,95061.1,4766.776,453719723.7215
2026-01-17 08:00:00,95061.1,95287.1,94977.5,95283.9,4032.162,383728110.2423
2026-01-17 12:00:00,95283.8,95621.9,95152.1,95529.0,11191.027,1067800291.0307
2026-01-17 16:00:00,95529.0,95529.0,95165.5,95258.3,7792.851,742811655.0464
2026-01-17 20:00:00,95258.3,95373.2,95000.0,95107.9,5661.912,538878324.4576
2026-01-18 00:00:00,95107.9,95200.9,94819.5,95155.0,6600.369,626992280.9572
2026-01-18 04:00:00,95155.0,95236.5,94980.0,94989.9,4813.436,457699257.1855
2026-01-18 08:00:00,94989.9,95257.4,94980.0,95133.4,5147.428,489632996.8368
2026-01-18 12:00:00,95133.3,95326.4,94850.4,95067.8,12660.949,1203723708.548
2026-01-18 16:00:00,95067.7,95485.9,95024.6,95335.6,7763.476,739646702.141
2026-01-18 20:00:00,95335.6,95490.0,93550.3,93614.0,25594.735,2415690964.206
2026-01-19 00:00:00,93614.0,93614.1,91800.0,92656.6,49990.263,4629746145.8764
2026-01-19 04:00:00,92656.7,92810.0,92344.5,92787.9,11351.718,1050941824.2394
2026-01-19 08:00:00,92787.8,93312.8,92635.0,93136.7,13800.415,1283825958.7279
2026-01-19 12:00:00,93136.8,93188.0,92660.0,93013.5,11142.096,1035386563.774
2026-01-19 16:00:00,93013.4,93379.0,92888.0,93066.2,8569.393,798095587.3121
2026-01-19 20:00:00,93066.2,93312.1,92116.0,92589.6,13383.171,1240164751.6121
2026-01-20 00:00:00,92589.6,92845.0,92200.0,92397.0,13853.313,1281810429.999
2026-01-20 04:00:00,92396.9,92440.1,90723.3,91136.1,40101.084,3663829657.7298
2026-01-20 08:00:00,91136.1,91415.1,90622.2,91185.8,17642.089,1606246289.7801
2026-01-20 12:00:00,91185.8,91344.8,89819.0,90644.2,49534.19,4487686624.792
2026-01-20 16:00:00,90644.3,90944.5,89250.2,89694.1,34730.522,3122470867.4239
2026-01-20 20:00:00,89694.1,89824.0,87787.2,88390.6,32215.002,2856154831.6521
2026-01-21 00:00:00,88390.7,89568.5,88218.2,89396.0,18898.318,1681235861.0525
2026-01-21 04:00:00,89395.9,90088.0,89045.0,89171.3,19315.661,1730457253.4528
2026-01-21 08:00:00,89171.3,89449.0,88614.1,88757.1,13506.472,1203602998.7586
2026-01-21 12:00:00,88757.0,90599.5,88109.7,90237.1,54268.387,4849833625.4906
2026-01-21 16:00:00,90237.2,90427.6,87205.5,90321.9,76317.133,6768414296.0786
2026-01-21 20:00:00,90321.9,90349.0,89317.9,89411.4,25776.644,2317194508.0351
2026-01-22 00:00:00,89411.4,90327.7,89411.3,89857.0,13517.244,1215442330.8552
2026-01-22 04:00:00,89856.9,90170.1,89750.0,89772.6,8495.666,764352062.9362
2026-01-22 08:00:00,89772.6,90123.0,89701.9,89909.6,9239.677,831054012.8237
2026-01-22 12:00:00,89909.7,90309.5,88465.6,88953.6,42054.956,3756463766.7645
2026-01-22 16:00:00,88953.7,89882.1,88630.2,89732.9,22922.654,2045822811.0956
2026-01-22 20:00:00,89732.8,89908.5,89095.5,89518.5,9684.024,866183955.7556
2026-01-23 00:00:00,89518.4,89948.9,89400.0,89886.1,7103.31,637240631.4726
2026-01-23 04:00:00,89886.2,90050.0,89358.0,89497.2,10350.649,928034065.7343
2026-01-23 08:00:00,89497.3,89590.9,88823.3,89171.2,14039.112,1251409978.2744
2026-01-23 12:00:00,89171.3,89847.2,88530.0,89711.2,27156.81,2421263083.5232
2026-01-23 16:00:00,89711.2,91195.0,89438.0,89938.3,53329.738,4816955196.0609
2026-01-23 20:00:00,89938.3,90124.1,89163.6,89558.7,12846.231,1150208479.119
2026-01-24 00:00:00,89558.7,89893.9,89383.5,89738.4,5898.549,528705423.0107
2026-01-24 04:00:00,89738.4,89820.1,89530.6,89581.2,4004.245,359121923.2759
2026-01-24 08:00:00,89581.3,89659.2,89539.5,89548.5,3259.833,292041128.1341
2026-01-24 12:00:00,89548.5,89554.9,89131.2,89235.0,8263.039,738442507.7471
2026-01-24 16:00:00,89234.9,89425.2,89116.9,89286.0,6341.109,566084320.0015
2026-01-24 20:00:00,89286.1,89444.4,89155.0,89180.7,2969.162,265167147.4398
2026-01-25 00:00:00,89180.7,89281.6,88800.0,88920.0,5837.206,519757214.5714
2026-01-25 04:00:00,88920.0,89057.8,88600.0,88630.3,6941.923,616528712.968
2026-01-25 08:00:00,88630.3,88727.2,88084.0,88531.0,12171.295,1076128048.5036
2026-01-25 12:00:00,88530.9,88947.1,88306.6,88406.0,12877.754,1141797817.8744
2026-01-25 16:00:00,88406.0,88410.0,86100.0,86459.4,55909.37,4879819697.4053
2026-01-25 20:00:00,86459.4,86966.4,86021.7,86628.9,31141.815,2692558435.5617
2026-01-26 00:00:00,86628.9,87922.0,86463.2,87233.1,28640.303,2500875244.9317
2026-01-26 04:00:00,87233.1,88059.6,87188.3,87968.9,13632.75,1196706866.9813
2026-01-26 08:00:00,87969.0,88367.5,87556.9,87810.0,12963.85,1139316653.2697
2026-01-26 12:00:00,87810.1,88834.1,87278.5,87609.5,37919.782,3336965656.6164
2026-01-26 16:00:00,87609.4,88496.4,86960.0,87965.6,28639.512,2512742073.6106
2026-01-26 20:00:00,87965.5,88637.4,87506.8,88300.6,12813.294,1128250918.882
2026-01-27 00:00:00,88300.6,88880.6,88157.4,88744.6,12771.372,1130676006.0584
2026-01-27 04:00:00,88744.7,88983.3,88239.9,88287.9,8861.368,784533544.8441
2026-01-27 08:00:00,88288.0,88365.6,87707.1,87947.5,10960.454,964446911.5736
2026-01-27 12:00:00,87947.4,88418.8,87530.0,88000.1,21717.911,1909317364.3936
2026-01-27 16:00:00,88000.1,88836.3,87265.4,88378.1,38341.683,3376774539.9788
2026-01-27 20:00:00,88378.1,89499.0,88335.6,89197.8,25273.326,2252943696.1323
2026-01-28 00:00:00,89197.8,89454.6,88932.6,89079.8,10026.193,894444042.6153
2026-01-28 04:00:00,89079.8,89366.0,88786.0,89106.8,9710.807,864684202.9088
2026-01-28 08:00:00,89106.8,90122.0,88831.9,90036.9,19303.904,1727282611.4514
2026-01-28 12:00:00,90036.9,90444.4,88852.2,89444.4,38056.703,3415160888.8865
2026-01-28 16:00:00,89444.5,90592.7,88974.0,89363.6,32992.134,2958162359.1102
2026-01-28 20:00:00,89363.5,89880.1,88829.0,89261.7,13795.118,1231552245.5483
2026-01-29 00:00:00,89261.7,89316.8,87650.1,88003.2,26173.956,2311570166.4314
2026-01-29 04:00:00,88003.2,88394.2,87863.0,88310.9,9421.294,830965463.6692
2026-01-29 08:00:00,88310.9,88461.2,87711.0,87795.2,16008.75,1408657769.7022
2026-01-29 12:00:00,87795.1,88133.2,84335.4,84898.0,74469.515,6402188996.5422
2026-01-29 16:00:00,84897.9,85596.1,83338.3,83979.4,83125.553,7018268473.1799
2026-01-29 20:00:00,83979.5,84699.9,83785.6,84604.7,17562.523,1480351294.9987
2026-01-30 00:00:00,84604.7,84697.2,81000.0,82640.9,76402.239,6298918594.3602
2026-01-30 04:00:00,82640.9,83300.0,82021.1,82770.1,33705.929,2789316046.663
2026-01-30 08:00:00,82770.1,83280.6,82108.4,83104.8,24459.859,2020554136.9936
2026-01-30 12:00:00,83104.7,83779.2,82328.6,82850.2,42061.2,3491759019.5178
2026-01-30 16:00:00,82850.1,84599.0,81832.0,84200.0,52992.028,4411705034.1124
2026-01-30 20:00:00,84199.9,84487.7,83501.0,84211.4,25173.261,2114495980.8392
2026-01-31 00:00:00,84211.4,84239.5,83775.5,83987.5,9341.051,785041971.6058
2026-01-31 04:00:00,83987.5,84110.0,83368.0,83514.4,10028.444,839564583.3885
2026-01-31 08:00:00,83514.3,83598.0,82530.2,82983.2,23221.921,1928017691.3435
2026-01-31 12:00:00,82983.2,83115.3,80754.3,81268.6,51733.36,4224962130.0601
2026-01-31 16:00:00,81268.6,82200.0,75500.0,77707.9,140211.477,11058247983.6012
2026-01-31 20:00:00,77707.9,79200.0,77037.8,78706.8,37012.258,2889481105.7831
2026-02-01 00:00:00,78706.7,79396.8,78245.7,78826.3,19245.976,1516357182.9791
2026-02-01 04:00:00,78826.3,79094.9,77899.9,78320.8,18661.217,1464999264.2126
2026-02-01 08:00:00,78320.8,79194.0,78099.8,78712.1,18582.65,1460620155.0712
2026-02-01 12:00:00,78712.1,78732.0,76752.5,77563.8,45953.015,3572444518.7024
2026-02-01 16:00:00,77563.8,78421.6,76950.9,77142.4,29864.884,2317961314.788
2026-02-01 20:00:00,77142.4,77753.6,75644.0,76931.5,54676.338,4197965624.0237
2026-02-02 00:00:00,76931.6,78111.0,74555.0,76256.2,70032.518,5337659067.4801
2026-02-02 04:00:00,76256.2,76930.0,74853.0,76612.6,56149.261,4260870099.9244
2026-02-02 08:00:00,76612.6,77937.7,76576.7,77716.1,30912.995,2390983352.5787
2026-02-02 12:00:00,77716.0,79311.0,77515.6,78800.6,58953.88,4615973740.2346
2026-02-02 16:00:00,78800.5,79248.0,78234.9,78299.2,27195.435,2141870217.0073
2026-02-02 20:00:00,78299.1,78935.9,77843.2,78692.5,16402.325,1285770887.853
2026-02-03 00:00:00,78692.5,79163.0,77566.5,78710.7,24856.12,1949088277.9763
2026-02-03 04:00:00,78710.7,78967.9,77900.1,78749.9,19860.497,1559544896.2306
2026-02-03 08:00:00,78750.0,79049.0,77900.0,78040.1,23203.397,1817721577.2818
2026-02-03 12:00:00,78040.1,78425.8,77000.5,78094.1,51447.122,4001555172.6011
2026-02-03 16:00:00,78094.2,78101.5,72889.2,74893.8,138235.631,10371907588.6258
2026-02-03 20:00:00,74893.9,76920.7,74541.0,75732.4,50122.749,3807454649.2587
2026-02-04 00:00:00,75732.4,76952.5,75420.0,76661.1,25230.293,1923729213.8671
2026-02-04 04:00:00,76661.1,76809.4,76072.0,76478.9,13166.927,1006920031.4973
2026-02-04 08:00:00,76478.9,76568.0,75629.9,75987.6,23832.37,1813746350.1827
2026-02-04 12:00:00,75987.6,76245.5,73756.0,74107.0,78049.845,5846625299.4221
2026-02-04 16:00:00,74107.0,74211.8,72101.0,73895.3,110739.361,8108643633.8902
2026-02-04 20:00:00,73895.2,74141.1,71838.0,73137.4,42105.843,3072459519.0925
2026-02-05 00:00:00,73137.5,73316.3,71111.0,71198.9,61677.796,4447740447.0608
2026-02-05 04:00:00,71199.0,71600.0,70085.3,70716.1,70629.246,5005247658.1578
2026-02-05 08:00:00,70716.1,71944.4,69862.0,70279.0,55156.137,3908810404.5806
2026-02-05 12:00:00,70279.1,70848.6,66666.0,67451.9,168792.675,11593597320.1092
2026-02-05 16:00:00,67452.0,68667.4,65160.0,65237.4,138785.242,9263000141.5613
2026-02-05 20:00:00,65237.5,65678.1,62233.3,62868.1,175048.645,11165057200.3468
2026-02-06 00:00:00,62868.1,65969.5,59800.0,64138.1,176970.308,11166669878.2392
2026-02-06 04:00:00,64138.1,66783.0,63924.7,64811.2,70097.968,4584945494.302
2026-02-06 08:00:00,64811.2,66773.4,64438.9,66586.1,54110.748,3549462510.3581
2026-02-06 12:00:00,66586.1,69157.9,66072.0,68577.5,105687.051,7146913975.7771
2026-02-06 16:00:00,68577.5,71451.6,68348.0,70675.5,107975.296,7565178421.8407
2026-02-06 20:00:00,70675.5,71714.4,69764.7,70544.5,44341.398,3133984395.4491
2026-02-07 00:00:00,70544.5,70899.5,69674.5,70887.1,31855.755,2237671558.1519
2026-02-07 04:00:00,70887.2,71690.0,67250.0,68050.5,88703.15,6134186834.6235
2026-02-07 08:00:00,68050.5,68797.8,67550.2,67935.1,39834.145,2715182837.9824
2026-02-07 12:00:00,67935.0,70000.0,67870.2,69122.1,59726.379,4125810566.192
2026-02-07 16:00:00,69122.1,69887.7,68478.1,69341.4,34087.255,2361083292.9249
2026-02-07 20:00:00,69341.3,69688.2,68734.6,69254.2,12456.967,862924242.1231
2026-02-08 00:00:00,69254.3,69666.0,68843.7,69064.7,14911.652,1032531794.4573
2026-02-08 04:00:00,69064.7,69693.0,68928.0,69665.0,12103.435,838838940.8359
2026-02-08 08:00:00,69665.1,71199.9,69467.9,70954.0,43821.848,3082077123.3016
2026-02-08 12:00:00,70954.0,71524.9,70653.0,71152.6,28255.244,2009466958.4504
2026-02-08 16:00:00,71152.5,71480.0,70220.1,71381.0,23445.872,1661039048.1426
2026-02-08 20:00:00,71381.0,72300.0,69913.3,70288.1,40215.536,2853541163.0694
2026-02-09 00:00:00,70288.2,71434.9,70013.3,71269.9,28075.139,1982617499.3181
2026-02-09 04:00:00,71269.8,71320.0,70251.1,70393.5,19162.987,1355387012.7599
2026-02-09 08:00:00,70393.5,70583.3,68373.9,68899.9,49010.982,3395943518.2327
2026-02-09 12:00:00,68900.0,69843.7,68271.7,69528.9,56527.819,3904468798.2228
2026-02-09 16:00:00,69528.9,71041.0,69050.0,70912.7,46984.623,3300592263.5603
2026-02-09 20:00:00,70912.6,71085.0,69776.1,70110.5,22681.278,1597223878.7215
2026-02-10 00:00:00,70110.6,70499.9,69155.8,69473.3,22533.107,1574733417.2628
2026-02-10 04:00:00,69473.2,69886.1,68633.3,68882.1,26911.354,1863345520.6222
2026-02-10 08:00:00,68882.2,69376.3,68406.4,68489.9,24790.436,1708663754.6298
2026-02-10 12:00:00,68489.9,69554.7,67883.0,69251.5,61160.036,4204266476.2151
2026-02-10 16:00:00,69251.4,69957.9,68555.6,69031.4,34739.185,2407369481.2113
2026-02-10 20:00:00,69031.3,69116.9,68322.1,68805.3,13738.491,943651439.1948
2026-02-11 00:00:00,68805.3,69262.7,67951.8,68143.6,19145.197,1314330788.6018
2026-02-11 04:00:00,68143.6,68288.0,66511.0,67000.0,43120.56,2899899026.2458
2026-02-11 08:00:00,67000.0,67094.4,66342.6,67023.0,25236.662,1685266848.3804
2026-02-11 12:00:00,67022.9,68821.1,65718.5,66489.3,94588.83,6347055189.1757
2026-02-11 16:00:00,66489.4,67831.4,65834.5,67547.7,47502.511,3172441061.0443
2026-02-11 20:00:00,67547.6,68315.0,66757.4,67054.4,27031.764,1826170590.5629
2026-02-12 00:00:00,67054.8,68021.0,67016.6,67550.2,19130.074,1291789969.9265
2026-02-12 04:00:00,67550.3,67659.6,66640.0,67181.5,17969.216,1206159030.4189
2026-02-12 08:00:00,67181.5,68265.5,66860.0,68031.8,23709.827,1603590511.4686
2026-02-12 12:00:00,68031.8,68385.0,66958.0,67107.0,45122.558,3055124981.5274
2026-02-12 16:00:00,67107.0,67221.9,65081.0,65760.7,70971.692,4680463445.4725
2026-02-12 20:00:00,65760.7,66460.8,65177.8,66243.1,23089.892,1521162901.4764
2026-02-13 00:00:00,66243.2,66778.5,65833.9,66519.6,18050.465,1197628896.6756
2026-02-13 04:00:00,66519.6,66650.2,65964.2,66183.3,15780.838,1045985421.3044
2026-02-13 08:00:00,66183.3,67196.8,66159.9,67137.8,22860.438,1526851613.8225
2026-02-13 12:00:00,67137.8,69289.5,66823.6,68652.0,71464.15,4855346095.9165
2026-02-13 16:00:00,68652.1,69473.7,68500.0,68904.2,38164.259,2634058936.9089
2026-02-13 20:00:00,68904.3,69055.9,68639.7,68821.5,16723.139,1151231430.6525
2026-02-14 00:00:00,68821.5,69118.1,68736.2,68947.7,9642.697,664694134.3069
2026-02-14 04:00:00,68947.7,69318.2,68689.1,69182.2,9127.385,629267429.0641
2026-02-14 08:00:00,69182.1,70557.7,69174.5,70464.8,27428.772,1916377052.7945
2026-02-14 12:00:00,70464.8,70499.4,69163.7,69754.2,36370.367,2535438644.4639
2026-02-14 16:00:00,69754.2,69903.3,69259.1,69849.0,15953.444,1111161334.192
2026-02-14 20:00:00,69848.9,70230.6,69600.0,69795.4,16011.581,1118995599.3327
2026-02-15 00:00:00,69795.4,69967.4,69212.2,69926.0,18571.897,1292577924.8024
2026-02-15 04:00:00,69925.9,70907.7,69925.9,70784.0,26247.372,1847364243.1691
2026-02-15 08:00:00,70784.0,70938.5,70114.8,70268.7,18316.803,1290029380.7616
2026-02-15 12:00:00,70268.6,70391.0,68741.4,69068.1,41787.049,2897533488.4191
2026-02-15 16:00:00,69068.1,69074.0,68029.6,68263.6,30584.219,2095734522.4104
2026-02-15 20:00:00,68263.7,69049.2,68100.2,68796.9,15742.79,1080740568.3472
2026-02-16 00:00:00,68796.9,69033.6,68112.2,68392.6,13437.439,921174387.0467
2026-02-16 04:00:00,68392.6,68869.8,68183.3,68552.4,12323.489,844272737.7509
2026-02-16 08:00:00,68552.5,69029.9,68300.0,68769.4,15845.783,1088912385.4063
2026-02-16 12:00:00,68769.4,70110.9,67250.0,67505.5,69582.444,4775293502.0509
2026-02-16 16:00:00,67505.5,68221.7,67475.0,67883.6,20666.719,1402409994.8621
2026-02-16 20:00:00,67883.5,68962.1,67788.6,68862.5,17723.874,1214289228.2853
2026-02-17 00:00:00,68862.6,69228.6,68350.0,68443.6,16477.877,1133630136.2144
2026-02-17 04:00:00,68443.6,68681.8,67854.2,68353.4,15435.494,1053542360.8265
2026-02-17 08:00:00,68353.4,68445.8,67655.0,67824.4,15199.471,1032886862.2528
2026-02-17 12:00:00,67824.3,68350.0,66588.0,67363.6,51182.908,3448868190.9908
2026-02-17 16:00:00,67363.6,68220.1,66824.5,67766.9,40921.1,2767764916.7116
2026-02-17 20:00:00,67766.9,67897.6,67355.7,67475.9,9968.272,673921316.251
2026-02-18 00:00:00,67475.9,67683.4,66850.1,67590.2,13859.457,932377992.9985
2026-02-18 04:00:00,67590.3,68190.2,67456.6,68078.4,13751.365,932352276.5342
2026-02-18 08:00:00,68078.5,68438.0,67037.2,67345.4,27303.081,1850252791.1352
2026-02-18 12:00:00,67345.4,68336.0,66666.2,67671.0,43142.829,2910570450.0517
2026-02-18 16:00:00,67671.1,67684.6,65826.1,66138.2,48354.052,3226173140.2854
2026-02-18 20:00:00,66138.3,66528.8,65993.1,66422.8,17562.607,1164175608.5505
2026-02-19 00:00:00,66422.8,66975.0,66301.8,66950.4,11949.431,796897405.1286
2026-02-19 04:00:00,66950.4,67299.4,66651.8,67180.4,12987.831,870027680.1388
2026-02-19 08:00:00,67180.4,67180.4,66431.1,66468.9,17634.609,1178369119.464
2026-02-19 12:00:00,66468.8,66723.0,65595.7,66362.7,53345.665,3531007381.6542
2026-02-19 16:00:00,66362.6,67174.0,65863.8,67022.9,39321.698,2619762683.1198
2026-02-19 20:00:00,67022.8,67147.8,66618.2,66974.0,12193.367,816000078.6808
2026-02-20 00:00:00,66973.9,67490.0,66912.4,67327.2,16163.093,1087133241.9432
2026-02-20 04:00:00,67327.2,67999.9,67079.3,67794.7,23131.392,1564496913.3801
2026-02-20 08:00:00,67794.8,68283.7,67250.0,67290.5,27634.024,1876247320.5633
2026-02-20 12:00:00,67290.4,68099.9,66408.1,67547.6,89010.872,5973536835.3363
2026-02-20 16:00:00,67547.6,67998.9,66915.0,67616.5,53992.045,3643638010.9272
2026-02-20 20:00:00,67616.5,68220.0,67486.6,67979.3,15372.545,1043058897.1968
2026-02-21 00:00:00,67979.3,68079.0,67488.9,67637.0,13484.385,914304801.4248
2026-02-21 04:00:00,67636.9,67899.0,67555.2,67821.0,6835.056,463072918.5095
2026-02-21 08:00:00,67821.0,68280.0,67776.2,68060.9,16424.915,1118910410.0683
2026-02-21 12:00:00,68061.0,68687.0,67882.8,68571.5,21938.833,1498969488.8541
2026-02-21 16:00:00,68571.5,68632.5,68066.0,68516.3,16510.563,1128827619.0525
2026-02-21 20:00:00,68516.3,68568.1,67860.0,67933.1,12301.741,838590550.1896
2026-02-22 00:00:00,67933.2,68198.5,67763.7,68010.5,12501.071,849455284.4142
2026-02-22 04:00:00,68010.5,68204.3,67850.4,67973.0,8942.586,608166481.4958
2026-02-22 08:00:00,67973.0,68220.0,67877.0,68183.4,9086.0,618212787.8305
2026-02-22 12:00:00,68183.4,68205.1,67275.0,67659.9,31174.344,2108971553.1484
2026-02-22 16:00:00,67660.0,67712.0,67150.0,67402.2,12981.135,874936404.6105
2026-02-22 20:00:00,67402.1,67728.0,67324.1,67613.5,9658.286,652170780.8932
2026-02-23 00:00:00,67613.6,67655.8,64232.8,64894.0,89086.873,5817822458.3918
2026-02-23 04:00:00,64894.1,65980.0,64628.5,65915.8,31480.866,2056743701.9151
2026-02-23 08:00:00,65915.7,66574.5,65534.6,66170.8,30726.787,2031014209.5866
2026-02-23 12:00:00,66170.8,66490.0,65500.0,65633.1,44068.051,2908041790.9417
2026-02-23 16:00:00,65633.1,65701.2,64050.0,64273.9,57061.836,3698010043.0626
2026-02-23 20:00:00,64273.9,64989.0,63860.0,64625.8,24726.883,1594120319.8895
2026-02-24 00:00:00,64625.8,64980.0,63303.9,63570.5,44780.755,2867865672.5018
2026-02-24 04:00:00,63570.5,63606.3,62655.0,63155.3,43162.099,2723559968.3215
2026-02-24 08:00:00,63155.4,63432.4,62900.0,63192.2,17864.35,1128700468.9871
2026-02-24 12:00:00,63192.1,63993.1,62401.7,63933.4,55745.736,3524787726.5167
2026-02-24 16:00:00,63933.4,64719.1,63664.8,64405.4,44265.128,2841551311.6126
2026-02-24 20:00:00,64405.4,64566.5,63769.2,64031.3,17332.501,1111397608.5459
2026-02-25 00:00:00,64031.4,66283.1,63876.0,65361.7,56855.085,3729069789.2097
2026-02-25 04:00:00,65361.7,65627.5,64720.4,65001.1,26612.513,1732644297.5596
2026-02-25 08:00:00,65001.2,65674.1,64929.7,65396.7,19061.581,1246105009.5541
2026-02-25 12:00:00,65396.6,67548.0,65280.1,67362.3,69345.322,4614969649.9196
2026-02-25 16:00:00,67362.4,69531.3,67354.2,69005.2,77165.838,5290484241.8588
2026-02-25 20:00:00,69005.2,69999.0,67557.0,67952.5,50198.479,3451273507.3098
2026-02-26 00:00:00,67952.5,68666.0,67690.1,68187.5,24179.246,1648773045.3366
2026-02-26 04:00:00,68187.4,68850.0,67780.0,67800.0,20005.173,1366369381.0004
2026-02-26 08:00:00,67800.0,68689.7,67750.0,68025.2,23034.015,1571699130.7488
2026-02-26 12:00:00,68025.2,68270.9,66730.7,67353.4,50416.384,3404884560.5309
2026-02-26 16:00:00,67353.3,67888.0,66462.0,67550.7,47321.725,3173856808.2197
2026-02-26 20:00:00,67550.7,67790.1,67114.0,67448.2,12880.512,868835086.5213
2026-02-27 00:00:00,67448.1,67670.0,66841.6,67557.4,22307.866,1499736387.6202
2026-02-27 04:00:00,67557.4,68188.8,67417.4,67644.1,22791.161,1543818107.7322
2026-02-27 08:00:00,67644.1,68127.8,65923.0,66094.1,50214.113,3358907827.1745
2026-02-27 12:00:00,66094.0,66320.0,65626.1,66072.6,53927.286,3558475326.6201
2026-02-27 16:00:00,66072.5,66095.2,65080.0,65365.4,37731.794,2472232092.8211
2026-02-27 20:00:00,65365.4,65921.7,64875.6,65836.0,18985.144,1243482692.0141
2026-02-28 00:00:00,65836.0,65994.7,65681.9,65763.8,10665.044,702291470.4835
2026-02-28 04:00:00,65763.8,65786.8,62979.5,63788.4,77198.277,4951577512.3136
2026-02-28 08:00:00,63787.4,64267.9,63313.9,63810.4,35913.713,2289461597.0707
2026-02-28 12:00:00,63810.4,65335.8,63782.2,64800.0,55609.039,3592783759.988
2026-02-28 16:00:00,64800.1,66642.8,64635.0,66318.1,39161.254,2570835253.6588
2026-02-28 20:00:00,66318.1,67735.0,66150.0,66937.1,39375.459,2632996762.0807
2026-03-01 00:00:00,66937.0,68189.0,65812.0,67474.7,56559.864,3806506008.3521
2026-03-01 04:00:00,67474.8,67582.2,66757.2,67113.9,24461.609,1642645027.637
2026-03-01 08:00:00,67114.0,67275.5,66160.4,66439.0,25330.042,1686538896.7231
2026-03-01 12:00:00,66439.0,67333.0,66100.0,66810.8,31465.641,2102706411.8867
2026-03-01 16:00:00,66810.8,67083.0,65681.3,65926.0,39092.282,2588253117.5593
2026-03-01 20:00:00,65925.9,66888.0,65011.0,65750.0,42201.998,2768890579.4077
2026-03-02 00:00:00,65749.9,67082.5,65726.0,66787.3,30045.733,1996157353.1848
2026-03-02 04:00:00,66787.3,66966.0,65509.0,65981.3,23909.56,1584499618.0567
2026-03-02 08:00:00,65981.2,66707.5,65612.4,66329.9,25846.474,1710098095.4902
2026-03-02 12:00:00,66329.8,69588.0,65234.4,69089.1,100518.31,6788703631.4828
2026-03-02 16:00:00,69089.1,70100.0,68519.8,68928.4,69288.61,4799111295.9594
2026-03-02 20:00:00,68928.4,69500.0,68529.5,68801.8,27769.345,1918832672.3185
2026-03-03 00:00:00,68801.8,69221.6,68142.1,68349.3,24654.008,1691967427.8426
2026-03-03 04:00:00,68349.4,68561.9,67759.6,68138.3,25184.326,1714620805.9354
2026-03-03 08:00:00,68138.2,68281.6,66270.7,67000.0,57583.252,3857651919.6747
2026-03-03 12:00:00,67000.0,68000.0,66080.0,67692.5,67933.027,4557355175.4067
2026-03-03 16:00:00,67692.5,68972.9,67440.0,68395.9,61502.223,4198444516.6319
2026-03-03 20:00:00,68395.9,68821.5,67778.4,68295.3,20613.064,1407031550.637
2026-03-04 00:00:00,68295.2,68887.9,67350.0,67700.1,33692.828,2294829318.3175
2026-03-04 04:00:00,67700.1,69676.4,67421.9,69464.5,39330.795,2691075162.5267
2026-03-04 08:00:00,69464.5,71887.9,69100.2,71082.4,94611.132,6711563500.1537
2026-03-04 12:00:00,71082.3,73436.4,70559.7,73339.7,92618.5,6660370946.6768
2026-03-04 16:00:00,73339.7,74046.5,72467.2,73580.2,67026.008,4914135962.185
2026-03-04 20:00:00,73580.3,73678.2,72273.0,72641.4,29864.233,2179535366.1362
2026-03-05 00:00:00,72641.4,73295.7,72300.0,72469.6,23591.685,1714728386.5809
2026-03-05 04:00:00,72469.5,73060.0,71740.0,72025.5,32629.087,2361725943.034
2026-03-05 08:00:00,72025.4,73539.1,71716.3,72879.9,38402.512,2793606295.0304
2026-03-05 12:00:00,72880.0,73032.0,71136.2,71611.7,62191.887,4483643292.2291
2026-03-05 16:00:00,71611.7,71620.6,70612.8,70875.5,50962.285,3619763249.1499
2026-03-05 20:00:00,70875.5,71530.4,70737.9,70854.8,18390.824,1308500717.696
2026-03-06 00:00:00,70854.8,71387.5,70339.6,71045.4,23279.92,1652070151.8108
2026-03-06 04:00:00,71045.4,71168.0,70100.0,71026.7,29611.984,2089350172.6827
2026-03-06 08:00:00,71026.7,71035.3,70164.9,70185.6,25068.966,1769123008.5886
2026-03-06 12:00:00,70185.6,70328.5,68121.6,68468.4,84732.612,5862014638.7703
2026-03-06 16:00:00,68468.3,68759.5,67712.3,68101.0,34900.467,2380981735.2096
2026-03-06 20:00:00,68100.9,68406.6,67731.0,68083.0,15788.754,1075234309.9134
2026-03-07 00:00:00,68083.0,68524.9,68018.7,68063.2,14174.659,967215038.6043
2026-03-07 04:00:00,68063.3,68130.7,67411.0,67809.4,20253.761,1373160889.6353
2026-03-07 08:00:00,67809.5,68215.6,67675.0,67975.9,13839.088,940545158.9921
2026-03-07 12:00:00,67976.0,68061.1,67568.4,67844.8,13378.413,908083741.4017
2026-03-07 16:00:00,67844.8,67913.6,66850.1,67042.6,19525.49,1316471681.5168
2026-03-07 20:00:00,67042.6,67445.9,67028.0,67232.1,13398.751,901457716.5103
2026-03-08 00:00:00,67232.1,67459.0,66720.8,66974.9,16885.389,1133181977.0354
2026-03-08 04:00:00,66974.9,67430.0,66508.0,67277.2,18554.059,1243469762.8884
2026-03-08 08:00:00,67277.1,68171.6,67121.1,67490.0,27801.877,1881648704.7406
2026-03-08 12:00:00,67490.1,67623.0,66730.0,67174.7,27339.604,1835779288.0851
2026-03-08 16:00:00,67174.6,67459.2,66707.0,67299.0,18854.836,1263531809.2686
2026-03-08 20:00:00,67299.0,67496.4,65569.2,65934.3,46312.208,3069286061.0791
2026-03-09 00:00:00,65934.3,67646.0,65770.5,67165.3,41435.983,2762029624.2307
2026-03-09 04:00:00,67165.3,68038.4,66833.9,67504.8,42658.686,2880395338.5049
2026-03-09 08:00:00,67504.9,68441.5,67301.0,67723.3,33413.817,2266314432.1228
2026-03-09 12:00:00,67723.3,69449.1,67714.2,68832.3,64501.076,4437466142.7949
2026-03-09 16:00:00,68832.4,69498.0,68200.1,68951.8,39934.468,2747129088.3167
2026-03-09 20:00:00,68951.8,69100.2,68333.0,68394.1,15267.517,1050008699.2373
2026-03-10 00:00:00,68394.0,70555.0,68345.0,69391.0,51529.442,3587590769.6736
2026-03-10 04:00:00,69391.0,70500.0,69391.0,70374.7,28318.564,1982943633.4457
2026-03-10 08:00:00,70374.7,71272.4,70332.2,70570.1,38904.133,2754503227.9802
2026-03-10 12:00:00,70570.1,71748.1,69184.8,71296.9,79824.041,5628149515.9107
2026-03-10 16:00:00,71296.9,71665.8,69688.0,70005.2,43473.679,3069359016.2755
2026-03-10 20:00:00,70005.1,70375.4,69388.0,69901.9,23624.625,1649445841.1392
2026-03-11 00:00:00,69901.8,70139.6,69455.6,69517.0,19934.411,1392013849.8782
2026-03-11 04:00:00,69517.0,70249.1,69329.7,69622.1,22428.745,1564325300.748
2026-03-11 08:00:00,69622.2,69750.0,69098.0,69144.0,19591.571,1361215607.4706
2026-03-11 12:00:00,69144.0,71060.7,68932.9,70186.9,81262.52,5698970663.3308
2026-03-11 16:00:00,70187.0,71286.0,70093.2,70600.8,37304.834,2637248170.5965
2026-03-11 20:00:00,70600.7,70931.9,70078.6,70150.0,15105.875,1064088340.2523
2026-03-12 00:00:00,70150.0,70314.1,69180.0,69402.6,24677.582,1719139096.018
2026-03-12 04:00:00,69402.6,69818.8,69150.0,69782.6,17621.83,1224306095.3411
2026-03-12 08:00:00,69782.7,70756.5,69540.9,70388.5,35040.695,2456836760.3592
2026-03-12 12:00:00,70388.6,70625.0,69303.8,70282.9,60362.28,4226846849.6738
2026-03-12 16:00:00,70282.8,70530.0,69725.0,70393.7,33038.945,2318936930.0258
2026-03-12 20:00:00,70393.7,70727.9,69974.7,70480.1,15749.261,1107922242.8026
2026-03-13 00:00:00,70480.1,71979.2,70342.7,71366.3,49074.595,3502281596.9826
2026-03-13 04:00:00,71366.3,71649.7,71150.0,71585.3,22770.578,1625896529.8995
2026-03-13 08:00:00,71585.2,72547.0,71347.1,72189.9,43793.534,3155771599.1342
2026-03-13 12:00:00,72189.8,73870.0,71700.0,71800.0,95514.604,6957074974.2726
2026-03-13 16:00:00,71800.1,72215.1,70811.0,71148.0,67789.571,4841832058.7318
2026-03-13 20:00:00,71148.1,71452.1,70510.8,70895.5,21289.239,1510651113.1816
2026-03-14 00:00:00,70895.5,71141.7,70436.2,71034.3,17911.298,1267721323.8034
2026-03-14 04:00:00,71034.3,71272.3,70256.0,70565.6,20769.739,1469361281.8813
2026-03-14 08:00:00,70565.6,70745.1,70350.0,70705.0,11804.118,832839298.8255
2026-03-14 12:00:00,70705.0,70914.6,70444.1,70554.6,12725.591,899656276.0509
2026-03-14 16:00:00,70554.7,70707.9,70455.6,70664.1,5710.845,403185541.3017
2026-03-14 20:00:00,70664.1,71221.9,70607.7,71174.4,10361.423,734676833.572
2026-03-15 00:00:00,71174.4,71599.9,70815.7,71314.8,17119.67,1219374326.4248
2026-03-15 04:00:00,71314.8,71750.0,71277.1,71420.8,16031.421,1146558258.1105
2026-03-15 08:00:00,71420.8,71897.9,71420.8,71800.0,14103.141,1011566223.0878
2026-03-15 12:00:00,71800.1,71800.1,71220.1,71444.4,19469.966,1391260096.0467
2026-03-15 16:00:00,71444.4,71971.8,71275.0,71515.2,17115.499,1224665571.4357
2026-03-15 20:00:00,71515.2,73199.9,71396.4,72778.9,42634.545,3087024897.8993
2026-03-16 00:00:00,72778.8,74307.3,72235.6,73539.5,50880.921,3730379525.7409
2026-03-16 04:00:00,73539.5,74444.0,73345.9,73427.7,55945.157,4129594598.2929
2026-03-16 08:00:00,73427.8,73856.6,72841.9,73515.3,30983.237,2272192608.3981
2026-03-16 12:00:00,73515.3,74481.5,72926.4,73240.2,65250.406,4810100871.7172
2026-03-16 16:00:00,73240.2,74399.9,73122.0,73928.8,31945.377,2359628152.6544
2026-03-16 20:00:00,73928.8,74880.0,73819.0,74846.4,34071.892,2538262089.3968
2026-03-17 00:00:00,74846.4,75998.9,74231.6,74424.9,58475.828,4395221943.1179
2026-03-17 04:00:00,74424.9,74652.2,73723.4,74212.7,34915.028,2589705814.7259
2026-03-17 08:00:00,74212.8,74418.5,73512.0,73997.1,29483.915,2179618903.9985
2026-03-17 12:00:00,73997.1,74856.2,73330.3,73878.5,51694.124,3823188884.1781
2026-03-17 16:00:00,73878.5,74763.6,73826.8,74460.8,27312.217,2031342004.8476
2026-03-17 20:00:00,74460.8,74777.0,73829.5,73872.4,16397.861,1218831021.6987
2026-03-18 00:00:00,73872.3,74633.0,73492.0,74414.6,17853.087,1322241501.8885
2026-03-18 04:00:00,74414.7,74455.7,73636.5,73840.0,16057.317,1188208818.7834
2026-03-18 08:00:00,73840.1,74246.2,72731.6,72906.4,34321.746,2520814827.6333
2026-03-18 12:00:00,72906.4,72947.4,70821.2,71436.4,94292.645,6777258176.0725
2026-03-18 16:00:00,71436.3,71980.5,70858.3,71030.3,40790.497,2911386604.2506
2026-03-18 20:00:00,71030.3,71438.1,70456.0,71202.9,23440.177,1663729209.324
2026-03-19 00:00:00,71202.9,71598.3,70858.4,71180.0,16806.3,1196539500.0984
2026-03-19 04:00:00,71180.0,71180.0,69421.1,70145.1,45952.411,3228168838.4277
2026-03-19 08:00:00,70145.0,70535.0,69860.3,69926.8,28698.426,2013318366.7391
2026-03-19 12:00:00,69926.8,70144.6,68750.0,69372.7,72865.933,5057342263.0945
2026-03-19 16:00:00,69372.8,70563.5,69065.4,70233.1,36895.021,2575467282.5625
2026-03-19 20:00:00,70233.0,70655.2,69677.1,69887.4,17428.086,1223614145.2676
2026-03-20 00:00:00,69887.4,70777.0,69801.3,70696.1,18120.173,1274961281.0461
2026-03-20 04:00:00,70696.1,70944.9,70161.0,70811.9,21998.628,1553529497.2911
2026-03-20 08:00:00,70812.0,71342.2,70175.0,70439.9,35467.865,2508183160.0461
2026-03-20 12:00:00,70440.0,70647.5,69450.0,69829.5,61685.772,4314478899.0602
2026-03-20 16:00:00,69829.5,70161.0,69350.0,70141.9,28032.496,1956268215.9031
2026-03-20 20:00:00,70141.9,70888.0,69701.3,70472.7,20936.583,1473717776.1158
2026-03-21 00:00:00,70472.6,70803.1,70403.2,70638.0,8766.87,618964370.017
2026-03-21 04:00:00,70637.9,70849.2,70582.7,70687.3,8316.4,588061352.6234
2026-03-21 08:00:00,70687.4,70721.7,70455.6,70618.3,8839.546,623949405.9094
2026-03-21 12:00:00,70618.2,71077.7,70420.0,70599.1,14845.433,1050150525.8494
2026-03-21 16:00:00,70599.1,70620.2,70163.0,70365.9,10277.605,723204523.3428
2026-03-21 20:00:00,70365.8,70482.2,68511.3,68881.5,23039.032,1601275098.1833
2026-03-22 00:00:00,68881.5,69555.8,68189.0,69307.0,35724.348,2461647605.6923
2026-03-22 04:00:00,69307.1,69493.2,68846.4,68884.5,13159.053,910066813.8944
2026-03-22 08:00:00,68884.5,68950.0,68030.0,68177.0,22401.831,1536104643.7492
2026-03-22 12:00:00,68177.0,69000.0,68153.1,68814.9,20510.702,1408108481.5435
2026-03-22 16:00:00,68814.9,68852.3,68108.0,68170.6,11335.985,776501030.4532
2026-03-22 20:00:00,68170.6,68470.6,67300.0,67830.6,31748.645,2156015013.9921
2026-03-23 00:00:00,67830.7,68555.5,67400.1,68045.1,25498.732,1733472594.4608
2026-03-23 04:00:00,68045.2,68872.4,67456.7,68306.0,38017.808,2593723036.1003
2026-03-23 08:00:00,68305.9,71468.0,67880.0,70097.3,98820.429,6929452031.4508
2026-03-23 12:00:00,70097.2,71789.8,69644.0,70112.2,82230.708,5824525622.0367
2026-03-23 16:00:00,70112.2,71232.0,70100.5,70647.1,33568.0,2372410621.014
2026-03-23 20:00:00,70647.1,70976.3,70370.0,70865.9,12964.001,916676428.6932
2026-03-24 00:00:00,70866.0,71080.0,70232.0,70512.1,16904.604,1193348099.9102
2026-03-24 04:00:00,70512.1,71377.5,70075.5,71255.2,25264.519,1784325358.9802
2026-03-24 08:00:00,71255.2,71339.8,70812.7,71116.4,20900.666,1485766890.7998
2026-03-24 12:00:00,71116.4,71144.0,69467.8,69837.7,60563.264,4248580280.2047
2026-03-24 16:00:00,69837.6,69979.0,68884.5,69342.6,40454.956,2806604101.7582
2026-03-24 20:00:00,69342.6,70800.0,69257.9,70523.9,32103.941,2254020532.1692
2026-03-25 00:00:00,70524.0,71028.0,70375.0,70689.3,20167.741,1425404472.1584
2026-03-25 04:00:00,70689.2,71319.9,70659.9,70900.0,20176.191,1433414877.4267
2026-03-25 08:00:00,70899.9,71999.9,70752.5,71650.3,31609.885,2258711402.382
2026-03-25 12:00:00,71650.3,71933.3,70531.4,70792.4,50063.907,3568829514.1064
2026-03-25 16:00:00,70792.4,71742.2,70623.4,70853.2,30523.044,2169494278.3264
2026-03-25 20:00:00,70853.3,71606.0,70603.0,71297.5,13975.081,993364299.1444
2026-03-26 00:00:00,71297.5,71408.1,70640.0,70881.9,15369.374,1091387909.6076
2026-03-26 04:00:00,70882.0,70882.0,69722.6,70053.8,28170.739,1977527085.5528
2026-03-26 08:00:00,70053.8,70131.5,69127.2,69239.3,31299.448,2178026826.4568
2026-03-26 12:00:00,69239.3,69872.2,68553.4,69054.8,49114.5,3403599140.1885
2026-03-26 16:00:00,69054.9,69138.8,68115.8,68502.7,32420.866,2224034914.9862
2026-03-26 20:00:00,68502.7,69466.6,68378.5,68788.0,30098.687,2076466628.5579
2026-03-27 00:00:00,68788.1,69142.7,68458.5,68728.8,15782.447,1085842779.4963
2026-03-27 04:00:00,68728.8,68925.0,68257.2,68501.7,22617.561,1551466403.3738
2026-03-27 08:00:00,68501.8,68619.9,66175.4,66663.2,66255.788,4456587187.2535
2026-03-27 12:00:00,66663.3,66742.2,65681.5,66092.0,59804.127,3959998211.5606
2026-03-27 16:00:00,66091.9,66267.4,65501.0,66005.4,34760.006,2289358453.8685
2026-03-27 20:00:00,66005.5,66384.0,65766.1,66364.2,13131.119,867334738.8681
2026-03-28 00:00:00,66364.1,66472.4,65888.0,66191.8,13447.828,889788223.8521
2026-03-28 04:00:00,66191.8,66533.9,66068.3,66520.8,9361.184,620914380.1059
2026-03-28 08:00:00,66520.9,66529.4,66087.3,66288.5,10694.728,709059597.2015
2026-03-28 12:00:00,66288.4,67284.0,66191.7,66982.3,31909.105,2132184154.2373
2026-03-28 16:00:00,66982.4,67065.0,66644.0,66873.0,11262.952,753215564.9537
2026-03-28 20:00:00,66873.0,66978.0,66233.6,66334.8,12697.695,845416086.4883
2026-03-29 00:00:00,66334.8,67100.0,66235.6,66875.7,15037.104,1002533658.934
2026-03-29 04:00:00,66875.7,66907.5,66521.4,66632.5,10557.62,704120002.1178
2026-03-29 08:00:00,66632.4,66986.8,66375.5,66780.8,11793.427,786060882.3102
2026-03-29 12:00:00,66780.8,66849.0,66288.1,66500.0,16588.365,1104260204.6528
2026-03-29 16:00:00,66499.9,66639.0,66111.0,66320.2,12137.954,805609358.6277
2026-03-29 20:00:00,66320.3,66767.9,64918.2,65977.9,44163.926,2909507278.3041
2026-03-30 00:00:00,65978.0,67487.7,65754.2,67139.8,43452.227,2900347438.4333
2026-03-30 04:00:00,67140.0,67777.0,67129.3,67595.9,24988.604,1685405867.5106
2026-03-30 08:00:00,67595.9,67998.0,67333.3,67651.5,25240.799,1707460862.5031
2026-03-30 12:00:00,67651.5,68148.4,67055.0,67590.2,42769.125,2892415164.9451
2026-03-30 16:00:00,67590.2,67614.9,66200.1,66516.0,34170.069,2281918809.1809
2026-03-30 20:00:00,66515.9,66973.5,66377.1,66764.4,16438.241,1096183275.6715
2026-03-31 00:00:00,66764.4,68377.0,66498.9,67670.8,38783.787,2623772941.4869
2026-03-31 04:00:00,67670.8,67865.7,67071.9,67343.8,21775.2,1468854594.3133
2026-03-31 08:00:00,67343.9,67476.9,65938.0,66652.4,45906.629,3055858889.6129
2026-03-31 12:00:00,66652.4,67765.8,66374.4,66700.0,60392.206,4048978150.4848
2026-03-31 16:00:00,66700.0,68600.0,66695.9,67803.0,60172.062,4080315714.417
2026-03-31 20:00:00,67803.0,68382.9,67794.8,68241.5,16303.201,1110461698.1286
2026-04-01 00:00:00,68241.4,68330.0,67534.9,68134.0,21051.997,1430471295.4123
2026-04-01 04:00:00,68134.0,69288.0,67965.0,68651.9,39490.528,2713139248.8994
2026-04-01 08:00:00,68651.9,68821.5,68360.0,68669.9,19706.052,1351217679.2022
2026-04-01 12:00:00,68670.0,68938.8,67883.7,68877.0,38470.852,2631787988.6963
2026-04-01 16:00:00,68876.9,69142.6,67900.4,68143.8,27241.301,1864074877.4944
2026-04-01 20:00:00,68143.7,68510.6,67927.0,68086.5,11315.49,771525752.3128
2026-04-02 00:00:00,68086.4,68639.1,66455.9,66538.4,51050.567,3440080994.3416
2026-04-02 04:00:00,66538.4,66898.5,66171.8,66887.9,25041.797,1665967454.5861
2026-04-02 08:00:00,66887.8,66887.9,66065.1,66180.6,19810.094,1315373245.3768
2026-04-02 12:00:00,66180.6,67080.0,65676.1,66810.6,54090.961,3589846538.2054
2026-04-02 16:00:00,66810.6,67400.0,66550.0,66943.2,29514.463,1976160220.6108
2026-04-02 20:00:00,66943.2,67078.9,66681.3,66868.5,8851.039,592088715.4137
2026-04-03 00:00:00,66868.6,66976.2,66240.0,66550.0,18212.835,1212476770.4355
2026-04-03 04:00:00,66550.1,67233.3,66375.1,67008.8,13472.972,899794606.8242
2026-04-03 08:00:00,67008.8,67258.0,66644.0,66983.4,12486.352,835617799.0337
2026-04-03 12:00:00,66983.5,67350.0,66478.5,66806.1,22358.522,1494116493.9526
2026-04-03 16:00:00,66806.0,67046.1,66714.1,66857.0,7921.876,529694153.8255
2026-04-03 20:00:00,66857.0,66946.3,66791.8,66930.0,4815.276,321980253.1348
2026-04-04 00:00:00,66930.0,66935.3,66773.3,66799.1,3902.732,260861512.8286
2026-04-04 04:00:00,66799.1,67023.7,66745.5,66982.0,6007.355,401951084.7778
2026-04-04 08:00:00,66982.1,67223.8,66874.5,67128.9,7992.931,535823306.8741
2026-04-04 12:00:00,67128.9,67554.5,67003.7,67357.3,16379.357,1101104537.9226
2026-04-04 16:00:00,67357.4,67523.8,67226.4,67262.7,11176.887,752959998.3198
2026-04-04 20:00:00,67262.8,67452.7,67150.6,67271.0,5311.075,357398162.3048
2026-04-05 00:00:00,67271.1,67279.2,66900.0,67113.5,6903.652,463200968.9769
2026-04-05 04:00:00,67113.4,67160.0,66575.5,66787.4,13916.33,929725513.4233
2026-04-05 08:00:00,66787.4,67132.8,66782.1,66972.7,6904.214,462254893.1976
2026-04-05 12:00:00,66972.7,67828.6,66650.0,67272.2,27564.797,1851758137.5617
2026-04-05 16:00:00,67272.2,67540.0,67132.2,67329.1,10633.01,715744058.3666
2026-04-05 20:00:00,67329.1,69108.0,67302.4,68997.9,38996.166,2660548764.9773
2026-04-06 00:00:00,68997.9,69583.0,68740.2,69092.4,31472.532,2176397515.4114
2026-04-06 04:00:00,69092.3,69338.2,68769.6,69089.7,16774.749,1158116065.544
2026-04-06 08:00:00,69089.8,70252.9,69047.7,69583.6,31538.644,2198512969.9454
2026-04-06 12:00:00,69583.5,69931.9,69088.0,69922.5,31536.197,2191329074.4617
2026-04-06 16:00:00,69922.4,70332.5,69240.0,69704.8,28697.393,2001480495.9637
2026-04-06 20:00:00,69704.8,69940.0,68227.5,68817.9,26737.721,1843467047.2343
2026-04-07 00:00:00,68817.9,69111.8,68241.9,68746.3,22331.356,1533529042.1548
2026-04-07 04:00:00,68746.4,68955.6,68400.6,68592.1,12350.999,847743003.1603
2026-04-07 08:00:00,68592.0,69219.0,68033.0,68310.8,32353.624,2219835210.1686
2026-04-07 12:00:00,68310.7,68613.8,67711.0,68138.4,38539.121,2626023868.5477
2026-04-07 16:00:00,68138.5,69068.6,68049.9,68975.9,28366.793,1944811324.941
2026-04-07 20:00:00,68975.9,72743.4,68975.9,71890.2,98886.354,7010337093.9015
2026-04-08 00:00:00,71890.2,72086.4,71186.0,71259.6,26757.697,1916324416.2995
2026-04-08 04:00:00,71259.7,71919.0,71250.0,71612.0,17009.861,1218555000.4546
2026-04-08 08:00:00,71612.1,71945.0,71367.0,71650.2,14461.09,1035944297.7696
2026-04-08 12:00:00,71650.2,72858.5,70671.6,71274.8,79220.378,5683740865.5521
2026-04-08 16:00:00,71274.9,71934.5,70980.0,71283.0,32164.665,2298130662.885
2026-04-08 20:00:00,71283.0,71726.7,70850.9,71038.1,13764.801,980788482.5683
2026-04-09 00:00:00,71038.2,71168.0,70428.0,70961.2,21193.853,1500833925.3774
2026-04-09 04:00:00,70961.2,71087.8,70666.0,70945.0,12002.442,851061353.4876
2026-04-09 08:00:00,70945.0,71533.0,70831.9,71109.9,17310.192,1233162726.4199
2026-04-09 12:00:00,71109.9,72320.0,70470.2,72108.0,49151.802,3507646334.7752
2026-04-09 16:00:00,72108.0,72517.9,71688.8,72055.9,41877.194,3019530858.0546
2026-04-09 20:00:00,72055.8,73128.0,71539.9,71750.4,34270.974,2477779936.4456
2026-04-10 00:00:00,71750.4,72350.0,71546.0,71837.3,21715.955,1562685100.8668
2026-04-10 04:00:00,71837.3,72243.6,71382.1,71461.2,16485.581,1184200148.3465
2026-04-10 08:00:00,71461.2,72229.0,71395.0,72092.7,19118.232,1373272701.8653
2026-04-10 12:00:00,72092.8,73255.7,71868.5,72421.0,57943.465,4205821495.0316
2026-04-10 16:00:00,72421.1,73223.4,72350.0,73187.3,23358.005,1702258399.7837
2026-04-10 20:00:00,73187.4,73450.0,72669.1,72917.4,17948.428,1311531008.2492
2026-04-11 00:00:00,72917.4,73066.2,72615.0,72835.1,10123.999,737733647.6388
2026-04-11 04:00:00,72835.1,72921.5,72566.4,72707.7,11906.343,865766281.5097
2026-04-11 08:00:00,72707.8,72886.0,72580.0,72868.2,8113.981,590363518.1202
2026-04-11 12:00:00,72868.2,72945.0,72451.9,72817.3,12417.345,902645326.896
2026-04-11 16:00:00,72817.3,73773.4,72775.3,73635.9,23634.789,1733603527.2582
2026-04-11 20:00:00,73635.9,73648.8,72861.2,73013.4,13973.213,1023574917.1214
2026-04-12 00:00:00,73013.4,73094.4,71259.0,71563.6,43169.182,3104285991.1293
2026-04-12 04:00:00,71563.6,71750.0,71369.7,71628.1,12023.589,860630029.3967
2026-04-12 08:00:00,71628.2,71750.0,71309.7,71435.0,8820.093,630740036.5667
2026-04-12 12:00:00,71435.0,71478.0,70566.5,70856.2,34941.462,2479343270.8214
2026-04-12 16:00:00,70856.1,71199.0,70777.0,71055.2,11517.812,817833838.4628
2026-04-12 20:00:00,71055.2,71423.9,70458.2,70711.1,24350.851,1726563886.8763
2026-04-13 00:00:00,70711.2,71245.0,70574.0,70944.8,15132.601,1074663593.2094
2026-04-13 04:00:00,70944.8,71114.9,70627.9,70780.0,11392.397,807167174.5461
2026-04-13 08:00:00,70780.1,70960.3,70517.3,70883.9,11273.638,797503887.1954
2026-04-13 12:00:00,70883.9,72431.0,70722.3,71823.6,57450.265,4112524867.5904
2026-04-13 16:00:00,71823.6,73441.7,71629.5,73272.2,56314.37,4085111991.8194
2026-04-13 20:00:00,73272.1,74870.0,72953.3,74385.0,61466.248,4552827277.3546
2026-04-14 00:00:00,74384.9,74583.1,73946.9,74408.8,19651.083,1459802466.5075
2026-04-14 04:00:00,74408.8,74900.0,74112.2,74513.4,16214.625,1207566816.128
2026-04-14 08:00:00,74513.3,74873.5,74267.2,74342.4,16225.412,1209361410.9273
2026-04-14 12:00:00,74342.4,76009.0,74234.0,75268.1,75098.043,5643860478.6531
2026-04-14 16:00:00,75268.1,75684.9,73789.7,74176.4,41947.024,3127133887.1417
2026-04-14 20:00:00,74176.5,74387.7,73766.8,74106.9,14125.303,1046649744.6764
2026-04-15 00:00:00,74106.9,74739.2,74085.0,74296.8,16203.804,1206016685.5315
2026-04-15 04:00:00,74296.8,74400.0,73449.0,73705.1,19300.982,1425655698.0387
2026-04-15 08:00:00,73705.2,74227.5,73640.1,74155.1,17459.363,1291668892.8125
2026-04-15 12:00:00,74155.0,74473.5,73540.0,73797.5,32291.529,2391114285.2451
2026-04-15 16:00:00,73797.5,75240.0,73714.9,74957.8,24574.563,1829391970.9563
2026-04-15 20:00:00,74957.7,75425.6,74466.5,74776.2,21199.53,1586508278.7511
2026-04-16 00:00:00,74776.3,75232.7,74400.0,74851.9,15651.25,1170702922.9117
2026-04-16 04:00:00,74851.9,75130.0,74590.3,74667.7,17045.274,1276672185.1453
2026-04-16 08:00:00,74667.7,74866.9,74226.2,74528.4,20577.67,1532755790.1043
2026-04-16 12:00:00,74528.4,74981.1,73256.8,74659.5,56715.81,4202334342.0376
2026-04-16 16:00:00,74659.5,75378.1,73873.5,75309.4,32912.364,2455664240.5836
2026-04-16 20:00:00,75309.5,75500.0,74736.5,75106.8,15495.357,1163264532.1826
2026-04-17 00:00:00,75106.8,75118.4,74480.0,74582.8,13107.45,979645023.9167
2026-04-17 04:00:00,74582.8,75060.4,74508.2,75047.4,11691.865,874593993.7406
2026-04-17 08:00:00,75047.4,76350.0,74951.6,75542.2,53474.253,4040841944.7918
2026-04-17 12:00:00,75542.1,77999.9,75481.8,77736.2,107834.631,8300378690.0141
2026-04-17 16:00:00,77736.2,78300.0,76921.9,77348.8,40552.358,3145512451.8788
2026-04-17 20:00:00,77349.2,77566.0,76854.2,77030.6,12735.358,983653046.0337
2026-04-18 00:00:00,77030.6,77380.0,76903.2,76964.3,9887.034,762764405.9361
2026-04-18 04:00:00,76964.4,77233.6,76824.1,76951.0,10695.009,823689574.372
2026-04-18 08:00:00,76951.0,77004.2,75710.6,76002.0,37691.022,2877214216.9021
2026-04-18 12:00:00,76002.0,76342.7,75738.0,76124.8,17432.324,1326658262.8738
2026-04-18 16:00:00,76124.8,76176.6,75395.9,75604.2,23009.346,1742681860.9095
2026-04-18 20:00:00,75604.2,75843.3,75551.0,75653.8,7179.656,543561027.83
2026-04-19 00:00:00,75653.8,75804.0,75314.0,75473.0,10862.513,820390800.5713
2026-04-19 04:00:00,75472.9,75747.3,74824.3,75205.6,18131.041,1365093449.6768
2026-04-19 08:00:00,75205.7,75589.2,74863.6,75557.4,14364.469,1080330151.0882
2026-04-19 12:00:00,75557.5,76200.0,75342.3,75807.6,28969.611,2195523013.0157
2026-04-19 16:00:00,75807.7,75817.7,74550.0,74917.9,25232.576,1893152579.6724
2026-04-19 20:00:00,74918.0,74920.2,73700.2,73758.4,31418.001,2329346068.9355
2026-04-20 00:00:00,73758.4,74697.6,73669.0,74593.9,21233.994,1577339665.2316
2026-04-20 04:00:00,74593.9,75539.3,74061.2,74795.5,25444.888,1902753962.1864
2026-04-20 08:00:00,74795.5,75375.1,74563.2,75148.7,18020.188,1351305732.6555
2026-04-20 12:00:00,75148.8,75750.0,74639.5,75668.1,42510.02,3198814095.6451
2026-04-20 16:00:00,75668.1,76449.8,75242.5,76252.5,38692.836,2940042195.5474
2026-04-20 20:00:00,76252.5,76531.0,75556.2,75790.1,20247.741,1539807096.1052
2026-04-21 00:00:00,75790.1,76232.3,75433.1,75669.1,13838.396,1048685903.9607
2026-04-21 04:00:00,75669.1,76276.6,75558.8,76050.0,14272.52,1083421661.8206
2026-04-21 08:00:00,76050.0,76999.0,76025.0,76408.3,27821.111,2127850999.3638
2026-04-21 12:00:00,76408.3,76574.3,75355.2,75799.9,48277.16,3667435786.4496
2026-04-21 16:00:00,75800.0,76155.0,74777.9,74988.6,38568.672,2909957179.9403
2026-04-21 20:00:00,74988.7,76396.2,74942.2,76288.2,21983.128,1663065282.1688
2026-04-22 00:00:00,76288.3,77699.0,76078.6,77488.3,39061.724,3007502350.6571
2026-04-22 04:00:00,77488.4,78447.5,77321.7,77979.8,41227.885,3215043575.623
2026-04-22 08:00:00,77979.7,78365.8,77895.3,78263.2,15681.688,1224501878.3432
2026-04-22 12:00:00,78263.2,79370.0,78060.0,79234.3,53011.501,4175229579.4487
2026-04-22 16:00:00,79234.3,79444.0,78586.7,78791.3,27094.127,2137975258.5691
2026-04-22 20:00:00,78791.3,78868.9,78111.6,78139.8,15010.171,1178120496.705
2026-04-23 00:00:00,78139.7,78534.9,77410.7,77704.3,29046.607,2264735923.9224
2026-04-23 04:00:00,77704.3,78310.1,77627.4,78009.1,17571.723,1370678924.053
2026-04-23 08:00:00,78009.1,78142.2,76504.6,77649.9,35463.4,2746502287.1729
2026-04-23 12:00:00,77650.0,78648.0,77322.8,78329.2,35494.645,2765798979.6853
2026-04-23 16:00:00,78329.3,78466.8,76900.1,77670.5,43195.351,3356162497.8724
2026-04-23 20:00:00,77670.4,78299.0,77598.4,78216.8,11713.286,913517297.051
2026-04-24 00:00:00,78217.4,78546.0,77500.0,77690.1,23409.633,1827068927.6365
2026-04-24 04:00:00,77690.1,78019.2,77401.5,77620.5,17255.414,1340960004.2789
2026-04-24 08:00:00,77620.5,78346.1,77355.8,78194.8,25294.889,1969294999.7564
2026-04-24 12:00:00,78194.9,78432.9,77521.0,78007.3,31389.885,2447657696.8517
2026-04-24 16:00:00,78007.3,78031.9,77308.0,77596.1,20079.534,1558515275.9754
2026-04-24 20:00:00,77596.0,77727.0,77206.8,77395.4,10353.65,802032796.3224
2026-04-25 00:00:00,77395.3,77678.0,77254.7,77629.0,6659.441,516001622.9451
2026-04-25 04:00:00,77629.0,77653.2,77400.0,77449.9,5246.887,406633903.556
2026-04-25 08:00:00,77449.9,77847.0,77444.0,77638.7,8566.49,665378692.2674
2026-04-25 12:00:00,77638.7,77719.1,77263.0,77289.3,9750.494,755947243.2985
2026-04-25 16:00:00,77289.3,77411.8,77100.0,77285.6,10601.66,819328201.8948
2026-04-25 20:00:00,77285.7,77615.7,77267.3,77585.0,5767.514,446807471.5239
2026-04-26 00:00:00,77585.0,77607.7,77280.0,77349.3,6370.913,493518321.9487
2026-04-26 04:00:00,77349.3,78164.7,77338.4,78061.5,15176.812,1182166160.9752
2026-04-26 08:00:00,78061.5,78182.8,77880.0,78050.0,6338.101,494427641.6253
2026-04-26 12:00:00,78050.0,78136.5,77715.0,78007.9,11383.992,887322860.4753
2026-04-26 16:00:00,78007.9,78477.9,77815.0,78183.1,15250.276,1191857083.4531
2026-04-26 20:00:00,78183.2,78994.8,77777.0,78613.5,25423.211,1993281861.0336
2026-04-27 00:00:00,78614.4,79455.0,78319.1,79065.1,28332.003,2239160433.6414
2026-04-27 04:00:00,79065.1,79128.1,77408.6,77556.7,46056.494,3591030115.6018
2026-04-27 08:00:00,77556.7,77949.9,77500.0,77804.3,15085.328,1173033609.4465
2026-04-27 12:00:00,77804.3,78232.0,76524.0,76760.0,45532.905,3523336914.3171
2026-04-27 16:00:00,76760.0,76902.7,76400.0,76844.4,20255.064,1553256337.0945
2026-04-27 20:00:00,76844.3,77419.7,76714.8,77331.2,13839.089,1066170951.6193
2026-04-28 00:00:00,77331.2,77450.0,76632.4,76770.6,16306.693,1256061461.9268
2026-04-28 04:00:00,76770.6,77132.4,76324.1,76828.4,17501.573,1343343377.1167
2026-04-28 08:00:00,76828.3,76956.0,76088.0,76198.8,16237.845,1241909203.4146
2026-04-28 12:00:00,76198.9,76403.7,75635.6,76027.8,32920.405,2502611867.358
2026-04-28 16:00:00,76027.7,76352.0,75840.3,76293.6,12516.735,952684067.1423
2026-04-28 20:00:00,76293.5,76448.0,76150.0,76298.1,8435.626,643785457.476
2026-04-29 00:00:00,76298.2,77098.8,76138.7,76955.7,17757.966,1360786325.7443
2026-04-29 04:00:00,76955.7,77432.1,76839.8,77003.8,24024.0,1853084950.5542
2026-04-29 08:00:00,77003.8,77873.2,76918.5,77552.5,25723.964,1994442763.0707
2026-04-29 12:00:00,77552.5,77563.6,75675.2,75889.1,47484.616,3637026067.9734
2026-04-29 16:00:00,75889.1,76220.0,74868.0,75518.5,54386.306,4104670415.6849
2026-04-29 20:00:00,75518.4,76061.2,75448.0,75749.9,17156.651,1299549480.8005
2026-04-30 00:00:00,75749.9,76445.0,75448.9,75882.1,22074.553,1677015699.6537
2026-04-30 04:00:00,75881.6,76148.0,75273.5,76129.9,15761.964,1193258384.826
2026-04-30 08:00:00,76129.9,76332.6,75836.0,76032.9,15331.776,1166079060.2687
2026-04-30 12:00:00,76032.9,76630.3,76009.8,76423.0,26961.697,2058144355.4528
2026-04-30 16:00:00,76423.0,76470.5,76060.4,76366.7,11760.837,897402339.0871
2026-04-30 20:00:00,76366.7,76536.2,76155.1,76305.4,7863.633,600388790.9735
2026-05-01 00:00:00,76305.4,77421.2,76265.4,77082.6,21673.031,1666754725.918
2026-05-01 04:00:00,77082.6,77177.1,76833.7,77100.0,12318.418,948908384.9921
2026-05-01 08:00:00,77099.9,77588.4,77010.5,77429.5,17873.319,1382063360.3856
2026-05-01 12:00:00,77429.6,78879.9,77368.2,78395.4,66947.87,5238692081.2494
2026-05-01 16:00:00,78395.4,78642.0,78081.5,78316.9,19035.818,1491806779.6132
2026-05-01 20:00:00,78317.0,78402.9,77717.7,78192.0,15149.85,1182701661.0343
2026-05-02 00:00:00,78191.9,78503.9,78123.0,78377.7,8115.878,635560406.5831
2026-05-02 04:00:00,78377.7,78416.8,77979.3,78181.6,10254.585,801624353.2839
2026-05-02 08:00:00,78181.6,78359.2,78055.7,78105.7,5555.41,434413977.156
2026-05-02 12:00:00,78105.7,78458.2,78056.0,78449.8,8234.343,644803481.12
2026-05-02 16:00:00,78449.8,78565.9,78277.0,78443.8,5602.226,439392089.3642
2026-05-02 20:00:00,78444.1,79145.0,78376.0,78652.9,13678.666,1077726324.2469
2026-05-03 00:00:00,78652.8,78740.5,78069.0,78162.4,13209.701,1034068829.3271
2026-05-03 04:00:00,78162.3,78415.4,78027.0,78316.6,7080.944,553893857.3596
2026-05-03 08:00:00,78316.6,78814.7,78295.1,78620.5,9195.937,722099734.6981
2026-05-03 12:00:00,78620.6,78850.0,78522.9,78625.2,9849.891,775097145.1073
2026-05-03 16:00:00,78625.2,78832.2,78514.2,78729.1,5743.945,451928742.671
2026-05-03 20:00:00,78729.1,79428.9,78440.0,78529.0,26953.203,2128607738.7633
2026-05-04 00:00:00,78529.0,80426.0,78235.4,80278.7,59484.212,4736865706.2803
2026-05-04 04:00:00,80278.7,80590.2,79440.0,79663.5,30796.491,2464659522.5667
2026-05-04 08:00:00,79663.4,79900.0,78128.3,78753.5,64999.688,5123700571.8599
2026-05-04 12:00:00,78753.5,80528.9,78450.0,79976.7,75904.797,6040795512.6517
2026-05-04 16:00:00,79976.6,80771.7,79562.0,80018.4,38924.278,3121675237.9098
2026-05-04 20:00:00,80018.3,80363.2,79715.9,79826.1,10807.116,864774485.3455
2026-05-05 00:00:00,79826.1,81050.0,79761.2,80836.9,24027.045,1935008232.0472
2026-05-05 04:00:00,80836.8,81278.2,80671.4,80815.8,26966.917,2183179166.8982
2026-05-05 08:00:00,80815.8,81071.0,80480.6,80973.0,21914.277,1769707057.9764
2026-05-05 12:00:00,80973.1,81656.6,80879.5,81488.7,49091.49,3994034808.0973
2026-05-05 16:00:00,81488.7,81636.4,81000.0,81554.4,20374.894,1657107981.3417
2026-05-05 20:00:00,81554.3,81745.4,80716.8,80861.9,28546.905,2320460096.9514
2026-05-06 00:00:00,80861.9,81716.3,80651.2,81535.9,19335.861,1570458139.473
2026-05-06 04:00:00,81535.9,81599.0,81005.6,81333.3,13068.658,1062947492.7773
2026-05-06 08:00:00,81333.4,82828.7,81280.0,82485.4,52877.103,4341663169.4927
2026-05-06 12:00:00,82485.3,82508.7,81073.1,81656.4,47013.667,3844219712.2918
2026-05-06 16:00:00,81656.4,81855.0,81137.8,81416.5,14700.188,1197583221.4977
2026-05-06 20:00:00,81416.5,81655.0,80929.8,81390.1,11205.031,911022725.3946
2026-05-07 00:00:00,81390.0,81450.5,80767.1,80797.3,18369.798,1488327880.2899
2026-05-07 04:00:00,80797.4,81680.6,80675.8,81480.1,19556.646,1587947801.419
2026-05-07 08:00:00,81480.0,81564.6,80521.8,80827.9,20018.567,1621031917.5256
2026-05-07 12:00:00,80827.9,81158.7,79605.0,79861.6,40977.456,3290521533.5932
2026-05-07 16:00:00,79861.5,80235.0,79461.5,80103.1,22970.036,1834941988.0122
2026-05-07 20:00:00,80103.1,80331.6,79531.1,79969.4,12835.149,1024903881.4662
2026-05-08 00:00:00,79969.5,80106.3,79137.4,79540.0,17479.539,1390801468.3536
2026-05-08 04:00:00,79539.9,79743.8,79208.0,79635.0,12514.453,995022202.174
2026-05-08 08:00:00,79635.0,80287.0,79626.0,80181.9,19245.773,1539216614.3801
2026-05-08 12:00:00,80181.8,80478.0,79507.6,80119.1,35525.912,2840006276.2815
2026-05-08 16:00:00,80119.1,80266.6,79692.4,80147.7,15204.84,1216731338.563
2026-05-08 20:00:00,80147.9,80376.0,80044.7,80155.2,6792.396,544795457.3673
2026-05-09 00:00:00,80155.2,80542.0,80080.0,80340.6,7422.748,596198662.6739
2026-05-09 04:00:00,80340.7,80641.8,80084.3,80181.7,10981.652,882117834.1286
2026-05-09 08:00:00,80181.6,80422.3,80124.8,80310.4,7358.212,590763030.3043
2026-05-09 12:00:00,80310.4,80566.0,80190.0,80488.3,9589.206,770510802.3014
2026-05-09 16:00:00,80488.3,81043.2,80440.0,80896.9,15965.786,1289488251.4041
2026-05-09 20:00:00,80897.1,80900.0,80569.0,80634.0,4639.73,374538994.2823
2026-05-10 00:00:00,80634.0,80859.9,80533.7,80735.1,6239.685,503300909.9291
2026-05-10 04:00:00,80735.2,80809.4,80619.6,80695.9,3918.369,316245259.7482
2026-05-10 08:00:00,80695.9,80939.5,80641.5,80782.1,7173.695,579491539.5149
2026-05-10 12:00:00,80782.1,81423.2,80743.2,81381.4,15739.641,1276106197.2907
2026-05-10 16:00:00,81381.5,81587.9,81105.6,81398.0,15380.911,1251196581.0423
2026-05-10 20:00:00,81398.0,82460.5,80225.1,82177.7,46498.502,3784527414.74
2026-05-11 00:00:00,82177.7,82350.0,80470.1,80693.4,34137.133,2773365307.471
2026-05-11 04:00:00,80693.4,81033.3,80597.8,80708.9,11262.175,909809775.4917
2026-05-11 08:00:00,80708.8,81172.6,80580.0,81167.1,10673.423,863823362.6186
2026-05-11 12:00:00,81167.1,81434.8,80394.0,81403.4,29458.505,2386002925.9866
2026-05-11 16:00:00,81403.4,82098.9,81297.5,81917.1,27429.743,2243104830.1944
2026-05-11 20:00:00,81917.8,82051.1,81521.5,81699.1,9029.442,738364798.7533
2026-05-12 00:00:00,81699.1,81757.3,80661.2,81028.3,20957.01,1700768459.3035
2026-05-12 04:00:00,81028.3,81270.2,80756.0,80809.2,14722.452,1193197534.3011
2026-05-12 08:00:00,80809.2,80930.7,80444.0,80742.7,16396.375,1323486531.5609
2026-05-12 12:00:00,80742.7,80968.6,80143.0,80301.6,36183.842,2915363923.4713
2026-05-12 16:00:00,80301.6,80836.5,79801.0,80799.5,25607.157,2056045534.6048
2026-05-12 20:00:00,80799.6,80848.6,80393.9,80461.0,7447.12,600277756.8529
2026-05-13 00:00:00,80461.0,81268.0,80364.5,81217.1,14181.69,1148035316.2736
2026-05-13 04:00:00,81217.0,81253.5,80847.0,80981.9,9637.715,781080954.2465
2026-05-13 08:00:00,80981.9,81270.2,80444.0,80460.1,17712.804,1432888920.5228
2026-05-13 12:00:00,80460.0,80558.0,78753.1,78794.7,57778.155,4603721644.6326
2026-05-13 16:00:00,78794.7,79776.2,78713.8,79604.8,29131.57,2307963777.6352
2026-05-13 20:00:00,79604.8,79729.1,79188.0,79288.3,11258.711,894099401.2029
2026-05-14 00:00:00,79288.2,79659.9,78869.4,79005.3,18671.685,1481560616.236
2026-05-14 04:00:00,79005.4,79962.5,78934.8,79699.9,18751.597,1493324331.0719
2026-05-14 08:00:00,79700.0,79900.0,79188.0,79216.6,13577.35,1080265977.7287
2026-05-14 12:00:00,79216.7,81270.2,79196.4,81245.5,60173.208,4837407200.0267
2026-05-14 16:00:00,81245.6,81999.0,81020.5,81373.7,54556.282,4448243954.0714
2026-05-14 20:00:00,81373.8,81540.0,81007.9,81048.9,10153.503,825400738.9415
2026-05-15 00:00:00,81048.8,81623.8,80706.9,81022.7,21653.619,1756886040.0502
2026-05-15 04:00:00,81022.7,81073.2,80266.8,80782.8,26883.433,2166550743.3788
2026-05-15 08:00:00,80782.9,80793.0,80323.0,80582.1,13997.963,1127454909.2338
2026-05-15 12:00:00,80582.0,80596.7,78610.0,79118.0,69441.517,5511324307.2548
2026-05-15 16:00:00,79118.1,79532.1,79012.5,79104.2,14707.787,1165572719.2652
2026-05-15 20:00:00,79104.3,79185.0,78861.6,79074.0,7139.186,564383953.0795
2026-05-16 00:00:00,79074.0,79199.7,78970.4,79041.7,6619.717,523571723.0726
2026-05-16 04:00:00,79041.7,79096.8,78000.4,78334.3,27621.111,2169356535.521
2026-05-16 08:00:00,78334.3,78527.8,77601.8,78042.5,28313.225,2208944923.195
2026-05-16 12:00:00,78042.5,78327.0,77800.0,78194.1,12794.404,998536562.652
2026-05-16 16:00:00,78194.0,78337.4,78069.1,78223.8,6585.171,515024168.2298
2026-05-16 20:00:00,78223.8,78287.8,78085.2,78104.2,4216.823,329770088.6863
2026-05-17 00:00:00,78104.3,78213.9,77675.4,77990.2,13609.963,1060438503.158
2026-05-17 04:00:00,77990.2,78300.0,77957.2,78137.2,7162.403,559478275.2978
2026-05-17 08:00:00,78137.3,78564.3,77992.1,78371.5,10980.395,859916916.3874
2026-05-17 12:00:00,78371.4,78515.7,77800.0,78006.9,11904.251,929848675.6102
2026-05-17 16:00:00,78006.9,78432.0,77811.5,78369.0,8566.532,668965319.5238
2026-05-17 20:00:00,78368.9,78453.0,76666.0,77430.4,33994.125,2634300479.9926
2026-05-18 00:00:00,77430.4,77452.7,76668.8,76900.0,30154.057,2321823034.8792
2026-05-18 04:00:00,76900.1,77059.6,76534.5,77039.4,18240.676,1401918891.1204
2026-05-18 08:00:00,77039.5,77375.0,76627.0,77255.0,17609.267,1355655206.339
2026-05-18 12:00:00,77255.1,77757.5,76014.2,76393.5,61736.012,4738758701.9804
2026-05-18 16:00:00,76393.6,76963.7,76107.7,76898.5,33886.684,2592785759.8251
2026-05-18 20:00:00,76898.5,77187.3,76753.6,76963.2,16736.803,1288722529.271
2026-05-19 00:00:00,76963.2,77384.6,76451.3,76749.9,17833.975,1370790456.0826
2026-05-19 04:00:00,76750.0,77247.7,76595.7,77200.4,12417.774,955579277.6462
2026-05-19 08:00:00,77200.4,77291.3,76576.8,76677.1,15551.171,1195606157.0205
2026-05-19 12:00:00,76677.0,77033.9,76107.1,76487.9,31454.773,2408465623.8236
2026-05-19 16:00:00,76488.0,77042.3,76377.0,76780.0,15271.39,1172251166.8963
2026-05-19 20:00:00,76780.0,77003.1,76610.4,76799.9,6517.556,500685236.3172
2026-05-20 00:00:00,76800.0,76900.0,76485.0,76689.6,14717.509,1128488669.718
2026-05-20 04:00:00,76689.6,77444.0,76650.0,77249.9,18552.191,1431542288.7773
2026-05-20 08:00:00,77250.0,77639.3,77170.3,77351.2,16338.696,1265302393.9291
2026-05-20 12:00:00,77351.2,77825.8,76855.0,77423.0,33242.241,2571666480.2726
2026-05-20 16:00:00,77423.0,77685.4,76975.0,77630.6,15341.814,1187396128.8425
2026-05-20 20:00:00,77630.5,77735.6,77183.7,77510.3,9414.955,729627162.2641
2026-05-21 00:00:00,77510.3,78150.0,77472.5,78039.1,17039.221,1327208891.9045
2026-05-21 04:00:00,78039.2,78143.2,77485.1,77846.2,13018.714,1012504924.1253
2026-05-21 08:00:00,77846.1,78180.0,77111.0,77157.4,23155.618,1795414035.1622
2026-05-21 12:00:00,77157.3,77379.1,76696.7,77224.3,25558.755,1969131329.4957
2026-05-21 16:00:00,77224.3,78063.8,76970.0,77657.1,32159.154,2496207106.8011
2026-05-21 20:00:00,77657.1,77777.2,77490.8,77586.2,6163.699,478660280.4123
2026-05-22 00:00:00,77586.3,77775.9,77288.0,77740.0,7709.423,597876368.7924
2026-05-22 04:00:00,77739.9,77862.7,77237.1,77366.9,12647.782,980057995.3751
2026-05-22 08:00:00,77366.8,77505.7,77138.3,77394.8,8553.583,661080961.4883
2026-05-22 12:00:00,77394.8,77548.5,76528.0,76756.5,33117.496,2548274980.5783
2026-05-22 16:00:00,76756.5,77070.1,75620.0,75827.1,36277.266,2766772732.7485
2026-05-22 20:00:00,75827.1,76054.1,75322.0,75513.1,17900.663,1355865912.2039
2026-05-23 00:00:00,75513.1,75633.7,75184.9,75599.1,15436.518,1164318396.8718
2026-05-23 04:00:00,75599.0,75620.0,74203.6,74573.1,31515.125,2359989281.8812
2026-05-23 08:00:00,74573.2,74839.1,74307.0,74763.3,20421.659,1523916754.3313
2026-05-23 12:00:00,74763.3,75670.8,74620.9,75486.9,29233.849,2199168555.2616
2026-05-23 16:00:00,75487.0,76000.2,75333.3,75949.5,15418.261,1166892170.4117
2026-05-23 20:00:00,75949.5,77427.0,75913.9,76715.2,41802.341,3205560978.1803
2026-05-24 00:00:00,76715.3,76983.1,76596.9,76702.8,10877.601,835392553.4886
2026-05-24 04:00:00,76702.8,77040.0,76611.0,76771.3,9167.64,704016357.1324
2026-05-24 08:00:00,76771.4,77600.0,76691.4,77289.5,17222.638,1328601459.8777
2026-05-24 12:00:00,77289.5,77294.4,76159.7,76343.7,24088.222,1845747905.1843
2026-05-24 16:00:00,76343.8,76777.0,76343.7,76738.5,9107.609,697741207.743
2026-05-24 20:00:00,76738.5,77193.4,76056.0,77030.3,20670.567,1583684957.6246
2026-05-25 00:00:00,77030.3,77450.6,76871.4,76989.0,14649.301,1130007698.3529
2026-05-25 04:00:00,76989.0,77677.6,76950.0,77377.0,14584.247,1127868018.0489
2026-05-25 08:00:00,77376.9,77699.0,77241.7,77318.2,13640.885,1056841083.9678
2026-05-25 12:00:00,77318.2,77887.9,77244.8,77587.2,15234.635,1181053435.0781
2026-05-25 16:00:00,77587.2,77784.9,77313.0,77403.3,9008.916,698738701.8153
2026-05-25 20:00:00,77403.4,77472.0,77011.3,77281.5,9590.424,740809121.1986
2026-05-26 00:00:00,77281.5,77319.6,76434.0,76629.0,18506.397,1420277458.7508
2026-05-26 04:00:00,76629.0,77045.9,76556.9,76685.1,12547.087,963092481.3242
2026-05-26 08:00:00,76685.0,77600.0,76543.8,77153.9,20838.26,1607446034.7122
2026-05-26 12:00:00,77153.8,78077.1,76234.7,76478.2,66727.635,5141206387.0584
2026-05-26 16:00:00,76478.2,76678.7,75711.0,76028.3,35332.115,2689693662.3561
2026-05-26 20:00:00,76028.4,76157.8,75641.2,75905.5,10968.588,832340266.084
2026-05-27 00:00:00,75905.6,76083.9,75555.1,75635.6,12261.144,929872722.4389
2026-05-27 04:00:00,75635.6,75940.0,75277.8,75935.0,18142.226,1371472423.8637
2026-05-27 08:00:00,75935.0,76038.0,75666.0,75737.9,12192.202,925087708.2781
2026-05-27 12:00:00,75737.9,76155.5,74735.7,75300.0,51264.201,3856472355.4495
2026-05-27 16:00:00,75300.0,75382.6,74632.0,75039.9,22646.635,1698207764.1488
2026-05-27 20:00:00,75039.8,75391.0,74210.0,74418.1,28209.053,2103668956.3654
2026-05-28 00:00:00,74418.0,74565.3,73036.0,73224.5,43587.778,3215181739.5587
2026-05-28 04:00:00,73224.4,73485.0,72667.9,73467.0,34578.879,2525874398.9256
2026-05-28 08:00:00,73467.0,73592.1,73167.4,73479.1,13907.056,1020675016.8689
2026-05-28 12:00:00,73479.0,73557.3,72556.0,72899.1,51087.566,3730751998.5219
2026-05-28 16:00:00,72899.0,73723.0,72704.0,73393.5,22552.945,1655000257.4156
2026-05-28 20:00:00,73393.4,73932.2,73212.3,73591.4,13731.453,1010830298.8647
2026-05-29 00:00:00,73591.4,73844.0,73158.8,73269.2,11820.268,868975183.6148
2026-05-29 04:00:00,73269.1,73908.6,73171.8,73488.0,15653.651,1151125702.5377
2026-05-29 08:00:00,73488.1,73866.8,73305.1,73447.6,11771.654,867119066.9272
2026-05-29 12:00:00,73447.5,74177.0,72436.0,73775.4,59474.916,4359807910.3012
2026-05-29 16:00:00,73775.4,74293.1,73057.8,73489.0,36329.068,2680754498.2335
2026-05-29 20:00:00,73489.0,73829.2,73279.3,73428.2,11107.625,816456901.7279
2026-05-30 00:00:00,73428.2,73757.9,73367.3,73492.4,7948.491,584831084.3739
2026-05-30 04:00:00,73492.4,73685.0,73130.1,73513.9,12144.772,891781693.3774
2026-05-30 08:00:00,73514.0,73648.0,73470.5,73567.9,4484.973,329909217.9085
2026-05-30 12:00:00,73568.0,74078.6,73556.4,73888.0,13500.653,997104994.9587
2026-05-30 16:00:00,73888.0,74108.8,73772.5,73980.1,8324.565,615596769.7809
2026-05-30 20:00:00,73980.0,74028.3,73750.0,73856.8,6140.232,453674842.1586
2026-05-31 00:00:00,73856.9,74250.0,73821.4,74107.6,10535.051,780156316.9226
2026-05-31 04:00:00,74107.5,74194.6,73793.2,73833.3,6718.924,497228296.4728
2026-05-31 08:00:00,73833.2,73998.9,73701.0,73913.6,6299.825,465303357.1624
2026-05-31 12:00:00,73913.6,73997.8,73388.0,73613.5,14325.411,1055074049.0677
2026-05-31 16:00:00,73613.4,73704.0,73340.7,73521.9,7969.289,585934068.6705
2026-05-31 20:00:00,73521.9,74179.9,73470.8,73653.2,12392.959,914462122.6883
2026-06-01 00:00:00,73653.2,74070.5,73171.0,73731.3,18398.144,1355403079.8111
2026-06-01 04:00:00,73731.4,73815.9,72668.0,72776.1,22007.162,1610002118.5154
2026-06-01 08:00:00,72776.1,73084.0,72188.0,72452.8,27389.75,1990613907.6258
2026-06-01 12:00:00,72452.7,72583.7,71035.3,71099.4,86549.322,6209048914.1592
2026-06-01 16:00:00,71099.5,71788.5,70650.9,71571.0,38288.275,2729370981.3477
2026-06-01 20:00:00,71571.0,71670.0,70806.0,71391.5,20838.475,1484433726.9133
2026-06-02 00:00:00,71391.5,71397.0,70038.0,70920.7,34734.101,2456369891.0549
2026-06-02 04:00:00,70920.8,71022.7,69666.8,70079.4,38610.039,2712857957.0052
2026-06-02 08:00:00,70079.5,70146.2,69277.8,69430.2,31530.799,2194122591.7039
2026-06-02 12:00:00,69430.2,69514.6,67035.5,67274.0,107503.754,7331548815.9611
2026-06-02 16:00:00,67274.0,68121.9,66388.0,67286.7,70497.295,4746640134.4986
2026-06-02 20:00:00,67286.7,67899.9,66150.7,66730.0,63826.164,4270965779.1041
2026-06-03 00:00:00,66730.1,67195.7,65359.1,65818.4,59070.502,3921781971.4228
2026-06-03 04:00:00,65818.3,67493.8,65791.4,67186.7,54095.531,3619709211.5414
2026-06-03 08:00:00,67186.7,67448.0,66620.0,67040.1,36554.161,2450477523.8405
2026-06-03 12:00:00,67040.1,67220.2,66036.2,66046.5,45358.494,3023807939.7188
2026-06-03 16:00:00,66046.6,66359.4,65199.0,65428.6,52731.38,3469710464.0741
2026-06-03 20:00:00,65428.5,65829.4,64050.8,64117.7,63091.47,4100294287.4497
2026-06-04 00:00:00,64117.7,64495.9,61344.8,64336.2,138498.717,8739852727.3274
2026-06-04 04:00:00,64336.2,64739.8,63450.0,63561.7,48763.085,3123075291.4694
2026-06-04 08:00:00,63561.8,63875.9,62150.8,62520.7,83019.001,5211583063.075
2026-06-04 12:00:00,62520.7,64463.7,62344.1,63864.8,82851.335,5276615426.3912
2026-06-04 16:00:00,63864.8,64150.8,62910.0,63600.3,47629.314,3029259731.2847
2026-06-04 20:00:00,63600.2,63897.0,63040.0,63853.4,30413.159,1930264164.1913
2026-06-05 00:00:00,63853.4,63955.0,62300.0,62699.7,39487.449,2487135432.9828
2026-06-05 04:00:00,62700.0,63674.9,61067.6,63075.6,95582.01,5955419164.6938
2026-06-05 08:00:00,63075.5,63231.8,61928.3,61929.5,37751.827,2363325408.8847
2026-06-05 12:00:00,61929.6,62437.5,60005.8,60400.8,115682.492,7060715959.4385
2026-06-05 16:00:00,60400.8,61550.0,59080.0,60267.7,127122.155,7663202911.1809
2026-06-05 20:00:00,60267.4,61985.1,59903.8,61022.0,62535.952,3831579932.7437
2026-06-06 00:00:00,61022.0,61500.0,60490.0,60662.6,23442.856,1430268014.1206
2026-06-06 04:00:00,60662.6,61250.0,59451.3,60975.2,61769.424,3734826681.8194
2026-06-06 08:00:00,60975.2,61475.0,60146.0,60773.5,34049.199,2070379319.4306
2026-06-06 12:00:00,60773.5,61173.5,60353.4,60754.1,26083.469,1586013299.5221
2026-06-06 16:00:00,60754.2,60949.9,60363.0,60563.9,15773.432,956216288.4482
2026-06-06 20:00:00,60563.9,60969.2,60390.0,60849.7,13642.463,827770487.1741
2026-06-07 00:00:00,60849.7,61763.9,60708.0,61671.1,26805.32,1644178716.6514
2026-06-07 04:00:00,61671.1,62380.0,61447.2,62366.0,33448.333,2072566204.8945
2026-06-07 08:00:00,62366.0,62942.4,62217.4,62598.8,34727.841,2172108635.9414
2026-06-07 12:00:00,62598.8,62617.7,61509.1,62071.6,44650.304,2764411303.5568
2026-06-07 16:00:00,62071.7,62327.0,61150.2,61303.8,26818.748,1656006080.2368
2026-06-07 20:00:00,61303.7,64250.0,61189.7,63298.5,51028.487,3208442581.0639
2026-06-08 00:00:00,63299.0,63849.5,62676.8,63101.6,30516.736,1929083222.3413
2026-06-08 04:00:00,63101.6,63320.9,62377.0,63259.9,24789.068,1557969368.4175
2026-06-08 08:00:00,63259.9,63861.3,62955.7,63450.1,28239.331,1789052697.1979
2026-06-08 12:00:00,63450.1,64179.5,62658.4,63745.4,59094.067,3758003490.182
2026-06-08 16:00:00,63745.3,64029.5,63209.6,63348.2,21761.634,1382594693.4917
2026-06-08 20:00:00,63348.3,63832.5,62939.7,63057.9,20040.217,1269445790.8712
2026-06-09 00:00:00,63057.9,63157.3,62381.2,62841.0,30323.516,1901352116.1304
2026-06-09 04:00:00,62841.1,63499.9,62715.4,63170.8,25943.769,1640087627.5225
2026-06-09 08:00:00,63170.9,63183.0,62457.5,62679.4,24571.806,1541375120.1917
2026-06-09 12:00:00,62679.5,62868.2,61001.0,61100.7,71792.227,4435173675.1521
2026-06-09 16:00:00,61100.6,62079.5,60755.0,62068.8,51223.379,3143789652.0075
2026-06-09 20:00:00,62068.9,62253.2,61519.0,61695.0,17544.777,1085449504.6045
2026-06-10 00:00:00,61694.9,61947.4,61201.0,61518.2,19223.281,1183322354.8237
2026-06-10 04:00:00,61518.3,61783.4,61045.7,61654.3,19444.11,1193822642.0899
2026-06-10 08:00:00,61654.3,61707.6,60691.9,61003.1,33088.168,2023301636.5867
2026-06-10 12:00:00,61003.1,62840.2,60930.0,62604.8,66353.205,4111665829.03
2026-06-10 16:00:00,62604.7,62617.1,61552.0,61908.7,31582.234,1957504198.4548
2026-06-10 20:00:00,61908.7,61921.2,61068.6,61483.7,23363.266,1435003212.8295
2026-06-11 00:00:00,61483.6,62922.0,61483.6,62657.5,28940.197,1799401026.8793
2026-06-11 04:00:00,62657.5,62993.4,62507.9,62693.3,22029.355,1381399804.0764
2026-06-11 08:00:00,62693.2,63235.9,62691.7,63078.0,26302.203,1657072118.3201
2026-06-11 12:00:00,63078.0,63200.0,62455.8,62721.1,50133.343,3150494448.2596
2026-06-11 16:00:00,62721.2,63915.3,62315.0,63567.6,52994.312,3352302292.091
2026-06-11 20:00:00,63567.7,63712.3,63235.8,63597.9,13595.164,862975827.8688
2026-06-12 00:00:00,63598.0,63777.0,63271.6,63490.0,14144.616,898536470.4518
2026-06-12 04:00:00,63490.1,63843.2,62800.0,63066.5,25276.191,1599266207.2199
2026-06-12 08:00:00,63066.5,63929.9,63063.9,63729.4,22081.286,1404794873.8168
2026-06-12 12:00:00,63729.4,64362.6,63020.6,63557.0,55108.343,3512614880.9102
2026-06-12 16:00:00,63557.1,64083.3,63477.5,63555.1,19010.236,1212352064.27
2026-06-12 20:00:00,63555.0,63664.4,63352.3,63547.0,10103.11,641505995.8459
2026-06-13 00:00:00,63547.0,63828.4,63360.0,63494.4,10105.104,642749532.9657
2026-06-13 04:00:00,63494.4,63879.0,63444.9,63823.9,9018.379,574314930.0802
2026-06-13 08:00:00,63823.9,63949.9,63683.1,63936.1,9974.924,636596099.5492
2026-06-13 12:00:00,63936.1,64323.0,63882.6,64265.0,16226.176,1040595332.7914
2026-06-13 16:00:00,64265.1,64298.7,63862.9,64264.2,17406.503,1115155316.4343
2026-06-13 20:00:00,64264.2,64738.0,64189.6,64418.2,13430.301,865670119.0907
2026-06-14 00:00:00,64418.3,64682.2,64338.8,64515.0,9988.194,644327325.4568
2026-06-14 04:00:00,64515.0,64532.8,64186.5,64392.0,10509.099,675989622.6319
2026-06-14 08:00:00,64392.1,64640.6,64281.1,64511.7,9126.59,588598932.2923
2026-06-14 12:00:00,64511.7,64531.2,63830.0,63995.2,18995.108,1218082058.8356
2026-06-14 16:00:00,63995.2,64183.4,63650.0,63777.3,13323.248,850644322.7874
2026-06-14 20:00:00,63777.4,65775.0,63761.5,65702.1,54791.219,3565714383.1286
2026-06-15 00:00:00,65702.1,65996.8,65314.3,65894.7,28160.734,1848301923.9951
2026-06-15 04:00:00,65894.6,65978.1,65577.8,65642.3,15857.095,1042807670.214
2026-06-15 08:00:00,65642.4,66346.2,65469.0,66192.0,30586.233,2016232991.5785
2026-06-15 12:00:00,66192.0,67255.4,66056.4,67248.5,54335.312,3619919632.3071
2026-06-15 16:00:00,67248.5,67254.5,66302.4,66579.2,25502.782,1705164783.6589
2026-06-15 20:00:00,66579.1,66658.2,66065.1,66285.9,13510.785,895942129.8651
2026-06-16 00:00:00,66285.9,66426.9,65607.1,66125.4,21435.498,1415172799.3112
2026-06-16 04:00:00,66125.4,66543.5,65768.7,66341.7,18657.417,1234608975.4713
2026-06-16 08:00:00,66341.8,66956.7,66310.5,66456.0,21615.635,1439650875.1545
2026-06-16 12:00:00,66456.0,66787.1,65328.8,65841.8,40814.157,2691993888.9089
2026-06-16 16:00:00,65841.8,66246.1,65529.0,65653.2,17111.255,1126158733.1929
2026-06-16 20:00:00,65653.2,65908.4,65561.3,65644.8,9472.464,622581169.3777
2026-06-17 00:00:00,65644.8,66092.5,65427.9,65818.6,12292.334,808287424.8067
2026-06-17 04:00:00,65818.6,66019.0,65200.0,65504.0,16732.999,1097412478.4595
2026-06-17 08:00:00,65503.9,65549.8,64525.0,64774.5,31844.178,2066962391.8709
2026-06-17 12:00:00,64774.6,65834.1,64550.7,65712.7,37758.911,2459286405.3328
2026-06-17 16:00:00,65712.7,66419.2,64015.0,64271.3,79252.604,5173461760.9095
2026-06-17 20:00:00,64271.4,64495.3,63881.2,64472.9,21605.273,1388305256.3103
2026-06-18 00:00:00,64472.9,64780.0,64228.9,64255.0,14714.901,949420931.7408
2026-06-18 04:00:00,64255.0,64491.1,63660.1,64470.3,26503.476,1696660994.8793
2026-06-18 08:00:00,64470.4,64631.5,63855.0,63940.1,20589.638,1321723654.3541
2026-06-18 12:00:00,63940.1,64423.4,62232.1,62337.8,71085.58,4507800633.7159
2026-06-18 16:00:00,62337.8,62985.0,62241.0,62925.4,39773.529,2491236008.0831
2026-06-18 20:00:00,62925.3,63266.8,62710.5,62924.1,15031.592,946503192.0123
2026-06-19 00:00:00,62924.0,63088.0,62237.2,62745.1,18794.133,1178822477.6326
2026-06-19 04:00:00,62745.1,62896.8,62375.7,62592.4,17304.688,1083863883.9023
2026-06-19 08:00:00,62592.4,62758.1,62272.4,62600.0,16397.734,1024642139.0893
2026-06-19 12:00:00,62600.0,63410.3,62315.2,63193.0,32841.195,2068679207.5834
2026-06-19 16:00:00,63193.1,63376.6,62836.6,63001.9,15117.889,953835051.3197
2026-06-19 20:00:00,63001.8,63645.0,62926.2,63512.6,11771.242,745083970.3238
2026-06-20 00:00:00,63512.5,63757.2,63283.5,63440.5,12770.433,810784555.3518
2026-06-20 04:00:00,63440.5,63894.0,63367.6,63625.0,14008.791,891944262.1572
2026-06-20 08:00:00,63625.0,63770.0,63360.0,63651.3,12183.381,774382419.8437
2026-06-20 12:00:00,63651.4,64370.9,63136.2,64139.5,36115.681,2303011103.8608
2026-06-20 16:00:00,64139.4,64150.0,63661.9,63905.5,13002.244,830744085.3702
2026-06-20 20:00:00,63905.5,64326.0,63820.0,64270.0,7596.166,487059873.1736
2026-06-21 00:00:00,64270.1,64450.0,64199.0,64398.8,10365.54,666264897.4237
2026-06-21 04:00:00,64398.8,64568.0,64143.2,64170.1,12165.969,782157143.4136
2026-06-21 08:00:00,64170.0,64453.3,63871.3,64149.9,17775.189,1140389603.0536
2026-06-21 12:00:00,64149.8,64337.3,63916.0,64200.3,11893.654,762343281.6343
2026-06-21 16:00:00,64200.2,64284.9,63907.4,64173.6,7663.114,491313973.3358
2026-06-21 20:00:00,64173.7,64243.4,63220.0,63287.1,25118.61,1598343327.6798
2026-06-22 00:00:00,63287.2,64788.0,63286.2,63935.1,37961.563,2437017032.6403
2026-06-22 04:00:00,63935.1,64384.3,63833.4,64187.9,14743.502,945218519.1655
2026-06-22 08:00:00,64188.0,64750.0,64014.9,64624.3,15942.601,1025878585.0143
2026-06-22 12:00:00,64624.2,65597.2,64545.7,64808.0,51405.925,3344966087.6527
2026-06-22 16:00:00,64808.0,64835.6,64240.0,64447.9,24156.885,1558686688.6463
2026-06-22 20:00:00,64450.6,64637.1,63758.3,63990.2,17632.532,1130766544.1197
2026-06-23 00:00:00,63990.1,64247.2,63803.2,64037.3,14943.555,957207302.4406
2026-06-23 04:00:00,64037.2,64068.0,62532.4,62849.2,45716.491,2884946485.3409
2026-06-23 08:00:00,62849.3,62916.5,61870.0,62478.5,41466.543,2585495144.8885
2026-06-23 12:00:00,62478.4,62837.1,61916.9,62455.8,42631.035,2658944027.1553
2026-06-23 16:00:00,62455.9,62812.2,62075.6,62365.7,19127.882,1195019107.5077
2026-06-23 20:00:00,62365.7,62770.6,62344.2,62696.7,9033.733,565046639.9122
2026-06-24 00:00:00,62696.7,63090.9,62402.8,62704.6,17756.997,1114698617.9412
2026-06-24 04:00:00,62704.6,63053.5,62500.0,62630.3,12079.174,758063343.9279
2026-06-24 08:00:00,62630.4,63209.6,62272.1,62887.7,19998.451,1253052502.0118
2026-06-24 12:00:00,62887.8,62939.3,60238.0,60254.9,90414.628,5548021057.0638
2026-06-24 16:00:00,60254.9,60649.1,59060.0,59923.8,95446.269,5702076483.2972
2026-06-24 20:00:00,59923.7,61256.0,59813.9,61051.2,42401.785,2576221809.8384
2026-06-25 00:00:00,61051.2,61138.9,60648.0,60853.9,16377.173,996049030.2875
2026-06-25 04:00:00,60854.0,61931.1,60756.4,61886.7,30997.479,1907742832.7762
2026-06-25 08:00:00,61886.8,61897.6,61033.5,61258.2,28088.696,1726073867.3072
2026-06-25 12:00:00,61258.2,61742.9,58030.0,59536.2,167122.726,9957369049.4852
2026-06-25 16:00:00,59536.2,60035.7,59114.4,59299.8,35931.882,2137393154.856
2026-06-25 20:00:00,59299.9,60245.0,59298.7,59771.9,23312.218,1394112612.0125
2026-06-26 00:00:00,59772.0,60125.7,58288.0,60015.0,61621.029,3640125729.4833
2026-06-26 04:00:00,60015.0,60734.0,59666.2,60491.0,40011.928,2408261871.0428
2026-06-26 08:00:00,60491.0,60542.6,59210.4,59392.4,36168.134,2162155498.2461
2026-06-26 12:00:00,59392.4,60494.1,58388.0,60296.6,97365.209,5797524830.073
2026-06-26 16:00:00,60296.9,60580.0,59530.7,59719.7,32859.636,1972545831.1722
2026-06-26 20:00:00,59719.9,60090.8,59556.0,60072.0,14069.215,842144658.4931
2026-06-27 00:00:00,60071.9,60387.8,59846.2,60274.7,12863.512,773940171.0469
2026-06-27 04:00:00,60274.8,60557.8,60074.5,60522.3,13007.199,784750802.2839
2026-06-27 08:00:00,60522.4,60522.5,60162.0,60331.9,8919.927,538380058.1162
2026-06-27 12:00:00,60331.9,60924.7,60222.6,60817.2,17098.528,1036687901.8094
2026-06-27 16:00:00,60817.3,60850.0,60050.0,60149.9,16777.939,1014360024.5312
2026-06-27 20:00:00,60149.9,60469.8,59819.8,60000.3,12635.488,759766697.2295
2026-06-28 00:00:00,60000.4,60314.3,59950.0,60169.5,7852.352,472240901.0373
2026-06-28 04:00:00,60169.5,60247.1,59714.8,60192.5,13002.681,779960254.3459
2026-06-28 08:00:00,60192.4,60543.3,60037.0,60314.9,12643.512,762078495.2412
2026-06-28 12:00:00,60315.0,60435.8,59781.8,59849.9,15226.346,914311543.4912
2026-06-28 16:00:00,59850.0,59915.7,59224.6,59451.4,24638.347,1467739297.9085
2026-06-28 20:00:00,59451.3,59883.2,58888.0,59550.2,30235.459,1797262777.8251
2026-06-29 00:00:00,59550.2,60219.4,58850.0,60019.8,38253.849,2277755872.1924
2026-06-29 04:00:00,60019.9,60325.0,59360.3,59998.9,20723.108,1242058915.3388
2026-06-29 08:00:00,59998.9,60287.1,59712.8,59927.2,21568.64,1293624260.3137
2026-06-29 12:00:00,59927.2,60758.3,58988.0,59800.2,97415.484,5823898253.2238
2026-06-29 16:00:00,59800.3,60666.6,59562.6,60409.3,36925.254,2225552550.0377
2026-06-29 20:00:00,60409.3,60565.6,60134.0,60224.7,12889.94,778033414.5302
2026-06-30 00:00:00,60224.7,60250.0,59570.0,59596.1,22856.266,1367968213.013
2026-06-30 04:00:00,59596.1,59698.9,59329.2,59497.7,22886.397,1361733537.6645
2026-06-30 08:00:00,59497.7,59532.7,59100.0,59162.3,21626.513,1281993338.8656
2026-06-30 12:00:00,59162.2,59264.4,58160.0,58356.2,92456.515,5420413211.652
2026-06-30 16:00:00,58356.2,58819.9,58223.3,58794.4,21528.098,1259200700.8172
2026-06-30 20:00:00,58794.0,58850.0,58472.3,58605.4,10292.512,603564692.8454
2026-07-01 00:00:00,58605.4,59298.4,57758.6,59169.6,56290.292,3299721919.0203
2026-07-01 04:00:00,59169.7,59444.5,58500.1,58744.4,28426.793,1674625802.834
2026-07-01 08:00:00,58744.4,59069.7,58450.7,58592.9,18942.584,1112852966.3962
2026-07-01 12:00:00,58592.8,60520.0,58294.1,60118.5,83094.085,4944539437.4819
2026-07-01 16:00:00,60118.6,60332.8,59762.6,60000.0,24811.03,1490537941.0276
2026-07-01 20:00:00,60000.0,61322.0,59844.5,59999.6,52373.697,3173154574.2652
2026-07-02 00:00:00,59999.6,61102.5,59555.0,61032.9,37833.808,2277816801.4302
2026-07-02 04:00:00,61032.9,61033.0,60080.9,60125.8,34117.778,2063899559.5568
2026-07-02 08:00:00,60125.8,61447.0,60113.5,61329.1,53739.084,3279133037.1374
2026-07-02 12:00:00,61329.1,62180.0,61109.9,61584.0,69787.014,4302669082.7716
2026-07-02 16:00:00,61584.0,61900.0,61113.8,61452.5,28202.679,1735613862.9628
2026-07-02 20:00:00,61452.4,61634.3,61308.3,61540.6,12269.709,754191832.6458
2026-07-03 00:00:00,61540.5,61727.2,61229.0,61407.6,15053.911,925101842.1001
2026-07-03 04:00:00,61407.5,61849.7,61300.4,61733.6,14260.827,878985784.0868
2026-07-03 08:00:00,61733.7,62078.6,61480.7,61992.8,19066.059,1178616378.8302
2026-07-03 12:00:00,61992.8,62386.7,61653.0,61895.2,36548.042,2267101617.5475
2026-07-03 16:00:00,61895.2,62292.4,61877.6,62178.4,14492.869,900471796.3764
2026-07-03 20:00:00,62178.4,62957.2,62151.2,62565.5,33076.786,2071147923.6545
2026-07-04 00:00:00,62565.5,62925.7,62381.6,62609.6,15174.848,950146376.1534
2026-07-04 04:00:00,62609.6,62735.2,62302.6,62549.0,9691.02,605752924.8182
2026-07-04 08:00:00,62549.1,62654.1,62386.1,62458.7,7405.183,462847737.0588
2026-07-04 12:00:00,62458.6,63069.6,62458.6,62908.8,15525.164,974652187.4292
2026-07-04 16:00:00,62908.7,63450.0,62752.9,63268.1,21139.019,1334945580.0075
2026-07-04 20:00:00,63268.0,63430.0,62902.7,63114.8,10714.29,677018512.4366
2026-07-05 00:00:00,63114.9,63114.9,62549.6,62739.1,14486.359,909936609.8002
2026-07-05 04:00:00,62739.1,63039.3,62628.0,62995.1,10165.269,638464866.2973
2026-07-05 08:00:00,62995.1,63084.0,62410.1,62630.0,13311.704,834641372.7256
2026-07-05 12:00:00,62630.0,62923.7,62534.3,62711.9,10079.94,632353922.8279
2026-07-05 16:00:00,62711.9,62865.0,62564.4,62744.0,8303.748,520506392.2293
2026-07-05 20:00:00,62744.1,63990.7,62580.0,63617.1,36280.124,2303036512.7293
2026-07-06 00:00:00,63617.2,63900.0,63101.2,63273.0,23780.303,1509706966.7992
2026-07-06 04:00:00,63272.9,63368.3,62858.4,63064.5,16456.746,1037856749.118
2026-07-06 08:00:00,63064.5,63226.4,62461.4,62461.4,27610.107,1733415068.4371
2026-07-06 12:00:00,62461.2,63531.1,61297.0,63523.1,105736.056,6570677564.0529
2026-07-06 16:00:00,63523.0,63977.9,63356.8,63709.8,40689.156,2591091954.2148
2026-07-06 20:00:00,63709.9,64691.9,63560.0,64023.6,28521.431,1831757986.7698
2026-07-07 00:00:00,64023.5,64298.1,63122.0,63165.0,29622.934,1885447269.5718
2026-07-07 04:00:00,63164.9,63424.2,62745.6,63062.6,27393.375,1728958927.6023
2026-07-07 08:00:00,63062.7,63432.8,62958.4,63377.7,16329.871,1032316879.2601
2026-07-07 12:00:00,63377.8,64096.0,62638.0,63910.0,60232.809,3817267742.3417
2026-07-07 16:00:00,63910.0,64234.1,63351.4,63794.9,28687.049,1831803674.092
2026-07-07 20:00:00,63794.9,63874.6,63177.0,63335.4,14939.8,948786769.2307
2026-07-08 00:00:00,63335.4,63740.2,62466.9,62741.0,28854.967,1817650099.9785
2026-07-08 04:00:00,62741.0,62873.3,62434.9,62854.1,17957.731,1125593979.659
2026-07-08 08:00:00,62854.1,62921.8,61708.2,62270.0,45949.73,2854037932.1885
2026-07-08 12:00:00,62270.0,62394.1,61520.0,61674.5,39109.532,2419829032.7759
2026-07-08 16:00:00,61674.6,62372.7,61666.0,62251.9,20257.62,1257746928.863
2026-07-08 20:00:00,62251.9,62331.8,61926.9,62255.3,10966.145,681582469.7344
2026-07-09 00:00:00,62255.1,62620.2,61666.0,61943.1,21786.361,1352627407.5116
2026-07-09 04:00:00,61943.2,63286.5,61929.0,62973.7,35632.474,2232963605.0913
2026-07-09 08:00:00,62973.6,63083.9,62583.4,62756.0,16875.277,1060110763.9725
2026-07-09 12:00:00,62755.9,63233.0,62428.5,62835.4,43030.522,2702533579.1607
2026-07-09 16:00:00,62835.4,63484.9,62525.2,63222.9,23833.334,1503465210.4693
2026-07-09 20:00:00,63222.9,63395.9,63032.2,63197.0,9696.325,613161932.5031
2026-07-10 00:00:00,63197.1,64022.0,62897.0,63917.2,28582.709,1818369506.6742
2026-07-10 04:00:00,63917.3,64185.0,63765.5,63956.1,19716.772,1261286736.3956
2026-07-10 08:00:00,63956.1,64478.3,63949.1,64394.2,27561.937,1771741873.1064
2026-07-10 12:00:00,64394.2,64680.0,63768.0,64018.7,35094.942,2253486271.3897
2026-07-10 16:00:00,64018.7,64208.1,63718.1,63900.4,13676.986,874366741.0336
2026-07-10 20:00:00,63900.4,64176.9,63619.9,64129.5,14154.711,904750361.7621
2026-07-11 00:00:00,64129.5,64288.7,63950.1,64117.2,7282.145,466728434.1899
2026-07-11 04:00:00,64117.2,64250.0,64047.2,64132.6,5329.112,341903628.2921
2026-07-11 08:00:00,64132.6,64280.0,64110.2,64176.0,5002.728,321089477.1354
2026-07-11 12:00:00,64176.1,64497.4,63668.8,64139.0,18675.921,1198535558.5455
2026-07-11 16:00:00,64139.1,64375.8,64050.4,64262.0,6780.216,435477616.8526
2026-07-11 20:00:00,64261.9,64438.9,63776.0,63783.0,10604.773,679440880.1146
2026-07-12 00:00:00,63783.1,64217.8,63657.4,64201.8,12186.54,779283545.1665
2026-07-12 04:00:00,64201.9,64238.0,63602.8,63856.4,11313.903,722369886.8695
2026-07-12 08:00:00,63856.4,64083.7,63730.7,63993.8,8689.953,555450140.7491
2026-07-12 12:00:00,63993.8,64271.9,63928.0,64149.9,9372.897,600718180.5528
2026-07-12 16:00:00,64150.0,64248.0,63983.1,64201.9,6633.117,425178969.8847
2026-07-12 20:00:00,64202.0,64227.4,63634.1,63750.0,11895.536,759436351.2961
2026-07-13 00:00:00,63749.9,64411.8,62705.0,62780.2,52443.621,3329880055.8507
2026-07-13 04:00:00,62780.1,63030.0,62434.9,62952.7,24227.324,1520577051.0405
2026-07-13 08:00:00,62952.8,63260.0,62834.4,62881.3,22997.462,1449595952.9141
2026-07-13 12:00:00,62881.4,62970.7,62061.3,62596.6,52068.169,3256182760.3051
2026-07-13 16:00:00,62596.7,62614.5,61806.0,62258.0,28856.64,1792781286.796
2026-07-13 20:00:00,62257.9,62333.4,61854.5,62307.0,15189.007,943220189.3392
2026-07-14 00:00:00,62307.0,62639.3,62240.9,62538.2,15779.623,985310500.4719
2026-07-14 04:00:00,62538.3,62848.0,62489.7,62529.7,12956.51,811895818.8458
2026-07-14 08:00:00,62529.7,62896.0,62458.3,62810.3,11932.483,748270904.3663
2026-07-14 12:00:00,62810.3,64950.0,62756.5,64727.5,99608.666,6363200619.5129
2026-07-14 16:00:00,64727.4,64879.0,64200.0,64543.0,27810.776,1795561151.0974
2026-07-14 20:00:00,64543.1,65130.0,64390.4,65014.7,22787.125,1477002965.4667
2026-07-15 00:00:00,65014.6,65043.3,64456.7,64760.8,14011.588,906754520.6688
2026-07-15 04:00:00,64760.9,65260.0,64450.9,64528.0,20381.848,1321230585.782
2026-07-15 08:00:00,64528.0,64899.9,64528.0,64707.5,11520.12,745272741.6901
2026-07-15 12:00:00,64707.4,65589.7,64568.8,65391.6,48445.138,3158813197.2691
2026-07-15 16:00:00,65391.5,65438.0,64708.0,64942.0,30103.535,1957023524.671
2026-07-15 20:00:00,64942.1,65030.5,64660.0,64721.4,7761.385,503183383.281
2026-07-16 00:00:00,64721.4,64814.7,64362.2,64593.0,13463.314,869703728.4617
2026-07-16 04:00:00,64593.0,64974.5,64005.6,64200.0,23983.759,1547760236.2062
2026-07-16 08:00:00,64200.1,64340.0,63843.1,64226.6,23564.869,1510393551.4033
2026-07-16 12:00:00,64226.6,64874.7,63833.0,64677.7,38698.036,2491472469.7424
2026-07-16 16:00:00,64677.7,64687.6,63958.0,64241.6,18183.263,1168498542.8084
2026-07-16 20:00:00,64241.7,64249.9,63712.6,63801.0,12576.221,804349209.6458
2026-07-17 00:00:00,63801.1,64041.6,63358.0,63538.1,23701.404,1508518000.9927
2026-07-17 04:00:00,63538.0,63560.0,62655.0,62792.9,36223.336,2281312481.3203
2026-07-17 08:00:00,62792.8,63337.4,62611.0,63273.2,20640.395,1300033570.2262
2026-07-17 12:00:00,63273.1,63496.0,62505.1,63432.4,42264.1,2664117619.0145
2026-07-17 16:00:00,63432.4,64356.7,63272.4,64121.4,34857.577,2226782081.4307
2026-07-17 20:00:00,64121.4,64188.2,63860.0,63909.9,8166.001,522683099.2034
2026-07-18 00:00:00,63909.9,64014.9,63859.6,63989.5,5338.834,341307603.7562
2026-07-18 04:00:00,63989.5,64000.0,63894.3,63980.1,4328.088,276805776.5897
2026-07-18 08:00:00,63980.0,64073.2,63912.0,64033.3,4092.098,261782891.4562
2026-07-18 12:00:00,64033.2,64237.7,63925.2,64090.0,9810.671,628739374.5801
2026-07-18 16:00:00,64090.0,64666.0,64054.5,64526.3,15262.257,982496818.8104
2026-07-18 20:00:00,64526.4,64837.4,64467.2,64806.7,10394.79,672554573.0839
2026-07-19 00:00:00,64806.7,64948.8,64594.6,64686.8,13515.109,875345065.2562
2026-07-19 04:00:00,64686.8,64789.8,64580.4,64692.2,5846.715,378233594.2867
2026-07-19 08:00:00,64692.1,64723.5,64415.0,64445.7,10691.7,690261071.5365
2026-07-19 12:00:00,64445.7,64633.0,64259.5,64545.2,11251.478,724857239.7553
2026-07-19 16:00:00,64545.3,64733.0,64262.9,64438.1,9954.822,642025078.4589
2026-07-19 20:00:00,64438.1,64874.9,64305.0,64694.7,11535.206,745169511.8329
2026-07-20 00:00:00,64694.8,65084.6,64380.0,64839.4,22717.146,1471690957.6321
2026-07-20 04:00:00,64839.3,64843.4,63736.1,64250.0,27903.419,1789392856.8032
2026-07-20 08:00:00,64250.0,65048.3,63858.1,64970.8,27733.431,1786895445.8547
2026-07-20 12:00:00,64970.8,65688.0,64034.3,65570.1,54262.291,3519421950.5284
2026-07-20 16:00:00,65570.1,65788.0,65011.4,65119.3,35972.663,2352656104.1849
2026-07-20 20:00:00,65119.3,65435.3,65030.2,65224.8,10917.197,712124399.2396
2026-07-21 00:00:00,65224.7,65634.4,65115.3,65539.5,15057.371,984481444.3106
2026-07-21 04:00:00,65539.5,66240.0,65453.5,66166.9,27187.741,1790351384.6842
2026-07-21 08:00:00,66166.8,66390.0,66103.4,66317.9,22965.054,1521320845.9061
2026-07-21 12:00:00,66317.9,66924.1,66236.0,66648.5,39564.704,2635930711.924
2026-07-21 16:00:00,66648.5,66736.7,65939.0,66409.5,24712.174,1638616000.8865
2026-07-21 20:00:00,66409.5,66544.8,66172.0,66522.4,9407.871,624162205.0011
2026-07-22 00:00:00,66522.3,66711.0,66141.7,66176.7,13801.058,916933256.3892
2026-07-22 04:00:00,66176.6,66399.0,65668.6,65813.4,22194.384,1463762215.0941
2026-07-22 08:00:00,65813.4,66140.5,65813.4,65981.4,19352.095,1276657925.5978
2026-07-22 12:00:00,65981.3,66190.4,65505.0,66014.8,33898.686,2230677666.0623
2026-07-22 16:00:00,66014.8,66363.6,65650.2,65891.1,19116.49,1261944969.2342
2026-07-22 20:00:00,65891.2,66116.5,65753.0,66082.0,8447.902,557148484.8461
2026-07-23 00:00:00,66082.0,66284.1,65548.0,65626.8,16744.203,1102919851.0911
2026-07-23 04:00:00,65626.7,65793.7,65313.7,65405.3,15598.473,1022156469.3768
2026-07-23 08:00:00,65405.3,65756.6,65383.6,65525.4,11821.586,775679466.1093
2026-07-23 12:00:00,65525.4,65557.8,64696.2,64940.4,51499.187,3348990020.7374
2026-07-23 16:00:00,64940.4,64940.5,64636.0,64820.7,15984.685,1035399834.8616
2026-07-23 20:00:00,64820.7,65193.5,64809.7,65069.6,13119.644,853830164.1429
2026-07-24 00:00:00,65069.6,65436.8,64733.2,65425.4,18271.087,1189517036.588
2026-07-24 04:00:00,65425.5,65780.0,65213.0,65470.0,22156.361,1450635541.6595
2026-07-24 08:00:00,65470.1,65477.2,64821.9,65045.7,18685.368,1216142949.7656
2026-07-24 12:00:00,65045.7,65110.1,63666.0,64065.1,67797.363,4351443415.6537
2026-07-24 16:00:00,64065.1,64266.9,63854.3,64199.5,14675.634,940501825.4004
2026-07-24 20:00:00,64199.5,64260.1,64098.7,64116.5,5951.659,381787055.7567
2026-07-25 00:00:00,64116.5,64155.0,63977.0,64052.9,11227.005,719217586.7194
2026-07-25 04:00:00,64053.0,64181.0,63933.2,63972.9,5992.315,383664374.4092
2026-07-25 08:00:00,63973.0,64078.5,63760.5,64031.3,8693.02,555733625.0685
2026-07-25 12:00:00,64031.2,64243.6,64006.2,64150.0,7467.034,478947492.7074
2026-07-25 16:00:00,64150.1,64417.1,64092.2,64359.6,8274.357,531942544.6521
2026-07-25 20:00:00,64359.7,64407.1,64233.0,64338.1,4593.903,295559166.8472
2026-07-26 00:00:00,64338.0,64553.9,64317.9,64518.8,6207.268,400121659.8494
2026-07-26 04:00:00,64518.9,64566.0,64256.4,64341.2,8129.244,523484975.1261
2026-07-26 08:00:00,64341.3,64557.3,64320.2,64481.4,5451.789,351500689.978
2026-07-26 12:00:00,64481.5,64819.3,64379.7,64733.6,14685.055,948860153.5538
2026-07-26 16:00:00,64733.5,64909.0,64634.0,64665.5,8330.401,539263694.5361
2026-07-26 20:00:00,64665.6,65555.0,64606.3,65375.1,22959.406,1497525989.0
2026-07-27 00:00:00,65375.2,65398.8,64872.0,65261.5,15835.857,1031572127.6841
2026-07-27 04:00:00,65261.5,65722.5,65190.0,65195.9,16646.096,1088955721.6019
2026-07-27 08:00:00,65196.0,65412.8,65061.1,65073.1,12104.408,789245818.6897
2026-07-27 12:00:00,65073.1,65689.6,64374.4,64517.1,52696.883,3423977772.8517
2026-07-27 16:00:00,64517.2,65069.4,64479.0,64959.2,17239.433,1117855266.5634
2026-07-27 20:00:00,64959.2,65030.8,63567.0,63720.8,33309.056,2133405075.117
2026-07-28 00:00:00,63720.7,63794.3,63021.0,63310.1,30321.786,1919702491.6168
2026-07-28 04:00:00,63310.0,63642.2,63187.2,63476.8,17817.023,1130357508.9963
2026-07-28 08:00:00,63476.8,63569.0,63263.5,63430.8,17704.568,1122804596.846
2026-07-28 12:00:00,63430.7,64014.2,62660.1,63899.4,46087.702,2919344628.3078
2026-07-28 16:00:00,63899.5,64084.5,63477.2,63882.4,17230.992,1098918929.6084
2026-07-28 20:00:00,63882.4,64047.9,63526.0,63903.6,15111.791,964364077.6827
2026-07-29 00:00:00,63903.6,64175.0,63630.0,63727.0,20893.234,1334718701.7596
2026-07-29 04:00:00,63727.0,64544.0,63569.5,64539.0,22600.631,1450484092.7611
2026-07-29 08:00:00,64539.1,64715.9,64251.0,64480.0,19217.032,1239368404.9708
2026-07-29 12:00:00,64479.9,64688.0,63857.4,63940.2,30660.559,1969668054.8384
2026-07-29 16:00:00,63940.2,64703.9,63483.9,63564.1,56370.126,3612770678.9026
2026-07-29 20:00:00,63564.0,64108.4,63234.0,63958.9,30234.717,1925328949.6406
2026-07-30 00:00:00,63958.9,64393.0,63576.4,64134.0,19263.395,1233060701.0731
2026-07-30 04:00:00,64134.0,64156.4,63881.0,63981.9,10707.126,685490111.8131
2026-07-30 08:00:00,63981.9,64870.0,63950.0,64766.8,22143.473,1428763081.2646
2026-07-30 12:00:00,64766.9,65157.0,64571.4,64694.2,37561.257,2435612394.9457
2026-07-30 16:00:00,64694.2,64957.2,64657.4,64778.6,9665.986,626443525.4961
2026-07-30 20:00:00,64778.5,65062.9,64636.3,64750.0,13514.495,876245254.6464
2026-07-31 00:00:00,64750.0,65391.3,64138.0,64344.0,35138.633,2272651023.7981
2026-07-31 04:00:00,64344.0,64476.8,63835.6,63909.1,21124.109,1354901420.9792
2026-07-31 08:00:00,63909.1,63982.2,63577.0,63779.4,20536.673,1310120520.1583
2026-07-31 12:00:00,63779.4,63807.5,62410.5,62695.4,67331.204,4238846733.0553
2026-07-31 16:00:00,62695.3,63275.7,62680.1,62947.2,21608.292,1360995504.1276
2026-07-31 20:00:00,62947.1,63037.0,62814.1,62859.9,9226.024,580680211.5383
2026-08-01 00:00:00,62859.9,63084.6,62859.8,62973.8,6513.744,410169020.5308
2026-08-01 04:00:00,62973.8,63118.7,62964.1,63019.6,5009.899,315781390.4494
2026-08-01 08:00:00,63019.6,63126.6,62956.5,63045.1,4669.724,294389022.8508
2026-08-01 12:00:00,63045.2,63097.5,62976.4,62976.4,3987.843,251459159.3519
2026-08-01 16:00:00,62976.4,63006.6,62228.8,62502.1,26037.185,1629136700.2328
2026-08-01 20:00:00,62502.1,62844.9,62456.9,62792.3,8519.748,534316030.7571
2026-08-02 00:00:00,62792.3,63542.0,62782.3,63436.7,22119.756,1399319953.7183
2026-08-02 04:00:00,63436.8,63620.0,63382.9,63468.1,10767.479,683500556.9822
2026-08-02 08:00:00,63468.0,63507.8,62961.1,63007.3,15698.43,992296638.3772
2026-08-02 12:00:00,63007.2,63215.1,62974.4,63081.6,8524.317,537841094.6831
2026-08-02 16:00:00,63081.6,63594.6,63038.0,63432.9,10931.715,692074981.3279
2026-08-02 20:00:00,63433.0,63779.0,63306.2,63550.0,15998.71,1016494444.9642
2026-08-03 00:00:00,63550.0,63575.6,62745.0,62839.7,14923.666,942357947.9049
2026-08-03 04:00:00,62839.8,62976.8,62520.0,62591.0,17943.273,1125674018.622
2026-08-03 08:00:00,62591.0,62846.3,62268.2,62534.1,22976.883,1437509159.1082
2026-08-03 12:00:00,62534.1,63960.0,62400.0,63659.5,60123.156,3809072779.5503
2026-08-03 16:00:00,63659.5,64058.8,63626.2,63836.9,20815.435,1329198752.9019
2026-08-03 20:00:00,63836.9,63992.9,63352.2,63497.2,15061.449,958186722.2534
2026-08-04 00:00:00,63497.1,63958.6,63290.2,63771.0,18605.621,1184060019.2997
2026-08-04 04:00:00,63771.0,64239.8,63480.0,63666.5,19953.022,1273881462.0014
2026-08-04 08:00:00,63666.5,63926.0,63428.8,63900.2,14201.869,904105412.8306
2026-08-04 12:00:00,63900.2,64200.0,63582.1,64088.4,35048.599,2240749540.279
2026-08-04 16:00:00,64088.3,64388.0,63856.4,64197.3,21295.609,1366176655.5395
2026-08-04 20:00:00,64197.3,64512.9,63918.2,64075.5,20920.58,1343623029.5255
2026-08-05 00:00:00,64075.6,64480.0,63917.1,64145.6,26385.509,1694111926.9589
2026-08-05 04:00:00,64145.6,64500.0,63962.4,64141.0,16283.315,1045349663.4911
2026-08-05 08:00:00,64141.0,64257.1,63982.2,64044.6,11496.742,737149709.7313
2026-08-05 12:00:00,64044.7,64728.5,63847.0,64353.6,51851.564,3336974412.1765
2026-08-05 16:00:00,64353.6,64898.0,64352.5,64805.7,21144.927,1368139418.2696
2026-08-05 20:00:00,64805.7,65022.0,64535.6,64633.9,17958.19,1163686383.5643
2026-08-06 00:00:00,64634.0,64696.0,64386.3,64496.2,11750.306,758208350.3105
2026-08-06 04:00:00,64496.3,64971.7,64461.9,64789.4,14522.523,941102965.1112
2026-08-06 08:00:00,64789.3,64971.0,64473.0,64590.1,14068.606,910044502.4803
2026-08-06 12:00:00,64590.1,64962.0,64111.0,64604.2,37867.908,2443043641.3457
2026-08-06 16:00:00,64604.2,64807.4,64323.2,64412.8,13223.353,853458002.2155
2026-08-06 20:00:00,64412.8,64510.7,64163.5,64300.0,7872.088,506598672.7459
2026-08-07 00:00:00,64299.9,64524.8,64195.2,64264.0,11976.24,770595397.6792
2026-08-07 04:00:00,64264.0,64441.0,64128.3,64288.9,11470.902,737502823.6754
2026-08-07 08:00:00,64288.8,65187.9,64268.9,64996.1,26927.143,1745697428.143
2026-08-07 12:00:00,64996.2,65358.0,64756.8,64885.4,46158.292,3004110503.719
2026-08-07 16:00:00,64885.5,65050.0,64490.0,64932.9,22059.668,1428685699.4282
2026-08-07 20:00:00,64932.9,65078.7,64815.3,64885.4,5796.135,376331867.3204
2026-08-08 00:00:00,64885.5,65046.1,64784.3,65000.0,4575.794,297013671.3029
2026-08-08 04:00:00,65000.0,65040.1,64919.5,64936.3,3614.339,234825319.4899
2026-08-08 08:00:00,64936.3,65026.9,64920.0,64938.5,3010.788,195611922.3568
2026-08-08 12:00:00,64938.4,65163.0,64890.8,65049.3,6827.321,444120206.0227
2026-08-08 16:00:00,65049.4,65123.1,64986.2,65045.5,4354.408,283239272.1414
2026-08-08 20:00:00,65045.5,65059.1,64907.9,64928.5,4055.652,263531544.8182
2026-08-09 00:00:00,64928.6,64982.4,64700.0,64759.0,5943.453,385307792.9133
2026-08-09 04:00:00,64758.9,64835.0,64747.4,64793.6,3791.377,245661901.2694
2026-08-09 08:00:00,64793.7,64978.0,64759.2,64921.8,5708.404,370308374.0522
2026-08-09 12:00:00,64921.7,65279.9,64884.3,65207.7,11644.117,758529980.6498
2026-08-09 16:00:00,65207.8,65243.1,65147.2,65153.2,4282.764,279196096.3314
2026-08-09 20:00:00,65153.2,65482.7,64805.1,64867.8,16478.347,1072934915.5075
2026-08-10 00:00:00,64867.8,65373.6,64794.4,64946.4,19652.32,1278101985.2141
2026-08-10 04:00:00,64946.4,65348.4,64892.1,65183.0,10477.827,682763938.6747
2026-08-10 08:00:00,65183.0,65306.9,64928.0,65097.6,10919.27,710438928.958
2026-08-10 12:00:00,65097.5,65221.2,64171.8,64268.8,43196.125,2790992997.2714
2026-08-10 16:00:00,64268.7,64330.0,63788.0,64017.2,35855.706,2293914772.6978
2026-08-10 20:00:00,64017.2,64189.3,63881.6,63939.3,8724.48,558579616.2679
2026-08-11 00:00:00,63939.3,64148.0,63863.9,64110.7,9427.551,603466588.83
2026-08-11 04:00:00,64110.7,64124.2,63820.0,64031.7,9537.32,610134609.3242
2026-08-11 08:00:00,64031.7,64380.0,64010.4,64358.3,13370.273,858622608.879
2026-08-11 12:00:00,64358.4,64470.0,63420.0,63585.3,37999.437,2429176035.1032
2026-08-11 16:00:00,63585.3,63637.5,63211.6,63508.5,23497.495,1490444485.5184
2026-08-11 20:00:00,63508.5,63757.5,63508.5,63572.0,12191.57,775872809.3421
2026-08-12 00:00:00,63571.9,63886.0,63505.3,63800.1,10094.4,643380912.5278
2026-08-12 04:00:00,63800.1,63863.6,63574.6,63804.8,10960.547,698381479.5413
2026-08-12 08:00:00,63804.8,64222.2,63735.4,64207.3,18341.074,1174155327.4167
2026-08-12 12:00:00,64207.3,64450.0,63291.1,63421.4,51576.711,3292853547.7882
2026-08-12 16:00:00,63421.3,63557.5,63283.0,63394.9,13318.223,844577324.7053
2026-08-12 20:00:00,63394.8,63629.8,63337.5,63454.7,10141.858,643564047.6247
2026-08-13 00:00:00,63454.6,63694.9,63343.8,63623.5,13913.62,883910802.8783
2026-08-13 04:00:00,63623.5,63990.7,63564.9,63833.0,15828.591,1010127932.7514
2026-08-13 08:00:00,63833.0,63881.3,63318.1,63458.5,17322.625,1101699331.3415
2026-08-13 12:00:00,63458.6,63980.6,63385.0,63385.0,27296.132,1738602965.637
2026-08-13 16:00:00,63385.0,63544.0,62800.0,63387.4,37868.008,2392428284.8319
2026-08-13 20:00:00,63387.3,63613.6,63343.4,63456.7,10437.116,662438795.8486
2026-08-14 00:00:00,63456.7,63595.1,63277.1,63288.1,9319.627,591425597.9738
2026-08-14 04:00:00,63288.0,63449.6,62888.0,62888.1,17241.258,1088036502.5851
2026-08-14 08:00:00,62888.0,62974.4,62658.8,62837.4,21560.529,1354404397.252
2026-08-14 12:00:00,62837.5,63061.7,62484.2,62956.0,34290.186,2150552574.124
2026-08-14 16:00:00,62956.0,63215.3,62781.4,62936.3,16763.54,1056470307.3553
2026-08-14 20:00:00,62936.4,63040.3,62770.9,63015.0,6172.617,388308011.0599
2026-08-15 00:00:00,63014.9,63170.0,62964.4,63030.3,5164.282,325600733.2685
2026-08-15 04:00:00,63030.3,63127.5,63003.8,63049.8,4561.169,287639629.7662
2026-08-15 08:00:00,63049.9,63058.4,62890.2,62993.1,4848.992,305354439.7856
2026-08-15 12:00:00,62993.0,63096.7,62920.9,63068.0,4304.778,271237342.4214
2026-08-15 16:00:00,63068.1,63097.3,63011.6,63093.6,3557.61,224312744.2219
2026-08-15 20:00:00,63093.6,63141.6,63040.1,63053.9,2694.354,170002876.3529
2026-08-16 00:00:00,63053.9,63132.2,62975.9,63096.6,3916.019,246946358.181
2026-08-16 04:00:00,63096.5,63122.7,63007.1,63034.3,2390.922,150740201.7159
2026-08-16 08:00:00,63034.4,63045.1,62928.5,62981.1,3684.767,232070038.9387
2026-08-16 12:00:00,62981.1,63113.8,62959.1,63113.8,4034.188,254340163.7774
2026-08-16 16:00:00,63113.8,63370.0,63063.6,63082.2,12382.223,782736604.7482
2026-08-16 20:00:00,63082.3,63117.1,62681.1,62876.0,13519.956,849950342.4083
2026-08-17 00:00:00,62876.0,63498.0,62723.9,63409.8,21153.293,1336566867.9496
2026-08-17 04:00:00,63409.7,63693.2,63409.7,63493.5,15679.741,996047130.1732
2026-08-17 08:00:00,63493.5,63753.0,63255.0,63600.0,19257.443,1222728689.2268
2026-08-17 12:00:00,63600.0,64199.9,63412.5,64169.9,37743.322,2406990341.4246
2026-08-17 16:00:00,64169.8,64600.8,63944.3,64280.4,33695.153,2166116260.3995
2026-08-17 20:00:00,64280.4,64555.4,64231.3,64504.1,10720.379,690051123.2884
2026-08-18 00:00:00,64504.1,64541.6,64000.0,64147.4,16155.4,1037129781.6506
2026-08-18 04:00:00,64147.5,64425.0,64055.0,64170.9,12799.365,822009854.99
2026-08-18 08:00:00,64170.8,64380.0,64056.4,64326.0,10012.521,642978394.1393
2026-08-18 12:00:00,64326.1,65057.9,63979.2,64823.9,40826.744,2636786076.7337
2026-08-18 16:00:00,64823.9,64861.7,64611.3,64619.7,10943.691,708361891.5534
2026-08-18 20:00:00,64619.8,64755.5,64528.4,64694.0,6776.167,437809891.7642
2026-08-19 00:00:00,64694.1,64705.7,64252.0,64296.3,12246.886,788905213.5123
2026-08-19 04:00:00,64296.3,64382.2,64131.3,64266.1,12332.044,792668002.3708
2026-08-19 08:00:00,64266.0,64509.7,64219.6,64479.0,11070.143,712877245.2574
2026-08-19 12:00:00,64479.1,70450.0,64440.0,68523.7,173988.154,11610781540.0228
2026-08-19 16:00:00,68523.7,68998.0,67803.6,68404.1,54987.525,3760211618.9405
2026-08-19 20:00:00,68404.1,70048.2,68356.9,69310.0,61871.73,4289575915.8559
2026-08-20 00:00:00,69310.1,69867.9,68882.1,69183.5,31215.909,2166245808.5459
2026-08-20 04:00:00,69183.5,69999.0,69155.0,69815.9,27284.805,1898755295.6992
2026-08-20 08:00:00,69815.9,72487.5,69771.8,71896.2,100852.483,7214712565.6978
2026-08-20 12:00:00,71896.2,72849.9,71100.0,72429.0,71907.275,5170125856.1734
2026-08-20 16:00:00,72429.1,72945.3,72159.8,72649.7,31571.711,2291484763.5914
2026-08-20 20:00:00,72649.8,73399.7,72458.7,72998.7,26629.64,1941710569.9648
2026-08-21 00:00:00,72998.8,75767.5,72992.4,74482.9,83419.101,6215634923.7856
2026-08-21 04:00:00,74482.9,76900.0,74482.8,76310.4,71042.407,5388448923.69
2026-08-21 08:00:00,76310.3,79555.5,76253.2,76749.0,154295.99,12000528095.099
2026-08-21 12:00:00,76748.9,77871.6,76237.0,77219.8,69352.763,5348012712.9811
2026-08-21 16:00:00,77219.8,77711.1,76576.4,76995.4,35058.19,2706657604.9423
2026-08-21 20:00:00,76995.4,78748.8,76815.6,78309.1,37093.621,2898429759.9689
2026-08-22 00:00:00,78309.1,78831.8,77649.7,78395.0,24580.533,1921932728.6934
2026-08-22 04:00:00,78395.0,78815.2,76510.0,77286.7,45387.994,3515792768.2037
2026-08-22 08:00:00,77286.7,77430.0,76512.9,77137.9,26139.742,2012970487.1694
2026-08-22 12:00:00,77137.9,77390.0,76888.0,76995.6,12410.239,957383106.9857
2026-08-22 16:00:00,76995.6,77590.6,76969.4,77310.0,7409.781,572755188.2718
