date,open,high,low,close,volume,quote_volume,oi_btc,funding_mean,funding_sum,bn_oi_usd,bn_oi_btc,oi_usd,usdt_d,usdt_mcap,total_mcap,btc_dominance,usdt_d_source
2022-01-01,46210.57,47943.77,46210.55,47704.35,179433.584,8461832661.65729,15863.152,0.0001,0.0003,,,756741355.1112,4.241718142190379,79326554298.0,1870151472559.5745,,proxy_calibrated
2022-01-02,47704.35,48000.0,46605.68,47280.0,184795.093,8730148323.6079,15636.474,0.0001,0.0003,,,739292490.72,4.215197598672834,78778422990.0,1868914117212.5264,,proxy_calibrated
2022-01-03,47280.01,47575.22,45665.4,46445.81,244781.793,11434725784.02273,15370.184,0.0001,0.0003,,,713880645.7290399,4.269323007929552,78481342990.0,1838262011195.5469,,proxy_calibrated
2022-01-04,46445.8,47524.36,45445.57,45833.42,292149.75,13573606756.16807,17275.287,0.0001,0.0003,,,791785484.69154,4.291821966218018,78388221317.0,1826455569080.2856,,proxy_calibrated
2022-01-05,45833.41,47075.29,42270.0,43421.69,485477.569,21959888820.89765,15976.977,0.0001,0.0003,,,693747342.43113,4.5421597604083965,78502373121.0,1728304975207.2495,,proxy_calibrated
2022-01-06,43421.7,43766.0,42385.83,43080.01,299509.851,12890924257.87606,16322.491,0.0001,0.0003,,,703173075.50491,4.635234433376794,78772213379.0,1699422424285.3235,,proxy_calibrated
2022-01-07,43080.01,43135.0,40456.56,41553.86,473214.849,19783906992.59905,16478.682,0.0001,0.0003,,,684752844.81252,4.8273449013625855,78639572254.0,1629043995422.8853,,proxy_calibrated
2022-01-08,41553.87,42335.0,40500.0,41688.05,283737.224,11779922567.4038,16241.542,0.0001,0.0003,,,677078214.9731001,4.863713277807387,78498478180.0,1613961878431.04,,proxy_calibrated
2022-01-09,41688.05,42773.85,41170.0,41851.22,223134.952,9347759287.48888,16602.316,0.0001,0.0003,,,694827179.42552,4.8071992468211455,78296609765.0,1628736520891.56,,proxy_calibrated
2022-01-10,41851.22,42219.84,39610.0,41801.55,453644.116,18676770270.33546,16902.526,8.174e-05,0.00024522,,,706551785.7153001,4.828648614025337,78054241928.0,1616482129208.635,,proxy_calibrated
2022-01-11,41801.55,43118.0,41255.0,42700.68,323760.691,13657150777.60344,17321.637,9.131333333333336e-05,0.00027394,,,739645678.6131599,4.71742743328246,78481657327.0,1663653727311.1,,proxy_calibrated
2022-01-12,42700.69,44300.0,42415.0,43880.72,281339.294,12189347664.02133,17906.586,-1.6300000000000007e-06,-4.890000000000002e-06,,,785753886.42192,4.583735343918213,78555065237.0,1713778378178.582,,proxy_calibrated
2022-01-13,43880.72,44396.68,42301.16,42534.32,289289.18,12536916955.57177,17247.31399999,-1.1956666666666669e-05,-3.587e-05,,,733602772.8160547,4.727275262756489,78482021770.0,1660195723915.5327,,proxy_calibrated
2022-01-14,42538.72,43450.0,41666.0,43042.4,272517.077,11620761638.67808,18198.255,-5.0776666666666664e-05,-0.00015233,,,783296571.0120001,4.656131149935674,78355483483.0,1682845284203.0127,,proxy_calibrated
2022-01-15,43042.4,43800.0,42530.64,43070.51,184649.157,7962625061.63067,17673.183,4.9810000000000006e-05,0.00014943,,,761193005.1333301,4.652163759114409,78464443412.0,1686622558336.9526,,proxy_calibrated
2022-01-16,43070.51,43464.71,42531.69,43060.66,177450.475,7638792723.4354,17572.264,3.453333333333333e-05,0.0001036,,,756673285.53424,4.635674077797925,78324639023.0,1689606251615.6526,,proxy_calibrated
2022-01-17,43060.66,43159.32,41523.68,42176.34,232748.345,9870740739.62078,16987.142,6.132666666666667e-05,0.00018398,,,716455476.6202799,4.76301875225055,78423364533.0,1646505475040.2688,,proxy_calibrated
2022-01-18,42176.34,42680.0,41260.0,42337.58,267472.465,11189671439.34784,19263.575,9.999333333333336e-05,0.00029998,,,815573147.6485001,4.7749358448931565,78444685550.0,1642842712408.3228,,proxy_calibrated
2022-01-19,42337.58,42545.0,41115.64,41657.89,333952.095,13989826398.11288,18831.95599999,8.324333333333332e-05,0.00024973,,,784499551.5324235,4.856348492348004,78383467334.0,1614041238134.0913,,proxy_calibrated
2022-01-20,41656.9,43495.0,40550.0,40661.69,399818.052,16867468374.30662,19628.126,0.0001,0.0003,,,798112774.69294,4.971817871341366,78380618748.0,1576498189923.7068,,proxy_calibrated
2022-01-21,40662.06,41095.76,35380.92,36425.98,790320.909,30302616543.91132,19525.181,7.583e-05,0.00022749,,,711223852.60238,5.575802635864917,78282598757.0,1403970044661.6836,,proxy_calibrated
2022-01-22,36426.46,36817.74,33950.0,35043.73,676272.904,23906967843.02501,17397.621,4.357e-05,0.00013071,,,609677532.96633,5.808893987527743,78144826788.0,1345261713430.8958,,proxy_calibrated
2022-01-23,35043.73,36496.92,34588.8,36230.01,369372.903,13097400243.75661,16929.567,2.3903333333333335e-05,7.171e-05,,,613358381.70567,5.623670890760456,78448336905.0,1394966711759.192,,proxy_calibrated
2022-01-24,36230.0,37528.0,32853.83,36648.31,823000.702,28523818659.37716,17402.20599999,4.6979999999999994e-05,0.00014094,,,637761440.1714935,5.636050406481256,78310182894.0,1389451428680.377,,proxy_calibrated
2022-01-25,36648.3,37561.03,35693.0,36934.26,409535.517,14967474932.81879,15881.256,2.706e-05,8.118e-05,,,586562438.2305601,5.619085113072224,78669518056.0,1400041403056.584,,proxy_calibrated
2022-01-26,36934.26,38886.58,36232.42,36787.43,554457.384,20858872853.19313,17134.126,-1.7863333333333332e-05,-5.359e-05,,,630320460.83618,5.6042755164728675,78269272661.0,1396599300497.273,,proxy_calibrated
2022-01-27,36787.42,37200.0,35471.53,37131.0,422006.922,15328505621.72229,16385.29499999,-7.536333333333334e-05,-0.00022609,,,608402388.6446288,5.626601383009906,78752828372.0,1399651814855.8054,,proxy_calibrated
2022-01-28,37131.0,38000.0,36149.02,37696.21,367509.143,13594591900.12492,16040.683,3.184e-05,9.552e-05,,,604672954.91143,5.49509223753138,78718773466.0,1432528701308.273,,proxy_calibrated
2022-01-29,37696.22,38750.94,37252.0,38150.01,238657.764,9034176250.23326,17828.88399999,3.7233333333333334e-06,1.117e-05,,,680172102.8884586,5.388928133970851,78249351193.0,1452039241342.4463,,proxy_calibrated
2022-01-30,38150.0,38420.3,37334.83,37870.01,195029.125,7393111440.65068,18611.928,8.392000000000001e-05,0.00025176,,,704833899.47928,5.421817426542974,78366901631.0,1445399124790.6667,,proxy_calibrated
2022-01-31,37870.0,38741.73,36620.0,38439.04,318440.392,11976940218.20276,17742.46,-1.363333333333333e-05,-4.089999999999999e-05,,,682003129.6384,5.310286990411718,78198382293.0,1472582977797.5354,,proxy_calibrated
2022-02-01,38439.04,39260.26,37969.0,38680.51,353354.121,13632595784.2999,20552.782,-1.3809999999999998e-05,-4.1429999999999995e-05,,,794992089.67882,5.224221986079631,78062781790.0,1494247028514.575,,proxy_calibrated
2022-02-02,38680.51,38834.18,36529.81,36892.03,337570.934,12748099870.64242,18816.173,3.216e-05,9.648e-05,,,694166818.8011899,5.444090827005405,78016936425.0,1433057215687.8262,,proxy_calibrated
2022-02-03,36892.05,37395.0,36204.3,37289.86,318656.228,11697089175.17526,18536.682,-2.693666666666667e-05,-8.081000000000001e-05,,,691230276.64452,5.398600273819383,78038075904.0,1445524246024.4216,,proxy_calibrated
2022-02-04,37287.33,41741.76,37011.0,41550.0,520105.77,20278655698.32346,18727.366,9.636666666666669e-06,2.891000000000001e-05,,,778122057.3000001,4.885801044442194,78064010106.0,1597773003769.794,,proxy_calibrated
2022-02-05,41550.0,41922.0,40920.0,41374.69,242184.07,10047968021.9499,19126.97499999,9.152333333333336e-05,0.00027457,,,791372661.2623364,4.890263846314819,78063205577.0,1596298441766.6233,,proxy_calibrated
2022-02-06,41374.68,42656.8,41100.0,42361.35,215323.95,8973046762.87637,18566.804,0.0001,0.0003,,,786514882.6254,4.796730259902811,78062854578.0,1627418060810.067,,proxy_calibrated
2022-02-07,42361.34,44541.16,41609.76,43829.99,418053.774,18066735189.2121,19335.215,-9.586666666666667e-06,-2.876e-05,,,847462280.09785,4.660617647090357,78163472784.0,1677105454741.5574,,proxy_calibrated
2022-02-08,43829.99,45600.0,42641.0,44021.57,468015.421,20510408716.12763,19214.67199999,0.0001,0.0003,,,845860028.4745998,4.6537260651933705,78096593702.0,1678151928324.8777,,proxy_calibrated
2022-02-09,44021.58,44826.0,43089.08,44358.08,300270.062,13182555302.94626,17748.829,6.387333333333332e-05,0.0001916199999999,,,787303976.68832,4.573704590488651,78040221425.0,1706280322242.2864,,proxy_calibrated
2022-02-10,44358.09,45847.5,43136.96,43471.29,563922.075,25056911387.52332,18232.04499999,6.067000000000001e-05,0.00018201,,,792570515.4876153,4.706383666981772,78012911279.0,1657597782057.3665,,proxy_calibrated
2022-02-11,43471.3,43900.0,41914.23,42366.0,414646.193,17859967569.9422,18060.18899999,-2.9953333333333337e-05,-8.986000000000001e-05,,,765137967.1735764,4.881925768120417,78515301962.0,1608285453144.6318,,proxy_calibrated
2022-02-12,42365.99,42980.0,41540.0,42199.87,256269.325,10831014104.34159,17684.40199999,0.0001,0.0003,,,746279465.4273181,4.898358843349157,78510632875.0,1602794637669.2952,,proxy_calibrated
2022-02-13,42199.88,42755.97,41850.0,42041.13,192068.012,8127109308.94153,17776.77699999,7.599333333333332e-05,0.0002279799999999,,,747355792.8375896,4.933962084649066,78531121017.0,1591644193240.403,,proxy_calibrated
2022-02-14,42041.12,42888.0,41526.0,42525.14,303990.933,12843945742.38583,17581.049,6.343e-05,0.00019029,,,747636570.07186,4.875244301256336,78636273860.0,1612970940548.265,,proxy_calibrated
2022-02-15,42525.14,44777.0,42406.23,44529.6,276735.421,12150999143.33453,18337.74299999,2.5673333333333337e-05,7.702e-05,,,816572360.6923548,4.6145697025537435,78558940144.0,1702410955034.9795,,proxy_calibrated
2022-02-16,44529.7,44536.8,43277.8,43860.7,255790.287,11231548897.34829,19849.11699999,0.0001,0.0003,,,870596166.0014614,4.69028757392666,78623518666.0,1676304862479.4067,,proxy_calibrated
2022-02-17,43860.8,44150.0,40020.1,40491.7,433958.984,18306714686.34452,19509.838,0.0001,0.0003,,,789986507.3446,5.056707726683544,78732790424.0,1556997055782.7185,,proxy_calibrated
2022-02-18,40491.8,40944.1,39422.0,39966.8,377679.782,15188089909.73473,20245.847,-1.4323333333333334e-05,-4.297e-05,,,809161717.8796002,5.16029620568917,78772769798.0,1526516437392.758,,proxy_calibrated
2022-02-19,39966.8,40438.7,39610.3,40052.6,185624.675,7424908673.12969,19772.47599999,6.223666666666667e-05,0.00018671,,,791939072.2371995,5.1589788040948985,78727591077.0,1526030520119.8074,,proxy_calibrated
2022-02-20,40052.6,40100.1,37905.0,38368.1,329740.444,12741245042.82211,20004.487,6.956666666666665e-06,2.0869999999999995e-05,,,767534157.6647,5.409934078227307,79138436958.0,1462835513587.8398,,proxy_calibrated
2022-02-21,38367.9,39510.0,36762.0,36986.4,646391.815,24685541251.61848,20257.211,-4.903333333333335e-06,-1.4710000000000008e-05,,,749241308.9304,5.573675280305042,79163080615.0,1420303060975.3691,,proxy_calibrated
2022-02-22,36986.4,38450.0,36310.1,38212.0,465313.497,17408326520.91108,17875.36799999,-1.9883333333333333e-05,-5.965e-05,,,683053562.015618,5.431316372796105,79390647858.0,1461720187313.058,,proxy_calibrated
2022-02-23,38212.1,39250.0,36963.2,37227.8,408056.255,15594144071.8888,20406.088,-6.186000000000001e-05,-0.00018558,,,759673762.8464,5.557151537985978,79377609211.0,1428386623406.1348,,proxy_calibrated
2022-02-24,37227.9,40376.1,34303.7,38315.1,919820.907,33179251056.85041,19323.877,-6.26e-05,-0.0001878,,,740396279.6427,5.4601242804872605,79629945704.0,1458390718111.8933,,proxy_calibrated
2022-02-25,38316.2,39750.0,37999.2,39205.4,416316.366,16181393771.15972,17529.444,5.739333333333333e-05,0.00017218,,,687248863.7976,5.283289663359256,79631571239.0,1507234626775.4724,,proxy_calibrated
2022-02-26,39205.4,40441.1,38561.7,39099.3,251892.201,9879223598.44196,18519.9,8.982e-05,0.00026946,,,724115126.07,5.276142100311167,79474403713.0,1506297635696.9785,,proxy_calibrated
2022-02-27,39099.3,39868.6,36934.6,37672.0,423197.247,16317550913.22295,19244.103,2.2496666666666664e-05,6.748999999999999e-05,,,724963848.216,5.510736026733532,79679402405.0,1445894015217.9573,,proxy_calibrated
2022-02-28,37672.1,44341.0,37414.4,43155.0,615391.161,24659800737.31436,19196.252,-0.0001184633333333,-0.00035539,,,828414255.0600001,4.90063468408689,79854422104.0,1629471022667.7273,,proxy_calibrated
2022-03-01,43155.0,44935.0,42765.4,44394.1,448483.646,19622069856.81384,17100.363,8.123e-05,0.00024369,,,759155225.0583,4.7671352317105775,79537958060.0,1668464480112.087,,proxy_calibrated
2022-03-02,44393.6,45350.0,43321.0,43885.7,407603.721,17988671380.99431,18472.144,6.497666666666666e-05,0.00019493,,,810662969.9408,4.809645740456976,79425591344.0,1651381320580.4546,,proxy_calibrated
2022-03-03,43885.8,44080.0,41831.0,42449.5,365565.832,15701873990.90735,17718.81399999,0.0001,0.0003,,,752154794.8925755,4.995557371054121,79854759317.0,1598515508593.7832,,proxy_calibrated
2022-03-04,42449.6,42525.3,38521.0,39127.7,469138.374,19124060705.42543,18867.157,0.0001,0.0003,,,738228458.9488999,5.369167417290496,79609484426.0,1482715628677.0107,,proxy_calibrated
2022-03-05,39127.7,39580.0,38547.6,39375.1,198747.893,7774650477.29027,18736.512,7.218666666666667e-05,0.00021656,,,737752033.6511999,5.33724706443381,79843809462.0,1495973645178.632,,proxy_calibrated
2022-03-06,39375.0,39690.0,38056.0,38401.1,311705.26,12109833925.17119,19358.353,1.704e-05,5.112e-05,,,743382049.3883,5.492383825876245,79862020238.0,1454050240657.734,,proxy_calibrated
2022-03-07,38401.1,39550.0,37134.0,37963.8,490254.516,18764725860.73588,17968.923,-3.9473333333333334e-05,-0.00011842,,,682168598.9874,5.584168675683615,80091190392.0,1434254497733.1873,,proxy_calibrated
2022-03-08,37963.7,39340.5,37853.0,38709.9,421462.367,16295438564.50412,17951.235,7.792666666666667e-05,0.00023378,,,694890511.7265,5.4502869565217,79896920564.0,1465921357927.7144,,proxy_calibrated
2022-03-09,38709.9,42647.5,38638.7,41937.5,462059.811,19171096064.11704,18888.084,8.925333333333334e-05,0.00026776,,,792119022.75,5.100957668571419,80070927071.0,1569723418101.3066,,proxy_calibrated
2022-03-10,41939.5,42034.3,38512.0,39407.2,520645.186,20592964929.86937,19376.907,3.120333333333333e-05,9.361e-05,,,763589649.5303999,5.378733478371915,80044018130.0,1488157359940.959,,proxy_calibrated
2022-03-11,39407.1,40242.0,38200.1,38713.0,467078.892,18251508270.53395,18275.74299999,-4.424e-05,-0.00013272,,,707508838.7586129,5.470142764368486,80042053180.0,1463253458417.5637,,proxy_calibrated
2022-03-12,38713.1,39578.4,38630.0,38792.6,172494.825,6738409306.12123,19679.482,-2.3466666666666657e-06,-7.039999999999997e-06,,,763418273.4332,5.461501213392876,80132712134.0,1467228679497.4224,,proxy_calibrated
2022-03-13,38792.7,39300.0,37500.0,37743.7,236623.694,9151745126.66911,19278.334,-3.661e-05,-0.00010983,,,727635654.9957999,5.5912387537278985,80116438308.0,1432892456158.901,,proxy_calibrated
2022-03-14,37743.0,39989.0,37522.1,39653.8,360058.358,13971397117.54385,20291.97399999,-4e-05,-0.0001199999999999,,,804653878.6008036,5.3706912708862795,80129528500.0,1491977930929.8652,,proxy_calibrated
2022-03-15,39651.6,39901.8,38073.8,39271.0,345019.243,13464944694.45397,19503.96,6.421e-05,0.00019263,,,765940013.16,5.385148303022682,80072305020.0,1486909932917.826,,proxy_calibrated
2022-03-16,39270.9,41804.0,38700.0,41105.8,650589.661,26187353348.45998,20684.98,8.623666666666666e-05,0.00025871,,,850272650.8840001,5.142974510898961,80062438312.0,1556734106737.884,,proxy_calibrated
2022-03-17,41105.9,41498.4,40442.8,40898.1,243988.794,9978203719.84016,20096.232,0.0001,0.0003,,,821897705.9592,5.141384369413278,80082861271.0,1557612804586.6926,,proxy_calibrated
2022-03-18,40898.0,42322.8,40084.2,41751.5,299134.443,12263436409.42434,21559.34999999,7.220666666666666e-05,0.00021662,,,900135201.5245825,5.013575093427122,80158683653.0,1598832812100.278,,proxy_calibrated
2022-03-19,41751.6,42446.6,41500.0,42188.2,186459.954,7807076596.94564,21402.97,0.0001,0.0003,,,902952778.954,4.995609921324147,80532285250.0,1612061120029.4426,,proxy_calibrated
2022-03-20,42188.2,42269.3,40900.0,41261.0,235774.129,9789547363.38173,21975.788,0.0001,0.0003,,,906742988.668,5.125084368615384,80740243739.0,1575393455636.188,,proxy_calibrated
2022-03-21,41261.0,41544.4,40430.0,40982.0,308396.46,12653661229.586,21230.68999999,2.9843333333333336e-05,8.953e-05,,,870076137.5795902,5.138008819758221,80827449077.0,1573127877207.5654,,proxy_calibrated
2022-03-22,40982.0,43517.7,40852.0,42349.8,374297.674,15892694388.65686,21765.113,0.0001,0.0003,,,921748182.5274,4.9849879060636395,80724926155.0,1619360521553.2783,,proxy_calibrated
2022-03-23,42349.9,43051.0,41731.3,42867.9,282631.74,11938814869.12358,21174.97499999,9.004666666666667e-05,0.00027014,,,907726710.8020716,4.920879563748926,80845440415.0,1642906300950.163,,proxy_calibrated
2022-03-24,42867.8,44200.0,42525.0,43973.4,331440.057,14365660202.82174,20601.45599999,5.19e-06,1.5570000000000002e-05,,,905916065.2699604,4.801288331070078,80751116254.0,1681863505914.521,,proxy_calibrated
2022-03-25,43973.2,45142.0,43575.1,44290.6,348620.122,15463641455.42722,25067.229,5.143000000000001e-05,0.00015429,,,1110242612.7474,4.792390899243755,80927589777.0,1688668380322.867,,proxy_calibrated
2022-03-26,44290.6,44785.0,44041.0,44489.2,140712.587,6243407332.87603,25044.168,4.209333333333333e-05,0.00012628,,,1114194998.9856,4.779828031336877,81291023435.0,1700710211791.1047,,proxy_calibrated
2022-03-27,44489.3,47047.0,44416.0,46820.8,269280.228,12238392163.90325,24516.815,1.0176666666666669e-05,3.053000000000001e-05,,,1147896891.752,4.561834261356899,81304845677.0,1782284077388.1208,,proxy_calibrated
2022-03-28,46820.9,48200.0,46651.2,47121.9,317565.782,15043239939.14575,24049.397,0.0001,0.0003,,,1133253280.4943,4.521697097524513,81196385911.0,1795705996216.6077,,proxy_calibrated
2022-03-29,47121.8,48100.0,46911.0,47418.5,259040.835,12315667516.20554,22643.492,9.864666666666669e-05,0.00029594,,,1073720425.402,4.485667316968225,81349955673.0,1813553032907.1047,,proxy_calibrated
2022-03-30,47418.5,47688.6,46535.0,47053.2,235009.892,11089386781.04892,22876.993,0.0001,0.0003,,,1076435727.0275998,4.529912241744417,81664851060.0,1802791018939.2944,,proxy_calibrated
2022-03-31,47053.1,47619.4,45185.0,45506.0,299837.61,13933431988.82722,23871.592,0.0001,0.0003,,,1086300665.552,4.685450132400457,81930453189.0,1748614345982.277,,proxy_calibrated
2022-04-01,45505.9,46700.0,44206.2,46266.2,360734.553,16398107293.59809,24310.969,8.939666666666668e-05,0.00026819,,,1124776153.9478,4.571407929120384,82044965080.0,1794741715290.0383,,proxy_calibrated
2022-04-02,46266.2,47236.8,45600.0,45794.6,226413.357,10506397608.90616,21957.508,0.0001,0.0003,,,1005535295.8568,4.609000571435166,82105881308.0,1781424845483.011,,proxy_calibrated
2022-04-03,45792.3,47448.0,45501.0,46392.4,212589.013,9869048181.66671,21701.14,0.0001,0.0003,,,1006767967.336,4.548763530664254,82272678352.0,1808682245128.3977,,proxy_calibrated
2022-04-04,46392.3,46895.5,45094.0,46580.9,272796.541,12550005434.18833,22132.218,0.0001,0.0003,,,1030938633.4362,4.543632041831515,82388674421.0,1813277872470.2705,,proxy_calibrated
2022-04-05,46580.9,47188.0,45300.0,45477.4,257524.639,11905271460.90981,23664.437,0.0001,0.0003,,,1076197067.2238002,4.662839167551107,82449008616.0,1768214721832.2712,,proxy_calibrated
2022-04-06,45477.5,45494.2,43100.0,43159.7,384359.375,17045609346.28906,24114.979,9.966e-05,0.00029898,,,1040795259.1463,4.924721719820304,82412689459.0,1673448656546.773,,proxy_calibrated
2022-04-07,43159.8,43888.0,42685.0,43417.1,229567.98,9962663417.59556,22326.346,7.473666666666668e-05,0.00022421,,,969345196.9166,4.879874453024827,82422893105.0,1689037164755.5308,,proxy_calibrated
2022-04-08,43417.1,43968.1,42074.0,42229.2,310095.829,13392061160.35177,22703.959,8.102000000000001e-05,0.00024306,,,958770025.4027998,4.987146197915522,82509660677.0,1654446398854.0493,,proxy_calibrated
2022-04-09,42229.1,42796.7,42100.3,42727.7,119722.654,5079062857.24372,23005.5,9.759666666666667e-05,0.00029279,,,982972102.35,4.923430299488305,82582177981.0,1677330092183.5496,,proxy_calibrated
2022-04-10,42727.8,43399.4,41838.0,42140.4,181904.47,7757900433.72425,23671.285,6.317333333333333e-05,0.00018952,,,997517418.414,4.9948385825890735,82608650899.0,1653880291286.2063,,proxy_calibrated
2022-04-11,42140.3,42399.9,39136.7,39505.6,439530.02,17947558294.57257,23223.552,6.747666666666667e-05,0.00020243,,,917460355.8912,5.322563128901683,82714703438.0,1554038936407.4724,,proxy_calibrated
2022-04-12,39505.6,40700.0,39224.0,40060.7,349883.631,13983036683.03152,22078.71,-7.936e-05,-0.00023808,,,884488577.6969999,5.245984335138049,82634863680.0,1575202257591.672,,proxy_calibrated
2022-04-13,40060.7,41580.0,39569.8,41129.8,324910.931,13171291934.155,23251.34,-8.08e-06,-2.424e-05,,,956322963.932,5.128180524679901,82881751671.0,1616201911616.0784,,proxy_calibrated
2022-04-14,41129.8,41474.8,39522.0,39915.9,261966.391,10618983519.56311,24878.808,4.324666666666666e-05,0.00012974,,,993060012.2472,5.267088598271515,82736682157.0,1570823816864.433,,proxy_calibrated
2022-04-15,39915.9,40888.0,39734.2,40529.5,194680.671,7834169294.24891,25199.067,-4.113666666666667e-05,-0.00012341,,,1021305585.9765,5.209921744117182,82795954521.0,1589197661452.2014,,proxy_calibrated
2022-04-16,40529.6,40700.0,39944.9,40361.0,127705.057,5151896754.87278,24365.947,4.532333333333334e-05,0.00013597,,,983433986.867,5.212069442549021,82766275586.0,1587973385587.1694,,proxy_calibrated
2022-04-17,40360.9,40574.1,39510.0,39649.1,170331.824,6844928574.60225,24450.915,6.852666666666667e-05,0.00020558,,,969456773.9265,5.3105061000054015,82797938661.0,1559134611688.2493,,proxy_calibrated
2022-04-18,39649.1,41310.0,38465.7,40785.6,362435.319,14385834912.73849,25691.76,-8.621333333333333e-05,-0.00025864,,,1047853846.656,5.182070092268968,82811298303.0,1598035086915.258,,proxy_calibrated
2022-04-19,40785.7,41788.0,40543.7,41472.9,214404.271,8812710770.66012,23204.558,3.741e-05,0.00011223,,,962360313.4782,5.103199245886022,82792973865.0,1622373924195.5742,,proxy_calibrated
2022-04-20,41472.9,42166.8,40800.0,41327.7,257382.427,10680662830.57433,24569.34,7.569e-05,0.00022707,,,1015394312.718,5.1271597540094795,82787027489.0,1614676184494.932,,proxy_calibrated
2022-04-21,41326.0,42966.0,39630.0,40449.8,393149.956,16394716249.55895,23511.678,9.699999999999992e-07,2.9099999999999975e-06,,,951042672.7644,5.258764901257651,83021908772.0,1578733986608.6245,,proxy_calibrated
2022-04-22,40449.7,40786.1,39133.0,39674.2,314935.753,12603399105.64393,23281.461,-4.7909999999999994e-05,-0.0001437299999999,,,923673340.0062,5.340579881613414,83120398074.0,1556392749786.7317,,proxy_calibrated
2022-04-23,39674.3,40000.0,39259.0,39415.1,125046.817,4956239492.1091,25466.346,-9.489333333333334e-05,-0.00028468,,,1003758574.2246,5.382683076056246,83182809348.0,1545378172421.5112,,proxy_calibrated
2022-04-24,39413.8,39930.6,38884.1,39433.4,180371.762,7132438711.67396,24982.742,-0.00012401,-0.00037203,,,985154458.3828,5.388060400236535,83198500617.0,1544127096521.5537,,proxy_calibrated
2022-04-25,39433.4,40650.0,38111.0,40411.0,448877.893,17582505297.76194,24628.689,-3.176333333333333e-05,-9.529e-05,,,995269951.179,5.260163616067128,83221428016.0,1582107213581.7373,,proxy_calibrated
2022-04-26,40411.0,40800.0,37671.8,38093.7,453132.198,17745663524.02774,23946.914,0.0001,0.0003,,,912226557.8418,5.566759204284042,83139688331.0,1493502508012.5205,,proxy_calibrated
2022-04-27,38093.7,39470.0,37844.5,39209.0,385645.365,14987444127.37106,26142.567,-7.235333333333334e-05,-0.00021706,,,1025023909.503,5.425384576903551,83214573094.0,1533800450722.9485,,proxy_calibrated
2022-04-28,39209.0,40376.6,38861.8,39732.5,413543.408,16383567774.30766,25111.41,-4.199999999999998e-06,-1.2599999999999996e-05,,,997739097.825,5.3501126108235875,83154011772.0,1554247878890.897,,proxy_calibrated
2022-04-29,39732.5,39924.8,38160.0,38572.2,308116.375,12006054616.68173,24302.04,7.542666666666667e-05,0.00022628,,,937383147.288,5.518052628498676,83139556788.0,1506682925759.267,,proxy_calibrated
2022-04-30,38572.2,38782.6,37550.0,37614.5,181810.382,6968090176.2822,25487.655,3.6366666666666673e-06,1.0910000000000002e-05,,,958705398.9975,5.6659424434969035,83229249235.0,1468939193523.3394,,proxy_calibrated
2022-05-01,37614.4,38680.6,37350.0,38440.5,236549.462,9004710658.66057,25602.502,4.166e-05,0.00012498,,,984172978.131,5.542681170072231,83424696945.0,1505132523145.1628,,proxy_calibrated
2022-05-02,38440.2,39222.0,38032.2,38525.6,336845.365,13024319963.6059,25042.064,9.666666666666668e-05,0.00029,,,964760540.8384,5.506883299495989,83267550080.0,1512063095428.606,,proxy_calibrated
2022-05-03,38525.5,38674.7,37500.1,37712.9,248986.222,9498898382.60297,25488.916,0.0001,0.0003,,,961260940.2164,5.617504398648223,83147512568.0,1480150377594.8682,,proxy_calibrated
2022-05-04,37713.0,40071.7,37655.2,39684.0,424498.818,16546422734.7687,30687.462,7.501333333333334e-05,0.00022504,,,1217801242.008,5.356143066228527,83241023586.0,1554122482479.045,,proxy_calibrated
2022-05-05,39684.1,39845.0,35388.0,36534.7,547209.0,20498697692.95448,27620.855,0.0001,0.0003,,,1009119651.1685,5.754251257543284,83185453774.0,1445634715115.2231,,proxy_calibrated
2022-05-06,36533.7,36679.3,35200.0,35995.3,431979.24,15553837185.83251,26170.882,-4.999e-05,-0.00014997,,,942028748.8546,5.84840994698885,83270750871.0,1423818638327.0432,,proxy_calibrated
2022-05-07,35995.2,36138.0,34700.0,35466.7,200264.833,7130599918.44936,26416.054,4.793333333333334e-06,1.438e-05,,,936890262.4018,5.940982223583412,83284503885.0,1401864216229.9792,,proxy_calibrated
2022-05-08,35466.7,35504.0,33665.0,34032.0,426872.584,14710577345.50726,28121.388,5.7803333333333336e-05,0.00017341,,,957027076.416,6.182635637401095,83355823233.0,1348224739765.5005,,proxy_calibrated
2022-05-09,34032.1,34243.3,30003.6,30056.6,1078779.712,34585085018.41368,27333.545,0.0001,0.0003,,,821553428.647,6.915409330447327,83246318700.0,1203780061629.63,,proxy_calibrated
2022-05-10,30056.0,32650.0,29701.4,31002.1,863178.961,27002792322.99196,25037.507,0.0001,0.0003,,,776215295.7647,6.6808523555859685,83173635948.0,1244955456596.151,,proxy_calibrated
2022-05-11,31002.1,32197.6,27651.0,29074.7,1101875.972,33432659604.67081,23524.905,3.669e-05,0.00011007,,,683979555.4035,7.151538852911882,82690895711.0,1156267167273.109,,proxy_calibrated
2022-05-12,29077.9,30257.0,26631.0,29020.7,964475.589,27412613954.5816,24956.449,-0.0002514866666666,-0.00075446,,,724253619.4943,7.025936078180475,79485744715.0,1131318927905.5415,,proxy_calibrated
2022-05-13,29020.8,31072.6,28730.4,29274.3,507620.105,15321440645.11955,21855.358,-5.623333333333333e-06,-1.687e-05,,,639800306.6994,6.940285060496855,79485744715.0,1145280691241.6594,,proxy_calibrated
2022-05-14,29274.2,30352.2,28602.3,30079.8,315756.895,9273623685.28461,24577.792,0.0001,0.0003,,,739295067.8016,6.5640628190645955,76734593140.0,1169010645619.2473,,proxy_calibrated
2022-05-15,30079.5,31462.0,29448.0,31324.4,336773.139,10189057495.68176,23701.683,9.114333333333334e-05,0.00027343,,,742440998.9652001,6.248968701402552,75778562416.0,1212657096506.05,,proxy_calibrated
2022-05-16,31324.3,31327.4,29052.3,29866.7,507243.166,15148324200.34817,25181.688,7.941e-05,0.00023823,,,752093920.9896,6.546682023285984,75778562416.0,1157510967333.7146,,proxy_calibrated
2022-05-17,29866.4,30794.0,29420.0,30437.0,398624.519,12050567026.40218,23968.618,4.665e-05,0.00013995,,,729532826.066,6.409839880831556,75778562416.0,1182222392834.0806,,proxy_calibrated
2022-05-18,30437.0,30700.0,28629.6,28700.6,426700.457,12571901286.27471,23735.661,-3.2720000000000005e-05,-9.816e-05,,,681227712.0965999,6.690416264581836,74235444120.0,1109578854054.1558,,proxy_calibrated
2022-05-19,28700.6,30550.0,28670.5,30319.9,448856.724,13313042275.77401,26267.688,4.249333333333333e-05,0.00012748,,,796433673.3912,6.36525605908971,74239609934.0,1166325584467.0127,,proxy_calibrated
2022-05-20,30319.9,30784.4,28702.0,29188.9,485439.171,14409462581.90292,28495.639,0.0001,0.0003,,,831756357.2071,6.576162068649695,74227359934.0,1128733737993.7983,,proxy_calibrated
2022-05-21,29188.9,29650.0,28927.0,29427.4,202804.089,5951830742.03713,27392.165,6.699999999999998e-07,2.0099999999999994e-06,,,806080196.3210001,6.4533245777389325,73301536761.0,1135872461984.2822,,proxy_calibrated
2022-05-22,29427.4,30500.0,29223.6,30284.0,297116.44,8892178256.39475,26583.367,3.1156666666666666e-05,9.347e-05,,,805050686.2279999,6.276107278454151,73301536752.0,1167945885878.08,,proxy_calibrated
2022-05-23,30284.0,30658.0,28840.7,29097.7,475720.75,14259460842.85488,28609.711,0.0001,0.0003,,,832476787.7647,6.5011405003513625,73301536752.0,1127518113906.9111,,proxy_calibrated
2022-05-24,29097.8,29887.3,28637.6,29643.1,382124.449,11175809569.67527,28827.597,-3.385333333333333e-05,-0.0001015599999999,,,854539340.6307,6.418370151219284,73301536751.0,1142058420190.6003,,proxy_calibrated
2022-05-25,29643.0,30246.7,29330.0,29536.7,413459.484,12302779677.74162,27723.944,7.893e-05,0.00023679,,,818873816.7448,6.465563162769462,73301536751.0,1133722382809.4502,,proxy_calibrated
2022-05-26,29536.7,29877.0,27952.1,29194.0,602137.086,17570547237.68192,27190.388,6.079e-05,0.00018237,,,793796187.272,6.654156843658217,73301536751.0,1101590155946.8118,,proxy_calibrated
2022-05-27,29194.0,29387.0,28259.6,28623.2,506638.884,14627232915.19134,27612.94,0.0001,0.0003,,,790370704.208,6.803937832427125,73301737670.0,1077342848734.5768,,proxy_calibrated
2022-05-28,28623.3,29265.7,28520.0,29018.8,193644.283,5593154078.34822,27511.062,9.570666666666668e-05,0.00028712,,,798338005.9656,6.618026587372659,72563691346.0,1096455119785.3016,,proxy_calibrated
2022-05-29,29018.8,29595.2,28825.0,29452.8,215139.934,6278945105.68035,28647.006,0.0001,0.0003,,,843734538.3168,6.534221835519861,72563691346.0,1110517719976.167,,proxy_calibrated
2022-05-30,29452.6,32307.6,29301.1,31726.5,502712.176,15459298501.15428,30332.857,0.0001,0.0003,,,962355387.6105,6.066690430413942,72563691346.0,1196100117161.39,,proxy_calibrated
2022-05-31,31726.5,32427.5,31222.0,31797.8,383688.265,12177347048.90632,27786.143,0.0001,0.0003,,,883538217.8853999,6.1023714455794735,72563691346.0,1189106431706.3943,,proxy_calibrated
2022-06-01,31797.9,31986.1,29300.0,29796.9,556992.756,17126731271.82858,28583.319,0.0001,0.0003,,,851694297.9111,6.479569317017187,72564891346.0,1119903002741.6174,,proxy_calibrated
2022-06-02,29796.9,30750.0,29566.1,30437.1,370924.687,11143387488.16196,27211.704,9.733333333333334e-06,2.92e-05,,,828245355.8184,6.380653179051689,72643774670.0,1138500599100.0522,,proxy_calibrated
2022-06-03,30437.1,30693.2,29220.0,29682.8,357110.377,10664927716.29938,27905.107,7.009999999999998e-06,2.1029999999999993e-05,,,828301710.0596,6.534972078270402,72564891346.0,1110408590532.2734,,proxy_calibrated
2022-06-04,29682.8,29988.0,29456.0,29848.4,187520.534,5568229841.96672,28876.621,3.523666666666666e-05,0.0001057099999999,,,861920934.2564,6.484104012547488,72569891345.0,1119196903759.855,,proxy_calibrated
2022-06-05,29848.5,30250.0,29524.0,29909.9,205385.831,6129273442.52063,29202.285,3.979666666666667e-05,0.00011939,,,873437424.1215,6.473536929727092,72569891345.0,1121023825657.8442,,proxy_calibrated
2022-06-06,29910.0,31780.0,29876.2,31361.2,436522.874,13627289855.03024,29798.281,8.564e-05,0.00025692,,,934509850.0972,6.226233583585377,72569891345.0,1165550414560.75,,proxy_calibrated
2022-06-07,31361.2,31599.0,29190.0,31118.1,691714.985,20938600076.18326,33716.49,-1.3129999999999998e-05,-3.9389999999999994e-05,,,1049193107.469,6.288261273779561,72446991345.0,1152098937858.791,,proxy_calibrated
2022-06-08,31118.0,31325.0,29825.0,30192.5,455686.637,13872254798.76627,29370.48,0.0001,0.0003,,,886768217.4,6.4354825037405305,72446991345.0,1125742961819.743,,proxy_calibrated
2022-06-09,30192.6,30691.9,29914.5,30093.3,307312.175,9291136221.99843,27062.9,9.702e-05,0.00029106,,,814411968.57,6.452914300712894,72456991345.0,1122856866966.2205,,proxy_calibrated
2022-06-10,30093.4,30374.1,28805.0,29077.7,445928.659,13179453292.83278,30043.664,7.597333333333333e-05,0.00022792,,,873600648.6928,6.727775430527408,72523923241.0,1077977765308.8916,,proxy_calibrated
2022-06-11,29077.7,29427.9,28080.0,28416.7,391367.814,11234144827.43019,32970.495,2.9156666666666668e-05,8.747e-05,,,936912665.2665,6.964871656491796,72521423239.0,1041245651259.122,,proxy_calibrated
2022-06-12,28416.6,28530.3,26538.7,26564.7,560834.131,15462378090.80452,32884.795,3.6673333333333333e-05,0.00011002,,,873574713.7365,7.40088330232093,72521423239.0,979902266750.4722,,proxy_calibrated
2022-06-13,26564.7,26877.0,21900.0,22471.5,1622521.56,39289035377.13508,32028.68,6.180000000000001e-06,1.854e-05,,,719732482.62,8.583073085446253,72320423093.0,842593583592.2094,,proxy_calibrated
2022-06-14,22471.4,23424.2,20823.0,22122.7,1247609.796,27599590726.80712,28179.28,-3.711666666666666e-05,-0.00011135,,,623401757.656,8.599266797003448,71625572083.0,832926501454.276,,proxy_calibrated
2022-06-15,22122.7,22800.0,20100.2,22567.5,1509301.169,32006546659.5817,29337.763,-3.3276666666666666e-05,-9.983e-05,,,662079966.5024999,8.365662258742335,70896956466.0,847475720071.1854,,proxy_calibrated
2022-06-16,22567.5,23000.0,20222.0,20387.4,882634.22,18813838459.83841,29305.906,-1.6386666666666667e-05,-4.916e-05,,,597471227.9844,9.149680796793682,70065257821.0,765767236880.5798,,proxy_calibrated
2022-06-17,20387.4,21388.0,20228.0,20457.3,776153.257,16088733040.23459,32105.458,-2.2053333333333335e-05,-6.616e-05,,,656790985.9433999,9.00154673830788,69250758856.0,769320660873.6426,,proxy_calibrated
2022-06-18,20457.3,20768.4,17593.2,18959.7,1268591.388,24038549203.46261,31865.408,5.7193333333333333e-05,0.00017158,,,604158576.0576,9.527797358523236,68257437389.0,716403118375.9304,,proxy_calibrated
2022-06-19,18959.7,20821.0,17935.9,20564.2,1089275.674,21080192131.22859,32627.451,2.3076666666666665e-05,6.923e-05,,,670957427.8542,8.774845007667375,68199671483.0,777217961381.7427,,proxy_calibrated
2022-06-20,20564.3,21099.9,19630.0,20570.1,935816.13,19052030813.46172,32230.156,2.1376666666666665e-05,6.413e-05,,,662977531.9355999,8.744638192105313,67950741493.0,777056065674.0051,,proxy_calibrated
2022-06-21,20570.0,21740.0,20337.8,20713.1,787173.936,16577758368.34692,33188.485,5.665e-05,0.00016995,,,687436408.6535,8.659855574783982,67521526405.0,779707303683.1138,,proxy_calibrated
2022-06-22,20713.1,20888.0,19745.7,19977.4,812184.193,16485504375.38122,33007.464,-1.4813333333333334e-05,-4.444e-05,,,659403311.3136001,8.948146522069692,67007466804.0,748841859470.3708,,proxy_calibrated
2022-06-23,19977.5,21250.0,19874.0,21096.6,698753.04,14372398242.68264,34512.27199999,-1.7016666666666666e-05,-5.1049999999999994e-05,,,728091597.4749889,8.465920626411473,67006166804.0,791481160300.0171,,proxy_calibrated
2022-06-24,21096.6,21563.5,20732.5,21231.2,645450.778,13621335706.92468,34801.992,8.668666666666667e-05,0.00026006,,,738888052.5504,8.297736330184474,67003866803.0,807495733014.0952,,proxy_calibrated
2022-06-25,21231.2,21627.6,20894.0,21481.9,434117.447,9228742005.28791,35044.728,7.540333333333334e-05,0.00022621,,,752827342.4232001,8.194708845618603,66893892036.0,816305902945.7234,,proxy_calibrated
2022-06-26,21481.9,21888.0,20952.0,21029.1,442787.736,9467563440.88587,37267.449,6.889666666666667e-05,0.00020669,,,783700911.7659,8.381528847504327,66893892036.0,798110860835.5889,,proxy_calibrated
2022-06-27,21029.1,21560.0,20500.0,20730.0,539335.009,11319059806.09479,35260.621,5.8183333333333336e-05,0.00017455,,,730952673.3299999,8.46904509854027,66893702036.0,789861209353.2225,,proxy_calibrated
2022-06-28,20730.0,21198.0,20188.0,20268.6,582916.108,12074564681.68627,37932.282,-1.921333333333333e-05,-5.764e-05,,,768834250.9452,8.674508852352291,66861361158.0,770779790487.7233,,proxy_calibrated
2022-06-29,20268.7,20430.0,19817.2,20109.9,608905.99,12250941435.49509,39961.151,5.947333333333333e-05,0.00017842,,,803614750.4949,8.797156687949887,66851361158.0,759920091562.8937,,proxy_calibrated
2022-06-30,20109.9,20165.0,18563.0,19923.5,859981.415,16548226768.84932,38535.542,-6.904666666666666e-05,-0.0002071399999999,,,767762871.0370001,8.866278259310345,66535427995.0,750432436802.1289,,proxy_calibrated
2022-07-01,19923.3,20926.4,18948.8,19272.0,915399.363,17973277787.04804,36876.205,-4.5803333333333336e-05,-0.00013741,,,710678222.76,9.062271115623096,66352543726.0,732184491938.3411,,proxy_calibrated
2022-07-02,19272.0,19456.0,18959.0,19240.9,382851.525,7361597905.72379,33909.391,1.475e-05,4.425e-05,,,652447201.2919002,9.099913819797628,66705660402.0,733036177297.3743,,proxy_calibrated
2022-07-03,19241.0,19645.4,18780.1,19305.9,449508.331,8622450486.1063,36018.535,5.2e-05,0.000156,,,695370234.8565001,9.065120865355198,66703760402.0,735828693216.0651,,proxy_calibrated
2022-07-04,19306.0,20350.0,19046.3,20226.6,633310.187,12445691915.01023,34340.46,4.89e-05,0.0001467,,,694590748.236,8.637540484309296,66554981805.0,770531633697.1367,,proxy_calibrated
2022-07-05,20226.3,20749.2,19291.6,20170.0,854238.867,17057063374.95285,39371.294,5.137e-05,0.00015411,,,794118999.98,8.681302912586865,66516981805.0,766209663166.5533,,proxy_calibrated
2022-07-06,20170.1,20667.6,19753.0,20554.1,682076.458,13764942073.2418,36371.27199999,9.457666666666668e-05,0.00028373,,,747578761.8149945,8.475006102195893,66467721853.0,784279339170.9542,,proxy_calibrated
2022-07-07,20554.2,21830.0,20244.9,21613.4,699841.616,14673528816.01675,38891.154,8.424666666666666e-05,0.00025274,,,840570067.8636001,8.119754165514589,66467721853.0,818592786162.1117,,proxy_calibrated
2022-07-08,21614.5,22579.9,21175.2,21587.9,848144.495,18441993286.35933,46358.549,6.737333333333334e-05,0.00020212,,,1000783719.9571,8.16214908605236,66465721853.0,814316439852.562,,proxy_calibrated
2022-07-09,21587.8,22000.0,21309.6,21580.0,393372.366,8503827622.59832,39853.226,8.714333333333334e-05,0.00026143,,,860032617.08,8.15908691989079,66464371853.0,814605512915.5265,,proxy_calibrated
2022-07-10,21580.0,21594.2,20600.0,20853.8,468176.539,9870330890.15699,40825.16199999,9.987333333333332e-05,0.00029962,,,851359763.3153914,8.424668307903612,66464371853.0,788925681390.2854,,proxy_calibrated
2022-07-11,20853.8,20853.9,19870.0,19954.3,561245.987,11469156941.09009,41183.987,6.759666666666666e-05,0.00020279,,,821797631.7941,8.799775194039354,66464371853.0,755296247772.5629,,proxy_calibrated
2022-07-12,19954.3,20048.9,19228.3,19322.9,640560.723,12632186362.87899,40119.233,5.7010000000000005e-05,0.00017103,,,775219927.3357,9.098468181139785,66464371853.0,730500679122.822,,proxy_calibrated
2022-07-13,19322.9,20401.6,18901.0,20220.1,975938.165,19099701219.32481,43401.93,-6.016666666666666e-06,-1.805e-05,,,877591364.793,8.685568896786906,66424371853.0,764767082528.96,,proxy_calibrated
2022-07-14,20220.1,20900.0,19600.0,20578.6,765989.53,15457229421.45097,40181.489,4.5026666666666674e-05,0.00013508,,,826878789.5353999,8.447961629179717,66404371853.0,786040168833.5764,,proxy_calibrated
2022-07-15,20578.6,21200.0,20364.3,20823.1,626763.692,13043523984.48886,42234.786,4.086333333333333e-05,0.00012259,,,879459172.3565999,8.314843147011553,66349759464.0,797967662058.025,,proxy_calibrated
2022-07-16,20823.1,21580.0,20471.0,21183.5,539206.87,11321826058.55016,43634.784,4.950333333333333e-05,0.00014851,,,924337446.864,8.027629642145234,66349759464.0,826517445643.7588,,proxy_calibrated
2022-07-17,21183.6,21674.1,20742.0,20794.4,485537.728,10308826275.78109,41503.08999999,8.915666666666667e-05,0.00026747,,,863031854.6957921,8.149347582435098,66349759464.0,814172653612.2797,,proxy_calibrated
2022-07-18,20794.4,22800.0,20764.4,22423.9,982867.734,21581852762.64478,42265.324,0.0001,0.0003,,,947753398.8436,7.434739745634936,66369719504.0,892697280264.1385,,proxy_calibrated
2022-07-19,22423.5,23817.9,21575.0,23385.9,1124029.082,25470793400.12995,40066.57499999,0.0001,0.0003,,,936992916.2922662,7.285448138107359,66339719504.0,910578433150.908,,proxy_calibrated
2022-07-20,23385.9,24277.0,22912.4,23221.5,946647.815,22329424219.08293,44390.037,9.372666666666669e-05,0.00028118,,,1030803244.1955,7.341582276826277,66319719504.0,903343679922.22,,proxy_calibrated
2022-07-21,23221.5,23441.1,22340.2,23144.5,723543.466,16553246183.50506,40376.461,0.0001,0.0003,,,934493001.6145,7.288518723827662,66319719504.0,909920410675.3164,,proxy_calibrated
2022-07-22,23144.5,23750.0,22500.0,22675.1,633907.934,14697003018.10593,41886.168,8.390666666666666e-05,0.00025172,,,949773048.0168,7.432577576612622,66284219403.0,891806627240.1945,,proxy_calibrated
2022-07-23,22675.0,22990.0,21933.5,22440.2,505887.673,11353416591.58139,41657.341,6.688e-05,0.00020064,,,934799063.5082,7.46365679532267,66284219403.0,888093078509.9744,,proxy_calibrated
2022-07-24,22440.1,22999.0,22256.4,22570.6,462958.953,10486872827.38728,41955.436,7.354333333333333e-05,0.0002206299999999,,,946959363.7816,7.371763492717223,66284219403.0,899163673230.7552,,proxy_calibrated
2022-07-25,22570.6,22656.8,21232.0,21300.0,695770.655,15241930778.39496,41913.581,4.519e-05,0.00013557,,,892759275.3,7.864554098733032,66289219402.0,842885922962.6139,,proxy_calibrated
2022-07-26,21300.0,21334.4,20689.6,21241.0,552498.903,11607460262.67674,41353.061,7.437666666666666e-05,0.0002231299999999,,,878380368.701,7.866533639202103,66289219402.0,842673818512.059,,proxy_calibrated
2022-07-27,21241.0,23100.0,21031.0,22941.1,753370.303,16528529868.30713,43215.116,4.209e-05,0.00012627,,,991402297.6676,7.2495989771012175,66289219401.0,914384638521.1506,,proxy_calibrated
2022-07-28,22941.1,24194.6,22583.1,23836.2,756741.836,17665500374.48079,42899.763,9.743e-05,0.00029229,,,1022567330.8206,6.972743072906882,66279219400.0,950547276831.8812,,proxy_calibrated
2022-07-29,23836.2,24500.0,23426.3,23771.1,642337.051,15337312726.27532,39677.284,0.0001,0.0003,,,943172685.6924,6.995130243678941,66366919400.0,948758880650.8872,,proxy_calibrated
2022-07-30,23771.0,24700.0,23505.0,23629.9,493824.816,11889274245.47064,41663.975,0.0001,0.0003,,,984515562.8525,7.062235880249473,66489919400.0,941485395382.3368,,proxy_calibrated
2022-07-31,23630.0,24187.3,23222.0,23290.1,385969.85,9142633001.95407,40437.955,8.760333333333334e-05,0.00026281,,,941804015.7455,7.1627332502319545,66630919400.0,930244322554.414,,proxy_calibrated
2022-08-01,23290.1,23497.0,22836.2,23257.6,498378.292,11554380879.33471,39818.646,8.816333333333335e-05,0.00026449,,,926086141.2096,7.227457003805976,66630919400.0,921913743172.9056,,proxy_calibrated
2022-08-02,23257.6,23448.7,22603.0,22975.1,625227.912,14363033396.88062,41001.408,8.539333333333333e-05,0.00025618,,,942011448.9408,7.293058697476411,66740569600.0,915124536473.208,,proxy_calibrated
2022-08-03,22975.1,23650.0,22665.3,22801.5,569261.768,13201647982.58276,39098.563,2.5e-06,7.499999999999999e-06,,,891505884.2445,7.353848379647626,66845569599.0,908987595991.244,,proxy_calibrated
2022-08-04,22801.5,23211.3,22370.0,22608.9,548268.816,12515146172.92225,42528.898,1.0076666666666666e-05,3.023e-05,,,961531601.9922,7.407105382633908,66859367154.0,902638260159.6704,,proxy_calibrated
2022-08-05,22608.9,23450.0,22580.6,23298.1,593992.13,13716626797.39787,40742.567,3.527e-05,0.0001058099999999,,,949224400.2227,7.116008406843441,66909367154.0,940265431525.5376,,proxy_calibrated
2022-08-06,23298.0,23341.8,22883.6,22943.3,227659.394,5272174727.75062,38337.008,8.492333333333335e-05,0.00025477,,,879577475.6464,7.2409521053810115,66909367154.0,924041012566.2516,,proxy_calibrated
2022-08-07,22943.2,23400.0,22830.9,23167.8,271512.062,6267656688.48691,40483.932,3.888e-05,0.00011664,,,937923639.7896,7.18576706365408,66909367154.0,931137435451.1222,,proxy_calibrated
2022-08-08,23167.9,24243.0,23153.1,23804.4,565084.219,13485945119.50385,40278.934,7.596666666666667e-05,0.0002279,,,958815856.5096,6.976456015281324,66909367153.0,959073876570.5798,,proxy_calibrated
2022-08-09,23804.3,23913.4,22850.0,23140.2,498286.943,11634879431.41769,43666.475,9.306666666666667e-05,0.0002792,,,1010450964.795,7.187284688075438,66909367153.0,930940821977.048,,proxy_calibrated
2022-08-10,23140.1,24235.2,22608.0,23940.9,760738.204,17921041663.21249,47001.313,2.9023333333333337e-05,8.707e-05,,,1125253734.4017,6.869047356324157,66950804389.0,974673792681.8936,,proxy_calibrated
2022-08-11,23941.0,24972.0,23840.6,23917.2,760455.245,18562187367.96329,40009.223,7.372333333333333e-05,0.00022117,,,956908588.3356,6.866611574251415,67190804388.0,978514710806.618,,proxy_calibrated
2022-08-12,23917.3,24438.8,23560.0,24387.5,477734.045,11446334088.8081,42131.553,2.3506666666666663e-05,7.052e-05,,,1027483248.7875,6.7152628305018744,67332804384.0,1002683083053.1736,,proxy_calibrated
2022-08-13,24387.5,24879.0,24267.5,24429.0,431093.659,10577167655.58233,41094.917,2.35e-05,7.049999999999999e-05,,,1003907727.393,6.694156483420984,67470804384.0,1007905993101.6088,,proxy_calibrated
2022-08-14,24429.0,25065.0,24138.0,24294.1,437314.32,10730828908.19903,43853.888,1.1006666666666666e-05,3.302e-05,,,1065390740.4608,6.789881947717815,67717804384.0,997334046533.1804,,proxy_calibrated
2022-08-15,24294.1,25200.0,23762.0,24085.2,739390.721,17992336053.67933,44166.003,-1.3426666666666666e-05,-4.028e-05,,,1063747015.4556,6.8358502109241694,67409100679.0,986111436018.2368,,proxy_calibrated
2022-08-16,24085.2,24234.0,23650.0,23843.0,460919.994,11027935215.31227,43589.338,2.0896666666666663e-05,6.269e-05,,,1039300585.934,6.9169859911561735,67560100679.0,976727446974.4492,,proxy_calibrated
2022-08-17,23843.0,24437.0,23170.0,23333.1,640600.903,15186136927.96825,44748.432,3.364e-05,0.00010092,,,1044119638.6992,7.056462146233612,67560100679.0,957421711885.1864,,proxy_calibrated
2022-08-18,23333.1,23595.0,23101.0,23185.1,347699.006,8134736996.02001,49470.213,8.520666666666668e-05,0.00025562,,,1146971835.4263,7.0677106160390055,67543600679.0,955664490927.5278,,proxy_calibrated
2022-08-19,23185.0,23200.0,20760.0,20824.9,906609.825,19700159303.89833,50311.426,1.787333333333334e-05,5.362000000000002e-05,,,1047730415.3074,7.857561959710158,67543600678.0,859599975467.3456,,proxy_calibrated
2022-08-20,20825.0,21368.9,20742.9,21127.8,490507.042,10362322320.64405,47004.441,-3.406333333333333e-05,-0.00010219,,,993100428.5598,7.836110975032478,67543700675.0,861954366014.068,,proxy_calibrated
2022-08-21,21127.7,21804.6,21055.0,21505.6,424282.424,9076418907.61454,46321.617,-2.9266666666666665e-05,-8.779999999999999e-05,,,996174166.5552,7.692716564218486,67543700675.0,878021438995.5476,,proxy_calibrated
2022-08-22,21505.6,21550.0,20858.6,21387.0,588764.597,12492356305.43505,45900.81,-2.428666666666667e-05,-7.286e-05,,,981680623.47,7.709051141187426,67543700675.0,876161014344.9669,,proxy_calibrated
2022-08-23,21387.0,21667.2,20874.8,21518.2,609745.27,13030512975.03382,46228.854,-2.1766666666666663e-05,-6.53e-05,,,994761726.1428,7.625572287252818,67543700675.0,885752545915.911,,proxy_calibrated
2022-08-24,21518.2,21925.6,21132.3,21354.9,502728.198,10795887952.94642,48323.707,-1.7939999999999998e-05,-5.382e-05,,,1031947930.6143,7.672151465292505,67543700675.0,880374963666.399,,proxy_calibrated
2022-08-25,21355.0,21810.9,21295.3,21548.3,415757.992,8976368825.999,48510.306,2.052e-05,6.156e-05,,,1045314626.7798,7.578541895419861,67543700675.0,891249287885.0542,,proxy_calibrated
2022-08-26,21548.3,21867.6,20100.0,20228.7,896474.356,18923645109.31387,47251.257,1.3663333333333334e-05,4.099e-05,,,955831502.4759,8.157127889625258,67637693999.0,829185160686.5919,,proxy_calibrated
2022-08-27,20228.7,20367.7,19744.0,20023.9,469598.024,9430185077.10662,49138.574,-4.498e-05,-0.00013494,,,983945891.9186,8.224246796157622,67543810675.0,821276553939.9492,,proxy_calibrated
2022-08-28,20024.0,20155.0,19508.0,19547.5,386405.195,7703477819.25788,50189.708,-4.199e-05,-0.00012597,,,981083317.13,8.448972828948337,67543810675.0,799432215518.2896,,proxy_calibrated
2022-08-29,19547.5,20440.0,19539.4,20275.5,598076.669,11969489778.36106,51414.898,-9.957333333333332e-05,-0.00029872,,,1042462764.399,8.068716863640704,67543810675.0,837107210681.3698,,proxy_calibrated
2022-08-30,20275.5,20574.0,19524.4,19803.1,767714.993,15387324341.7651,51646.799,-2.712e-05,-8.136e-05,,,1022766725.2769,8.226754256383158,67548911675.0,821088239296.666,,proxy_calibrated
2022-08-31,19803.2,20496.0,19787.9,20041.5,711639.339,14364997156.93659,51247.133,2.88e-05,8.64e-05,,,1027069416.0195,8.121861179590908,67548911675.0,831692517039.5781,,proxy_calibrated
2022-09-01,20041.4,20198.3,19555.0,20122.5,691594.721,13771147297.87754,47976.621,5.095333333333333e-05,0.00015286,,,965409556.0725,8.053039107434687,67549551675.0,838808191216.124,,proxy_calibrated
2022-09-02,20122.6,20434.3,19736.0,19941.0,669047.816,13442087838.13621,52516.424,3.948666666666667e-05,0.00011846,,,1047230010.984,8.113161058284796,67549551675.0,832592268164.348,,proxy_calibrated
2022-09-03,19941.0,20050.0,19628.7,19820.7,285240.989,5652779448.41072,50015.994,3.452666666666666e-05,0.00010358,,,991352012.2758,8.17019334082803,67549551675.0,826780332571.1018,,proxy_calibrated
2022-09-04,19820.7,20022.4,19570.0,19992.7,396798.184,7853749068.4689,54644.719,2.7233333333333332e-05,8.17e-05,,,1092495473.5513,8.094598821061076,67549551675.0,834501538226.2676,,proxy_calibrated
2022-09-05,19992.7,20046.7,19620.2,19784.9,446706.41,8837636837.41192,54697.632,4.089e-05,0.00012267,,,1082187179.3568,8.085769704901866,67549551675.0,835412757724.8358,,proxy_calibrated
2022-09-06,19784.9,20174.7,18600.0,18781.5,945489.142,18444352721.94751,55555.049,1.1903333333333332e-05,3.571e-05,,,1043407152.7935,8.430618608185666,67544851675.0,801184999750.9989,,proxy_calibrated
2022-09-07,18781.4,19455.0,18500.0,19287.0,595636.693,11283513643.93365,57254.058,-3.1173333333333335e-05,-9.352e-05,,,1104259016.646,8.187557556688349,67544851675.0,824969488242.8419,,proxy_calibrated
2022-09-08,19287.0,19450.0,19003.8,19309.3,537268.644,10329897060.9389,55672.924,3.2046666666666666e-05,9.614e-05,,,1075005191.3932,8.174256453582817,67544851675.0,826311873851.1654,,proxy_calibrated
2022-09-09,19309.3,21666.0,19283.0,21352.0,992497.1,20595406252.57019,56413.588,7.104000000000001e-05,0.00021312,,,1204542930.976,7.586099596980731,67545351175.0,890383131825.5176,,proxy_calibrated
2022-09-10,21352.0,21825.0,21112.2,21639.5,491543.206,10528881955.93716,54256.939,9.921333333333332e-05,0.00029764,,,1174093031.4905,7.452927912963078,67545351175.0,906292828319.412,,proxy_calibrated
2022-09-11,21639.5,21883.4,21336.0,21820.3,420979.326,9093590170.7937,52368.523,7.942333333333334e-05,0.00023827,,,1142696882.4169,7.436568679352962,67651351175.0,909711912737.7732,,proxy_calibrated
2022-09-12,21820.3,22474.0,21540.0,22386.0,818601.932,18100462871.90017,53128.006,9.415333333333334e-05,0.00028246,,,1189323542.316,7.392201981900238,67723351175.0,916145843157.698,,proxy_calibrated
2022-09-13,22386.0,22850.0,19840.0,20162.5,1218769.927,26055120562.0565,53239.628,9.988333333333333e-05,0.00029965,,,1073443999.55,8.089633859971098,67817481045.0,838325716823.5089,,proxy_calibrated
2022-09-14,20162.6,20528.5,19600.0,20217.0,661802.597,13338081191.69107,44609.553,-7.406666666666667e-06,-2.222e-05,,,901871333.001,7.9886006890789165,67882481045.0,849741821966.4054,,proxy_calibrated
2022-09-15,20217.0,20315.0,19453.0,19690.8,665862.067,13275371720.98828,45229.402,3.712333333333334e-05,0.00011137,,,890603108.9016,8.369842065134796,67880481045.0,811012687177.9485,,proxy_calibrated
2022-09-16,19690.8,19878.0,19300.0,19792.5,544608.804,10699906720.22641,47890.828,5.1076666666666665e-05,0.00015323,,,947879213.19,8.409964019345212,67920586030.0,807620411618.4578,,proxy_calibrated
2022-09-17,19792.4,20182.6,19739.4,20102.0,334678.558,6678646550.85602,49319.956,2.942333333333333e-05,8.827e-05,,,991429755.512,8.27533523337876,67920695920.0,820760658082.349,,proxy_calibrated
2022-09-18,20102.0,20105.3,19325.8,19404.5,499916.474,9879306624.60703,49021.976,5.9373333333333336e-05,0.00017812,,,951246933.292,8.681925625184109,67920695918.0,782322941364.286,,proxy_calibrated
2022-09-19,19404.5,19686.3,18215.0,19528.6,993776.352,18855643585.82462,49654.714,-1.7026666666666667e-05,-5.1080000000000006e-05,,,969687047.8204,8.576619699543624,67920695918.0,791928502106.8868,,proxy_calibrated
2022-09-20,19528.6,19625.0,18690.1,18866.8,794623.932,15185745305.0411,47596.107,5.1296666666666666e-05,0.00015389,,,897986231.5476,8.857444061796675,67950695918.0,767159187728.6622,,proxy_calibrated
2022-09-21,18866.7,20154.1,18084.3,18447.5,1168068.979,22278202291.21906,47291.196,3.131666666666667e-05,9.395e-05,,,872404338.21,9.12804767600794,67959715798.0,744515346656.4879,,proxy_calibrated
2022-09-22,18447.5,19504.8,18345.2,19392.5,852898.391,16203598692.71296,46481.458,-3.649e-05,-0.00010947,,,901391674.265,8.703301703727869,67966741908.0,780930550516.1097,,proxy_calibrated
2022-09-23,19392.5,19492.0,18518.5,19280.7,838493.746,15886090825.79674,46535.05,1.7373333333333332e-05,5.212e-05,,,897228338.5350001,8.731029405750952,67951850744.0,778279943705.6241,,proxy_calibrated
2022-09-24,19280.7,19304.5,18798.0,18911.0,377158.215,7188116884.43088,46589.377,3.3226666666666665e-05,9.968e-05,,,881051708.447,8.854226388896276,67949850742.0,767428431999.5831,,proxy_calibrated
2022-09-25,18910.9,19196.0,18621.0,18799.7,410461.603,7774394534.94385,48022.474,2.415e-05,7.245e-05,,,902808104.4578,8.926773324018034,67949850742.0,761191622948.2017,,proxy_calibrated
2022-09-26,18799.7,19311.5,18671.0,19216.3,777807.518,14803230763.46802,49580.214,2.511e-05,7.533e-05,,,952748266.2882,8.732926331767949,67949850742.0,778087987468.9587,,proxy_calibrated
2022-09-27,19216.3,20375.0,18801.5,19070.1,1300566.158,25574742142.98837,50853.145,6.927333333333333e-05,0.00020782,,,969774560.4644998,8.788370682992431,67951354338.0,773196270265.453,,proxy_calibrated
2022-09-28,19070.1,19787.6,18460.0,19407.3,1141222.772,21809407277.4523,49056.21,1.8006666666666665e-05,5.4019999999999994e-05,,,952048584.333,8.677299679603646,67951354336.0,783093322173.9764,,proxy_calibrated
2022-09-29,19407.4,19648.8,18827.2,19582.5,991678.224,19151664008.3373,54941.795,6.669e-05,0.00020007,,,1075897700.5875,8.631599082629336,67951354336.0,787239463806.292,,proxy_calibrated
2022-09-30,19582.5,20172.7,19066.0,19411.7,1071462.934,20985538466.48879,50982.598,0.0001,0.0003,,,989658897.5966,8.690611951763769,67951354326.0,781893780359.2668,,proxy_calibrated
2022-10-01,19411.6,19474.0,19140.0,19304.0,294457.009,5685550297.42183,51494.321,6.734333333333334e-05,0.00020203,,,994046372.584,8.74857842467696,67944572025.0,776635571252.9243,,proxy_calibrated
2022-10-02,19304.0,19389.0,18896.0,19049.4,414970.451,7957458596.47117,53848.748,5.154000000000001e-05,0.00015462,,,1025786340.1512,8.884473960501397,67944572025.0,764756274001.9054,,proxy_calibrated
2022-10-03,19049.3,19723.7,18950.8,19622.0,621816.329,12026295294.53641,53411.587,7.437333333333334e-05,0.00022312,,,1048042160.114,8.639981406138904,67944572025.0,786397201928.2799,,proxy_calibrated
2022-10-04,19621.9,20500.0,19480.1,20333.0,796678.762,15931560832.40438,58804.683,0.0001,0.0003,,,1195675619.439,8.386483366690417,67944722036.0,810169400751.0233,,proxy_calibrated
2022-10-05,20332.9,20356.1,19707.0,20150.0,719577.149,14444920350.12968,67409.94,0.0001,0.0003,,,1358310291.0,8.461342777307433,68057722036.0,804337134509.25,,proxy_calibrated
2022-10-06,20149.9,20443.9,19843.3,19954.0,782034.669,15747127411.81796,62110.481,0.0001,0.0003,,,1239352537.874,8.529811668765259,68207722035.0,799639249771.0735,,proxy_calibrated
2022-10-07,19954.0,20067.0,19304.4,19520.9,673407.102,13256159671.11093,61119.376,9.171e-05,0.00027513,,,1193105226.9584,8.684183551810284,68218071686.0,785543871556.9229,,proxy_calibrated
2022-10-08,19520.9,19619.6,19200.0,19406.2,253257.201,4925720956.06823,62773.602,5.114666666666666e-05,0.00015344,,,1218197075.1324,8.75567280993975,68328206686.0,780387848760.5361,,proxy_calibrated
2022-10-09,19406.3,19550.0,19310.0,19430.0,267178.795,5194156496.34906,62835.409,2.324333333333333e-05,6.973e-05,,,1220891996.87,8.739350519482322,68367006686.0,782289330695.592,,proxy_calibrated
2022-10-10,19430.0,19513.0,19000.0,19124.0,560920.904,10812283652.88902,63832.478,7.436666666666667e-05,0.0002231,,,1220732309.272,8.884799538682135,68367006686.0,769482827252.8561,,proxy_calibrated
2022-10-11,19124.1,19260.0,18850.0,19055.0,603358.324,11498533040.99648,63873.388,0.0001,0.0003,,,1217107408.34,8.928258874055276,68417006686.0,766297299967.564,,proxy_calibrated
2022-10-12,19055.0,19240.0,18924.3,19148.0,406770.288,7770793558.69373,65687.427,0.0001,0.0003,,,1257782852.196,8.875045015961875,68417006686.0,770891939848.769,,proxy_calibrated
2022-10-13,19148.1,19498.6,17917.8,19365.5,1104615.001,20803755671.58129,66022.961,7.133999999999999e-05,0.00021402,,,1278567651.2454998,8.826212777027047,68417006686.0,775157005778.0212,,proxy_calibrated
2022-10-14,19365.4,19947.9,19059.6,19164.6,861453.21,16828184593.54722,66427.628,7.21e-05,0.0002163,,,1273058919.5687995,8.867423923724871,68417606686.0,771561247939.7549,,proxy_calibrated
2022-10-15,19164.6,19218.8,18966.0,19060.4,241520.185,4616795782.81949,65055.429,4.217333333333333e-05,0.00012652,,,1239982498.9116,8.937012944478713,68427706686.0,765666415737.6503,,proxy_calibrated
2022-10-16,19060.4,19415.9,19058.0,19251.9,267921.192,5145257703.0476,63888.814,2.1966666666666668e-05,6.59e-05,,,1229981058.2466002,8.824886606143682,68427706686.0,775394741484.4086,,proxy_calibrated
2022-10-17,19251.8,19666.0,19148.0,19540.6,502319.759,9769309074.28858,61769.4,3.876333333333333e-05,0.0001162899999999,,,1207011137.64,8.69947772036033,68427706685.0,786572583832.8344,,proxy_calibrated
2022-10-18,19540.7,19706.4,19081.0,19320.9,634343.154,12327590621.92813,69442.806,0.0001,0.0003,,,1341697510.4454,8.798073471928868,68437706685.0,777871506794.7242,,proxy_calibrated
2022-10-19,19320.9,19349.8,19050.0,19116.7,404370.458,7760139097.5399,67331.656,9.199333333333332e-05,0.00027598,,,1287159068.2552,8.90310363721845,68447706685.0,768807255021.2922,,proxy_calibrated
2022-10-20,19116.6,19350.0,18882.4,19034.7,537627.048,10277064463.57478,68855.683,6.038666666666667e-05,0.00018116,,,1310647269.2001002,8.930767363555558,68447706562.0,766425815113.2634,,proxy_calibrated
2022-10-21,19034.8,19240.0,18600.0,19150.9,581878.905,11058978810.26926,71891.613,2.767e-05,8.301e-05,,,1376789091.4017,8.866297429157806,68447806562.0,771999891825.2141,,proxy_calibrated
2022-10-22,19151.0,19250.0,19103.5,19195.1,174055.042,3337193018.901,68092.454,3.9206666666666665e-05,0.00011762,,,1307041463.7754,8.828167606160166,68448256112.0,775339336152.1343,,proxy_calibrated
2022-10-23,19195.1,19690.0,19050.0,19560.7,358611.542,6943907525.50088,67547.822,3.499e-05,0.00010497,,,1321282681.7954,8.638293322553276,68448256112.0,792381707313.5497,,proxy_calibrated
2022-10-24,19560.6,19593.3,19146.0,19318.1,476676.536,9216319528.28483,67271.853,7.442666666666668e-05,0.00022328,,,1299564383.4393,8.740808914288474,68448256112.0,783088347808.5035,,proxy_calibrated
2022-10-25,19318.1,20415.0,19228.0,20068.3,777306.534,15400549183.34802,64434.425,4.3933333333333335e-05,0.0001318,,,1293089371.2275,8.348184931948538,68468256112.0,820157395531.2334,,proxy_calibrated
2022-10-26,20068.3,21030.0,20041.1,20758.3,841864.982,17352691191.05276,71259.918,4.676666666666667e-05,0.0001403,,,1479234755.8194,8.020764098912526,68509056112.0,854146254236.4089,,proxy_calibrated
2022-10-27,20758.4,20863.7,20170.0,20285.5,614910.045,12645404154.35179,67249.311,-2.956666666666666e-06,-8.869999999999998e-06,,,1364185898.2905,8.234347218474998,68715726112.0,834501197105.5328,,proxy_calibrated
2022-10-28,20285.6,20740.0,19951.0,20582.8,595538.882,12129765185.26634,63996.633,-1.0533333333333325e-06,-3.159999999999997e-06,,,1317229897.7124,8.11849050106434,68882440613.0,848463647324.2096,,proxy_calibrated
2022-10-29,20582.7,21088.0,20547.8,20796.7,482217.17,10032159490.8777,60908.21,3.8146666666666665e-05,0.00011444,,,1266689770.907,7.981547677035909,68972240613.0,864146195749.0189,,proxy_calibrated
2022-10-30,20796.7,20925.2,20503.0,20615.6,295389.69,6114966321.62948,61070.56,1.944e-05,5.832e-05,,,1259006236.7359998,8.079112699295058,69098240613.0,855270166227.8973,,proxy_calibrated
2022-10-31,20615.5,20838.7,20225.4,20482.0,478797.266,9815305143.42379,59867.183,1.637333333333333e-05,4.912e-05,,,1226199642.206,8.154221711463645,69258582034.0,849358583623.4076,,proxy_calibrated
2022-11-01,20482.1,20687.0,20320.0,20472.1,314676.187,6448795091.82572,58460.869,3.1200000000000006e-06,9.360000000000002e-06,,,1196816756.2549,8.163994996838685,69415082044.0,850258752864.0005,,proxy_calibrated
2022-11-02,20472.1,20796.0,20050.0,20140.1,651535.761,13312093111.48019,57643.114,4.0119999999999995e-05,0.0001203599999999,,,1160938080.2714,8.331390517601404,69349642963.0,832389777150.4974,,proxy_calibrated
2022-11-03,20140.2,20400.0,20026.0,20199.7,372121.061,7526916784.08875,57081.546,3.353333333333333e-05,0.0001006,,,1153030104.7362,8.295528515703463,69345491008.0,835938190999.2686,,proxy_calibrated
2022-11-04,20199.8,21297.0,20171.6,21137.6,824515.215,17139316861.70927,59348.436,4.1586666666666666e-05,0.00012476,,,1254483500.7935998,7.904697923645859,69345840658.0,877273759577.3405,,proxy_calibrated
2022-11-05,21137.6,21473.7,21071.1,21289.9,303983.372,6482077789.53821,61867.524,6.316666666666667e-05,0.0001895,,,1317153399.2076,7.8965295752163875,69355840658.0,878307869265.4608,,proxy_calibrated
2022-11-06,21289.8,21355.8,20863.3,20900.0,277148.646,5867597250.95476,64331.264,7.696333333333332e-05,0.0002308899999999,,,1344523417.6,8.077354545470861,69421840658.0,859462590965.8287,,proxy_calibrated
2022-11-07,20900.0,21062.6,20374.0,20578.6,554408.316,11501587222.14423,60848.862,9.271e-05,0.00027813,,,1252184391.5532,8.15331424052085,69421840658.0,851455477000.7883,,proxy_calibrated
2022-11-08,20578.5,20685.0,16830.0,18534.0,2046476.313,39317019209.93521,60013.738,5.057666666666666e-05,0.0001517299999999,,,1112294620.092,9.102022704664744,69514640653.0,763727392345.155,,proxy_calibrated
2022-11-09,18533.9,18574.9,15462.6,15905.0,2065606.412,35439309964.8887,44269.479,-0.00013185,-0.00039555,,,704106063.495,10.551382306327598,69853060833.0,662027578994.1718,,proxy_calibrated
2022-11-10,15905.0,18230.0,15730.0,17588.0,1497093.602,25510406114.43922,45041.747,-0.00084986,-0.00254958,,,792194246.2360001,9.313533388646947,68261959893.0,732933002379.2072,,proxy_calibrated
2022-11-11,17588.0,17678.0,16343.0,17058.3,955344.602,16277121145.55291,42760.83999999,-0.0001084366666666,-0.00032531,,,729427236.9718294,9.50473351839407,68261959893.0,718189097683.7572,,proxy_calibrated
2022-11-12,17058.4,17110.8,16623.8,16806.9,304455.717,5128002410.89517,44466.571,3.1383333333333335e-05,9.415e-05,,,747345212.1399001,9.550658646532847,67410067070.0,705815897780.7432,,proxy_calibrated
2022-11-13,16806.9,16950.0,16210.3,16321.2,349742.836,5801587266.16716,44415.609,-1.4026666666666667e-05,-4.208e-05,,,724916037.6108,9.676769000407935,66458360239.0,686782543183.5603,,proxy_calibrated
2022-11-14,16321.3,17188.0,15805.5,16605.2,934392.484,15414723480.12307,43890.212,-4.195333333333334e-05,-0.00012586,,,728805748.3024,9.518957009655445,66372513988.0,697266663991.3997,,proxy_calibrated
2022-11-15,16605.3,17127.2,16516.7,16888.3,649349.458,10938869739.93734,39461.315,-8.771333333333333e-05,-0.00026314,,,666434526.1145,9.361861167227827,66048734131.0,705508583722.759,,proxy_calibrated
2022-11-16,16888.3,17007.4,16358.0,16650.6,537241.645,8944296635.42915,44998.926,-6.237333333333334e-05,-0.00018712,,,749259117.2556,9.50912395817843,65960834131.0,693658368752.9873,,proxy_calibrated
2022-11-17,16650.7,16741.7,16403.3,16682.1,408989.285,6784537154.32738,46770.629,-4.127e-05,-0.00012381,,,780232310.0409,9.529340094973316,65934833971.0,691913955361.7184,,proxy_calibrated
2022-11-18,16682.1,16984.4,16541.1,16689.7,388612.842,6506820289.13927,52167.269,1.7233333333333337e-06,5.170000000000001e-06,,,870656069.4293001,9.499914287665089,65934833971.0,694057145932.4779,,proxy_calibrated
2022-11-19,16689.7,16814.5,16543.8,16692.9,171822.915,2861333541.4962,50789.254,4.094666666666667e-05,0.00012284,,,847819938.0966,9.488151974307028,65935083722.0,694920189943.686,,proxy_calibrated
2022-11-20,16693.0,16743.9,16167.1,16272.6,327599.214,5406658335.48391,51711.633,5.98e-06,1.794e-05,,,841482719.1558001,9.795524511897064,65878083722.0,672532477888.1251,,proxy_calibrated
2022-11-21,16272.7,16304.3,15443.2,15773.0,790219.365,12615525683.34995,49730.956,2.994e-05,8.982e-05,,,784406368.9879999,10.063307690837688,65875083722.0,654606673529.1926,,proxy_calibrated
2022-11-22,15772.9,16309.0,15610.3,16220.6,579333.644,9247607752.32879,48379.661,8.096666666666667e-06,2.429e-05,,,784747129.2166001,9.77003282586843,65496800213.0,670384648448.4885,,proxy_calibrated
2022-11-23,16220.5,16703.4,16155.5,16595.8,546714.91,9010060479.37584,50778.15,6.338666666666667e-05,0.00019016,,,842704021.77,9.536618678437195,65498800213.0,686813664481.4822,,proxy_calibrated
2022-11-24,16595.8,16800.0,16450.0,16592.4,351024.418,5829469816.57378,53778.268,4.568e-05,0.00013704,,,892310533.9632,9.47761567277638,65352699103.0,689547892205.8414,,proxy_calibrated
2022-11-25,16592.5,16639.9,16331.7,16516.1,306560.116,5053312513.9595,55380.034,1.2826666666666664e-05,3.848e-05,,,914662179.5474,9.513187327872329,65352829103.0,686970905235.1488,,proxy_calibrated
2022-11-26,16516.2,16699.1,16369.1,16449.2,253401.659,4194530429.9317,54910.845,1.6423333333333333e-05,4.927e-05,,,903239471.574,9.522498929695224,65352829103.0,686299148842.1378,,proxy_calibrated
2022-11-27,16449.2,16594.2,16396.0,16422.6,189370.345,3128892691.8766,54518.165,5.936666666666664e-06,1.7809999999999994e-05,,,895330016.5289999,9.556774920474046,65352829103.0,683837692598.4806,,proxy_calibrated
2022-11-28,16422.5,16475.0,15984.1,16204.5,497137.869,8055102077.13727,56009.811,9.533333333333334e-06,2.86e-05,,,907610982.3495,9.691811959577484,65352829103.0,674309709841.3892,,proxy_calibrated
2022-11-29,16204.6,16543.0,16088.0,16433.2,391410.854,6420893173.50274,51436.596,2.8486666666666663e-05,8.546e-05,,,845267869.3872,9.50360301657214,65352829103.0,687663710163.8127,,proxy_calibrated
2022-11-30,16433.3,17248.3,16421.5,17153.3,620324.95,10484678949.19782,52727.285,5.6510000000000006e-05,0.00016953,,,904446937.7905,9.09352331530236,65282829103.0,717904676102.2059,,proxy_calibrated
2022-12-01,17153.4,17348.5,16851.2,16970.5,411051.309,7012379504.74513,53440.214,2.0093333333333336e-05,6.0280000000000006e-05,,,906907151.687,9.19731764043414,65352829103.0,710564010703.3984,,proxy_calibrated
2022-12-02,16970.5,17096.3,16760.0,17083.0,335039.215,5677269598.4332,55501.811,2.4249999999999997e-05,7.274999999999999e-05,,,948137437.313,9.122041903803913,65352829103.0,716427635305.5089,,proxy_calibrated
2022-12-03,17083.0,17160.0,16850.1,16879.5,185257.242,3142125597.7286,54228.242,6.141666666666666e-05,0.00018425,,,915345610.839,9.310568920246917,65434579462.0,702798937664.3236,,proxy_calibrated
2022-12-04,16879.5,17206.2,16874.1,17099.5,292090.868,4972708169.3658,54569.143,5.7306666666666665e-05,0.00017192,,,933105060.7285,9.165072104769072,65486363712.0,714520987542.7383,,proxy_calibrated
2022-12-05,17099.5,17430.0,16860.6,16958.3,519961.39,8927523671.51991,55323.39,1.4633333333333324e-06,4.389999999999997e-06,,,938190644.637,9.251541565234993,65486363712.0,707842722753.1633,,proxy_calibrated
2022-12-06,16958.2,17100.0,16899.9,17078.6,321330.613,5459567210.6866,56711.384,2.8763333333333333e-05,8.629e-05,,,968551042.7824,9.197548056609218,65566863712.0,712873293060.8027,,proxy_calibrated
2022-12-07,17078.7,17130.0,16655.0,16828.0,337778.925,5692590254.44704,57160.813,2.3509999999999997e-05,7.052999999999999e-05,,,961902161.164,9.37546674208162,65675363712.0,700502337843.2699,,proxy_calibrated
2022-12-08,16828.0,17294.9,16710.4,17216.0,402157.335,6833210695.12541,59267.493,1.1673333333333334e-05,3.502e-05,,,1020349159.488,9.148109330062413,65675362712.0,717911869463.3258,,proxy_calibrated
2022-12-09,17216.0,17365.4,17052.0,17122.0,290231.183,4985683348.1939,60069.375,2.7943333333333337e-05,8.383e-05,,,1028507838.75,9.21589596747734,65697842712.0,712875264042.1073,,proxy_calibrated
2022-12-10,17122.0,17228.6,17081.0,17120.0,141895.207,2433765605.0113,59723.631,-2.15e-06,-6.450000000000001e-06,,,1022468562.72,9.209120690743347,65698342212.0,713405160147.7809,,proxy_calibrated
2022-12-11,17120.1,17265.0,17060.0,17077.3,171004.111,2932155202.0391,60523.928,8.313333333333334e-06,2.494e-05,,,1033585275.6344,9.229707042817866,65698342212.0,711813949318.3961,,proxy_calibrated
2022-12-12,17077.3,17237.9,16865.0,17200.0,335856.258,5711628347.72763,61274.493,1.1246666666666669e-05,3.374e-05,,,1053921279.6,9.16471642565869,65698342212.0,716861702649.7697,,proxy_calibrated
2022-12-13,17200.0,18100.0,17076.0,17777.1,596851.291,10490862496.70048,62834.636,4.991333333333333e-05,0.0001497399999999,,,1117017607.6356,8.905130799562885,65782208212.0,738700078557.2848,,proxy_calibrated
2022-12-14,17777.1,18400.0,17659.4,17803.9,627511.699,11268618570.91463,63528.528,0.0001,0.0003,,,1131055559.6592,8.945321290125909,65977518212.0,737564544325.8455,,proxy_calibrated
2022-12-15,17804.0,17849.5,17258.0,17351.8,437284.037,7667339751.05844,66127.965,8.393333333333333e-05,0.0002518,,,1147439223.087,9.16493843643372,65962268212.0,719724073102.0924,,proxy_calibrated
2022-12-16,17351.9,17528.0,16521.1,16624.1,622150.245,10567832471.04395,66306.018,2.8536666666666667e-05,8.561e-05,,,1102277873.8337998,9.62673891056801,66030168212.0,685903802164.1328,,proxy_calibrated
2022-12-17,16624.1,16790.0,16571.8,16768.0,248465.273,4146359913.8303,61354.552,6.51e-05,0.0001953,,,1028793127.936,9.533755489541544,66042368212.0,692721438938.181,,proxy_calibrated
2022-12-18,16768.1,16872.0,16656.0,16730.3,185898.213,3110497440.0705,63075.879,4.151666666666666e-05,0.00012455,,,1055278378.4337,9.568452416103128,66147253212.0,691305660889.0918,,proxy_calibrated
2022-12-19,16730.4,16809.6,16210.0,16429.2,344728.552,5726008366.05374,63355.62,4.819e-05,0.00014457,,,1040882152.104,9.707780696397272,66147253212.0,681383884542.7195,,proxy_calibrated
2022-12-20,16429.2,17049.6,16390.3,16887.2,476171.098,7997345166.42257,64767.684,3e-05,9e-05,,,1093744833.2448,9.448602144451751,66200693212.0,700640075642.017,,proxy_calibrated
2022-12-21,16887.3,16924.2,16694.2,16819.6,227752.335,3830411850.77234,61048.814,6.367333333333335e-05,0.00019102,,,1026816631.9544,9.48169882287655,66233093212.0,698536142618.2302,,proxy_calibrated
2022-12-22,16819.7,16861.9,16556.1,16815.5,306610.961,5129865155.4518,63172.804,6.094333333333333e-05,0.0001828299999999,,,1062282285.662,9.474540337059503,66237845405.0,699114078874.2203,,proxy_calibrated
2022-12-23,16815.5,16960.0,16690.0,16776.4,264553.42,4451798691.0348,67194.179,9.634333333333334e-05,0.00028903,,,1127276424.5756,9.48309680929258,66237845405.0,698483277531.1635,,proxy_calibrated
2022-12-24,16776.3,16859.9,16774.4,16828.9,82410.79,1386327837.9178,66077.78599999,6.99e-05,0.0002097,,,1112016452.8152318,9.463996919631514,66237795405.0,699892402411.9294,,proxy_calibrated
2022-12-25,16829.0,16850.0,16700.0,16824.4,144075.843,2419698734.4932,65504.365,1.812e-05,5.436e-05,,,1102071638.506,9.469496508806287,66237795405.0,699485926663.5905,,proxy_calibrated
2022-12-26,16824.5,16936.8,16781.1,16912.9,148128.699,2495552248.1392,66220.598,3.753333333333332e-06,1.1259999999999996e-05,,,1119982351.9142,9.41905038817604,66237795405.0,703232201498.2517,,proxy_calibrated
2022-12-27,16912.8,16968.0,16580.0,16698.2,262828.564,4408009231.4954,65951.221,3.902666666666667e-05,0.00011708,,,1101266678.5022,9.526638848204628,66240295405.0,695316537768.0243,,proxy_calibrated
2022-12-28,16698.2,16778.3,16455.6,16539.0,344649.858,5727799258.57904,67676.694,5.375666666666666e-05,0.0001612699999999,,,1119304842.066,9.628030763271754,66240295405.0,687994222636.764,,proxy_calibrated
2022-12-29,16538.9,16659.0,16485.1,16630.3,208591.531,3460146192.0415,71590.906,9.505666666666667e-05,0.00028517,,,1190578244.0518,9.57411086599866,66247817799.0,691947468816.8842,,proxy_calibrated
2022-12-30,16630.3,16666.6,16320.0,16601.2,295630.49,4881195596.8533,72568.547,9.044e-05,0.00027132,,,1204724962.4564002,9.58653769389665,66256361891.0,691139637756.6289,,proxy_calibrated
2022-12-31,16601.2,16640.0,16461.8,16537.6,134462.156,2227238361.6692,72744.255,0.0001,0.0003,,,1203015391.488,9.616238839926032,66256361891.0,689004952912.6467,,proxy_calibrated
2023-01-01,16537.5,16618.8,16488.0,16610.3,105502.965,1746449849.7392,71621.18799999,6.897e-05,0.00020691,,,1189649419.036234,9.58217809849902,66256361891.0,691454084968.2034,,proxy_calibrated
2023-01-02,16610.4,16799.0,16541.2,16666.0,215161.176,3591354304.35244,73182.096,-1.0580000000000002e-05,-3.1740000000000004e-05,,,1219652811.936,9.533964414950695,66256361891.0,694950799135.5624,,proxy_calibrated
2023-01-03,16665.9,16774.0,16600.3,16667.2,203070.205,3387368709.5144,73959.342,7.433e-05,0.00022299,,,1232695144.9824002,9.531134091025148,66256361891.0,695157168687.715,,proxy_calibrated
2023-01-04,16667.3,16984.6,16645.7,16842.1,349747.838,5888326801.78923,74399.282,4.936e-05,0.00014808,,,1253040147.3722,9.382458392475623,66256361891.0,706172722749.6697,,proxy_calibrated
2023-01-05,16842.2,16872.8,16740.4,16823.8,176369.347,2966302291.7523,69771.803,5.7056666666666665e-05,0.00017117,,,1173826859.3114,9.3993831732606,66256361891.0,704901169254.2373,,proxy_calibrated
2023-01-06,16823.8,17030.0,16664.8,16943.8,316973.629,5333655035.26937,71720.66,6.945333333333333e-05,0.00020836,,,1215220518.908,9.324177886518218,66265138847.0,710680766213.3134,,proxy_calibrated
2023-01-07,16943.9,16973.6,16900.1,16936.5,77973.105,1320072681.1707,67884.10099999,4.393e-05,0.00013179,,,1149719076.586331,9.336388545523358,66265138847.0,709751297558.9799,,proxy_calibrated
2023-01-08,16936.5,17181.1,16905.0,17124.7,157717.318,2677202628.9964,69342.393,7.703e-05,0.00023109,,,1187467677.4071,9.221802886858104,66265138847.0,718570323612.466,,proxy_calibrated
2023-01-09,17124.6,17387.8,17098.2,17169.7,400277.809,6899176604.98138,65432.638,2.0116666666666667e-05,6.035e-05,,,1123458764.6686,9.146007536912114,66265138847.0,724525303303.7902,,proxy_calibrated
2023-01-10,17169.6,17485.4,17140.4,17428.8,297320.371,5146868921.9222,65232.239,5.077e-05,0.00015231,,,1136919647.0832,9.035343862915576,66265138847.0,733399191578.9379,,proxy_calibrated
2023-01-11,17428.8,18013.2,17306.4,17935.7,386277.106,6776699165.64645,71088.153,1.6756666666666665e-05,5.027e-05,,,1275015785.7621002,8.781459327846623,66265235155.0,754603906720.4729,,proxy_calibrated
2023-01-12,17935.6,19120.0,17902.4,18838.0,1040334.76,19148363107.05267,65987.336,9.183e-05,0.00027549,,,1243069435.5679998,8.479766872827337,66265235023.0,781451141485.2816,,proxy_calibrated
2023-01-13,18838.1,19997.8,18711.0,19924.2,806807.832,15537710427.37066,62674.27,9.053333333333332e-05,0.0002716,,,1248734690.334,8.138149935557111,66265234655.0,814254286044.4817,,proxy_calibrated
2023-01-14,19924.3,21544.0,19882.6,20962.8,1010666.683,20998726724.36468,66091.208,0.00021531,0.00064593,,,1385456775.0624,7.741928614546779,66265234518.0,855926705310.7443,,proxy_calibrated
2023-01-15,20962.8,21073.8,20556.0,20882.7,428486.559,8913057374.28152,48592.79,0.0001534599999999,0.00046038,,,1014748655.733,7.764102391093857,66348034455.0,854548679459.8088,,proxy_calibrated
2023-01-16,20882.7,21498.0,20606.6,21188.3,666148.201,14032617401.17082,50504.294,0.0001,0.0003,,,1070100132.5602,7.661847184059072,66348038279.0,865953557740.502,,proxy_calibrated
2023-01-17,21188.2,21640.0,20827.8,21130.9,547390.593,11615613152.77241,52061.026,0.0001,0.0003,,,1100096334.3034,7.703605609647581,66477485277.0,862939883549.4275,,proxy_calibrated
2023-01-18,21130.8,21672.0,20386.0,20680.0,813785.517,17129538788.44014,54033.63,0.0001,0.0003,,,1117415468.4,7.88443049779786,66477485276.0,843148852597.1194,,proxy_calibrated
2023-01-19,20680.1,21183.9,20659.9,21068.3,374733.617,7822342459.57356,52890.646,0.0001,0.0003,,,1114315997.1218,7.737955707446051,66477485276.0,859109147032.598,,proxy_calibrated
2023-01-20,21068.3,22750.0,20856.4,22661.1,723645.2,15661806602.12429,56321.784,0.0001,0.0003,,,1276313579.4024,7.256913607748222,66477485276.0,916057278193.609,,proxy_calibrated
2023-01-21,22661.0,23390.0,22422.0,22781.9,764681.1,17543885761.9696,49771.8,0.0001,0.0003,,,1133896170.42,7.271631566870212,66477485276.0,914203155985.9766,,proxy_calibrated
2023-01-22,22781.8,23080.2,22287.0,22704.6,482529.811,10978562431.79006,45024.044,0.0001,0.0003,,,1022252909.4024,7.307348443007053,66690157269.0,912645096769.9615,,proxy_calibrated
2023-01-23,22704.7,23193.1,22500.0,22913.1,525802.84,12012842979.87915,45753.337,0.0001,0.0003,,,1048350786.0147,7.271579712196322,66736957267.0,917777978216.5468,,proxy_calibrated
2023-01-24,22913.3,23158.7,22450.0,22627.4,505615.816,11572452898.66944,45101.873,0.0001,0.0003,,,1020538121.1202,7.430253544776687,66847026263.0,899660097198.0568,,proxy_calibrated
2023-01-25,22627.5,23837.4,22310.5,23060.6,692786.607,15838682593.16114,46831.893,0.0001,0.0003,,,1079971551.7157998,7.289470115931759,67025890257.0,919489197308.172,,proxy_calibrated
2023-01-26,23060.6,23278.7,22843.8,23001.9,427760.786,9860266068.50203,42405.30599999,0.0001,0.0003,,,975402608.08117,7.329657412525883,67181010253.0,916564123968.3624,,proxy_calibrated
2023-01-27,23001.9,23500.0,22516.6,23068.0,509920.307,11736116589.73221,44646.498,9.847e-05,0.00029541,,,1029905415.864,7.334180979950596,67317930248.0,917865681689.9746,,proxy_calibrated
2023-01-28,23068.1,23185.0,22870.8,23015.9,186400.943,4287806004.0492,44941.212,0.0001,0.0003,,,1034362441.2708,7.394406221257074,67497094240.0,912812905057.3756,,proxy_calibrated
2023-01-29,23016.0,23962.7,22961.5,23740.3,562028.231,13203229115.48447,46605.187,0.0001,0.0003,,,1106421120.9361,7.1713745285314605,67612864237.0,942815968793.7206,,proxy_calibrated
2023-01-30,23740.2,23804.6,22484.2,22819.9,572537.407,13260710938.80389,46138.332,0.0001,0.0003,,,1052872122.4068002,7.468303504366343,67768684232.0,907417383243.4508,,proxy_calibrated
2023-01-31,22819.9,23330.0,22715.3,23119.4,403726.966,9282622250.26382,47428.311,0.0001,0.0003,,,1096514093.3334,7.385963118975372,67803984798.0,918011418494.6836,,proxy_calibrated
2023-02-01,23119.5,23852.4,22747.0,23730.0,571429.711,13276728610.62969,46073.553,0.0001,0.0003,,,1093325412.69,7.193940984538091,67785626780.0,942259978580.4664,,proxy_calibrated
2023-02-02,23730.1,24281.4,23365.0,23493.1,615740.338,14672020690.5787,47070.989,0.0001,0.0003,,,1105843451.6759,7.239207896234071,67807926779.0,936676052835.4844,,proxy_calibrated
2023-02-03,23493.0,23719.9,23201.0,23424.7,470831.438,11047679446.9572,45623.318,0.0001,0.0003,,,1068712537.1546,7.248831689906672,68021246768.0,938375308985.492,,proxy_calibrated
2023-02-04,23424.7,23591.4,23250.0,23322.6,197118.393,4613381157.5632,46700.717,0.0001,0.0003,,,1089182142.3042,7.265146085695331,68021246768.0,936268121324.223,,proxy_calibrated
2023-02-05,23322.6,23436.0,22741.0,22929.2,356665.034,8235110913.12042,47060.996,0.0001,0.0003,,,1079070989.4832,7.392851128782755,68057281686.0,920582336915.0645,,proxy_calibrated
2023-02-06,22929.3,23159.4,22600.0,22757.7,417160.143,9551236526.98696,49342.018,0.0001,0.0003,,,1122910843.0386,7.44662650007256,68057281686.0,913934406208.4602,,proxy_calibrated
2023-02-07,22757.8,23368.6,22742.4,23234.1,447273.494,10297159070.8913,48332.605,0.0001,0.0003,,,1122964577.8305,7.291772578481327,68175431684.0,934963768414.7172,,proxy_calibrated
2023-02-08,23234.1,23450.0,22662.9,22955.9,383465.481,8824616946.18832,47195.101,0.0001,0.0003,,,1083406019.0459,7.371691632731429,68175031684.0,924822077218.9185,,proxy_calibrated
2023-02-09,22955.9,23007.8,21684.7,21793.4,732295.35,16381601662.80056,49212.009,0.0001,0.0003,,,1072496996.9406,7.755330119520236,68175031684.0,879073239092.7219,,proxy_calibrated
2023-02-10,21793.3,21933.8,21405.0,21618.6,439986.497,9560010537.24584,48870.035,0.0001,0.0003,,,1056501738.651,7.839808136731261,68177031683.0,869626277760.2336,,proxy_calibrated
2023-02-11,21618.6,21891.9,21594.4,21851.3,189249.667,4107550899.473,49431.498,6.165666666666668e-05,0.00018497,,,1080142492.2474,7.765753011121334,68312091683.0,879658309827.3955,,proxy_calibrated
2023-02-12,21851.2,22080.9,21618.0,21771.1,276787.093,6050172252.9127,49836.272,5.8710000000000005e-05,0.00017613,,,1084990461.3391998,7.822587863624076,68379291680.0,874126221042.163,,proxy_calibrated
2023-02-13,21771.0,21888.0,21338.0,21766.2,511595.693,11064385171.50844,49308.024,6.132333333333333e-05,0.00018397,,,1073248311.9888,7.839575435585712,68404291680.0,872550972205.6697,,proxy_calibrated
2023-02-14,21766.1,22320.0,21485.2,22187.4,598791.509,13138446771.27616,49220.27,9.629e-05,0.00028887,,,1092069818.598,7.749518648335495,69122316678.0,891956259668.4203,,proxy_calibrated
2023-02-15,22187.4,24420.0,22038.5,24332.6,824676.471,19105717014.29069,51677.714,4.692666666666667e-05,0.00014078,,,1257453143.6764,7.198802198832209,69484915674.0,965228849950.5078,,proxy_calibrated
2023-02-16,24332.7,25290.0,23518.0,23526.6,959463.159,23594991207.78344,49833.379,0.0001439033333333,0.0004317099999999,,,1172409974.3814,7.425410871897797,69778380670.0,939724169797.569,,proxy_calibrated
2023-02-17,23526.6,25043.2,23350.0,24581.5,922717.148,22269729549.78749,43331.991,0.0001,0.0003,,,1065165336.7665,7.1915472532482765,70146890659.0,975407491445.1276,,proxy_calibrated
2023-02-18,24581.3,24887.5,24430.6,24636.9,261555.556,6441713215.92101,43799.415,0.0001,0.0003,,,1079081807.4135,7.196870086169249,70286590658.0,976627197885.2983,,proxy_calibrated
2023-02-19,24636.8,25200.0,24179.4,24265.9,543506.628,13409130913.30667,45759.079,0.0001,0.0003,,,1110385235.1061,7.289724355125664,70395855657.0,965686111402.8568,,proxy_calibrated
2023-02-20,24265.9,25140.0,23827.0,24849.9,646401.072,15954258831.2622,46103.632,0.0001,0.0003,,,1145670644.8368,7.153516805862364,70395855657.0,984073394491.9236,,proxy_calibrated
2023-02-21,24849.9,25347.6,24150.0,24443.4,729290.575,17996162952.26349,46891.034,0.0001,0.0003,,,1146176300.4756,7.283947688779617,70432115656.0,966949773190.9232,,proxy_calibrated
2023-02-22,24443.3,24468.5,23572.0,24171.3,730414.101,17500937832.07492,51396.391,0.0001,0.0003,,,1242317585.7783,7.358225817220325,70452425653.0,957464848226.3408,,proxy_calibrated
2023-02-23,24171.3,24588.0,23590.0,23928.8,751339.414,18066676937.66089,50999.161,5.7123333333333336e-05,0.00017137,,,1220348723.7368,7.408256413425115,70583245569.0,952764613291.3308,,proxy_calibrated
2023-02-24,23928.7,24138.6,22800.0,23175.6,731577.942,17176351552.41237,52507.096,5.1223333333333335e-05,0.00015367,,,1216883454.0575998,7.622211858064275,70680398565.0,927295119594.7194,,proxy_calibrated
2023-02-25,23175.5,23210.5,22700.0,23146.2,310795.648,7149097149.93959,51079.92,5.816666666666667e-06,1.745e-05,,,1182306044.304,7.656320617158815,70790878484.0,924607027628.2368,,proxy_calibrated
2023-02-26,23146.2,23675.0,23050.0,23545.3,371395.056,8663022665.24848,52276.595,5.571e-05,0.00016713,,,1230868112.2535,7.519401228826709,70839528483.0,942090019234.862,,proxy_calibrated
2023-02-27,23545.2,23888.0,23088.0,23480.0,576754.966,13533218116.93548,50295.247,5.388666666666667e-05,0.00016166,,,1180932399.5600002,7.545770754338205,70876378483.0,939286135114.1876,,proxy_calibrated
2023-02-28,23480.0,23592.8,23010.0,23129.6,456919.838,10669916658.50471,50336.106,3.783e-05,0.00011349,,,1164253997.3376,7.65721265796299,70919778481.0,926182694002.212,,proxy_calibrated
2023-03-01,23129.7,24022.7,23008.4,23619.8,617250.311,14566071875.52603,53123.345,6.728333333333333e-05,0.00020185,,,1254762784.231,7.485644253057601,70961078475.0,947962207074.0952,,proxy_calibrated
2023-03-02,23619.8,23790.5,23183.0,23457.1,419256.601,9812612221.27088,49637.256,8.570000000000001e-05,0.0002571,,,1164346077.7176,7.548430607900027,71055458455.0,941327570536.7798,,proxy_calibrated
2023-03-03,23457.1,23468.5,21883.2,22342.8,608518.137,13631210171.56995,53952.721,1.857e-05,5.571e-05,,,1205454854.7587998,7.891505802315446,71109278154.0,901086306407.2744,,proxy_calibrated
2023-03-04,22342.8,22400.0,22147.5,22335.7,175309.211,3909987751.0262,51750.079,2.148666666666667e-05,6.446e-05,,,1155874239.5203,7.920844991921425,71351777828.0,900810177459.2562,,proxy_calibrated
2023-03-05,22335.8,22650.0,22174.9,22419.4,282261.745,6328721520.6235,51661.822,2.0413333333333333e-05,6.124e-05,,,1158227052.1468,7.9131651287803875,71435397827.0,902741149267.6628,,proxy_calibrated
2023-03-06,22419.3,22594.5,22240.1,22397.1,298976.397,6702364485.6129,50548.949,4.9760000000000005e-05,0.00014928,,,1132149865.6479,7.919981399610345,71472117827.0,902427849521.4188,,proxy_calibrated
2023-03-07,22397.1,22550.0,21908.0,22187.1,548494.099,12196490218.23626,51875.499,2.7263333333333337e-05,8.179e-05,,,1150966883.8629,7.9830180890974765,71584111032.0,896704858150.8723,,proxy_calibrated
2023-03-08,22187.1,22276.4,21540.5,21695.4,547867.967,12052988553.6567,54779.416,5.577666666666667e-05,0.00016733,,,1188461341.8864,8.151753897108275,71729084555.0,879922105848.2264,,proxy_calibrated
2023-03-09,21695.3,21823.0,20003.5,20348.3,951903.36,20058296300.05462,56083.411,0.0001,0.0003,,,1141202072.0513,8.6312620531832,71733132005.0,831085090025.1013,,proxy_calibrated
2023-03-10,20348.4,20351.8,19521.6,20140.3,1238135.265,24701622102.4386,55945.608,-3.338666666666666e-05,-0.0001001599999999,,,1126761328.8024,8.710437071978056,71799456169.0,824292232131.2981,,proxy_calibrated
2023-03-11,20140.3,20674.5,19752.5,20447.3,753479.558,15236396244.00332,54356.071,-7.576666666666667e-06,-2.273e-05,,,1111434890.5583,8.585539548708976,72075147930.0,839494681971.8287,,proxy_calibrated
2023-03-12,20447.3,22184.0,20262.2,21986.2,881522.402,18488877763.69799,52415.571,1.798666666666667e-05,5.3960000000000005e-05,,,1152419227.1202002,8.055523543948045,72120358309.0,895290764349.9174,,proxy_calibrated
2023-03-13,21986.2,24517.2,21804.0,24119.5,1534982.176,35400848297.96145,49743.079,8.670333333333335e-05,0.00026011,,,1199778193.9405,7.523242890754664,72557454192.0,964443860787.2952,,proxy_calibrated
2023-03-14,24119.5,26489.9,23951.0,24682.5,1572562.635,39411234190.48011,49074.103,0.0001828433333333,0.00054853,,,1211271547.2975,7.414015107154942,72892204290.0,983167733495.106,,proxy_calibrated
2023-03-15,24682.5,25200.0,23888.0,24288.0,1102056.429,27097556193.83353,45536.305,0.00018751,0.00056253,,,1105985775.84,7.597820142122448,73400359945.0,966071301662.7904,,proxy_calibrated
2023-03-16,24287.9,25167.9,24120.5,24990.4,735446.946,18170050595.51308,46423.252,0.0001,0.0003,,,1160135636.7808,7.511320517847773,74246550264.0,988462016599.898,,proxy_calibrated
2023-03-17,24990.5,27763.4,24875.3,27384.0,1341159.064,35443530287.65108,48969.141,7.770333333333335e-05,0.00023311,,,1340970957.144,7.036093762949854,75163840900.0,1068260933300.6936,,proxy_calibrated
2023-03-18,27383.9,27726.4,26555.5,26907.0,740232.316,20184491452.70674,52478.143,0.0001,0.0003,,,1412029393.701,7.235431614515058,76173667892.0,1052786785230.44,,proxy_calibrated
2023-03-19,26907.0,28397.0,26815.9,27955.7,759367.078,20977139675.99659,51539.069,0.0001,0.0003,,,1440810751.2433002,7.0395031223470825,76213483077.0,1082654297503.7308,,proxy_calibrated
2023-03-20,27955.8,28483.2,27120.6,27704.1,937223.448,26103780621.31453,54068.598,9.693666666666668e-05,0.00029081,,,1497921845.8518,7.121445298399051,76102599077.0,1068639803975.0216,,proxy_calibrated
2023-03-21,27704.1,28460.0,27288.0,28091.1,685487.714,19152913743.53478,53405.85,3.221333333333334e-05,9.664e-05,,,1500229072.935,7.049610240746592,76849069864.0,1090117995741.2974,,proxy_calibrated
2023-03-22,28091.1,28881.0,26590.0,27233.8,1080393.27,30186741704.76973,53184.814,1.8693333333333333e-05,5.608e-05,,,1448424587.5131998,7.312320146272671,77428990195.0,1058884029229.3289,,proxy_calibrated
2023-03-23,27233.8,28777.0,27101.0,28284.1,808174.047,22583147907.22827,53848.485,3.052666666666667e-05,9.158e-05,,,1523055934.5885,7.081432782505291,77776431260.0,1098314898252.6106,,proxy_calibrated
2023-03-24,28284.0,28369.1,26960.0,27438.9,696075.37,19369885616.52528,53052.978,0.0001,0.0003,,,1455715358.0442002,7.349148322479627,78478753061.0,1067861874837.233,,proxy_calibrated
2023-03-25,27439.0,27788.0,27131.8,27447.3,335674.055,9219228887.09329,50008.368,1.3566666666666669e-06,4.07e-06,,,1372594679.0064,7.401232443784224,79014941308.0,1067591673524.0374,,proxy_calibrated
2023-03-26,27447.2,28186.9,27400.0,27954.3,399756.985,11110815846.83666,51281.554,1.2300000000000024e-06,3.690000000000007e-06,,,1433539944.9822,7.285435503574411,79078783060.0,1085436594987.3832,,proxy_calibrated
2023-03-27,27954.3,28019.4,26480.0,27112.0,642434.822,17542947640.15402,52419.312,1.6393333333333334e-05,4.918e-05,,,1421192386.944,7.496456367195259,79097783049.0,1055135642423.4592,,proxy_calibrated
2023-03-28,27112.0,27500.0,26610.0,27249.7,585080.772,15806950765.76132,56123.367,2.4086666666666664e-05,7.225999999999999e-05,,,1529344913.7399,7.438021174027267,79448607421.0,1068141721596.943,,proxy_calibrated
2023-03-29,27249.7,28649.9,27223.6,28338.5,655852.971,18472646921.01927,56456.813,7.724333333333334e-05,0.00023173,,,1599901395.2005,7.236372855149306,79513544279.0,1098803860312.6873,,proxy_calibrated
2023-03-30,28338.6,29184.8,27654.1,28015.0,770966.1,21882841599.42791,56134.296,4.5826666666666666e-05,0.00013748,,,1572602302.44,7.29928474549302,79633547900.0,1090977413220.7972,,proxy_calibrated
2023-03-31,28015.0,28675.3,27500.0,28454.9,611557.29,17241323711.94637,53441.373,4.5486666666666666e-05,0.00013646,,,1520668924.5777,7.199515442534168,79665014575.0,1106533005045.6646,,proxy_calibrated
2023-04-01,28454.8,28845.3,28180.0,28443.8,256487.222,7298340524.07105,54463.336,9.613333333333334e-05,0.0002884,,,1549144236.5168,7.203889131731759,79686510462.0,1106159589699.904,,proxy_calibrated
2023-04-02,28443.7,28516.5,27820.0,28161.2,316658.67,8922911429.0644,54083.26,5.311333333333333e-05,0.00015934,,,1523049501.512,7.277607567780894,79686510462.0,1094954759786.5078,,proxy_calibrated
2023-04-03,28161.3,28540.0,27166.0,27786.1,741665.563,20745208330.25454,53983.358,2.0689999999999997e-05,6.207e-05,,,1499986983.7238,7.332806035911627,79795510453.0,1088198843146.9492,,proxy_calibrated
2023-04-04,27786.1,28450.0,27650.2,28155.2,432370.612,12148930975.14344,52619.559,-2.8806666666666663e-05,-8.642e-05,,,1481514207.5568,7.217917418875183,79901325455.0,1106985863346.876,,proxy_calibrated
2023-04-05,28155.1,28800.0,27775.0,28154.0,543712.838,15395006484.55794,52831.191,5.514e-05,0.00016542,,,1487409351.414,7.18672359230203,79997214449.0,1113124964687.497,,proxy_calibrated
2023-04-06,28154.0,28175.0,27684.2,28022.8,355916.782,9953310708.79362,52169.494,6.883333333333332e-06,2.0649999999999997e-05,,,1461935296.4632,7.253362860586217,80100433550.0,1104321334663.33,,proxy_calibrated
2023-04-07,28022.9,28096.0,27755.0,27890.7,219250.178,6118045792.5145,53409.204,1.953333333333334e-06,5.8600000000000015e-06,,,1489620086.0028,7.291065766470321,80188035456.0,1099812263726.4297,,proxy_calibrated
2023-04-08,27890.7,28153.6,27850.1,27924.9,159129.56,4453733138.91332,54813.073,1.3086666666666666e-05,3.926e-05,,,1530649582.2177,7.300990639901704,80193187657.0,1098387761500.8102,,proxy_calibrated
2023-04-09,27924.9,28539.1,27762.8,28309.4,305861.88,8589117716.66099,54392.938,-2.6899999999999997e-06,-8.069999999999999e-06,,,1539831439.0172002,7.227671452829174,80203187657.0,1109668420603.2295,,proxy_calibrated
2023-04-10,28309.4,29840.0,28153.6,29623.1,580061.925,16759574206.41599,54270.214,8.722333333333332e-05,0.00026167,,,1607651976.3434,6.969151608248159,80203187657.0,1150831437819.1687,,proxy_calibrated
2023-04-11,29623.1,30564.0,29573.9,30185.1,628978.491,18933421282.50967,57641.854,0.0001,0.0003,,,1739925127.1753998,6.913695332786835,80343238527.0,1162088212738.9685,,proxy_calibrated
2023-04-12,30185.1,30480.0,29620.0,29875.0,563668.43,16925990333.74135,58694.782,6.508000000000001e-05,0.00019524,,,1753506612.25,6.941856764068782,80443266292.0,1158814839113.0208,,proxy_calibrated
2023-04-13,29874.9,30648.9,29836.7,30362.7,436182.494,13196552183.52759,57379.645,7.030666666666667e-05,0.00021092,,,1742200947.2415,6.792369509302924,80570447403.0,1186190581838.1875,,proxy_calibrated
2023-04-14,30362.7,31059.0,29925.0,30453.1,615391.615,18803216668.181,59110.448,4.435666666666667e-05,0.00013307,,,1800096383.9887998,6.715579256691722,80756955086.0,1202531486848.7322,,proxy_calibrated
2023-04-15,30453.0,30599.9,30186.0,30280.4,180234.082,5470537724.74858,54349.839,4.493333333333333e-05,0.0001348,,,1645734864.8556,6.757982832426064,80896461591.0,1197050415737.129,,proxy_calibrated
2023-04-16,30280.4,30560.0,30102.0,30286.6,210226.019,6372172002.43268,55426.307,9.048e-05,0.00027144,,,1678674389.5862,6.734498229824532,80913461589.0,1201477212224.4392,,proxy_calibrated
2023-04-17,30286.6,30307.4,29219.9,29420.0,455518.548,13503235174.14893,54999.666,9.125333333333334e-05,0.00027376,,,1618090173.72,6.899826834878149,80923461589.0,1172833225030.192,,proxy_calibrated
2023-04-18,29420.1,30480.0,29078.1,30365.8,533189.27,16000595786.75336,57004.607,3.648333333333333e-05,0.0001094499999999,,,1730990495.2406,6.7464831909218566,81052922317.0,1201409979440.336,,proxy_calibrated
2023-04-19,30365.8,30410.0,28557.3,28795.1,643866.11,18890822746.77531,58579.464,5.383333333333334e-05,0.0001615,,,1686801523.8263998,7.149406306021372,81164195713.0,1135257841544.7156,,proxy_calibrated
2023-04-20,28795.0,29078.0,27983.0,28229.9,639179.286,18268559026.79414,53855.776,6.048333333333333e-05,0.00018145,,,1520343170.9024,7.2410216450174465,81291398302.0,1122650950200.331,,proxy_calibrated
2023-04-21,28229.9,28368.9,27100.0,27252.5,687832.833,19154822175.12687,55574.951,8.765666666666667e-05,0.00026297,,,1514556352.1275,7.51302501518503,81397398449.0,1083417109413.0896,,proxy_calibrated
2023-04-22,27252.6,27888.0,27126.0,27807.2,345549.021,9486931563.8422,55532.196,6.316e-05,0.00018948,,,1544194880.6112,7.326413866200922,80620559312.0,1100409569870.5786,,proxy_calibrated
2023-04-23,27807.2,27807.3,27279.7,27576.0,332082.355,9148054894.69136,57082.672,2.504333333333333e-05,7.513e-05,,,1574111763.072,7.445013015403268,81431518639.0,1093772683412.6852,,proxy_calibrated
2023-04-24,27575.9,28000.0,26919.3,27497.5,581268.268,15953818918.34071,55016.953,3.667666666666667e-05,0.00011003,,,1512828665.1175,7.48071237259432,81441518639.0,1088686672907.81,,proxy_calibrated
2023-04-25,27497.4,28379.9,27176.6,28286.7,508254.515,14045812538.45073,54991.631,6.737666666666667e-05,0.00020213,,,1555531768.6077,7.328117678510677,81528400004.0,1112542177687.427,,proxy_calibrated
2023-04-26,28286.7,30048.2,27200.0,28395.9,1284924.668,36973550164.94095,57759.149,5.344e-05,0.00016032,,,1640123019.0891,7.313270677473844,81566488286.0,1115321610305.4832,,proxy_calibrated
2023-04-27,28396.0,29898.0,28365.3,29459.0,952584.739,27782772896.56456,47957.662,3.850666666666667e-05,0.00011552,,,1412784764.8579998,7.100882183450369,81581156971.0,1148887629217.9114,,proxy_calibrated
2023-04-28,29459.0,29591.1,28870.0,29300.0,508350.155,14879300727.03726,50522.121,8.158666666666667e-05,0.00024476,,,1480298145.3,7.14460856030514,81605185849.0,1142192538054.383,,proxy_calibrated
2023-04-29,29300.0,29443.9,29000.4,29212.7,218013.244,6381226955.68392,52329.669,4.871333333333333e-05,0.00014614,,,1528690921.5963,7.148189533694103,81687767335.0,1142775621014.972,,proxy_calibrated
2023-04-30,29212.7,29950.0,29067.4,29223.0,417798.846,12308569143.22655,52597.854,4.237e-05,0.00012711,,,1537067087.442,7.185152992649122,81697767321.0,1137035876683.24,,proxy_calibrated
2023-05-01,29223.0,29325.5,27650.0,28054.4,624974.488,17715530181.15137,51057.203,-1.1230000000000004e-05,-3.369000000000001e-05,,,1432379195.8432002,7.417452349347206,81707767325.0,1101561068096.257,,proxy_calibrated
2023-05-02,28054.5,28888.0,27854.0,28656.5,513546.269,14563151413.11936,51023.618,2.769e-05,8.307e-05,,,1462158309.217,7.282931463108415,81790847851.0,1123048435445.4023,,proxy_calibrated
2023-05-03,28656.4,29258.4,28080.0,29018.4,676466.23,19317326412.84522,52035.199,6.568e-05,0.00019704,,,1509978218.6616,7.193685010650705,81854781265.0,1137869967114.3347,,proxy_calibrated
2023-05-04,29018.4,29380.0,28660.0,28826.0,426425.584,12351553435.64055,50790.657,8.102000000000001e-05,0.00024306,,,1464091478.682,7.2626812043327265,81975475257.0,1128721927214.643,,proxy_calibrated
2023-05-05,28826.0,29693.0,28618.3,29491.5,578485.177,16927223730.86086,53308.578,7.396e-05,0.00022188,,,1572149928.087,7.049771312631947,82052222893.0,1163899072101.4863,,proxy_calibrated
2023-05-06,29491.5,29840.0,28333.0,28837.8,475628.901,13798897391.83881,53550.725,0.0001,0.0003,,,1544285097.405,7.248484936253369,82068081639.0,1132210142681.482,,proxy_calibrated
2023-05-07,28837.9,29137.0,28370.0,28419.4,308410.643,8896354660.35729,49812.835,4.804666666666667e-05,0.00014414,,,1415650882.999,7.343393072443448,82073081634.0,1117645219646.276,,proxy_calibrated
2023-05-08,28419.5,28624.6,27250.0,27659.8,658188.777,18339478036.73547,50175.792,1.6763333333333333e-05,5.029e-05,,,1387852371.5616,7.496354598836325,82078081629.0,1094906604894.88,,proxy_calibrated
2023-05-09,27659.8,27815.6,27316.8,27610.2,367664.686,10141376746.46744,53571.61,4.109666666666666e-05,0.00012329,,,1479122866.4220002,7.5259026509945315,82325354103.0,1093893422765.984,,proxy_calibrated
2023-05-10,27610.2,28297.0,26666.6,27582.9,722502.676,20001892800.24953,53521.372,4.109666666666666e-05,0.00012329,,,1476274651.7388,7.548453090065878,82466060394.0,1092489539380.3168,,proxy_calibrated
2023-05-11,27583.0,27630.0,26688.8,26956.4,538822.363,14649119359.74357,49705.893,4.5763333333333336e-05,0.00013729,,,1339891934.0652,7.722651421338994,82599114600.0,1069569375768.595,,proxy_calibrated
2023-05-12,26956.4,27090.0,25751.0,26785.1,615645.508,16266529977.65859,55096.975,3.453e-05,0.00010359,,,1475777985.0725,7.748265791040187,82713159758.0,1067505452041.236,,proxy_calibrated
2023-05-13,26785.2,27051.5,26674.9,26762.7,242694.929,6509153676.52752,51781.251,3.2896666666666666e-05,9.869e-05,,,1385806086.1376998,7.771898260947064,82783885203.0,1065169440250.9092,,proxy_calibrated
2023-05-14,26762.8,27200.0,26557.0,26901.9,247579.427,6656688171.93944,51863.822,2.763666666666667e-05,8.291e-05,,,1395235353.0618,7.741776162030659,82783885203.0,1069313856024.5573,,proxy_calibrated
2023-05-15,26901.9,27650.0,26694.4,27152.5,450263.076,12295451723.86526,52540.987,8.803333333333334e-06,2.6410000000000003e-05,,,1426619149.5175,7.678337338404879,82804277277.0,1078414162175.9224,,proxy_calibrated
2023-05-16,27152.5,27284.7,26832.0,27024.8,373172.951,10093411170.41688,55546.14,5.875e-05,0.00017625,,,1501123324.2719998,7.692631621747725,82809277270.0,1076475273245.7788,,proxy_calibrated
2023-05-17,27024.7,27500.0,26527.5,27395.8,490065.218,13216351846.61259,58100.976,6.627333333333333e-05,0.00019882,,,1591722718.3008,7.629970095936114,82832082711.0,1085614775280.943,,proxy_calibrated
2023-05-18,27395.7,27482.7,26335.3,26809.3,544971.979,14727436133.81543,54819.044,9.447333333333334e-05,0.00028342,,,1469660196.3092,7.760918101252192,82840018135.0,1067399720680.3936,,proxy_calibrated
2023-05-19,26809.4,27180.0,26611.2,26870.1,324097.956,8708772764.36967,55665.388,3.6683333333333335e-05,0.00011005,,,1495734542.0988,7.736581477037433,82843573932.0,1070803353882.8997,,proxy_calibrated
2023-05-20,26870.1,27144.4,26813.5,27089.5,137515.354,3707697281.1093,55332.259,2.3063333333333337e-05,6.919e-05,,,1498923230.1805,7.692796646002512,82895728300.0,1077575972882.0594,,proxy_calibrated
2023-05-21,27089.6,27288.0,26642.0,26732.8,238776.425,6431869877.90651,56806.046,5.7029999999999994e-05,0.00017109,,,1518584666.5088,7.774626801857713,82900728295.0,1066298491333.259,,proxy_calibrated
2023-05-22,26732.8,27097.8,26500.0,26840.2,328030.52,8796130693.48035,56955.1,2.6663333333333333e-05,7.999e-05,,,1528686275.02,7.740585529904607,82905728289.0,1071052415462.7062,,proxy_calibrated
2023-05-23,26840.2,27527.5,26782.6,27209.9,369176.618,10055521160.75082,56363.325,0.0001,0.0003,,,1533640436.9175,7.636425212302246,82949208885.0,1086230881320.8726,,proxy_calibrated
2023-05-24,27209.9,27212.9,26060.0,26313.8,535191.677,14198721097.42495,60038.978,5.476333333333333e-05,0.00016429,,,1579853659.2964,7.867389491941677,83013573950.0,1055160343021.3824,,proxy_calibrated
2023-05-25,26313.9,26644.0,25850.0,26461.8,394535.225,10368530938.48118,60568.901,8.606666666666667e-05,0.0002582,,,1602762144.4817998,7.835660261667302,83049248000.0,1059888321170.3778,,proxy_calibrated
2023-05-26,26461.7,26925.0,26313.9,26689.9,324475.546,8633310426.32368,60368.786,8.178666666666667e-05,0.00024536,,,1611236861.4614,7.768912505470481,83063200196.0,1069174097887.0728,,proxy_calibrated
2023-05-27,26689.8,26890.0,26528.6,26841.6,163681.935,4371514145.40532,60289.585,7.690666666666667e-05,0.00023072,,,1618268924.7359998,7.74155553380938,83098239535.0,1073404940029.022,,proxy_calibrated
2023-05-28,26841.6,28252.8,26746.0,28055.7,440115.394,12079775165.95981,59173.405,9.96e-05,0.0002988,,,1660151298.6585,7.442616127836476,83103239529.0,1116586400555.8704,,proxy_calibrated
2023-05-29,28055.8,28442.0,27513.5,27722.0,411290.549,11464529935.57118,61643.119,0.0001,0.0003,,,1708870544.918,7.5169602568819,83103239529.0,1105543154267.9453,,proxy_calibrated
2023-05-30,27722.1,28038.6,27530.0,27680.1,334379.313,9289854388.3587,61054.21,6.361333333333334e-05,0.00019084,,,1689986638.221,7.5163694948465425,83118939765.0,1105838926917.9614,,proxy_calibrated
2023-05-31,27680.0,27825.0,26826.0,27201.1,471381.89,12797264657.29916,60764.35,5.024333333333334e-05,0.00015073,,,1652857160.7849998,7.632259837460835,83160474162.0,1089591758312.9158,,proxy_calibrated
2023-06-01,27201.1,27347.9,26600.0,26805.3,404787.572,10888995134.74279,59038.059,7.245666666666667e-05,0.00021737,,,1582532882.9127,7.719658782198697,83198487627.0,1077748252537.4468,,proxy_calibrated
2023-06-02,26805.3,27290.0,26477.6,27227.8,391110.093,10565372872.49042,60088.522,7.994e-05,0.00023982,,,1636078259.3116,7.596751562163077,83225841346.0,1095545124320.2498,,proxy_calibrated
2023-06-03,27227.8,27340.2,26900.0,27054.9,182464.1,4951602182.2861,60486.689,7.662e-05,0.00022986,,,1636461322.2261,7.635022529702249,83128645073.0,1088780612625.669,,proxy_calibrated
2023-06-04,27054.9,27460.0,26935.3,27102.4,218271.544,5933883455.85455,59978.085,8.283333333333335e-05,0.0002485,,,1625550050.904,7.629399317277398,83133645068.0,1089648629083.25,,proxy_calibrated
2023-06-05,27102.4,27125.0,25360.1,25714.7,700502.548,18357609610.21765,57121.441,9.131333333333332e-05,0.0002739399999999,,,1468860718.8827,7.976465159359777,83138645060.0,1042299356908.0295,,proxy_calibrated
2023-06-06,25714.6,27358.1,25321.6,27221.5,731445.649,19197033011.63045,62138.417,-1.972e-05,-5.916e-05,,,1691500918.3655,7.618763097539681,83195143057.0,1091977030810.5016,,proxy_calibrated
2023-06-07,27221.5,27394.4,26111.0,26325.9,660044.537,17580869410.88071,58435.987,8.001666666666667e-05,0.00024005,,,1538379950.1633,7.845629328916178,83266980941.0,1061316784800.2676,,proxy_calibrated
2023-06-08,26325.9,26800.0,26195.4,26485.9,333104.839,8818214857.61013,55388.093,4.201666666666667e-05,0.00012605,,,1467003492.3887,7.800864950198795,83277591266.0,1067543045516.7382,,proxy_calibrated
2023-06-09,26486.0,26775.0,26236.0,26468.1,283719.198,7524310651.84534,58014.235,6.302666666666667e-05,0.00018908,,,1535526573.4034998,7.811737140465001,83297749826.0,1066315319220.2986,,proxy_calibrated
2023-06-10,26468.2,26525.0,25300.0,25826.6,608917.569,15698931318.50649,58128.855,4.9909999999999995e-05,0.00014973,,,1501270686.543,8.0419106325707,83332664064.0,1036229670676.6766,,proxy_calibrated
2023-06-11,25826.6,26199.0,25621.3,25909.9,279365.563,7227089796.30363,56763.165,4.5239999999999994e-05,0.0001357199999999,,,1470727928.8335,8.024902555754982,83343664057.0,1038562941767.198,,proxy_calibrated
2023-06-12,25910.0,26097.7,25600.0,25894.8,298900.468,7727691958.70051,56923.892,5.116333333333333e-05,0.00015349,,,1474032798.5616,8.040413559025103,83348664057.0,1036621604661.6636,,proxy_calibrated
2023-06-13,25894.8,26430.5,25708.0,25918.0,434536.754,11308944583.66133,57575.353,7.561e-05,0.00022683,,,1492237999.054,8.049749302164146,83478930155.0,1037037639576.6384,,proxy_calibrated
2023-06-14,25918.0,26099.3,24796.8,25115.9,464681.602,11881929860.74104,61292.307,2.9383333333333337e-05,8.815e-05,,,1539411453.3813002,8.32670343387106,83505217924.0,1002860478785.8844,,proxy_calibrated
2023-06-15,25115.9,25750.0,24777.0,25586.1,473971.375,11936022995.7639,60156.699,3.205e-05,9.615e-05,,,1539175316.2839,8.21227379497096,83539459054.0,1017251264870.8568,,proxy_calibrated
2023-06-16,25586.0,26526.9,25142.1,26336.0,533144.956,13781333096.97194,60147.273,1.6626666666666664e-05,4.988e-05,,,1584038581.728,7.999678921547556,83544985808.0,1044354237555.2996,,proxy_calibrated
2023-06-17,26335.9,26900.0,26170.8,26508.9,305738.396,8106952525.28539,63949.696,9.137e-05,0.00027411,,,1695236096.2944002,7.9547312253693025,83549735056.0,1050314997313.076,,proxy_calibrated
2023-06-18,26508.8,26709.4,26230.9,26329.7,241977.484,6411604568.41224,60351.459,6.214666666666667e-05,0.00018644,,,1589035810.0323,7.963849087077761,83156027042.0,1044168794922.6711,,proxy_calibrated
2023-06-19,26329.6,27077.0,26241.2,26828.5,400533.758,10651201162.61209,62342.154,5.709e-05,0.00017127,,,1672546478.589,7.849638711202596,83156027042.0,1059361202488.5176,,proxy_calibrated
2023-06-20,26828.6,28397.8,26633.9,28290.6,758176.297,20786331287.82493,64057.618,4.35e-06,1.305e-05,,,1812228447.7908,7.525490477070753,83159185882.0,1105033434503.3835,,proxy_calibrated
2023-06-21,28290.7,30822.0,28236.4,29988.5,1123474.427,33165677031.81134,68066.155,6.282e-05,0.00018846,,,2041201889.2175,7.149673303643251,83166935125.0,1163227067768.547,,proxy_calibrated
2023-06-22,29988.5,30488.0,29500.1,29875.0,561051.742,16856175550.40033,60140.251,9.745333333333334e-05,0.00029236,,,1796689998.625,7.184157654878894,83174169306.0,1157744210269.5906,,proxy_calibrated
2023-06-23,29875.0,31500.0,29792.0,30673.4,699073.071,21421175144.69206,63282.929,0.0001,0.0003,,,1941102594.3886,7.041976224407237,83184169317.0,1181261717821.2937,,proxy_calibrated
2023-06-24,30673.5,30796.5,30222.0,30524.2,279539.288,8546756825.90515,64943.241,0.0001,0.0003,,,1982340476.9322,7.0810353911378705,83184169317.0,1174745848906.6091,,proxy_calibrated
2023-06-25,30524.2,31053.2,30252.6,30458.0,301533.154,9236905464.93146,64153.091,0.0001,0.0003,,,1953974845.678,7.068861083457018,83189169317.0,1176839781328.9102,,proxy_calibrated
2023-06-26,30458.0,30667.3,29890.1,30260.1,415099.356,12562149789.70421,64243.254,0.0001,0.0003,,,1944007290.3654,7.137537319300979,83194169312.0,1165586470378.6614,,proxy_calibrated
2023-06-27,30260.1,30998.5,30213.0,30683.2,406073.348,12421440922.16078,64819.156,0.0001,0.0003,,,1988859127.3792,7.045046822031611,83216257484.0,1181202333868.983,,proxy_calibrated
2023-06-28,30683.2,30701.8,29804.6,30066.3,416656.434,12598592811.65844,65969.671,7.966666666666667e-05,0.000239,,,1983463919.1873,7.199492064805707,83222640434.0,1155951554427.4155,,proxy_calibrated
2023-06-29,30066.3,30837.0,30036.1,30439.9,382072.846,11648327668.80449,66589.638,8.624666666666668e-05,0.00025874,,,2026981921.7562003,7.124557567593228,83307731669.0,1169303930505.575,,proxy_calibrated
2023-06-30,30439.9,31300.0,29500.0,30460.2,809331.305,24662962533.50455,65904.785,0.0001,0.0003,,,2007472932.057,7.04765804544636,83359863360.0,1182802326992.306,,proxy_calibrated
2023-07-01,30460.2,30668.2,30311.3,30573.6,135520.246,4133098990.12844,59307.061,0.0001,0.0003,,,1813230360.1896,7.036067914875421,83320859006.0,1184196343952.9316,,proxy_calibrated
2023-07-02,30573.6,30800.0,30149.9,30612.7,231866.188,7079342099.35315,59500.838,0.0001,0.0003,,,1821481303.4426005,7.017354292962528,83320859006.0,1187354315137.8252,,proxy_calibrated
2023-07-03,30612.7,31395.2,30559.4,31149.0,370293.236,11455001608.3097,58915.423,0.0001,0.0003,,,1835156511.027,6.922176064211895,83320859006.0,1203680146721.12,,proxy_calibrated
2023-07-04,31149.0,31319.4,30600.0,30756.1,300832.26,9313935624.33744,61373.408,0.0001,0.0003,,,1887606673.7888,6.998192653423839,83331873579.0,1190762782705.4775,,proxy_calibrated
2023-07-05,30756.1,30875.2,30175.8,30488.4,294896.578,8991870910.78812,62012.381,0.0001,0.0003,,,1890658276.8804,7.062330731709903,83333734068.0,1179974957754.8257,,proxy_calibrated
2023-07-06,30488.4,31568.0,29818.0,29874.4,721267.219,22070224345.63387,62332.205,6.404e-05,0.00019212,,,1862137225.052,7.2196201564061075,83334004999.0,1154271321671.3506,,proxy_calibrated
2023-07-07,29874.3,30443.6,29680.0,30327.9,337801.654,10184988283.5844,61215.604,1.4203333333333332e-05,4.2609999999999994e-05,,,1856540716.5516,7.124202493335211,83334319952.0,1169735419928.9028,,proxy_calibrated
2023-07-08,30328.0,30380.0,30026.8,30269.3,138734.493,4191064151.51028,60267.453,2.6913333333333335e-05,8.074e-05,,,1824253615.0929,7.1386149486356505,83337768993.0,1167422106285.866,,proxy_calibrated
2023-07-09,30269.2,30443.4,30042.0,30147.8,162296.263,4910685209.23742,59779.209,6.227e-05,0.0001868099999999,,,1802211637.0902,7.159804581657425,83337768983.0,1163967089220.585,,proxy_calibrated
2023-07-10,30147.8,31040.0,29928.8,30396.9,429115.537,13041797875.98727,62055.043,1.8876666666666665e-05,5.663e-05,,,1886280936.5667,7.103709572978562,83329868983.0,1173047238586.0796,,proxy_calibrated
2023-07-11,30396.9,30804.9,30261.4,30608.4,298904.747,9119181979.08487,63706.569,6.743e-05,0.00020229,,,1949956146.5796,7.072661414056886,83328289818.0,1178174451450.2754,,proxy_calibrated
2023-07-12,30608.3,30980.5,30186.0,30368.9,425058.257,13009902129.34863,63102.58,6.0566666666666664e-05,0.0001817,,,1916355941.762,7.117447691607689,83352634014.0,1171102867567.0156,,proxy_calibrated
2023-07-13,30368.9,31850.0,30233.0,31441.7,696023.51,21574885298.97106,68242.776,1.838e-05,5.514e-05,,,2145668890.1592,6.836446420921433,83357216574.0,1219306222000.1267,,proxy_calibrated
2023-07-14,31441.6,31640.0,29876.6,30293.3,538692.246,16570590022.18309,63009.11,0.0001,0.0003,,,1908753871.963,7.070914019466687,83413240012.0,1179667010267.1016,,proxy_calibrated
2023-07-15,30293.3,30380.0,30220.2,30276.4,111622.474,3381748954.15686,63144.899,-4.406666666666667e-06,-1.3220000000000002e-05,,,1911800220.0836,7.093073593092911,83593002993.0,1178515940880.7085,,proxy_calibrated
2023-07-16,30276.5,30441.6,30050.0,30216.8,173805.94,5260328370.6608,63321.66,4.782666666666667e-05,0.00014348,,,1913377935.888,7.1127752311206995,83617525941.0,1175596349159.8354,,proxy_calibrated
2023-07-17,30216.9,30329.7,29630.0,30126.1,344113.427,10348549509.48323,64484.726,5.1080000000000006e-05,0.00015324,,,1942673303.9486,7.137441242481307,83628525930.0,1171687767210.6318,,proxy_calibrated
2023-07-18,30126.0,30227.5,29400.0,29845.6,337396.417,10078127136.72446,64808.774,6.086e-05,0.00018258,,,1934256745.2943995,7.202119121325966,83729629319.0,1162569348111.3198,,proxy_calibrated
2023-07-19,29845.7,30178.5,29745.0,29895.5,298418.854,8941549015.88861,67726.826,7.638000000000001e-05,0.00022914,,,2024727326.683,7.206987482433439,83784430445.0,1162544414697.8064,,proxy_calibrated
2023-07-20,29895.5,30420.0,29468.8,29791.0,410263.764,12295839232.23674,68135.935,5.952e-05,0.00017856,,,2029837639.585,7.217956832946506,83754595772.0,1160364320685.606,,proxy_calibrated
2023-07-21,29791.0,30056.2,29705.9,29891.4,221145.074,6601525560.44956,64675.163,2.457e-05,7.371e-05,,,1933231167.2982,7.20509383869242,83798446907.0,1163044490232.5898,,proxy_calibrated
2023-07-22,29891.5,29986.0,29602.2,29783.5,143375.956,4278958894.21528,64015.44,1.1053333333333331e-05,3.316e-05,,,1906603857.24,7.244738663884334,83775338994.0,1156361090174.6875,,proxy_calibrated
2023-07-23,29783.5,30368.2,29718.9,30070.8,224713.846,6742455119.06672,62654.487,7.426666666666666e-05,0.0002228,,,1884070547.6796,7.178071941685582,83780338989.0,1167170511380.0571,,proxy_calibrated
2023-07-24,30070.9,30091.7,28830.0,29163.8,434182.417,12739148029.69294,62665.458,8.112666666666668e-05,0.00024338,,,1827562884.0204,7.361173043193835,83780338989.0,1138138425729.0835,,proxy_calibrated
2023-07-25,29163.8,29379.5,29033.0,29216.3,196438.618,5733864849.27923,66352.38099999,8.026666666666666e-05,0.0002408,,,1938571069.0100076,7.345058634657062,83788525522.0,1140746857031.8916,,proxy_calibrated
2023-07-26,29216.2,29670.5,29083.0,29336.0,318527.582,9342519728.59463,65783.102,8.406333333333333e-05,0.00025219,,,1929813080.272,7.311316075389776,83789146039.0,1146020021224.8804,,proxy_calibrated
2023-07-27,29336.0,29558.4,29065.5,29209.7,223376.534,6549775823.23634,65901.45,3.2806666666666665e-05,9.842e-05,,,1924961584.065,7.342802656830564,83794928377.0,1141184535295.2617,,proxy_calibrated
2023-07-28,29209.8,29535.7,29112.8,29299.9,221299.867,6485251844.3234,66770.373,7.016e-05,0.00021048,,,1956365251.8627,7.315237133944738,83800932183.0,1145566857896.3809,,proxy_calibrated
2023-07-29,29300.0,29397.9,29237.5,29339.1,87100.719,2552974723.6625,66747.136,7.365666666666667e-05,0.00022097,,,1958300897.8176,7.302461644272663,83803836403.0,1147610771344.8594,,proxy_calibrated
2023-07-30,29339.1,29442.5,29006.0,29271.1,169901.253,4971420690.30703,66272.817,6.022666666666667e-05,0.00018068,,,1939878253.6886995,7.332363131046048,83803836403.0,1142930797414.6174,,proxy_calibrated
2023-07-31,29271.2,29525.8,29100.0,29220.8,230381.722,6752624719.92772,66041.831,5.99e-05,0.0001797,,,1929795135.2848,7.345225440679977,83797285742.0,1140840215439.9028,,proxy_calibrated
2023-08-01,29220.8,29735.0,28550.0,29701.2,442328.643,12851250046.85139,70571.739,7.689333333333333e-05,0.00023068,,,2096065334.3868,7.255986732950173,83873378189.0,1155919673999.9878,,proxy_calibrated
2023-08-02,29701.2,30059.9,28906.3,29170.1,491725.492,14482383687.34577,66221.261,0.0001,0.0003,,,1931680805.4961,7.3757473228241395,83874617419.0,1137167716679.383,,proxy_calibrated
2023-08-03,29170.2,29440.0,28955.4,29180.2,251967.942,7357451848.69498,67396.745,0.0001,0.0003,,,1966650498.449,7.378445803959359,83876255948.0,1136774033130.2705,,proxy_calibrated
2023-08-04,29180.1,29323.8,28780.0,29101.1,229395.673,6681106341.50991,68439.2,9.372e-05,0.00028116,,,1991656003.12,7.396665142527951,83876255948.0,1133973950851.7712,,proxy_calibrated
2023-08-05,29101.1,29145.0,28960.0,29057.7,82508.624,2396889615.43942,68617.83,8.060333333333333e-05,0.00024181,,,1993876318.791,7.397820855433331,83881700967.0,1133870400570.6365,,proxy_calibrated
2023-08-06,29057.7,29199.0,28978.5,29075.9,103094.44,2997426571.5375,68235.426,0.0001,0.0003,,,1984006422.8334,7.40084360440298,83881700967.0,1133407290448.5686,,proxy_calibrated
2023-08-07,29075.9,29274.5,28682.3,29202.7,297752.439,8642375892.18842,68131.038,9.223e-05,0.00027669,,,1989610263.4026,7.380905327858992,83881700967.0,1136468999953.0437,,proxy_calibrated
2023-08-08,29202.7,30250.0,29132.4,29759.0,459269.801,13599577748.60257,69043.395,8.360000000000001e-05,0.0002508,,,2054662391.805,7.237907591232565,83557764340.0,1154446409915.6963,,proxy_calibrated
2023-08-09,29758.9,30149.7,29362.0,29572.8,362009.701,10756925627.79187,70299.265,8.838e-05,0.00026514,,,2078946103.992,7.26440446299397,83511223882.0,1149594909086.0708,,proxy_calibrated
2023-08-10,29572.9,29729.8,29303.7,29443.7,234546.038,6922645509.59273,69794.537,9.425666666666668e-05,0.00028277,,,2055009409.0669,7.288265888757002,83512053052.0,1145842568406.115,,proxy_calibrated
2023-08-11,29443.7,29565.1,29220.0,29415.5,179044.008,5265186188.14472,71395.266,9.041e-05,0.00027123,,,2100127447.023,7.296011001128473,83512552527.0,1144633040082.9043,,proxy_calibrated
2023-08-12,29415.5,29470.0,29360.0,29420.7,56238.035,1654106361.1419,70308.876,9.768333333333331e-05,0.00029305,,,2068536348.1332,7.284007741103704,83387991626.0,1144809212041.8955,,proxy_calibrated
2023-08-13,29420.8,29463.0,29256.6,29293.3,84190.505,2472829612.6647,70529.603,8.212333333333333e-05,0.00024637,,,2066044819.5599,7.31348933583518,83387991626.0,1140194342219.2373,,proxy_calibrated
2023-08-14,29293.3,29686.7,29070.0,29419.5,295035.383,8677120731.75313,70317.827,0.0001,0.0003,,,2068715311.4265,7.288079864441968,83387991626.0,1144169564233.8413,,proxy_calibrated
2023-08-15,29419.5,29492.1,29050.0,29188.8,191289.959,5604668799.70402,70165.16,0.0001,0.0003,,,2048036822.208,7.342114760988248,83389050707.0,1135763379102.724,,proxy_calibrated
2023-08-16,29188.9,29257.4,28705.1,28714.4,272023.138,7903933631.97155,72266.34699999,0.0001,0.0003,,,2075084794.2965128,7.423873884383778,83159126422.0,1120158123872.8523,,proxy_calibrated
2023-08-17,28714.4,28775.9,24581.0,26609.7,868508.22,23892373364.35867,73364.353,0.0001,0.0003,,,1952203424.0241,7.928316057960102,82994370395.0,1046809559410.4489,,proxy_calibrated
2023-08-18,26609.7,26818.0,25600.0,26042.1,522375.316,13701338877.41335,55651.622,5.04e-05,0.0001512,,,1449285105.2862,8.048222061111291,82819461935.0,1029040467647.8864,,proxy_calibrated
2023-08-19,26042.0,26269.4,25783.4,26088.3,202219.153,5259138403.39374,55270.326,-1.9606666666666663e-05,-5.882e-05,,,1441908845.7858,8.02950340447902,82823608782.0,1031491047575.8602,,proxy_calibrated
2023-08-20,26088.4,26285.0,25948.5,26175.9,141089.85,3684280536.48474,55828.134,-2.542e-05,-7.626e-05,,,1461351652.7706,7.993260247882333,82823608782.0,1036168049250.5244,,proxy_calibrated
2023-08-21,26175.9,26280.0,25800.0,26115.4,232505.265,6052756159.68538,58284.254,-1.2e-05,-3.6e-05,,,1522116606.9116,8.025991641174581,82823608782.0,1031942375283.598,,proxy_calibrated
2023-08-22,26115.4,26128.2,25280.0,26044.4,313113.576,8099008037.07027,58136.385,2.706666666666667e-06,8.12e-06,,,1514127265.4940002,8.079680777598337,82826097691.0,1025115966470.396,,proxy_calibrated
2023-08-23,26044.5,26806.0,25800.0,26419.2,412969.028,10844866911.05113,55724.166,9.886666666666666e-06,2.9659999999999997e-05,,,1472187886.3872,7.9524083686334,82832852959.0,1041607134836.2432,,proxy_calibrated
2023-08-24,26419.2,26568.3,25835.0,26164.6,286753.337,7517625485.57741,57301.329,1.528e-05,4.5839999999999995e-05,,,1499266352.7533998,8.023508773332479,82822901509.0,1032252893949.2938,,proxy_calibrated
2023-08-25,26164.6,26300.0,25754.4,26051.7,274830.494,7151164304.37309,58076.928,2.4536666666666665e-05,7.361e-05,,,1513002705.1776,8.054450591534227,82826258267.0,1028329087449.565,,proxy_calibrated
2023-08-26,26051.7,26129.4,25969.0,26004.3,63925.862,1664151835.8984,57399.126,3.75e-05,0.0001125,,,1492624092.2417998,8.072428608558685,82828725797.0,1026069474422.8762,,proxy_calibrated
2023-08-27,26004.3,26173.6,25955.6,26087.7,86505.398,2255661579.44877,57372.951,1.7690000000000002e-05,5.3070000000000005e-05,,,1496728333.8027,8.041711464070557,82828725797.0,1029988779963.932,,proxy_calibrated
2023-08-28,26087.6,26244.6,25850.4,26106.5,219992.051,5728245334.03454,57227.205,2.851e-05,8.553e-05,,,1494002027.3325,8.04396044951724,82828725797.0,1029700808660.378,,proxy_calibrated
2023-08-29,26106.5,28168.0,25905.2,27700.1,700233.946,19063888802.78101,56800.95,-2.1136666666666664e-05,-6.340999999999999e-05,,,1573391995.0949998,7.655049906212598,82835281925.0,1082099828738.8496,,proxy_calibrated
2023-08-30,27700.1,27758.2,26950.0,27290.4,315313.916,8611722669.03794,61026.462,4.847666666666666e-05,0.00014543,,,1665436558.5648,7.756573747914081,82836705499.0,1067954849540.065,,proxy_calibrated
2023-08-31,27290.4,27674.3,25617.8,25928.0,502906.277,13374373720.159,61167.709,5.9576666666666675e-05,0.00017873,,,1585956358.952,8.08869438241645,82839654049.0,1024141228887.0796,,proxy_calibrated
2023-09-01,25928.0,26151.6,25312.0,25795.6,361184.924,9314832822.37795,57667.522,4.935e-05,0.00014805,,,1487568330.5031998,8.136941414792737,82845642167.0,1018142296273.4976,,proxy_calibrated
2023-09-02,25795.6,25975.0,25740.6,25855.8,107642.864,2780278800.436,57567.183,1.639e-05,4.917e-05,,,1488445570.2113998,8.117238720112478,82877292012.0,1021003507099.6604,,proxy_calibrated
2023-09-03,25855.8,26135.2,25777.0,25962.1,133016.832,3448807040.90302,57176.966,2.6546666666666668e-05,7.964e-05,,,1484434108.9886,8.09710861192099,82877292012.0,1023541809603.2906,,proxy_calibrated
2023-09-04,25962.1,26099.3,25610.0,25814.0,173147.873,4476150022.96639,57873.889,1.0333333333333332e-05,3.1e-05,,,1493956570.646,8.132883875433485,82877292012.0,1019039411866.4656,,proxy_calibrated
2023-09-05,25814.0,25900.0,25531.2,25779.7,186639.945,4801841760.65064,58078.194,1.798e-05,5.394e-05,,,1497238417.8618002,8.13563697203064,82882641165.0,1018760318951.5552,,proxy_calibrated
2023-09-06,25779.7,26052.0,25326.0,25747.4,251122.66,6451012388.43805,60217.698,3.6966666666666663e-06,1.109e-05,,,1550449157.4852,8.143790114442753,82885039764.0,1017769841796.463,,proxy_calibrated
2023-09-07,25747.4,26451.0,25602.3,26240.7,257349.902,6683838708.83606,57967.43,4.879e-05,0.00014637,,,1521105940.401,8.026582169574192,82888307993.0,1032672515422.5536,,proxy_calibrated
2023-09-08,26240.7,26437.5,25630.0,25899.8,249269.761,6476749865.05496,57994.252,-9.013333333333332e-06,-2.704e-05,,,1502039527.9496,8.108607509243573,82890066233.0,1022247853759.2032,,proxy_calibrated
2023-09-09,25899.9,25940.6,25781.5,25892.6,67909.81,1756326250.4234,59103.834,-1.337e-05,-4.011e-05,,,1530351932.2284,8.120072218292368,82993370803.0,1022076757101.2234,,proxy_calibrated
2023-09-10,25892.6,26037.3,25508.7,25828.4,162972.413,4203882568.6831,59426.823,1.9433333333333332e-05,5.8299999999999994e-05,,,1534899755.1732,8.155755357053662,82993370803.0,1017604957108.2534,,proxy_calibrated
2023-09-11,25828.4,25895.0,24888.0,25150.4,427216.374,10833054059.77662,58257.564,1.1203333333333332e-05,3.361e-05,,,1465201037.6256,8.381797134657372,82993370803.0,990162007856.7144,,proxy_calibrated
2023-09-12,25150.4,26580.0,25116.4,25825.8,592049.678,15363954424.52744,60392.295,1.551e-05,4.653e-05,,,1559679332.211,8.187130734450363,83003117902.0,1013824263886.9056,,proxy_calibrated
2023-09-13,25825.8,26400.0,25750.0,26209.9,335252.718,8752833623.09691,61510.979,2.2336666666666662e-05,6.701e-05,,,1612196608.4921,8.091528478224363,83008854473.0,1025873599733.2334,,proxy_calibrated
2023-09-14,26209.9,26880.0,26106.6,26510.3,380666.471,10081082095.72619,61260.017,-2.863333333333335e-06,-8.590000000000004e-06,,,1624021428.6750998,8.008772768795783,83011848204.0,1036511468117.004,,proxy_calibrated
2023-09-15,26510.3,26890.0,26206.6,26591.1,251656.77,6669561598.24096,63105.33,1.3863333333333332e-05,4.159e-05,,,1678040140.563,7.97525596415801,83019048236.0,1040957790058.4004,,proxy_calibrated
2023-09-16,26591.1,26763.5,26430.0,26546.9,140482.465,3729905321.7588,59705.529,-2.954e-05,-8.862e-05,,,1584996707.8101,7.992045086153977,83019048236.0,1038771019695.9282,,proxy_calibrated
2023-09-17,26547.0,26614.3,26377.4,26514.2,114239.394,3027518454.4446,59508.882,8.96e-06,2.688e-05,,,1577830399.1244,8.012786985846116,83019048236.0,1036082057125.016,,proxy_calibrated
2023-09-18,26514.2,27397.0,26358.6,26749.9,472539.032,12722651442.18257,58903.424,-2.2343333333333333e-05,-6.703e-05,,,1575660701.6576002,7.949755939546602,83019048236.0,1044296817000.5836,,proxy_calibrated
2023-09-19,26749.9,27480.0,26653.2,27196.0,433511.747,11764014197.82195,59734.555,-4.2e-06,-1.26e-05,,,1624540957.78,7.860381557255453,83068755239.0,1056803090714.1416,,proxy_calibrated
2023-09-20,27195.9,27381.0,26740.0,27107.7,348921.447,9453380064.9792,61375.923,-2.460666666666667e-05,-7.382000000000001e-05,,,1663760107.9071002,7.907421900352929,83139501601.0,1051410973749.7284,,proxy_calibrated
2023-09-21,27107.7,27149.0,26360.1,26552.6,317992.869,8489071729.18165,60863.674,3.901e-05,0.00011703,,,1616088790.2524,8.064188298848435,83168141273.0,1031326876195.046,,proxy_calibrated
2023-09-22,26552.6,26737.7,26452.9,26566.7,173534.648,4616219481.9717,60558.321,1.0359999999999996e-05,3.1079999999999994e-05,,,1608834746.5107002,8.050076309612887,83171325515.0,1033174373958.196,,proxy_calibrated
2023-09-23,26566.7,26620.6,26492.2,26563.1,57836.484,1536234764.7418,59240.366,2.8136666666666668e-05,8.441e-05,,,1573607766.0946,8.050323728281523,83178483701.0,1033231538363.9342,,proxy_calibrated
2023-09-24,26563.0,26739.9,26081.0,26232.4,146632.773,3882520896.41624,58944.126,2.0719999999999995e-05,6.215999999999999e-05,,,1546245890.8824,8.132443492839629,83180866470.0,1022827475447.4254,,proxy_calibrated
2023-09-25,26232.4,26440.0,25965.0,26290.5,268385.836,7028826209.2632,56954.884,4.0323333333333334e-05,0.00012097,,,1497372377.802,8.110923121494501,83180866470.0,1025541300589.6334,,proxy_calibrated
2023-09-26,26290.5,26388.0,26073.8,26208.8,180491.169,4732077914.06044,60267.279,1.6699999999999982e-06,5.009999999999994e-06,,,1579533061.8552,8.120523855516389,83185008082.0,1024379825268.1842,,proxy_calibrated
2023-09-27,26208.7,26849.9,26050.0,26359.6,353002.84,9328178302.68859,61937.948,5.132e-05,0.00015396,,,1632659534.1007998,8.08947986871886,83243973134.0,1029039870114.4608,,proxy_calibrated
2023-09-28,26359.6,27308.7,26325.2,27011.8,429587.858,11511420032.6491,59061.467,-1.8796666666666662e-05,-5.639e-05,,,1595356534.3105998,7.897178677947814,83248340765.0,1054152934356.972,,proxy_calibrated
2023-09-29,27011.7,27231.5,26625.0,26890.9,277397.643,7472678754.10716,61433.632,-1.995e-05,-5.9850000000000005e-05,,,1652005654.7488,7.903431915896619,83253698407.0,1053386671675.467,,proxy_calibrated
2023-09-30,26890.9,27085.0,26870.4,26950.9,92317.154,2489538716.4701,59583.975,1.344e-05,4.032e-05,,,1605841751.8275,7.884821584222896,83221172676.0,1055460441140.7491,,proxy_calibrated
2023-10-01,26951.0,28365.2,26939.0,27981.4,240382.946,6597423569.0926,60334.295,-8.623333333333333e-06,-2.587e-05,,,1688238042.1130002,7.624729369150117,83232172676.0,1091608221699.7742,,proxy_calibrated
2023-10-02,27981.4,28613.0,27255.0,27477.6,593277.72,16636546184.94729,58480.142,1.694e-05,5.0820000000000005e-05,,,1606893949.8191998,7.79659599041564,83234172676.0,1067570678002.5516,,proxy_calibrated
2023-10-03,27477.7,27665.0,27123.0,27412.0,283077.899,7764002370.30097,60023.671,2.7796666666666668e-05,8.339e-05,,,1645368869.452,7.821724035575827,83317986709.0,1065212558382.8044,,proxy_calibrated
2023-10-04,27412.0,27830.0,27163.9,27759.8,280784.322,7725687370.07408,62820.874,3.124666666666667e-05,9.374e-05,,,1743894898.0652,7.770937323906228,83342217736.0,1072486036911.0048,,proxy_calibrated
2023-10-05,27759.7,28110.0,27333.5,27398.4,370190.087,10248367834.29458,64064.891,-3.459e-05,-0.0001037699999999,,,1755275509.5744002,7.87807858620436,83344022138.0,1057923213459.0188,,proxy_calibrated
2023-10-06,27398.3,28450.0,27156.0,27916.3,438445.904,12148383610.73177,64174.995,-9.396666666666666e-06,-2.819e-05,,,1791528412.9185,7.746466617550914,83379670190.0,1076357445355.6595,,proxy_calibrated
2023-10-07,27916.3,28018.7,27822.1,27943.0,117049.145,3267342158.1076,64739.076,2.352e-05,7.056e-05,,,1809004000.668,7.756713619728605,83413066842.0,1075366075522.5676,,proxy_calibrated
2023-10-08,27943.0,28082.0,27671.0,27901.2,178380.307,4975001729.5113,64417.379,2.1503333333333335e-05,6.451e-05,,,1797322174.9548,7.7686861085605,83451566842.0,1074204385089.555,,proxy_calibrated
2023-10-09,27901.2,27977.0,27250.0,27578.3,314316.581,8665868960.69567,64785.894,5.115e-05,0.00015345,,,1786684820.5002,7.889302662088759,83451566842.0,1057781282026.5852,,proxy_calibrated
2023-10-10,27578.4,27727.3,27281.0,27381.2,239779.496,6587799296.3111,65357.122,4.263666666666667e-05,0.00012791,,,1789556428.9064002,7.943158229587037,83472069062.0,1050867509488.5992,,proxy_calibrated
2023-10-11,27381.3,27467.6,26525.0,26864.5,388186.571,10465119996.4274,67338.676,6.855666666666667e-05,0.00020567,,,1809019861.402,8.04603809439385,83489869062.0,1037651923624.0295,,proxy_calibrated
2023-10-12,26864.5,26939.0,26534.8,26744.0,220279.04,5889875524.20162,71264.40399999,6.655e-05,0.00019965,,,1905895220.5757325,8.103707044727969,83497134325.0,1030357265682.7563,,proxy_calibrated
2023-10-13,26744.0,27120.8,26670.1,26849.8,243222.154,6531230809.70284,70420.018,2.2196666666666667e-05,6.659e-05,,,1890763399.2964,8.066939465997017,83499157750.0,1035078521438.7386,,proxy_calibrated
2023-10-14,26849.7,26986.4,26773.1,26836.3,82164.781,2208107023.81852,68351.355,1.5906666666666665e-05,4.772e-05,,,1834297468.1865,8.066625634394851,83504131933.0,1035180454847.8264,,proxy_calibrated
2023-10-15,26836.4,27456.1,26790.4,27139.8,160000.462,4324470125.81482,67395.75599999,1.669e-05,5.007e-05,,,1829107338.6885283,8.002935779778525,83504131933.0,1043418743206.645,,proxy_calibrated
2023-10-16,27139.8,30720.0,27095.4,28486.3,823003.782,23288253085.66756,67747.728,3.394333333333334e-05,0.00010183,,,1929882104.1264,7.702336523084835,83508131933.0,1084192201713.2856,,proxy_calibrated
2023-10-17,28486.3,28605.0,28055.0,28381.9,314189.758,8911627202.91139,57729.307,-2.0466666666666673e-06,-6.140000000000002e-06,,,1638467418.3433,7.764598305441091,83564073494.0,1076218887401.322,,proxy_calibrated
2023-10-18,28382.0,29100.0,28126.6,28307.1,297176.628,8454733708.39205,60508.767,-9.716666666666666e-06,-2.9149999999999997e-05,,,1712827718.3457,7.78753437306817,83658558996.0,1074262468558.9644,,proxy_calibrated
2023-10-19,28307.2,28933.4,28076.0,28696.9,333673.207,9523779728.80222,60831.299,-4.2193333333333335e-05,-0.00012658,,,1745669704.2731,7.723506292858076,83792007688.0,1084895959306.4932,,proxy_calibrated
2023-10-20,28697.0,30243.0,28560.0,29653.0,551005.327,16251872830.69389,59485.941,-1.5490000000000002e-05,-4.647000000000001e-05,,,1763936608.473,7.523284773619801,83902581464.0,1115238675507.8335,,proxy_calibrated
2023-10-21,29653.0,30374.6,29443.5,29895.4,258195.956,7714008513.63393,61302.976,2.872e-05,8.616e-05,,,1832676988.7104,7.473733113309107,84130259194.0,1125679200989.692,,proxy_calibrated
2023-10-22,29895.4,30229.7,29606.6,29981.5,198602.758,5938982672.49338,63707.073,2.7536666666666667e-05,8.261e-05,,,1910033609.1495,7.423455999604134,84131359672.0,1133317954285.5298,,proxy_calibrated
2023-10-23,29981.4,35981.9,29869.4,33074.0,987741.536,31143119218.83396,60307.676,6.162666666666666e-05,0.00018488,,,1994616076.024,6.850376721150572,84142359672.0,1228288064979.1135,,proxy_calibrated
2023-10-24,33074.0,35300.0,32833.5,33917.0,921993.063,31438800457.07022,51835.075,0.0001,0.0003,,,1758090238.775,6.726307441013417,84264122116.0,1252754544078.7102,,proxy_calibrated
2023-10-25,33917.0,35154.3,33660.6,34487.7,465367.144,16013137764.07121,55519.236,0.0001,0.0003,,,1914730755.3971996,6.644846455449914,84233811435.0,1267656250595.7354,,proxy_calibrated
2023-10-26,34487.8,34828.7,33750.0,34154.0,339552.964,11632500642.20401,58080.957,0.0001,0.0003,,,1983697005.378,6.6854316015927635,84368685906.0,1261978147916.4287,,proxy_calibrated
2023-10-27,34154.0,34253.3,33350.0,33893.1,278052.978,9431378767.25107,60238.872,0.0001,0.0003,,,2041682112.5832,6.748832584215512,84487655718.0,1251885487804.2715,,proxy_calibrated
2023-10-28,33893.2,34535.8,33867.4,34086.6,138314.932,4721192040.5172,59418.808,0.0001,0.0003,,,2025385140.7727995,6.72690514598397,84515238111.0,1256376242520.0308,,proxy_calibrated
2023-10-29,34086.7,34773.8,33933.0,34528.6,175897.55,6052162692.45699,58329.818,0.0001,0.0003,,,2014046953.7948,6.651588073278301,84515238111.0,1270602406221.2534,,proxy_calibrated
2023-10-30,34528.6,34888.2,34050.0,34483.8,281841.348,9712557953.95943,58833.043,0.0001,0.0003,,,2028786888.2034,6.645607522363248,84515238111.0,1271745853582.1792,,proxy_calibrated
2023-10-31,34483.8,34744.7,34016.8,34651.4,272450.567,9367740893.9104,59485.146,0.0001,0.0003,,,2061243588.1044,6.621944347775998,84564598508.0,1277035777813.5254,,proxy_calibrated
2023-11-01,34651.4,35734.0,34076.0,35437.4,469214.787,16310840373.51904,59560.538,0.0001,0.0003,,,2110670609.3212,6.509110866814025,84778830833.0,1302464077931.679,,proxy_calibrated
2023-11-02,35437.5,35999.9,34300.0,34940.1,410221.727,14411069440.58643,58926.045,0.0001,0.0003,,,2058881904.9045,6.6159866671267915,84849462984.0,1282491444633.5886,,proxy_calibrated
2023-11-03,34940.1,34944.9,34123.0,34700.4,306048.199,10557775671.82227,59117.054,0.0001,0.0003,,,2051385420.6216,6.64471467082505,85174392534.0,1281836719159.2925,,proxy_calibrated
2023-11-04,34700.5,35270.0,34571.6,35069.7,140746.874,4903087436.09509,59124.362,0.0001,0.0003,,,2073473638.0314,6.588265124086228,85329884145.0,1295179877218.9666,,proxy_calibrated
2023-11-05,35069.7,35455.2,34356.0,35025.5,231363.339,8104514852.65571,59024.203,0.0001,0.0003,,,2067352222.1765,6.565552793073433,85339884144.0,1299812625587.786,,proxy_calibrated
2023-11-06,35025.5,35299.9,34743.2,35057.4,202227.215,7084946768.0661,59772.484,0.0001,0.0003,,,2095467880.5816,6.555939372617749,85367984142.0,1302147248318.9402,,proxy_calibrated
2023-11-07,35057.5,35921.7,34520.3,35406.5,343525.95,12064060090.68823,59152.384,0.0001,0.0003,,,2094378884.096,6.547736133745713,85712109690.0,1309034266794.2444,,proxy_calibrated
2023-11-08,35406.5,36150.0,35073.0,35626.7,334779.449,11899393604.89829,61417.024,0.0001,0.0003,,,2188085888.9407997,6.541694495798342,86059207862.0,1315549173341.4773,,proxy_calibrated
2023-11-09,35626.7,38499.9,35304.0,36719.5,778877.937,28650466494.87653,61288.026,0.0001334233333333,0.00040027,,,2250465670.707,6.247216537599488,86236089163.0,1380392189769.309,,proxy_calibrated
2023-11-10,36719.6,37570.0,36350.0,37330.4,299373.892,11076896066.60177,56630.138,0.0001056066666666,0.00031682,,,2114025703.5952,6.224670028579697,86489374731.0,1389461197684.3142,,proxy_calibrated
2023-11-11,37330.3,37422.2,36588.0,37162.1,159239.284,5903428289.9594,55059.453,0.0001375166666666,0.0004125499999999,,,2046124898.3313,6.271936924680862,86651790617.0,1381579433237.1917,,proxy_calibrated
2023-11-12,37162.1,37258.4,36753.6,37085.5,118890.045,4409373212.1171,53201.578,0.00022046,0.00066138,,,1973007120.919,6.294256314512869,86766265615.0,1378499083600.0789,,proxy_calibrated
2023-11-13,37085.6,37464.8,36350.0,36486.2,257075.648,9473874020.94803,54377.532,0.00021284,0.00063852,,,1984029508.0584,6.358586277365349,86776580495.0,1364714996537.8071,,proxy_calibrated
2023-11-14,36486.2,36779.9,34446.3,35559.0,397265.8,14314693961.9118,56241.308,0.00016076,0.00048228,,,1999884671.172,6.54638372586715,87049399807.0,1329732619599.369,,proxy_calibrated
2023-11-15,35559.1,38000.0,35388.0,37885.6,423818.57,15581195427.04667,55821.965,0.0001,0.0003,,,2114848637.204,6.227494662189248,87295398005.0,1401773951490.0151,,proxy_calibrated
2023-11-16,37885.5,37956.5,35486.1,36176.0,434444.366,15963485688.09104,56619.247,0.0001240433333333,0.00037213,,,2048257879.472,6.507432200366879,87406916113.0,1343185966779.218,,proxy_calibrated
2023-11-17,36176.0,37020.5,35868.3,36621.9,319943.051,11629773626.22051,56188.615,0.0001,0.0003,,,2057733839.6685,6.459765860139092,87502024032.0,1354569591630.9248,,proxy_calibrated
2023-11-18,36621.9,36900.0,36196.0,36580.9,121720.922,4446623778.62677,55215.775,0.0001,0.0003,,,2019842743.6975,6.473098844346571,87650408687.0,1354071840932.1294,,proxy_calibrated
2023-11-19,36580.9,37528.2,36380.0,37375.9,154713.007,5695092295.31787,55707.028,0.0001,0.0003,,,2082100307.8252,6.342884055062349,87665708687.0,1382111164668.5818,,proxy_calibrated
2023-11-20,37375.8,37784.7,36600.0,37462.5,310504.037,11585755433.13282,56772.631,0.0001,0.0003,,,2126844688.8375,6.3269437038241065,87688283686.0,1385950117321.2556,,proxy_calibrated
2023-11-21,37462.6,37675.0,35720.0,35737.0,450731.16,16617512774.69305,57157.597,0.0001,0.0003,,,2042641043.989,6.624003818140571,87999214565.0,1328489792291.5498,,proxy_calibrated
2023-11-22,35737.0,37880.0,35610.7,37413.4,338189.618,12443659325.49277,55540.981,0.0001,0.0003,,,2077976938.5454,6.341728396527229,88280778060.0,1392061793569.449,,proxy_calibrated
2023-11-23,37413.5,37650.0,36856.3,37294.3,185369.931,6912924978.37547,56440.266,0.0001,0.0003,,,2104900212.2838004,6.367174042162582,88445991835.0,1389093359932.0886,,proxy_calibrated
2023-11-24,37294.4,38425.0,37257.3,37706.3,351031.723,13275238103.95441,56464.408,0.0001,0.0003,,,2129063907.3704,6.308843535544927,88486990065.0,1402586536921.571,,proxy_calibrated
2023-11-25,37706.3,37886.5,37570.9,37766.6,82589.329,3116830221.06905,56612.248,0.0001,0.0003,,,2138052125.3168,6.313372649139215,88683450806.0,1404692162723.697,,proxy_calibrated
2023-11-26,37766.7,37807.6,37126.0,37437.9,173758.644,6511523445.85111,57112.122,0.0001,0.0003,,,2138157912.2238,6.367132405089667,88700950806.0,1393106741978.469,,proxy_calibrated
2023-11-27,37437.9,37560.0,36700.0,37234.3,266112.699,9864595980.22536,58591.106,0.0001,0.0003,,,2181598818.1358004,6.4192941051327,88755950804.0,1382643470612.0266,,proxy_calibrated
2023-11-28,37234.4,38395.0,36856.0,37812.1,318426.327,11989725382.60476,61595.074,0.0001,0.0003,,,2329039097.5954,6.346026723562916,88897224190.0,1400832805508.4126,,proxy_calibrated
2023-11-29,37812.0,38500.0,37551.8,37837.1,261631.881,9929131546.05138,60732.656,0.0001,0.0003,,,2297947578.3376,6.367139300389903,89051834037.0,1398616079147.9268,,proxy_calibrated
2023-11-30,37837.2,38132.0,37442.9,37716.8,191188.871,7217490282.26007,59110.732,0.0001,0.0003,,,2229467656.6976004,6.3774828454307695,89253851478.0,1399515351765.267,,proxy_calibrated
2023-12-01,37716.9,38989.0,37600.0,38660.0,342361.994,13165741479.13575,60253.605,0.0001,0.0003,,,2329404369.3,6.249407869195024,89317080453.0,1429208691806.9053,,proxy_calibrated
2023-12-02,38659.9,39900.0,38613.5,39435.0,213210.311,8343797522.28991,61941.303,8.488e-05,0.00025464,,,2442655283.805,6.123718756678854,89499174101.0,1461516729575.267,,proxy_calibrated
2023-12-03,39435.1,40410.1,39255.2,39979.7,221917.905,8809720241.44514,59379.257,0.0001,0.0003,,,2373964881.0828996,6.052281576591605,89569124098.0,1479923281237.0508,,proxy_calibrated
2023-12-04,39979.8,42440.0,39970.4,41993.1,602492.859,24973172580.45416,61138.898,0.0001,0.0003,,,2567411857.6038,5.82220434042691,89619724097.0,1539274797944.1182,,proxy_calibrated
2023-12-05,41993.1,44528.1,41393.5,44081.7,575038.041,24684026724.28502,59449.746,0.0001,0.0003,,,2620645868.2482,5.609246515321437,89786241693.0,1600682755656.2617,,proxy_calibrated
2023-12-06,44081.7,44349.8,43377.0,43774.8,383957.738,16855439556.37356,61099.081,0.0001,0.0003,,,2674600050.9588003,5.683301506183247,90005799511.0,1583688625582.7996,,proxy_calibrated
2023-12-07,43775.1,44066.7,42815.0,43296.0,346421.958,15052072255.7809,61631.242,0.0001,0.0003,,,2668386253.632,5.659484846909881,90040209002.0,1590961217100.2207,,proxy_calibrated
2023-12-08,43296.0,44779.3,43100.0,44209.5,281880.593,12354864659.75649,62912.206,0.0001784333333333,0.0005353,,,2781317171.157,5.586364500275004,90228000442.0,1615147032342.0227,,proxy_calibrated
2023-12-09,44209.6,44389.2,43555.0,43734.3,189339.656,8331208461.23936,60145.004,0.0001961833333333,0.00058855,,,2630399648.4372,5.643186170606762,90307767897.0,1600297512199.3894,,proxy_calibrated
2023-12-10,43734.2,44099.2,43552.5,43810.0,144548.259,6336935031.6078,58269.441,0.0002167666666666,0.0006503,,,2552784210.21,5.64449240666611,90561569096.0,1604423614584.8535,,proxy_calibrated
2023-12-11,43810.1,43833.4,40228.3,41271.0,620753.439,25927086771.59747,59574.911,0.0001157666666666,0.0003473,,,2458716151.881,5.956913769570035,90517569096.0,1519538012425.0728,,proxy_calibrated
2023-12-12,41271.1,42125.0,40711.0,41515.0,356541.118,14804780111.22747,59276.3,0.0001,0.0003,,,2460855594.5,5.950563679403581,90606798292.0,1522659081955.769,,proxy_calibrated
2023-12-13,41514.9,43517.6,40556.0,42875.0,396710.296,16618328876.25431,58857.22,0.0001155733333333,0.00034672,,,2523503307.5,5.785863962301,90624753215.0,1566313238705.3071,,proxy_calibrated
2023-12-14,42875.0,43450.1,41140.0,43032.4,361628.325,15456710755.29236,58290.429,0.0001,0.0003,,,2508377056.8996,5.739710210995103,90631136003.0,1579019369817.4028,,proxy_calibrated
2023-12-15,43032.3,43098.0,41668.0,41968.0,257177.013,10899991321.40501,57665.585,0.0001,0.0003,,,2420109271.2799997,5.905942584902467,90790069493.0,1537266375143.7288,,proxy_calibrated
2023-12-16,41968.0,42756.7,41638.1,42287.4,160549.459,6792519091.8989,55829.789,0.0001,0.0003,,,2360896619.3586,5.875539834362904,90884632596.0,1546830336583.954,,proxy_calibrated
2023-12-17,42287.4,42476.0,41248.3,41396.5,224722.851,9421985303.21506,55928.036,0.0001,0.0003,,,2315224942.274,5.982473016342778,90884632596.0,1519181655274.0566,,proxy_calibrated
2023-12-18,41396.6,42795.3,40553.8,42671.7,375385.675,15562426218.22632,55689.609,0.0001298866666666,0.00038966,,,2376370288.3652997,5.843542533167784,90884632596.0,1555300266578.7295,,proxy_calibrated
2023-12-19,42671.8,43550.0,41835.4,42298.3,315311.844,13457649560.46984,58015.263,0.0001,0.0003,,,2453946998.9529,5.904501818414309,90890026114.0,1539334374164.171,,proxy_calibrated
2023-12-20,42298.2,44384.6,42218.3,43708.9,377008.923,16393157759.03438,58221.207,0.0001471433333333,0.00044143,,,2544784914.6423,5.755914002888704,90903282682.0,1579302307789.4949,,proxy_calibrated
2023-12-21,43708.9,44287.2,43317.2,43896.3,276922.155,12123140366.35172,57200.317,0.0002843566666666,0.00085307,,,2510882275.1271005,5.722687081303412,90997478400.0,1590118018112.467,,proxy_calibrated
2023-12-22,43896.4,44484.0,43430.4,43999.2,238341.933,10452147024.44062,55668.659,0.0002614233333333,0.00078427,,,2449376461.0727997,5.668206331842303,91042674797.0,1606199024293.6155,,proxy_calibrated
2023-12-23,43999.2,44023.0,43304.2,43725.2,120792.199,5275597701.9703,55356.55,0.0001378366666666,0.00041351,,,2420476220.06,5.709275106627561,91166134358.0,1596807522064.7646,,proxy_calibrated
2023-12-24,43725.2,43994.8,42550.0,43008.4,179967.251,7820621575.19171,54259.081,0.0001683966666666,0.00050519,,,2333596259.2804,5.804762269099311,91232934358.0,1571691141317.938,,proxy_calibrated
2023-12-25,43008.4,43850.0,42755.4,43611.9,184210.274,7998973036.56107,55734.572,0.0001930266666666,0.00057908,,,2430690580.6068,5.747151147268851,91288596668.0,1588414752435.7693,,proxy_calibrated
2023-12-26,43611.9,43635.1,41597.0,42538.5,295583.678,12579682837.18391,55687.314,0.0003223566666666,0.00096707,,,2368854806.5889997,5.872334982733512,91298065200.0,1554714870123.1223,,proxy_calibrated
2023-12-27,42538.6,43700.0,42145.7,43453.8,251351.538,10800417570.90282,57523.776,0.0003262233333333,0.00097867,,,2499626657.5488,5.702542478871201,91315808078.0,1601317454737.7622,,proxy_calibrated
2023-12-28,43453.8,43850.0,42320.5,42600.1,257515.182,11056852869.47034,58047.814,0.00033684,0.00101052,,,2472842681.1814,5.807323996201573,91427015093.0,1574339836261.9363,,proxy_calibrated
2023-12-29,42600.1,43171.9,41283.2,42095.1,337421.865,14290101442.75712,58694.911,0.0005072133333333,0.00152164,,,2470768148.0361,5.886047540624785,91497677422.0,1554484172791.5742,,proxy_calibrated
2023-12-30,42095.1,42654.6,41550.0,42174.2,183890.67,7750535197.76647,57729.108,0.0003815166666666,0.00114455,,,2434678946.6136,5.89171243320919,91651728372.0,1555604239191.927,,proxy_calibrated
2023-12-31,42174.3,42951.0,42001.0,42314.0,173508.289,7373114617.21853,58506.987,0.0003200833333333,0.00096025,,,2475664647.918,5.8851044871281974,91677093371.0,1557781914858.3447,,proxy_calibrated
2024-01-01,42314.0,44266.0,42207.9,44230.2,206424.144,8897557996.51846,57333.868,0.00032741,0.00098223,,,2535888448.4136,5.6666736428643585,91677928371.0,1617843803065.0227,,proxy_calibrated
2024-01-02,44230.3,45950.0,44200.9,44979.8,459798.523,20799115632.46685,57100.658,0.00051585,0.00154755,,,2568376176.7084,5.599241214997287,91682127370.0,1637402709574.8977,,proxy_calibrated
2024-01-03,44979.7,45582.3,40333.0,42849.5,595855.225,25726152649.43654,59520.831,0.00016094,0.00048282,,,2550437847.9344997,5.896668707370604,92020117112.0,1560544125481.8755,,proxy_calibrated
2024-01-04,42849.5,44840.8,42625.0,44143.8,333923.098,14582787988.83859,57947.856,0.0001,0.0003,,,2558038565.6928,5.764359323457103,92411788606.0,1603158016710.4707,,proxy_calibrated
2024-01-05,44143.8,44500.0,42300.0,44145.4,374967.791,16383172715.24129,57238.537,0.0001,0.0003,,,2526818111.2798,5.784673213138677,92780444258.0,1603901220336.329,,proxy_calibrated
2024-01-06,44145.3,44214.6,43391.3,43956.7,138542.797,6067670136.35873,55341.066,0.0001,0.0003,,,2432610635.8422,5.849476774346215,93320401318.0,1595363225088.2856,,proxy_calibrated
2024-01-07,43956.6,44486.9,43557.5,43916.9,180710.714,7960341657.87697,56317.492,0.0001,0.0003,,,2473289664.4148,5.876291409690293,93528001318.0,1591616119714.0042,,proxy_calibrated
2024-01-08,43916.9,47312.0,43158.1,46972.7,495087.983,22401426143.93918,56475.498,0.0001,0.0003,,,2652806624.9045997,5.547877235300759,93596751318.0,1687073223654.8125,,proxy_calibrated
2024-01-09,46972.6,48100.0,44417.2,46114.0,513362.773,23864636393.45204,57254.75,0.0001,0.0003,,,2640245541.5,5.639646004063579,94063288707.0,1667893492591.979,,proxy_calibrated
2024-01-10,46113.9,47699.3,44291.5,46662.9,668657.474,30628280360.85305,56057.527,0.0001,0.0003,,,2615806776.6483,5.485946735447292,94368207275.0,1720180888108.9287,,proxy_calibrated
2024-01-11,46663.0,49027.5,45600.0,46337.8,596698.379,28052864785.47425,56708.579,0.0001,0.0003,,,2627750791.9862,5.507956306980584,94591242888.0,1717356449761.9287,,proxy_calibrated
2024-01-12,46337.9,46536.2,41370.0,42788.9,575943.258,25506347481.11302,57419.599,0.0001,0.0003,,,2456921479.6511,5.890856918109283,94980329573.0,1612334689050.3782,,proxy_calibrated
2024-01-13,42789.0,43273.4,42445.7,42846.4,207737.326,8903288166.33136,58518.189,0.0001,0.0003,,,2507293733.1696,5.854093483026871,94982958944.0,1622504991069.751,,proxy_calibrated
2024-01-14,42846.4,43096.1,41713.5,41734.9,181096.968,7710193172.30398,59421.751,0.0001,0.0003,,,2479960835.8099,6.019790281129227,94982958944.0,1577844983101.0151,,proxy_calibrated
2024-01-15,41734.9,43376.0,41720.0,42515.0,240059.141,10237828482.80086,61092.757,0.0001,0.0003,,,2597358563.855,5.922539581776175,94982958938.0,1603753890143.095,,proxy_calibrated
2024-01-16,42515.0,43589.0,42050.0,43133.0,287207.233,12326619430.2348,59472.029,0.0001,0.0003,,,2565207026.857,5.828551707652829,95093844052.0,1631517550528.766,,proxy_calibrated
2024-01-17,43133.0,43198.0,42200.0,42783.4,209396.081,8935030009.19649,57586.097,0.0001,0.0003,,,2463729022.3898,5.893190022324759,95101372849.0,1613750320093.7715,,proxy_calibrated
2024-01-18,42783.3,42932.3,40673.6,41323.1,335080.756,14029461752.96119,57985.309,0.0001,0.0003,,,2396132722.3379,6.070364903499234,95137139323.0,1567239216017.4526,,proxy_calibrated
2024-01-19,41323.2,42197.0,40300.0,41662.2,345941.73,14252164353.07918,59436.602,0.0001,0.0003,,,2476259599.8444,6.018061563954018,95033236391.0,1579133669223.5625,,proxy_calibrated
2024-01-20,41662.1,41883.5,41453.6,41691.8,95866.062,3989874076.29828,57680.951,0.0001,0.0003,,,2404822672.9018,6.027059920981224,95033236391.0,1576776034035.6511,,proxy_calibrated
2024-01-21,41691.8,41880.9,41500.0,41580.0,67035.552,2795034232.08641,57596.626,0.0001,0.0003,,,2394867709.08,6.04699131852515,95033236391.0,1571578846158.7942,,proxy_calibrated
2024-01-22,41579.9,41692.3,39402.0,39567.0,459024.106,18601094756.09346,58946.21,0.0001,0.0003,,,2332324691.07,6.336755583867805,94902945511.0,1497658293032.56,,proxy_calibrated
2024-01-23,39567.1,40172.7,38545.0,39890.0,414373.386,16262676717.26893,56553.682,0.0001,0.0003,,,2255926374.98,6.347493207475035,94865026114.0,1494527414417.4514,,proxy_calibrated
2024-01-24,39889.9,40560.6,39493.3,40078.7,272754.171,10898797410.02247,57594.538,0.0001,0.0003,,,2308314210.1405997,6.374307021047919,95563944196.0,1499205229375.4993,,proxy_calibrated
2024-01-25,40078.8,40300.0,39535.3,39953.3,203728.679,8134002285.16447,60410.63,0.0001,0.0003,,,2413604023.579,6.397477447346137,95540986301.0,1493416539367.9226,,proxy_calibrated
2024-01-26,39953.3,42239.3,39813.1,41806.4,355418.478,14627005545.1065,61715.294,0.0001,0.0003,,,2580094267.0816,6.170217286633877,95543581705.0,1548463810374.5483,,proxy_calibrated
2024-01-27,41806.4,42187.1,41360.1,42102.2,118437.114,4949330917.72336,61007.776,9.088666666666666e-05,0.00027266,,,2568561586.7071996,6.168252223237839,96023872796.0,1556743617490.9714,,proxy_calibrated
2024-01-28,42102.2,42836.0,41600.0,42021.2,205736.453,8694654832.16972,60360.304,8.241666666666667e-05,0.00024725,,,2536412406.4448,6.183059144448993,96022872795.0,1552999422320.0518,,proxy_calibrated
2024-01-29,42021.2,43340.8,41768.3,43287.7,249502.11,10615111402.26071,57779.419,9.714e-05,0.00029142,,,2501138155.8463,6.020591169352933,96022872795.0,1594907710787.4795,,proxy_calibrated
2024-01-30,43287.6,43888.0,42665.6,42918.3,257582.784,11174336066.69975,58383.425,8.213666666666667e-05,0.00024641,,,2505717349.1775,6.042078205595429,96040095474.0,1589520893408.157,,proxy_calibrated
2024-01-31,42918.3,43748.6,42257.6,42560.5,313069.11,13443352429.15163,58098.574,7.384666666666667e-05,0.00022154,,,2472704358.727,6.121794290347108,96187066652.0,1571223436953.256,,proxy_calibrated
2024-02-01,42560.5,43288.0,41866.8,43072.6,274321.107,11658501786.30592,58124.945,0.0001,0.0003,,,2503592506.007,6.0593535882441625,96206404754.0,1587733796236.143,,proxy_calibrated
2024-02-02,43072.6,43480.0,42512.7,43182.0,205767.574,8854896870.13836,56334.298,0.0001,0.0003,,,2432627656.236,6.045876224080471,96208938476.0,1591315053603.0466,,proxy_calibrated
2024-02-03,43182.0,43372.2,42858.3,42992.4,89735.22,3867372627.98708,56329.555,8.232333333333334e-05,0.00024697,,,2421742760.382,6.072248303662877,96218466557.0,1584560804256.9585,,proxy_calibrated
2024-02-04,42992.4,43112.1,42176.7,42570.3,127421.548,5453304864.80739,56874.396,9.051e-05,0.00027153,,,2421160100.0388,6.117815999362671,96218466557.0,1572758425016.765,,proxy_calibrated
2024-02-05,42570.3,43580.0,42235.1,42692.9,240655.549,10308099591.89269,57505.922,0.0001,0.0003,,,2455094577.3538,6.098110669153424,96219105918.0,1577851094187.4675,,proxy_calibrated
2024-02-06,42692.9,43378.8,42559.8,43079.1,196157.643,8429315912.62482,59804.987,8.907666666666668e-05,0.00026723,,,2576345015.4717,6.018140920865187,96223618245.0,1598892739639.7124,,proxy_calibrated
2024-02-07,43079.1,44388.0,42763.4,44326.2,252057.708,10954644814.28782,58730.778,7.068666666666666e-05,0.00021206,,,2603312211.7836,5.867555251481255,96168527921.0,1638988024811.908,,proxy_calibrated
2024-02-08,44326.3,45600.0,44306.8,45269.1,299738.288,13472865468.76801,60925.882,6.375e-05,0.00019125,,,2758059844.8462,5.785529114858223,96173255742.0,1662307004816.737,,proxy_calibrated
2024-02-09,45269.2,48230.3,45218.1,47116.1,519919.419,24408544252.73436,61027.805,7.653666666666667e-05,0.00022961,,,2875392163.1605,5.592497492721372,96193378383.0,1720043299227.144,,proxy_calibrated
2024-02-10,47116.1,48189.6,46836.4,47732.6,179626.604,8517076446.277,57939.289,9.347e-05,0.00028041,,,2765592906.1214,5.535342280973288,96208378383.0,1738074603149.6272,,proxy_calibrated
2024-02-11,47732.6,48600.0,47539.4,48303.4,209951.626,10111698916.38982,58797.208,0.0001,0.0003,,,2840105056.9072,5.492048073217026,96328878383.0,1753970050858.9016,,proxy_calibrated
2024-02-12,48303.4,50413.2,47702.0,49943.6,450895.202,22160439674.1704,59689.399,0.0001,0.0003,,,2981103467.8964,5.298924630381085,96462258382.0,1820411972439.4475,,proxy_calibrated
2024-02-13,49943.6,50428.8,48301.0,49696.4,382348.085,18877386934.6482,62240.683,0.0001,0.0003,,,3093137878.6412,5.336385925643906,96655458382.0,1811253153890.6123,,proxy_calibrated
2024-02-14,49696.4,52100.0,49215.7,51823.2,395191.791,20230765100.11763,59962.329,0.00010761,0.0003228299999999,,,3107439768.2327995,5.128933594252632,96787758381.0,1887093225177.612,,proxy_calibrated
2024-02-15,51823.1,52859.0,51334.9,51898.5,392724.603,20470765163.49206,60777.621,0.0001,0.0003,,,3154267363.4685,5.110962211953259,96948454100.0,1896872840759.0625,,proxy_calibrated
2024-02-16,51898.4,52623.0,51611.7,52148.6,259819.793,13526420001.52013,58965.252,0.0001,0.0003,,,3074955340.4472,5.121323978092011,97334361243.0,1900570275565.005,,proxy_calibrated
2024-02-17,52148.7,52192.8,50647.5,51679.4,222342.005,11434408252.82568,59306.276,0.0001201366666666,0.00036041,,,3064912759.9144,5.170697294888913,97537110494.0,1886343464553.8557,,proxy_calibrated
2024-02-18,51679.5,52450.0,51178.0,52175.9,166636.426,8636668534.04451,61754.633,0.0001654666666666,0.0004964,,,3222103555.9447,5.10076365949432,97644529575.0,1914311975487.2212,,proxy_calibrated
2024-02-19,52175.9,52532.9,51688.8,51813.8,196387.978,10243057368.09604,59907.154,0.0001866166666666,0.00055985,,,3104017295.9252005,5.100452146703643,97674223122.0,1915011067893.767,,proxy_calibrated
2024-02-20,51813.7,53090.9,50788.0,52297.4,388913.064,20209071433.34851,60742.016,0.0001387733333333,0.0004163199999999,,,3176649507.5584,5.039586174970082,97694587262.0,1938543838127.3433,,proxy_calibrated
2024-02-21,52297.3,52402.3,50528.4,51877.8,308127.301,15814919137.63912,58537.153,0.00010414,0.00031242,,,3036778715.9034,5.092544438982259,97805414635.0,1920560847467.9573,,proxy_calibrated
2024-02-22,51877.9,52130.8,50967.5,51316.9,244144.647,12596855772.34223,59194.865,0.0001201233333333,0.00036037,,,3037696967.7185,5.130554686666121,97828950767.0,1906790917193.5967,,proxy_calibrated
2024-02-23,51316.9,51576.3,50512.7,50771.9,215474.562,11000943935.5279,58115.785,0.0001099699999999,0.00032991,,,2950648824.4415,5.189508820646772,97830410207.0,1885157412543.088,,proxy_calibrated
2024-02-24,50771.9,51736.6,50611.4,51602.1,104944.457,5375932540.32768,60358.504,0.0001,0.0003,,,3114625559.2584,5.105005823388196,97897857760.0,1917683566813.742,,proxy_calibrated
2024-02-25,51602.1,52050.0,51300.4,51764.9,122177.26,6314690489.48664,60690.089,0.0001383733333333,0.00041512,,,3141616388.0761,5.04408736326383,97897857760.0,1940843817912.2688,,proxy_calibrated
2024-02-26,51764.9,54991.8,50922.5,54511.6,393466.231,20859521852.00051,60229.845,0.00025185,0.00075555,,,3283225218.702,4.843695489636814,97897857458.0,2021139802604.323,,proxy_calibrated
2024-02-27,54511.7,57780.0,54495.0,57074.5,511475.535,28943003745.31963,61584.14,0.00042916,0.00128748,,,3514883998.43,4.67733559257413,98106291060.0,2097482404635.5864,,proxy_calibrated
2024-02-28,57074.5,64300.0,56730.1,62487.9,1010118.442,61121395260.18302,56708.558,0.0003464966666666,0.00103949,,,3543598701.4481997,4.355425535536971,98378060190.0,2258747380418.0464,,proxy_calibrated
2024-02-29,62487.9,63762.8,60452.0,61203.3,584713.883,36342923573.76713,54392.096,0.0006748633333333,0.0020245899999999,,,3328975769.1168,4.446811529037128,98695532864.0,2219467414337.9004,,proxy_calibrated
2024-03-01,61203.3,63199.0,60844.8,62430.6,299231.827,18555341528.19973,53825.766,0.0005471866666666,0.00164156,,,3360374866.8396,4.362267775507512,98834150546.0,2265659873080.614,,proxy_calibrated
2024-03-02,62430.6,62513.1,61605.0,62039.9,159283.629,9880073062.42179,54373.816,0.0004899866666666,0.00146996,,,3373346107.2584,4.399129040724502,99173460259.0,2254388524203.575,,proxy_calibrated
2024-03-03,62039.9,63330.9,61339.5,63178.5,200312.503,12480586261.48198,54865.344,0.00044618,0.00133854,,,3466310135.904,4.333088810337106,99422260259.0,2294489326454.981,,proxy_calibrated
2024-03-04,63178.5,68600.0,62299.0,68296.4,632882.144,41606992664.57328,54649.405,0.0005517466666666,0.00165524,,,3732357623.642,4.06666396118557,99525850149.0,2447358599061.252,,proxy_calibrated
2024-03-05,68296.5,69350.0,59112.0,63747.4,1053025.132,68785497181.28033,60033.374,0.00073359,0.00220077,,,3826971505.7276,4.312048420525183,100038817337.0,2319983626826.1533,,proxy_calibrated
2024-03-06,63747.5,67729.5,62829.3,66128.1,534011.813,35282709655.61008,58433.408,0.0003983666666666,0.0011951,,,3864090247.5648007,4.144430893569046,100434401358.0,2423358090343.4785,,proxy_calibrated
2024-03-07,66128.0,68101.3,65609.3,66870.0,296092.788,19831473590.1586,53871.839,0.0004183733333333,0.00125512,,,3602409873.93,4.111363300120904,100752179979.0,2450578375694.4355,,proxy_calibrated
2024-03-08,66870.0,70330.8,66120.0,68180.2,459387.207,31244040068.19154,53924.015,0.0004707633333333,0.00141229,,,3676550127.503,4.062969267306543,101039338406.0,2486834916991.1846,,proxy_calibrated
2024-03-09,68180.2,68608.7,67908.7,68360.1,94899.005,6480692325.8141,53518.485,0.0002560733333333,0.00076822,,,3658528986.4485,4.070458394043647,101586455788.0,2495700630097.405,,proxy_calibrated
2024-03-10,68360.2,69999.8,68155.0,69001.8,233596.523,16185393841.67323,53762.638,0.0004964666666666,0.0014894,,,3709718794.7484,4.0590450423075195,101812755784.0,2508293323252.226,,proxy_calibrated
2024-03-11,69001.8,72890.0,67000.0,72153.8,474396.897,33718116318.4871,56125.156,0.0006010433333333,0.00180313,,,4049643280.9928,3.895044795295909,102012255784.0,2619026510483.304,,proxy_calibrated
2024-03-12,72153.9,73370.0,68600.0,71503.2,472072.331,33679961862.9098,56868.26,0.0004590166666666,0.00137705,,,4066262568.432,3.955587927194433,102428495868.0,2589463254344.8257,,proxy_calibrated
2024-03-13,71503.3,73755.0,71388.1,73127.6,288446.338,20996680531.98601,57503.471,0.00047682,0.00143046,,,4205090825.8996,3.8954458200912985,102656982792.0,2635307678071.98,,proxy_calibrated
2024-03-14,73127.6,73881.4,68600.0,71455.5,513901.237,36716558419.97936,56000.519,0.0003380133333333,0.00101404,,,4001545085.4045,4.00672237815069,103124150069.0,2573778274016.5073,,proxy_calibrated
2024-03-15,71455.6,72500.0,65580.0,69552.2,705810.685,48272589072.43203,61551.704,0.0002271633333333,0.00068149,,,4281056426.9488,4.124745842872566,103256569684.0,2503343808744.584,,proxy_calibrated
2024-03-16,69552.1,70097.6,64750.0,65351.0,333426.129,22541723738.08737,55211.492,0.0001800499999999,0.00054015,,,3608126213.692,4.374711022560568,103308077351.0,2361483462981.5757,,proxy_calibrated
2024-03-17,65351.0,68972.4,64559.8,68447.9,314890.309,21028336103.89335,55491.413,0.00018563,0.00055689,,,3798270687.882699,4.203290504068107,103403077351.0,2460050697207.878,,proxy_calibrated
2024-03-18,68447.9,69044.4,66601.6,67660.0,317885.916,21525969323.10516,55678.743,0.0002599099999999,0.00077973,,,3767223751.38,4.271827823271723,103403287141.0,2420586489410.641,,proxy_calibrated
2024-03-19,67660.0,68178.6,61582.8,61974.1,700466.795,45022413705.43772,55334.748,0.0002666866666666,0.00080006,,,3429321206.0267997,4.672326724353619,103656755951.0,2218525417126.948,,proxy_calibrated
2024-03-20,61974.1,68140.0,60800.0,67876.4,637362.465,40691118766.89385,53255.222,0.00014745,0.00044235,,,3614772750.5608,4.277518226043765,103767644673.0,2425884337352.6357,,proxy_calibrated
2024-03-21,67876.4,68293.9,64550.1,65539.9,347218.385,23114287433.97302,54554.642,0.0001640566666666,0.00049217,,,3575505781.2158,4.3971698819446265,103892152366.0,2362704993332.0796,,proxy_calibrated
2024-03-22,65539.9,66691.9,62294.0,63826.0,401149.333,25742798562.87778,53448.488,0.0001275466666666,0.00038264,,,3411403195.088,4.534232628463543,104042110539.0,2294591368909.438,,proxy_calibrated
2024-03-23,63826.1,66050.0,63020.2,64020.3,239124.0,15454464441.79797,54002.997,0.0001026866666666,0.00030806,,,3457288068.8391004,4.5253293283135205,104007508096.0,2298341193540.5166,,proxy_calibrated
2024-03-24,64020.4,67700.0,63822.0,67260.9,244179.435,15988550837.61994,54154.843,0.00013617,0.00040851,,,3642503479.538699,4.331012373302528,103997508096.0,2401228607359.04,,proxy_calibrated
2024-03-25,67260.9,71228.3,66427.6,69920.5,395156.191,27232095366.19894,53049.8,0.0002356266666666,0.00070688,,,3709268540.9,4.1755453719971065,104002508096.0,2490752676129.035,,proxy_calibrated
2024-03-26,69920.6,71649.0,69320.0,70044.1,307861.116,21669886112.75456,55794.408,0.0002235833333333,0.00067075,,,3908069093.3928,4.179663067622985,104231823342.0,2493785304117.292,,proxy_calibrated
2024-03-27,70044.2,71888.0,68364.8,69532.6,407286.574,28455795608.20996,59776.923,0.0003397966666666,0.00101939,,,4156444876.1898007,4.229035424836321,104358215527.0,2467659999112.8955,,proxy_calibrated
2024-03-28,69532.6,71636.2,68941.0,70838.7,241970.822,17082567361.70556,59294.167,0.0002784133333333,0.00083524,,,4200321707.8629,4.159943256664373,104438284293.0,2510569924858.6206,,proxy_calibrated
2024-03-29,70838.8,70976.9,69000.0,69903.6,187970.841,13153542392.49107,60206.77,0.0002462533333333,0.00073876,,,4208669967.372,4.215496993924223,104488442732.0,2478674350440.7363,,proxy_calibrated
2024-03-30,69903.6,70388.0,69577.2,69642.1,91126.75,6381178971.24793,57739.79,0.0002875033333333,0.0008625099999999,,,4021120229.159,4.22784633407544,104489471207.0,2471458585541.2866,,proxy_calibrated
2024-03-31,69642.0,71495.5,69608.0,71363.0,132458.79,9355678962.74715,57638.366,0.0003751366666666,0.0011254099999999,,,4113246712.858,4.1176281079511625,104489471207.0,2537613122594.298,,proxy_calibrated
2024-04-01,71363.0,71388.0,68103.3,69700.0,282812.126,19638685563.10507,57981.218,0.0004370699999999,0.00131121,,,4041290894.6,4.223358598649711,104430769909.0,2472694834447.3643,,proxy_calibrated
2024-04-02,69700.0,69731.6,64603.2,65505.3,499041.572,33033080048.77764,56630.976,0.0001246066666666,0.00037382,,,3709629072.172801,4.490819982140007,104642068610.0,2330132782568.9194,,proxy_calibrated
2024-04-03,65502.4,66940.0,64500.0,65971.9,275041.23,18154927438.74836,56904.631,0.0001,0.0003,,,3754106625.8689,4.482931894257491,105262851088.0,2348080532359.609,,proxy_calibrated
2024-04-04,65971.8,69329.7,65100.0,68489.9,326385.338,21993168904.27893,56963.56,0.0001,0.0003,,,3901428528.044,4.39199115769679,106128909629.0,2416419018581.431,,proxy_calibrated
2024-04-05,68489.8,68787.1,65966.0,67825.7,313547.293,21110165189.20931,54856.332,0.0001,0.0003,,,3720669117.3324,4.443532352803613,106577580717.0,2398487785280.9077,,proxy_calibrated
2024-04-06,67825.8,69708.0,67450.0,68901.6,127343.726,8691055181.73954,54407.443,0.0001,0.0003,,,3748759874.6088,4.391634014176233,106790630717.0,2431683295381.1475,,proxy_calibrated
2024-04-07,68901.5,70395.0,68820.6,69362.7,171783.436,11941226271.93175,54651.064,0.0001,0.0003,,,3790745356.9128,4.344899803284721,106876390717.0,2459812551631.2715,,proxy_calibrated
2024-04-08,69362.7,72890.4,69040.4,71678.4,297237.449,21244762968.03559,55837.298,0.0001839633333333,0.00055189,,,4002328180.9632,4.179572225908413,106877390717.0,2557137069063.823,,proxy_calibrated
2024-04-09,71678.3,71820.6,68216.0,69189.3,334059.403,23375265337.43875,56652.097,0.0002019299999999,0.0006057899999999,,,3919718934.962101,4.343758537129383,107027788864.0,2463944253557.2065,,proxy_calibrated
2024-04-10,69189.2,71412.2,67546.2,70681.7,337774.756,23325641513.82547,57416.542,0.00011462,0.00034386,,,4058298796.6814,4.271692821422197,107160428303.0,2508617374489.0796,,proxy_calibrated
2024-04-11,70681.8,71387.4,69592.6,70055.7,256194.153,18046895525.55698,56370.876,0.0001796499999999,0.00053895,,,3949101177.793199,4.313743570810674,107238627404.0,2485975942789.915,,proxy_calibrated
2024-04-12,70055.6,71297.0,65102.0,67136.4,415528.149,28466614548.62947,54430.1,0.0001636733333333,0.00049102,,,3654240965.6399994,4.527370029304643,107277465966.0,2369531654616.6367,,proxy_calibrated
2024-04-13,67136.4,67975.4,59652.5,63939.7,515005.203,33367903479.68061,54862.912,0.0001,0.0003,,,3507918134.4063997,4.7677011241884415,107330394387.0,2251198042647.2266,,proxy_calibrated
2024-04-14,63939.7,65822.1,62139.3,65615.9,395770.133,25338078893.58177,48677.269,0.0001,0.0003,,,3194002814.9771,4.644849547503523,107660374387.0,2317844168814.132,,proxy_calibrated
2024-04-15,65615.9,66874.9,62242.5,63392.7,381532.225,24677843958.38368,50226.129,7.253e-05,0.00021759,,,3183969927.8582997,4.780674261027165,107695174387.0,2252719355195.3247,,proxy_calibrated
2024-04-16,63392.8,64356.3,61521.0,63765.0,405931.439,25471361626.3662,49711.883,6.330333333333333e-05,0.00018991,,,3169878219.495,4.781579192672107,108064841620.0,2260024089648.293,,proxy_calibrated
2024-04-17,63764.9,64483.3,59625.0,61254.5,444032.992,27402345105.77818,50616.857,5.494333333333333e-05,0.00016483,,,3100510267.1065,4.985937500240335,108741585291.0,2180965671666.7305,,proxy_calibrated
2024-04-18,61254.5,64100.0,60763.8,63445.0,363302.394,22708533755.01486,52079.45,3.195e-05,9.585e-05,,,3304180705.25,4.84818955270088,109092586086.0,2250171634176.835,,proxy_calibrated
2024-04-19,63445.0,65480.0,59541.0,63787.4,574264.058,36332133260.93782,49418.08,3.133666666666667e-05,9.401e-05,,,3152250836.1920004,4.849449681718025,109517186689.0,2258342572392.691,,proxy_calibrated
2024-04-20,63787.4,65400.0,63045.1,64897.2,197142.262,12657413510.99301,50921.963,4.479333333333333e-05,0.00013438,,,3304692817.2036,4.7687679521594095,109818107184.0,2302861206200.4775,,proxy_calibrated
2024-04-21,64897.2,65678.7,64214.2,64912.6,160533.948,10421155519.373,51732.87,3.1213333333333335e-05,9.364e-05,,,3358115097.162,4.771337861431747,109834873894.0,2301972257756.6865,,proxy_calibrated
2024-04-22,64912.7,67222.0,64470.5,66778.0,246268.411,16249055489.46204,51505.362,2.6013333333333337e-05,7.804e-05,,,3439425063.636,4.657526414029925,109832373894.0,2358169640501.6743,,proxy_calibrated
2024-04-23,66777.9,67158.9,65750.0,66386.3,178665.564,11872124257.8761,52788.86,9.736666666666668e-06,2.9210000000000003e-05,,,3504457096.618,4.685075742513887,110176193831.0,2351641678516.0103,,proxy_calibrated
2024-04-24,66386.2,67068.2,63575.0,64250.0,280545.061,18306883252.6262,52935.671,4.587333333333333e-05,0.0001376199999999,,,3401116861.75,4.830787768094132,110369006778.0,2284699971854.5566,,proxy_calibrated
2024-04-25,64250.0,65270.6,62721.3,64478.8,275211.062,17615966077.8484,55103.774,4.076333333333333e-05,0.00012229,,,3553025222.9912,4.813189204818067,110369006778.0,2293053567632.8525,,proxy_calibrated
2024-04-26,64478.8,64783.1,63291.5,63748.8,202149.813,12953589145.9185,53619.221,2.652e-05,7.956e-05,,,3418160995.6848,4.8609479943764855,110369006778.0,2270524327881.789,,proxy_calibrated
2024-04-27,63748.7,63901.4,62332.8,63421.0,167349.109,10551185173.9539,53606.808,6.768e-05,0.00020304,,,3399797370.1679997,4.837408212840961,110369006778.0,2281573146649.565,,proxy_calibrated
2024-04-28,63420.9,64350.0,62700.0,63088.3,126056.151,8016661482.1787,56962.269,5.6900000000000014e-06,1.7070000000000004e-05,,,3593652715.3527,4.851853422204403,110347920449.0,2274345715886.533,,proxy_calibrated
2024-04-29,63088.4,64200.0,61726.2,63842.4,228411.163,14315434994.6138,54360.316,4.948e-05,0.00014844,,,3470493038.1984,4.82632709553917,110347842716.0,2286373064477.7725,,proxy_calibrated
2024-04-30,63842.4,64700.0,59150.0,60651.2,408747.703,25092892151.668,54171.829,9.631333333333332e-05,0.00028894,,,3285586435.0448,5.081484852829466,110412147302.0,2172832361008.0315,,proxy_calibrated
2024-05-01,60651.2,60816.7,56537.7,58307.6,564108.4,32693924650.62684,56175.096,9.616e-05,0.00028848,,,3275435027.5295997,5.241961951326262,110402299123.0,2106125533686.2424,,proxy_calibrated
2024-05-02,58307.7,59637.3,56951.6,59036.7,299229.302,17487969119.06051,55995.56,4.2266666666666666e-05,0.0001268,,,3305793077.0519996,5.1879898130185795,110350061982.0,2127029272592.0745,,proxy_calibrated
2024-05-03,59036.7,63333.0,58781.3,62853.7,353606.459,21564253109.5137,54240.965,9.259999999999998e-06,2.7779999999999995e-05,,,3409245341.8204994,4.918821886583302,110339251952.0,2243204866859.766,,proxy_calibrated
2024-05-04,62853.7,64547.9,62520.0,63864.2,205205.199,13034701951.8815,55722.279,5.474333333333334e-05,0.00016423,,,3558658770.5118,4.864361755133554,110503046757.0,2271686447669.7637,,proxy_calibrated
2024-05-05,63864.3,64644.3,62833.0,63988.0,185495.653,11834485753.5008,54271.213,3.815333333333334e-05,0.00011446,,,3472706377.444,4.856298157923122,110634861194.0,2278172747970.542,,proxy_calibrated
2024-05-06,63987.9,65500.0,62655.3,63142.8,305110.067,19505860305.1004,54329.085,2.439e-05,7.316999999999999e-05,,,3430490548.3380003,4.928196180399143,110636188433.0,2244963154531.713,,proxy_calibrated
2024-05-07,63142.7,64392.2,62203.6,62296.0,238974.646,15159034876.2773,55174.696,5.5576666666666666e-05,0.00016673,,,3437162862.0160003,5.004177486541448,110821623436.0,2214582191260.216,,proxy_calibrated
2024-05-08,62296.0,62994.9,60843.6,61157.9,241651.579,15009452763.9564,56606.516,6.578666666666666e-05,0.00019736,,,3461935644.8764005,5.0810623204175815,110787681018.0,2180403900436.6123,,proxy_calibrated
2024-05-09,61157.9,63447.2,60550.0,63050.1,242451.302,14981786317.7292,56281.379,5.405333333333333e-05,0.00016216,,,3548546574.0879,4.948827033612035,110789599190.0,2238704210867.0596,,proxy_calibrated
2024-05-10,63050.0,63446.5,60117.4,60778.1,307214.96,18938234544.3996,55302.657,4.8710000000000006e-05,0.00014613,,,3361190417.4117,5.1253469450598175,110739444345.0,2160623378905.866,,proxy_calibrated
2024-05-11,60778.0,61491.4,60432.6,60809.2,113294.787,6901847057.2759,59957.969,5.9063333333333334e-05,0.00017719,,,3645996128.5148,5.116607952021375,110603634075.0,2161659347601.662,,proxy_calibrated
2024-05-12,60809.2,61849.4,60557.3,61455.8,104043.897,6368574511.4435,60191.363,5.144666666666666e-05,0.00015434,,,3699108366.2554,5.071526656102741,110603634065.0,2180874548532.7751,,proxy_calibrated
2024-05-13,61455.7,63440.0,60750.0,62912.1,261927.073,16330380829.2882,59818.46,9.206666666666666e-05,0.0002762,,,3763304937.366,4.97760352511744,110588634065.0,2221724440425.1904,,proxy_calibrated
2024-05-14,62912.2,63099.6,60950.0,61550.5,244345.274,15109206760.3044,58060.72,8.086e-05,0.00024258,,,3573666346.36,5.082454462338569,110595556329.0,2176026507438.93,,proxy_calibrated
2024-05-15,61550.5,66440.0,61316.1,66175.4,365031.68,23386517394.0322,57687.817,3.996e-05,0.00011988,,,3817514365.1018,4.774137697055798,110683196744.0,2318391378033.7363,,proxy_calibrated
2024-05-16,66175.4,66800.0,64567.0,65217.7,242455.324,15938380818.0105,57794.079,3.598e-05,0.00010794,,,3769196905.998299,4.8556231543705515,110717237401.0,2280185959269.58,,proxy_calibrated
2024-05-17,65217.7,67400.6,65061.2,66980.0,227063.919,15063429110.742,58211.252,1.7213333333333333e-05,5.164e-05,,,3898989658.96,4.721558110650628,110899115803.0,2348782185966.1104,,proxy_calibrated
2024-05-18,66980.0,67340.5,66503.2,66884.9,96931.548,6486954858.0565,56054.455,2.6159999999999997e-05,7.848e-05,,,3749196617.2295,4.72177330362216,111028849260.0,2351422699070.0234,,proxy_calibrated
2024-05-19,66884.9,67750.0,65835.8,66239.4,148170.35,9905372922.9644,55948.867,4.4426666666666666e-05,0.00013328,,,3706019380.759799,4.775750803283582,111128449259.0,2326931488606.8447,,proxy_calibrated
2024-05-20,66239.4,71674.6,66010.0,71466.5,366028.078,25053653945.1351,55576.206,3.5459999999999996e-05,0.00010638,,,3971836926.099,4.350613505710368,111128449259.0,2554316744365.803,,proxy_calibrated
2024-05-21,71466.5,72132.8,69165.6,70168.8,263674.327,18645631790.235,55683.393,0.0001017233333333,0.00030517,,,3907236866.7384,4.370659050410785,111057749078.0,2540984043757.932,,proxy_calibrated
2024-05-22,70168.7,70715.4,68736.8,69219.1,194160.494,13560983941.3547,52578.876,0.0001191966666666,0.0003575899999999,,,3639462475.7316,4.441038085344677,111423759590.0,2508957533097.8545,,proxy_calibrated
2024-05-23,69219.2,70133.3,66156.6,67999.9,300093.622,20496503158.0627,52984.011,0.0001,0.0003,,,3602907449.5988994,4.485301621215736,111446156187.0,2484697030403.78,,proxy_calibrated
2024-05-24,67999.9,69273.5,66639.0,68584.1,186681.082,12680535679.1618,54639.494,0.0001,0.0003,,,3747400520.4454,4.479242341225758,111590570266.0,2491282269747.944,,proxy_calibrated
2024-05-25,68584.0,69622.8,68523.7,69314.4,85113.605,5877646397.3044,53881.893,0.0001,0.0003,,,3734791084.159199,4.439640555469099,111588108138.0,2513449157512.019,,proxy_calibrated
2024-05-26,69314.5,69590.3,68155.0,68524.3,84069.824,5799029948.6581,54274.132,0.0001,0.0003,,,3719096903.4076,4.454323280360256,111588108133.0,2505164109327.399,,proxy_calibrated
2024-05-27,68524.4,70750.0,68268.7,69461.6,170291.356,11819516715.6954,54724.692,0.0001,0.0003,,,3801264665.8272,4.393268970222229,111589908132.0,2540019946157.6636,,proxy_calibrated
2024-05-28,69461.5,69628.0,67273.0,68440.5,227838.44,15550387849.887,54827.379,0.0001,0.0003,,,3752413232.4495,4.453259556405085,111606077061.0,2506166003741.64,,proxy_calibrated
2024-05-29,68440.4,68983.0,67129.0,67686.7,158236.599,10750681624.4071,57289.177,0.0001085266666666,0.00032558,,,3877715336.8459,4.509637047841437,111603568790.0,2474779402555.6816,,proxy_calibrated
2024-05-30,67686.8,69568.9,67167.0,68402.5,194573.899,13292940496.7956,57196.162,0.0001,0.0003,,,3912360471.205,4.481868910263948,111604510878.0,2490133315198.354,,proxy_calibrated
2024-05-31,68402.6,69080.0,66700.5,67577.9,195751.752,13295783600.0905,53558.891,0.00012289,0.00036867,,,3619397380.1089,4.516715368833153,111616920065.0,2471196676133.1494,,proxy_calibrated
2024-06-01,67577.9,67936.0,67480.0,67799.2,50943.058,3450680244.5259,56215.183,0.0001008333333333,0.0003025,,,3811344435.2536,4.496680940690548,111762088179.0,2485435138785.65,,proxy_calibrated
2024-06-02,67799.2,68545.9,67296.3,67805.9,102194.718,6940423185.8599,56103.293,0.0001,0.0003,,,3804134274.828699,4.508419444301637,111830758178.0,2480486999037.926,,proxy_calibrated
2024-06-03,67805.9,70372.9,67642.6,68851.4,227676.93,15744535070.2934,56205.278,0.0001137833333333,0.00034135,,,3869812077.689199,4.46269236546091,111790758178.0,2505007045594.418,,proxy_calibrated
2024-06-04,68851.3,71146.4,68595.5,70580.0,216100.016,15102623849.3892,57536.592,0.0001066933333333,0.00032008,,,4060932663.36,4.390139759083773,112253386803.0,2556943354040.9062,,proxy_calibrated
2024-06-05,70580.0,71824.4,70423.6,71133.3,203992.034,14506723806.5747,58623.707,0.0001320433333333,0.0003961299999999,,,4170097737.1431,4.351141491495906,112254796393.0,2579893037548.8022,,proxy_calibrated
2024-06-06,71133.3,71714.8,70101.9,70830.0,158483.564,11260906834.1424,60065.321,0.0001073599999999,0.00032208,,,4254426686.43,4.380561597555075,112315084780.0,2563942596827.9155,,proxy_calibrated
2024-06-07,70830.0,72144.0,68405.0,69377.0,299412.37,21108000027.7301,60878.149,0.0001005533333333,0.00030166,,,4223543343.173,4.484504366922615,112355387840.0,2505413723503.657,,proxy_calibrated
2024-06-08,69377.0,69613.6,69192.3,69346.5,65739.857,4564091530.0889,61568.843,0.0001,0.0003,,,4269583771.0995,4.485971658332828,112376137266.0,2505056782007.4814,,proxy_calibrated
2024-06-09,69346.6,69879.0,69160.0,69667.1,68024.1,4729738225.2734,60074.889,0.0001,0.0003,,,4185243299.451901,4.464042867071623,112374987252.0,2517336651960.0005,,proxy_calibrated
2024-06-10,69667.1,70222.7,69201.2,69558.7,127381.604,8872795631.3345,62136.781,0.0001,0.0003,,,4322153708.5447,4.480610303177084,112403987892.0,2508675834010.7656,,proxy_calibrated
2024-06-11,69558.8,69600.0,66000.0,67320.7,311984.942,21038478955.2817,62762.827,0.0001,0.0003,,,4225237447.6189,4.636661548749576,112409287892.0,2424358273946.3647,,proxy_calibrated
2024-06-12,67320.6,70028.0,66920.0,68270.3,329918.46,22649278512.31,63415.29,0.0001,0.0003,,,4329380872.887,4.5722738757915105,112411964316.0,2458557106808.049,,proxy_calibrated
2024-06-13,68270.3,68607.7,66251.1,66786.9,248355.461,16734408853.5457,61591.14,0.0001,0.0003,,,4113481308.065999,4.673549868467057,112457053102.0,2406244851708.116,,proxy_calibrated
2024-06-14,66786.8,67366.5,65052.4,66039.7,239411.231,15866317033.6273,63343.87,0.0001,0.0003,,,4183210171.639,4.7074288063915155,112453723055.0,2388856585623.0444,,proxy_calibrated
2024-06-15,66039.7,66482.6,65801.0,66213.7,72423.755,4794362622.7179,63302.834,0.0001,0.0003,,,4191514859.6258,4.672595126932536,112472971806.0,2407077196945.934,,proxy_calibrated
2024-06-16,66213.7,66960.3,66012.1,66653.6,80361.551,5344491611.4603,64037.922,0.0001,0.0003,,,4268358037.819201,4.634117962677139,112472301806.0,2427048743943.163,,proxy_calibrated
2024-06-17,66653.5,67280.6,65094.9,66472.1,248420.787,16425433493.3037,64295.206,0.0001,0.0003,,,4273837362.7526,4.677329474490557,112473915172.0,2404660945640.362,,proxy_calibrated
2024-06-18,66472.1,66558.9,64009.8,65150.0,335559.394,21816313661.7988,63539.661,9.412e-05,0.00028236,,,4139608914.15,4.752498253961442,112465611554.0,2366452453933.136,,proxy_calibrated
2024-06-19,65149.9,65711.9,64600.0,64933.6,150032.669,9773747644.9673,64016.365,5.698000000000001e-05,0.00017094,,,4156813038.364,4.741667171740082,112519098919.0,2372986016175.996,,proxy_calibrated
2024-06-20,64933.6,66467.0,64526.0,64854.0,220954.676,14443082252.526,65438.165,5.588666666666667e-05,0.00016766,,,4243926752.91,4.760649854102399,112519060290.0,2363523126848.7188,,proxy_calibrated
2024-06-21,64854.0,65055.5,63361.2,64124.0,210109.601,13452781556.5892,65241.028,6.890666666666668e-05,0.00020672,,,4183515679.472,4.808161785635215,112804377136.0,2346101944260.9546,,proxy_calibrated
2024-06-22,64124.1,64520.0,63915.8,64240.0,53855.862,3462300794.0067,65102.665,8.048666666666667e-05,0.00024146,,,4182195199.6,4.809347852105362,112804714097.0,2345530362242.733,,proxy_calibrated
2024-06-23,64240.1,64500.0,63137.9,63194.9,72052.293,4609994525.5694,65167.351,5.6609999999999995e-05,0.00016983,,,4118244229.709901,4.891337600065541,112844714097.0,2307031804459.5396,,proxy_calibrated
2024-06-24,63194.9,63357.0,58218.0,60273.6,445903.184,27225661676.1708,65796.952,9.007333333333334e-05,0.00027022,,,3965819166.0672,5.0798054084008415,112844714097.0,2221437732838.753,,proxy_calibrated
2024-06-25,60273.5,62448.1,60230.5,61777.8,264647.317,16245823572.755,64199.099,7.049333333333334e-05,0.00021148,,,3966079098.2022,4.978367762977706,112837386516.0,2266553856368.9536,,proxy_calibrated
2024-06-26,61777.9,62465.1,60696.0,60860.1,170601.18,10474223643.7333,64258.319,0.0001,0.0003,,,3910767720.1719,5.03411316460056,112732648639.0,2239374542307.194,,proxy_calibrated
2024-06-27,60860.1,62379.7,60605.0,61682.0,160172.482,9845346127.8742,64871.555,0.0001,0.0003,,,4001407255.51,4.9556668413958676,112636116562.0,2272875077499.6343,,proxy_calibrated
2024-06-28,61682.1,62204.0,60038.0,60429.8,195508.125,11963155606.5777,64364.056,0.0001,0.0003,,,3889507031.2688,5.05277435370196,112659805872.0,2229662319859.164,,proxy_calibrated
2024-06-29,60429.8,61232.0,60400.1,60982.4,79680.289,4854467389.0233,65755.675,0.0001,0.0003,,,4009938875.12,5.022653837902426,112690515631.0,2243644879139.473,,proxy_calibrated
2024-06-30,60982.5,63058.4,60705.0,62766.0,147777.915,9131797044.0735,65884.06299999,0.0001,0.0003,,,4135279098.257373,4.905639111125398,112775515629.0,2298895476702.286,,proxy_calibrated
2024-07-01,62766.1,63849.0,62502.2,62883.6,193937.938,12249759638.5501,67336.30499999,0.0001,0.0003,,,4234349269.0973706,4.896391549347254,112739012075.0,2302491762327.084,,proxy_calibrated
2024-07-02,62883.7,63284.0,61800.0,62123.6,163101.243,10187608652.3055,65302.637,0.0001,0.0003,,,4056834899.9332,4.941409711161006,112651358402.0,2279741308387.32,,proxy_calibrated
2024-07-03,62123.5,62278.2,59299.3,60208.0,295303.265,17865344372.0136,67428.728,0.0001,0.0003,,,4059748855.424,5.088904860545936,112497795679.0,2210648435406.813,,proxy_calibrated
2024-07-04,60208.0,60500.0,56560.0,57045.9,445656.277,25874210041.42714,65853.564,0.0001,0.0003,,,3756675826.5876,5.375048330551033,112471997936.0,2092483472134.0957,,proxy_calibrated
2024-07-05,57045.9,57533.4,53329.5,56604.9,577193.595,32076653813.40088,60905.946,7.254000000000001e-05,0.00021762,,,3447574982.7354,5.431298981379007,112355735371.0,2068671523261.8784,,proxy_calibrated
2024-07-06,56604.9,58472.0,56000.0,58216.0,178580.022,10197761341.39678,54919.995,5.497e-05,0.00016491,,,3197222428.92,5.286379549282792,112245912309.0,2123304073469.876,,proxy_calibrated
2024-07-07,58216.0,58443.0,55688.0,55830.9,210361.981,12037823231.0966,57119.53,9.388e-05,0.00028164,,,3189034767.477,5.4993632261406065,112231905142.0,2040816373221.507,,proxy_calibrated
2024-07-08,55831.0,58200.0,54243.1,56686.4,464106.957,26076935449.40952,57922.155,8.709e-05,0.0002612699999999,,,3283398447.192,5.404823500971248,112231905142.0,2076513786654.308,,proxy_calibrated
2024-07-09,56686.4,58290.6,56256.2,58023.2,257237.048,14760474094.36112,53982.286,6.953666666666667e-05,0.00020861,,,3132224977.0351996,5.297933292904164,112229273118.0,2118359498189.8943,,proxy_calibrated
2024-07-10,58023.1,59449.6,57125.0,57707.0,254248.937,14799666738.9434,57721.714,8.236666666666666e-05,0.0002471,,,3330946949.798,5.306719415935762,112271931338.0,2115656068056.926,,proxy_calibrated
2024-07-11,57707.0,59780.0,57030.0,57315.5,293106.959,17033276319.7474,56636.18,0.0001,0.0003,,,3246130974.79,5.336439718513357,112364578514.0,2105609440769.6768,,proxy_calibrated
2024-07-12,57315.7,58500.0,56500.1,57870.0,238100.616,13680239863.68945,59021.953,4.480333333333334e-05,0.00013441,,,3415600420.11,5.287079798742271,112371024626.0,2125389230038.3215,,proxy_calibrated
2024-07-13,57870.0,59850.0,57728.6,59174.0,157884.322,9257369124.831,56090.975,8.394666666666668e-05,0.00025184,,,3319127354.65,5.181776621357271,112190715732.0,2165101352875.642,,proxy_calibrated
2024-07-14,59173.9,61412.4,59164.0,60766.0,208060.883,12501022268.2122,57250.805,6.929666666666666e-05,0.00020789,,,3478902416.63,5.072280035755715,112469048012.0,2217327261491.455,,proxy_calibrated
2024-07-15,60766.0,64870.7,60622.6,64680.6,352222.181,22163838850.2314,61022.82,2.426e-05,7.278e-05,,,3946992611.292,4.777916832557673,112539048012.0,2355399894052.919,,proxy_calibrated
2024-07-16,64680.6,65388.0,62350.0,65010.0,375258.616,24015350736.2496,58071.714,2.1563333333333338e-05,6.469e-05,,,3775242127.14,4.785923983882323,112864302779.0,2358255232617.4834,,proxy_calibrated
2024-07-17,65010.0,66100.0,63823.0,64055.7,276656.393,17971882430.538,57740.183,1.6633333333333326e-06,4.989999999999998e-06,,,3698587840.193099,4.868879771431119,113216677692.0,2325312659316.745,,proxy_calibrated
2024-07-18,64055.8,65173.8,63206.4,63959.9,215648.157,13840486905.3186,56975.455,1.7873333333333334e-05,5.362e-05,,,3644144404.254501,4.877578501199824,113624539190.0,2329527636757.661,,proxy_calibrated
2024-07-19,63960.0,67362.8,63266.2,66627.9,311859.805,20380653025.9215,58666.099,4.4966666666666664e-05,0.0001349,,,3908798977.5621,4.716292282112613,113678352175.0,2410333061972.1255,,proxy_calibrated
2024-07-20,66627.9,67648.7,66159.1,67095.6,123564.406,8257377670.6534,61900.173,1.6300000000000007e-06,4.890000000000002e-06,,,4153229247.5388007,4.695623192498696,113859727368.0,2424805456065.8105,,proxy_calibrated
2024-07-21,67095.6,68351.2,65750.0,68138.0,207228.372,13911463550.0015,60705.033,-8.243333333333335e-06,-2.473e-05,,,4136319538.554,4.644979314494628,114021327368.0,2454721962102.117,,proxy_calibrated
2024-07-22,68138.0,68459.7,66538.6,67499.2,192991.391,13023877366.2714,61018.697,5.9526666666666674e-05,0.00017858,,,4118713232.5424,4.707044176895019,114066827367.0,2423321793470.9014,,proxy_calibrated
2024-07-23,67499.2,67729.3,65416.5,65916.4,270430.68,17980471984.6793,60726.546,4.553666666666667e-05,0.00013661,,,4002875296.7544,4.783340091044505,114307338921.0,2389697089174.3447,,proxy_calibrated
2024-07-24,65916.3,67087.3,65040.5,65350.8,215079.421,14220076011.1729,58900.804,0.0001,0.0003,,,3849214662.0432,4.866146929050396,114471818448.0,2352411879810.1846,,proxy_calibrated
2024-07-25,65350.7,66144.0,63456.7,65773.0,319685.441,20623007320.1934,61105.975,0.0001,0.0003,,,4019123293.675,4.895080869134492,114453302193.0,2338128935002.3896,,proxy_calibrated
2024-07-26,65773.0,68200.0,65688.2,67882.5,235384.526,15831346144.9649,60238.561,7.780000000000001e-05,0.0002334,,,4089144117.0825,4.748579466152754,114336302185.0,2407800122120.184,,proxy_calibrated
2024-07-27,67882.5,69381.7,66624.5,67873.8,330982.647,22565690615.4286,62747.309,7.892666666666666e-05,0.00023678,,,4258898301.6042,4.758328366350307,114381331841.0,2403813336000.008,,proxy_calibrated
2024-07-28,67873.7,68300.0,67037.0,68215.5,116913.935,7921123857.983,65673.372,6.720333333333333e-05,0.00020161,,,4479941907.666,4.738253533721546,114469974704.0,2415868502800.2783,,proxy_calibrated
2024-07-29,68215.5,70081.0,66365.8,66750.0,372537.818,25468669202.3054,68309.82799999,7.994666666666666e-05,0.00023984,,,4559681018.999332,4.797834613397749,114469974704.0,2385867457463.9873,,proxy_calibrated
2024-07-30,66750.1,66966.6,65254.5,66159.3,246551.044,16326143659.4329,68143.224,4.883e-05,0.00014649,,,4508307999.5832,4.842616041232227,114513725531.0,2364707929680.533,,proxy_calibrated
2024-07-31,66159.3,66826.3,64500.4,64601.8,246389.446,16232585005.416,66899.219,4.689e-05,0.00014067,,,4321809965.9942,4.941717521019872,114518259273.0,2317377688746.679,,proxy_calibrated
2024-08-01,64601.8,65650.0,62271.2,65328.9,372654.59,23809052629.4734,66326.072,9.402666666666668e-05,0.00028208,,,4333009325.0808,4.913073236171362,114547619142.0,2331486091000.4297,,proxy_calibrated
2024-08-02,65329.0,65577.0,61200.2,61483.7,421628.42,26819683037.2612,64025.865,0.0001,0.0003,,,3936547075.9005,5.208941830699795,114553402686.0,2199168399440.7427,,proxy_calibrated
2024-08-03,61483.7,62166.0,59800.0,60684.6,290469.956,17722256113.6817,62738.519,8.011666666666667e-05,0.00024035,,,3807261930.1074,5.292563235316331,114594788858.0,2165203961916.4,,proxy_calibrated
2024-08-04,60684.5,61089.5,57040.0,58144.5,339512.415,20115489532.05642,60877.778,8.447666666666668e-05,0.00025343,,,3539707962.921,5.545163701282155,114579788856.0,2066301285740.344,,proxy_calibrated
2024-08-05,58144.5,58286.9,48888.0,54003.1,1281982.025,67990070656.18278,59972.52,6.798666666666666e-05,0.00020396,,,3238701994.812,5.974978390483813,114579788856.0,1917660305491.4497,,proxy_calibrated
2024-08-06,54003.5,56999.9,53925.3,55991.2,435953.439,24315240364.00699,48612.045,1.7353333333333332e-05,5.206e-05,,,2721846734.0039997,5.794905870997709,114457553704.0,1975140860817.7073,,proxy_calibrated
2024-08-07,55991.3,57699.0,54519.8,55102.9,377442.54,21227975938.72287,51059.39,-1.4493333333333334e-05,-4.348e-05,,,2813520461.231,5.92466058575504,114578293183.0,1933921640312.803,,proxy_calibrated
2024-08-08,55102.9,62737.2,54672.4,61659.8,470117.508,27555756968.19537,53280.649,2.29e-05,6.87e-05,,,3285274161.2102,5.331338567345767,114966872515.0,2156435406656.9216,,proxy_calibrated
2024-08-09,61659.8,61726.0,59500.0,60808.6,308674.339,18694923855.7121,51056.657,4.008e-05,0.00012024,,,3104683832.8501997,5.438928783431398,115416775013.0,2122049756646.8232,,proxy_calibrated
2024-08-10,60808.6,61450.0,60208.5,60889.9,115593.354,7020704932.1334,50937.357,-2.4233333333333337e-05,-7.27e-05,,,3101570573.9943004,5.436016587983761,115574281399.0,2126084045704.9993,,proxy_calibrated
2024-08-11,60889.8,62000.0,58255.4,58693.1,202539.076,12164186045.4941,51467.382,1.1316666666666666e-05,3.395e-05,,,3020780198.4642,5.610326125223616,115640681399.0,2061211395164.4976,,proxy_calibrated
2024-08-12,58693.1,60666.0,57615.0,59323.6,367126.29,21694704705.3928,53603.83,2.5526666666666667e-05,7.658e-05,,,3179972169.388,5.497401875896635,115640681399.0,2103551532334.3325,,proxy_calibrated
2024-08-13,59323.7,61545.0,58360.0,60550.5,255934.721,15331334134.775,50279.211,9.196666666666666e-06,2.759e-05,,,3044431365.6555004,5.434875939919312,115889054746.0,2132321989077.832,,proxy_calibrated
2024-08-14,60550.4,61839.7,58367.2,58648.1,295662.808,17731755290.8926,53965.344,-2.6629999999999997e-05,-7.989e-05,,,3164964891.4463997,5.5904645512519275,116129081961.0,2077270697208.769,,proxy_calibrated
2024-08-15,58648.1,59820.0,55969.0,57511.0,360815.946,20998288458.33781,53630.533,-2.776666666666667e-05,-8.33e-05,,,3084345583.3630004,5.728454012853323,116534312382.0,2034306500855.624,,proxy_calibrated
2024-08-16,57511.1,59780.2,57062.1,58854.9,268756.529,15694579210.80159,54923.743,-6.392999999999999e-05,-0.0001917899999999,,,3232531401.8907003,5.630738520409998,116709344091.0,2072718235236.0752,,proxy_calibrated
2024-08-17,58854.9,59690.2,58769.4,59468.5,77085.532,4568442725.3616,52434.437,1.979e-05,5.937e-05,,,3118197316.7345,5.584537894920846,116833969260.0,2092097349115.6868,,proxy_calibrated
2024-08-18,59468.5,60250.0,58352.0,58390.0,149660.264,8919704463.3393,54145.786,-1.6866666666666652e-06,-5.059999999999996e-06,,,3161572444.54,5.662987550169966,116887299260.0,2064057146946.9648,,proxy_calibrated
2024-08-19,58390.1,59585.4,57750.0,59398.5,214043.139,12535025781.4683,54079.528,-4.1076666666666666e-05,-0.00012323,,,3212242843.908,5.582410637781087,116888957760.0,2093879604071.2148,,proxy_calibrated
2024-08-20,59398.4,61386.0,58501.1,58982.9,287049.13,17203146261.2117,55816.698,3.7333333333333313e-07,1.1199999999999994e-06,,,3292230716.4642,5.642729417779339,116995756969.0,2073389459369.876,,proxy_calibrated
2024-08-21,58982.7,61793.9,58728.9,61120.0,270583.679,16243166180.3695,55222.899,-2.317e-05,-6.951e-05,,,3375223586.8799996,5.485721362829442,117276576505.0,2137851501165.3953,,proxy_calibrated
2024-08-22,61120.0,61392.0,59677.6,60349.9,211098.959,12796969148.4752,56903.897,-2.717333333333333e-05,-8.151999999999999e-05,,,3434144493.5603,5.5457499012580875,117408263940.0,2117085444357.4023,,proxy_calibrated
2024-08-23,60349.9,65000.0,60301.5,64019.9,382490.709,23801149141.4363,58899.329,-1.7516666666666668e-05,-5.255e-05,,,3770729152.6471,5.266853719470712,117648169338.0,2233746665548.611,,proxy_calibrated
2024-08-24,64020.0,64472.5,63522.7,64116.5,132741.902,8499031623.6787,56734.739,1.633333333333333e-05,4.9e-05,,,3637632893.0935,5.261835931233489,117713064005.0,2237110117901.481,,proxy_calibrated
2024-08-25,64116.6,65175.4,63731.3,64190.2,115546.888,7418612747.515,58199.134,-1.0763333333333332e-05,-3.229e-05,,,3735814051.2868,5.270753853066152,117842339087.0,2235777696551.844,,proxy_calibrated
2024-08-26,64190.1,64455.8,62750.2,62807.6,195977.222,12456922931.3165,59817.632,3.225333333333333e-05,9.676e-05,,,3757001903.6032,5.380971736069422,117844216713.0,2190017388923.889,,proxy_calibrated
2024-08-27,62807.7,63196.0,57928.2,59384.5,339269.805,20779523749.7268,58507.191,4.099666666666667e-05,0.00012299,,,3474420283.9395,5.707339946954871,117979455231.0,2067153110337.2856,,proxy_calibrated
2024-08-28,59384.4,60197.8,57820.0,59010.0,313788.567,18562796937.106,56525.352,-1.0756666666666666e-05,-3.227e-05,,,3335561021.52,5.701114333129098,117937170815.0,2068668753574.5195,,proxy_calibrated
2024-08-29,59010.0,61144.9,58655.0,59323.2,233896.685,13998969371.3328,55251.487,-6.87e-06,-2.061e-05,,,3277695013.5984,5.6859979764481245,118086718409.0,2076798459973.517,,proxy_calibrated
2024-08-30,59323.3,59914.9,57525.0,59096.3,268276.469,15800867331.9045,56486.948,2.4803333333333337e-05,7.441e-05,,,3338169625.0924,5.70791180654373,118207965633.0,2070949405656.2449,,proxy_calibrated
2024-08-31,59096.4,59436.0,58700.0,58941.9,68866.674,4066497717.5845,54933.3,1.8763333333333337e-05,5.6290000000000005e-05,,,3237873075.2700005,5.72459780291615,118210924869.0,2064964717849.3928,,proxy_calibrated
2024-09-01,58941.9,59052.7,57123.0,57268.1,222909.914,12933895810.7382,55300.547,9.966666666666682e-07,2.9900000000000044e-06,,,3166957255.6506996,5.886323779421125,118210924869.0,2008230082114.5984,,proxy_calibrated
2024-09-02,57268.1,59412.3,57093.0,59112.1,201218.384,11712610829.437,54148.284,-1.167e-05,-3.501e-05,,,3200818778.6363997,5.701578696742003,118211124869.0,2073305152072.148,,proxy_calibrated
2024-09-03,59112.2,59790.0,57320.0,57451.9,230196.497,13447232675.7519,53797.039,5.322e-05,0.00015966,,,3090742104.9241,5.868530066527825,118123924395.0,2012836656810.1987,,proxy_calibrated
2024-09-04,57452.0,58500.0,55555.0,57944.8,326983.311,18654996691.65024,56238.287,5.9633333333333336e-06,1.789e-05,,,3258716292.5576,5.820161442190094,118124409888.0,2029572737136.1443,,proxy_calibrated
2024-09-05,57944.8,58318.9,55600.0,56145.7,294703.592,16706483191.85918,54535.061,4.510333333333333e-05,0.00013531,,,3061909174.3877,5.995527167071956,118136891800.0,1970417087738.6697,,proxy_calibrated
2024-09-06,56145.7,57000.0,52510.8,53927.7,479063.113,26315512592.25967,55133.044,1.2356666666666665e-05,3.707e-05,,,2973198256.9188,6.246937831950081,118118409375.0,1890820951841.0952,,proxy_calibrated
2024-09-07,53927.7,54820.2,53725.0,54134.9,127686.594,6925003321.31154,58644.768,-5.142333333333334e-05,-0.00015427,,,3174728651.2032,6.207058870240113,118173609123.0,1903858358579.2312,,proxy_calibrated
2024-09-08,54134.9,55300.0,53596.5,54839.6,162078.536,8813184978.46583,58977.172,-2.4996666666666667e-05,-7.499e-05,,,3234284521.6112,6.136710812821767,118177509123.0,1925746751437.028,,proxy_calibrated
2024-09-09,54839.6,58153.2,54557.0,57010.0,313094.361,17488710008.5658,59362.957,-6.189333333333333e-05,-0.00018568,,,3384282178.57,5.934348936163277,118177509123.0,1991414903205.963,,proxy_calibrated
2024-09-10,57010.1,58033.2,56361.0,57609.1,228317.676,13034447010.34392,59897.832,-3.361333333333333e-05,-0.00010084,,,3450660193.4712,5.886313513442003,118420988938.0,2011802270938.7373,,proxy_calibrated
2024-09-11,57609.2,57954.4,55515.2,57306.0,338231.445,19189527027.3001,60924.35,-5.470666666666667e-05,-0.00016412,,,3491330801.1,5.932162038661023,118433539059.0,1996465003604.861,,proxy_calibrated
2024-09-12,57305.6,58606.6,57283.1,58097.0,261449.688,15152600210.5249,60252.292,-1.8156666666666665e-05,-5.447e-05,,,3500477408.324,5.8623978851100205,118434788760.0,2020244805641.972,,proxy_calibrated
2024-09-13,58097.1,60597.0,57594.0,60456.2,277429.492,16347290879.8579,60668.139,-1.127e-05,-3.381e-05,,,3667765145.0118,5.655979974782332,118383833822.0,2093073779430.3447,,proxy_calibrated
2024-09-14,60456.2,60572.9,59360.1,59964.0,102580.577,6149247444.5159,61722.06,-1.838e-05,-5.514e-05,,,3701101605.84,5.70957961662855,118608616138.0,2077361629086.7524,,proxy_calibrated
2024-09-15,59963.9,60369.4,58654.0,59100.5,130524.206,7800793636.4292,61294.292,-2.9333333333333337e-07,-8.8e-07,,,3622523304.346,5.836274799170106,119047660344.0,2039788468509.5376,,proxy_calibrated
2024-09-16,59100.5,59182.2,57446.3,58187.0,250699.432,14603341245.0131,59984.347,4.242666666666667e-05,0.00012728,,,3490309198.889,5.902766718697372,118812287090.0,2012823693568.219,,proxy_calibrated
2024-09-17,58187.0,61345.0,57588.8,60281.0,318442.066,19038330615.6744,60503.407,5.2556666666666664e-05,0.00015767,,,3647205877.367,5.724960122694611,118728250450.0,2073870348534.712,,proxy_calibrated
2024-09-18,60281.0,61765.0,59138.0,61735.3,355729.312,21417510491.0941,58869.843,2.5566666666666664e-05,7.67e-05,,,3634347418.557901,5.6149196909347685,118853251348.0,2116740005024.246,,proxy_calibrated
2024-09-19,61735.3,63830.1,61534.0,62926.9,302382.412,18960165410.2846,62322.576,3.511e-05,0.00010533,,,3921766507.6944,5.500109750302153,118896720603.0,2161715420250.8108,,proxy_calibrated
2024-09-20,62926.9,64126.7,62320.0,63175.7,257172.835,16250975201.0995,62427.547,4.3683333333333336e-05,0.00013105,,,3943903981.0079,5.4533780563673275,119067964666.0,2183379979075.1177,,proxy_calibrated
2024-09-21,63175.8,63546.9,62714.2,63320.6,78248.362,4936698095.0651,61980.845,7.624e-05,0.00022872,,,3924664293.907,5.428077793675755,119161364466.0,2195277389075.645,,proxy_calibrated
2024-09-22,63320.6,64000.0,62339.0,63558.4,149129.884,9395420389.8272,62083.739,7.025333333333333e-05,0.00021076,,,3945943116.8576,5.424862627268261,119157360693.0,2196504665280.3955,,proxy_calibrated
2024-09-23,63558.5,64724.8,62534.4,63302.0,234343.564,14896908173.8234,59684.586,4.4046666666666666e-05,0.00013214,,,3778153662.972,5.415596323460315,119157360693.0,2200262973383.215,,proxy_calibrated
2024-09-24,63302.1,64666.0,62688.2,64243.1,236987.628,15055312109.7638,59833.163,1.679e-05,5.037e-05,,,3843867873.9253,5.357578879789138,119238696383.0,2225607854936.388,,proxy_calibrated
2024-09-25,64243.2,64800.0,62910.0,63118.4,184950.772,11776674397.8463,62248.574,1.2333333333333333e-05,3.7e-05,,,3929030393.1616,5.456206025706582,119229928664.0,2185216762384.9883,,proxy_calibrated
2024-09-26,63118.3,65800.0,62634.4,65139.2,321186.356,20718992185.678,63373.291,5.965333333333333e-05,0.0001789599999999,,,4128085477.1072,5.311624123009492,119274429856.0,2245535962142.2305,,proxy_calibrated
2024-09-27,65139.1,66450.0,64788.0,65749.6,226404.021,14875897055.1134,63501.2,6.332333333333334e-05,0.00018997,,,4175178499.52,5.254889285450831,119347429356.0,2271169245876.145,,proxy_calibrated
2024-09-28,65749.5,66237.0,65368.1,65822.6,92773.553,6095989647.148,62972.242,5.056333333333334e-05,0.00015169,,,4144996696.2692,5.259966508681711,119405929000.0,2270089149862.7876,,proxy_calibrated
2024-09-29,65822.7,66059.3,65400.0,65568.1,88131.799,5789646713.0538,62608.157,3.702e-05,0.00011106,,,4105097898.9917,5.28158315804828,119406925003.0,2260816907162.4507,,proxy_calibrated
2024-09-30,65568.2,65588.8,62825.0,63309.1,296848.373,18997631918.3586,62990.337,7.005333333333334e-05,0.00021016,,,3987861544.1667,5.451343685615131,119622396997.0,2194365350925.4343,,proxy_calibrated
2024-10-01,63309.0,64092.6,60128.2,60776.8,429817.835,26755501281.8141,64296.285,0.0001,0.0003,,,3907722454.188,5.684136191093677,119650346135.0,2104987321072.232,,proxy_calibrated
2024-10-02,60776.7,62355.0,59934.9,60622.6,327001.805,19999405207.7472,63103.187,7.744e-05,0.00023232,,,3825479264.2262,5.730613602876271,119650346135.0,2087915089493.1377,,proxy_calibrated
2024-10-03,60622.7,61452.6,59815.0,60727.2,286137.212,17336091836.27,61272.513,4.3723333333333335e-05,0.00013117,,,3720908151.4536,5.728516756818822,119633735737.0,2088389382724.5325,,proxy_calibrated
2024-10-04,60727.1,62457.1,60434.1,62054.4,234795.836,14447838961.2182,63699.106,3.153e-05,9.459e-05,,,3952809803.3664,5.609453188504441,119635112439.0,2132741078652.203,,proxy_calibrated
2024-10-05,62054.3,62344.0,61648.0,62023.1,74330.781,4609154133.5222,62689.07,1.1766666666666667e-06,3.53e-06,,,3888170457.517,5.612250914528007,119653257237.0,2132001206989.2085,,proxy_calibrated
2024-10-06,62023.1,62961.5,61778.9,62789.3,96413.453,6017121071.2754,62730.627,2.68e-05,8.04e-05,,,3938812157.891101,5.551153930219341,119670028849.0,2155768518641.52,,proxy_calibrated
2024-10-07,62789.2,64448.2,62091.8,62190.7,298949.375,18940835036.916,64059.827,1.9326666666666662e-05,5.798e-05,,,3983925483.0089,5.598044595663624,119670467362.0,2137719078813.6904,,proxy_calibrated
2024-10-08,62190.6,63178.7,61836.0,62131.7,226276.359,14122241997.2083,63398.699,4.505333333333333e-05,0.00013516,,,3939068946.6583,5.60230509536768,119850367555.0,2139304545446.8271,,proxy_calibrated
2024-10-09,62131.8,62520.9,60251.9,60606.4,217302.173,13394677570.4442,62543.127,7.692333333333333e-05,0.00023077,,,3790513772.2128,5.736694085503107,119841275909.0,2089030269399.313,,proxy_calibrated
2024-10-10,60606.3,61297.0,58900.0,60293.2,262947.653,15860406266.3172,64706.981,4.540666666666667e-05,0.00013622,,,3901390946.8292,5.752426604744767,119849377370.0,2083457740619.3203,,proxy_calibrated
2024-10-11,60293.3,63400.0,60057.8,62509.0,263691.142,16300232843.3846,65828.50599999,1.5900000000000009e-06,4.770000000000002e-06,,,4114874081.553375,5.571848209148077,119725377367.0,2148755186302.9976,,proxy_calibrated
2024-10-12,62509.0,63462.6,62458.0,63176.0,102784.406,6470178939.6978,68782.065,3.5776666666666666e-05,0.00010733,,,4345375738.440001,5.513123231646983,119729627115.0,2171720494613.942,,proxy_calibrated
2024-10-13,63176.0,63260.0,62020.0,62839.8,129696.156,8122753016.4411,69383.807,2.0896666666666663e-05,6.269e-05,,,4360064555.1186,5.538102322891071,119731227066.0,2161954042833.5095,,proxy_calibrated
2024-10-14,62839.7,66533.0,62420.0,66064.9,338251.601,21963988365.449,67779.822,8.476333333333334e-05,0.00025429,,,4477867162.4478,5.273754070333007,119731227066.0,2270322534369.519,,proxy_calibrated
2024-10-15,66064.9,67953.7,64771.7,67044.1,422005.511,27957041428.0807,68962.095,0.0001,0.0003,,,4623501593.389501,5.224808066101846,119759196663.0,2292126239813.257,,proxy_calibrated
2024-10-16,67044.0,68400.0,66724.2,67592.0,254153.501,17177776071.0405,66824.948,8.941666666666668e-05,0.00026825,,,4516831885.216001,5.193082469311487,119801443876.0,2306942833740.2007,,proxy_calibrated
2024-10-17,67592.0,67925.9,66600.0,67401.5,220272.837,14795216327.4512,71197.893,0.0001,0.0003,,,4798844785.039499,5.212664297857065,119966698833.0,2301446860530.008,,proxy_calibrated
2024-10-18,67401.5,69000.0,67165.0,68407.8,245301.761,16730949885.2185,68821.0,0.0001,0.0003,,,4707893203.8,5.143452327704019,120002859304.0,2333118918156.0464,,proxy_calibrated
2024-10-19,68407.8,68684.9,68000.0,68357.1,68632.108,4686325947.3462,72027.192,0.0001,0.0003,,,4923569966.2632,5.147422773135704,120087102221.0,2332955879352.5215,,proxy_calibrated
2024-10-20,68357.1,69425.8,68069.8,69020.1,105939.492,7272050313.902,72861.966,0.0001,0.0003,,,5028940179.516601,5.078799391567141,120152102217.0,2365757986356.0083,,proxy_calibrated
2024-10-21,69020.2,69566.0,66865.9,67368.8,253437.333,17221797609.5618,71850.369,0.0001,0.0003,,,4840473139.0872,5.20099743555292,120179102217.0,2310693356537.3643,,proxy_calibrated
2024-10-22,67368.7,67825.0,66536.5,67406.4,218518.977,14691178661.737,71400.66099999,0.0001,0.0003,,,4812861515.629725,5.215530571047551,120202666053.0,2304706384433.234,,proxy_calibrated
2024-10-23,67406.5,67449.0,65222.3,66647.2,248215.058,16468539329.4864,72365.079,0.0001,0.0003,,,4822929893.128799,5.295155580647406,120190604126.0,2269821958872.5483,,proxy_calibrated
2024-10-24,66647.3,68842.5,66482.0,68173.8,212340.722,14354067671.9537,74652.951,0.0001,0.0003,,,5089375350.8838005,5.201349013202065,120204789939.0,2311031035100.6284,,proxy_calibrated
2024-10-25,68173.8,68748.0,65557.2,66662.8,348511.871,23454022803.9878,73963.916,0.0001,0.0003,,,4930641739.5248,5.326937178257803,120242344735.0,2257251037721.563,,proxy_calibrated
2024-10-26,66662.7,67450.0,66414.1,67071.8,94169.992,6303068381.5835,69341.541,7.441333333333333e-05,0.0002232399999999,,,4650861969.6438,5.288498171652095,120284592333.0,2274456536219.6924,,proxy_calibrated
2024-10-27,67071.9,68306.1,66909.4,67992.6,88468.808,5981933235.9308,68799.367,9.908e-05,0.00029724,,,4677847840.6842,5.226200439234519,120318443412.0,2302216396231.887,,proxy_calibrated
2024-10-28,67992.7,70331.0,67584.2,69940.0,256128.622,17649920563.6978,70881.50199999,9.457e-05,0.00028371,,,4957452249.8793,5.0945384726371135,120319443409.0,2361733924579.009,,proxy_calibrated
2024-10-29,69939.9,73660.0,69733.0,72739.5,382502.06,27502269768.0091,74452.05,0.0001,0.0003,,,5415604890.975,4.91504569220238,120180277118.0,2445150760422.5034,,proxy_calibrated
2024-10-30,72739.5,72984.9,71444.2,72349.0,227108.808,16394681792.4545,74688.297,0.0001,0.0003,,,5403623599.653001,4.939802970860718,120464260834.0,2438645054157.092,,proxy_calibrated
2024-10-31,72349.0,72720.3,69705.0,70321.9,256485.328,18260860195.9338,74788.482,0.0001,0.0003,,,5259268152.3558,5.097762881049594,120533635657.0,2364441784945.9287,,proxy_calibrated
2024-11-01,70321.9,71650.0,68822.5,69495.5,352591.088,24669697590.1823,72488.442,0.0001,0.0003,,,5037620521.011,5.144335946495432,120482951828.0,2342050618021.5303,,proxy_calibrated
2024-11-02,69495.4,69913.1,69022.8,69366.6,79314.105,5511280357.915,68848.947,0.0001,0.0003,,,4775817366.970201,5.15989428657134,120536423457.0,2336025057154.695,,proxy_calibrated
2024-11-03,69366.6,69393.7,67446.6,68762.5,226477.376,15481140255.261,68487.96799999,0.0001,0.0003,,,4709403899.599312,5.209157532695412,120585101455.0,2314867628750.801,,proxy_calibrated
2024-11-04,68762.5,69495.3,66810.0,67834.3,244912.166,16709405013.0392,68899.75,0.0001,0.0003,,,4673766311.425,5.285124664281483,120585101455.0,2281594269099.3013,,proxy_calibrated
2024-11-05,67834.4,70537.4,67454.2,69353.1,273070.87,18923323986.0867,70502.327,0.0001,0.0003,,,4889554934.663701,5.224523639935852,121509925391.0,2325760849509.5625,,proxy_calibrated
2024-11-06,69353.1,76420.0,69272.7,75579.9,677440.286,50043233600.5665,69650.754,0.0001,0.0003,,,5264197022.244599,4.796087826911606,121508090966.0,2533483442154.6436,,proxy_calibrated
2024-11-07,75579.9,76900.0,74450.0,75859.4,280675.033,21221666454.4856,75717.194,0.0001,0.0003,,,5743860906.5236,4.749696753075606,121996707673.0,2568515718271.963,,proxy_calibrated
2024-11-08,75859.4,77182.9,75576.3,76482.2,230370.324,17566203957.7434,75057.421,0.0001,0.0003,,,5740556684.4062,4.71873936382429,122481730696.0,2595645176654.4487,,proxy_calibrated
2024-11-09,76482.2,76920.0,75683.2,76675.1,117754.034,8994277678.533,73547.979,0.0001,0.0003,,,5639298644.622901,4.697129737470344,123428055689.0,2627733585989.316,,proxy_calibrated
2024-11-10,76675.1,81699.8,76501.1,80410.0,417426.899,33139797917.8655,70852.38099999,0.0001657199999999,0.00049716,,,5697239956.209196,4.5251146450416035,123695285992.0,2733528224031.6094,,proxy_calibrated
2024-11-11,80409.9,89800.0,80261.2,88728.9,614141.662,51921309639.7137,65360.772,0.0001895933333333,0.00056878,,,5799389402.710799,4.162531795130087,123966113535.0,2978142141281.2495,,proxy_calibrated
2024-11-12,88729.0,90070.1,85159.9,87972.0,639481.584,56145246108.6286,68015.613,0.0004387466666666,0.00131624,,,5983469506.8359995,4.277789394060337,125803947511.0,2940863514358.079,,proxy_calibrated
2024-11-13,87972.0,93421.1,86180.0,90413.3,555288.297,49968681554.1639,67820.019,0.0001498566666666,0.00044957,,,6131831723.8527,4.225889851648853,126606120653.0,2995963574478.8984,,proxy_calibrated
2024-11-14,90413.3,91846.1,86714.0,87382.7,364621.68,32638189823.3326,64425.88,0.0001,0.0003,,,5629707344.276,4.40131091528481,127600317350.0,2899143455348.074,,proxy_calibrated
2024-11-15,87382.6,91921.5,87111.0,91074.6,314431.908,28084223845.5762,69126.75599999,0.0001032566666666,0.00030977,,,6295691651.99669,4.304552853865869,129191525913.0,3001276329943.878,,proxy_calibrated
2024-11-16,91074.6,91849.8,90120.0,90643.3,129023.447,11746506687.2478,65822.23,0.00011077,0.00033231,,,5966344140.559,4.310779871281332,129191516826.0,2996940708726.0815,,proxy_calibrated
2024-11-17,90643.2,91539.6,88736.1,89899.9,167504.792,15122853835.9462,66209.269,0.00012114,0.00036342,,,5952206662.1730995,4.358604777494199,129417831726.0,2969249067826.78,,proxy_calibrated
2024-11-18,89900.0,92700.0,89422.1,90507.4,333557.11,30393971318.505,68129.795,0.0002258933333333,0.00067768,,,6166250607.983,4.310446093569701,129567822731.0,3005902867554.4404,,proxy_calibrated
2024-11-19,90507.4,93985.9,90405.6,92335.9,303532.031,27998124860.4433,68432.35,0.0002326033333333,0.00069781,,,6318762626.365,4.2625297303838225,129458065433.0,3037118181492.258,,proxy_calibrated
2024-11-20,92335.9,94849.0,91500.0,94288.0,290044.227,27169810860.1057,70719.23,0.0001,0.0003,,,6667974758.24,4.215972900977758,129942382199.0,3082144625950.1357,,proxy_calibrated
2024-11-21,94288.0,99100.0,94008.7,98366.8,418383.136,40626855808.8208,72833.104,0.0001,0.0003,,,7164359374.547201,4.058135339185933,131244196679.0,3234101026934.399,,proxy_calibrated
2024-11-22,98366.8,99660.0,97199.9,98921.4,265774.067,26216909526.3785,70062.99,0.0001,0.0003,,,6930729058.986,4.054935254221708,131559452114.0,3244427934503.51,,proxy_calibrated
2024-11-23,98921.5,98937.3,97173.5,97725.5,120358.422,11819741402.0844,67947.893,0.0001,0.0003,,,6640241817.3715,4.119155291729682,132873420057.0,3225744373458.784,,proxy_calibrated
2024-11-24,97725.6,98666.0,95822.1,97960.4,173118.84,16831814834.729,68888.55899999,0.0001645866666666,0.00049376,,,6748350795.062619,4.1514350188555476,134013442053.0,3228123322280.601,,proxy_calibrated
2024-11-25,97960.5,98999.0,92666.0,93064.0,329375.021,31634790118.7792,68492.694,0.00018756,0.00056268,,,6374204074.416,4.321097631792824,134424635741.0,3110890963258.0366,,proxy_calibrated
2024-11-26,93064.0,95064.0,90866.4,92021.4,344929.233,32058954666.3463,72377.182,0.0002314566666666,0.0006943699999999,,,6660249615.694799,4.3869028694571215,134693131223.0,3070346785217.7056,,proxy_calibrated
2024-11-27,92021.5,97250.0,91864.0,95905.2,237005.987,22446169054.8116,70125.528,0.0001933333333333,0.00058,,,6725402787.9456005,4.181211874098858,134722943242.0,3222102761081.3364,,proxy_calibrated
2024-11-28,95905.2,96627.6,94700.1,95694.4,154007.026,14702795800.1606,67573.03,0.0001206166666666,0.00036185,,,6466360562.032,4.215638122700329,135137486676.0,3205623508059.5015,,proxy_calibrated
2024-11-29,95694.4,98713.3,95404.5,97516.3,190520.949,18512741566.7861,66585.43799999,0.0001809566666666,0.00054287,,,6493165547.638425,4.176142852948961,135965852342.0,3255775894878.415,,proxy_calibrated
2024-11-30,97516.2,97522.1,96150.0,96475.1,93074.218,9004708395.7383,66929.778,0.0001265733333333,0.00037972,,,6457057025.527801,4.197104891086355,136271708422.0,3246802545045.001,,proxy_calibrated
2024-12-01,96475.2,97933.0,95736.5,97265.1,113222.99,10975143904.8559,66088.389,0.0001516066666666,0.00045482,,,6428093764.9239,4.1153404966634355,134392441049.0,3265645726227.523,,proxy_calibrated
2024-12-02,97265.0,98266.0,94400.0,95890.5,257613.911,24755123881.9079,64759.933,0.00021223,0.00063669,,,6209862355.3365,4.176061135141538,134476541006.0,3220176540864.7983,,proxy_calibrated
2024-12-03,95890.6,96375.0,93605.0,95913.3,206601.98,19688305230.3451,63643.326,0.0001655233333333,0.00049657,,,6104241419.6358,4.196960066986798,135012360931.0,3216908399796.426,,proxy_calibrated
2024-12-04,95913.3,99099.9,94650.8,98669.8,275949.205,26698552379.624,62748.48,0.0002537399999999,0.00076122,,,6191379971.904,4.072067554890934,135338236018.0,3323575412088.7837,,proxy_calibrated
2024-12-05,98669.8,104630.4,90200.0,97001.5,580277.391,58190879933.223,65533.487,0.0004904333333333,0.0014713,,,6356846539.2305,4.156407183564822,136045432502.0,3273149778008.9497,,proxy_calibrated
2024-12-06,97001.6,101988.8,96429.5,99802.5,282369.608,27983159150.5382,64475.975,0.0001154466666666,0.00034634,,,6434863494.9375,4.05219887387949,136975278080.0,3380270375250.925,,proxy_calibrated
2024-12-07,99802.5,100499.0,98876.9,99899.2,95858.658,9559737335.7918,61606.575,0.0001947866666666,0.00058436,,,6154447557.24,4.079275845745018,138038817923.0,3383904966048.9263,,proxy_calibrated
2024-12-08,99899.2,101457.9,98709.4,101200.0,109755.676,10964662734.3106,63141.978,0.0001704566666666,0.00051137,,,6389968173.6,4.043966862393547,138262817923.0,3418989883640.2646,,proxy_calibrated
2024-12-09,101200.1,101300.0,94039.7,97349.1,326973.59,32095240187.1553,62389.384,0.0002085333333333,0.0006256,,,6073550381.9544,4.227596948573647,138399087923.0,3273705833516.0024,,proxy_calibrated
2024-12-10,97349.1,98320.6,94265.5,96602.4,291490.744,28129042004.1955,64863.657,0.0001,0.0003,,,6265984938.9768,4.276953475969028,138643216096.0,3241634889764.323,,proxy_calibrated
2024-12-11,96602.3,101880.0,95650.0,101115.3,221807.705,21990321141.7717,64075.358,0.0001,0.0003,,,6478999046.7774,4.098703183013901,138953308451.0,3390177386517.2495,,proxy_calibrated
2024-12-12,101115.3,102538.4,99280.2,99982.4,215219.075,21703839602.3259,64666.971,0.0001,0.0003,,,6465558961.310399,4.15419388532079,140005800450.0,3370227878499.432,,proxy_calibrated
2024-12-13,99982.3,101869.5,99149.6,101371.9,152437.318,15327839534.2343,65526.072,0.0001,0.0003,,,6642502418.1768,4.1167382523279885,140404910980.0,3410586303382.343,,proxy_calibrated
2024-12-14,101371.9,102638.0,100559.8,101381.0,107680.549,10931716374.3351,63707.225,8.916666666666666e-05,0.0002675,,,6458702177.724999,4.124587713161697,140448004125.0,3405140438081.2593,,proxy_calibrated
2024-12-15,101381.0,105374.6,101200.1,104460.4,157733.916,16239310087.6506,63730.821,9.398e-05,0.00028194,,,6657347053.9884,4.017498554834269,140568004125.0,3498893707275.9883,,proxy_calibrated
2024-12-16,104460.5,107777.0,103264.6,106023.2,274395.756,28967203114.5623,67530.265,9.727e-05,0.00029181,,,7159774792.148,3.967045783355016,140568004125.0,3543392534434.493,,proxy_calibrated
2024-12-17,106023.2,108366.8,105252.0,106074.6,197773.912,21115019475.6999,68148.895,9.288666666666669e-05,0.00027866,,,7228866777.567,3.987143223403128,140758577764.0,3530311550831.5996,,proxy_calibrated
2024-12-18,106074.6,106484.6,99951.1,100181.1,328581.935,33924249957.0183,65260.054,9.719666666666666e-05,0.00029159,,,6537823995.7794,4.22282222223983,140912347295.0,3336923504685.4185,,proxy_calibrated
2024-12-19,100181.2,102756.7,95681.2,97434.4,372968.463,37081222303.6621,66300.591,0.0001,0.0003,,,6459958303.7304,4.3586370725105255,140933906305.0,3233439810665.9443,,proxy_calibrated
2024-12-20,97434.3,98243.0,92272.6,97764.4,396188.795,37958727658.2742,64931.768,0.0001,0.0003,,,6348015339.459199,4.334395355875101,140886878527.0,3250439033809.72,,proxy_calibrated
2024-12-21,97764.5,99485.0,96375.0,97261.8,161258.48,15758501543.9687,62176.974,7.068666666666668e-05,0.00021206,,,6047444409.7932005,4.367665056799632,140468513507.0,3216100861221.42,,proxy_calibrated
2024-12-22,97261.7,97437.9,94200.0,95153.5,148114.735,14215963268.6506,63071.165,9.876333333333334e-05,0.00029629,,,6001442098.8275,4.4465798845532465,140177246923.0,3152473374198.3315,,proxy_calibrated
2024-12-23,95153.4,96499.0,92464.4,94861.1,247211.855,23352438472.944,63157.881,9.660333333333332e-05,0.00028981,,,5991226065.329101,4.425584083709068,140152701207.0,3166874666847.104,,proxy_calibrated
2024-12-24,94861.0,99450.0,93525.6,98627.2,211610.632,20467193731.4279,64348.6,0.0001,0.0003,,,6346522241.92,4.2689540685877505,139800592088.0,3274820713502.0464,,proxy_calibrated
2024-12-25,98626.9,99580.7,97570.0,99379.7,124696.892,12284101310.0662,59847.275,0.0001,0.0003,,,5947604235.3175,4.240887217481764,139728411369.0,3294791966950.0347,,proxy_calibrated
2024-12-26,99379.6,99950.0,95153.0,95751.0,194857.651,18828963496.91,60280.896,8.621666666666667e-05,0.00025865,,,5771956072.896,4.399995491831411,139732311008.0,3175737594900.1074,,proxy_calibrated
2024-12-27,95750.9,97564.5,93440.0,94258.9,206008.243,19664748484.4432,63047.963,0.0001,0.0003,,,5942831639.6207,4.454574253771551,139746088403.0,3137136804593.195,,proxy_calibrated
2024-12-28,94258.9,95700.0,94100.0,95259.1,67991.349,6441586533.2291,64129.958,7.604e-05,0.00022812,,,6108962082.117801,4.398255208041333,139593778477.0,3173844442263.8457,,proxy_calibrated
2024-12-29,95259.1,95300.0,92961.8,93700.0,95047.934,8949366966.5803,64362.29,9.337666666666668e-05,0.00028013,,,6030746573.0,4.456601216191913,139309508042.0,3125913701586.1943,,proxy_calibrated
2024-12-30,93699.9,95031.6,91510.0,92759.3,222343.593,20718759693.374,64177.003,6.249666666666667e-05,0.00018749,,,5953013874.3779,4.488775539125646,139257508041.0,3102349556737.3706,,proxy_calibrated
2024-12-31,92759.3,96254.3,92000.0,93548.9,178648.116,16839152825.5285,63260.29,0.0001,0.0003,,,5917930543.181,4.429999912274724,138109585231.0,3117597922481.2954,,proxy_calibrated
2025-01-01,93548.8,95161.2,92796.5,94580.9,91236.66,8572615379.7751,60006.946,0.0001,0.0003,,,5675510958.9314,4.37655351969978,137747095441.0,3147387432164.867,,proxy_calibrated
2025-01-02,94580.9,97822.4,94357.4,96967.5,181645.495,17520373569.6746,60441.107,0.0001,0.0003,,,5860823043.0225,4.267152174416208,137562831740.0,3223762034191.3413,,proxy_calibrated
2025-01-03,96967.6,98949.0,96061.5,98145.7,125220.674,12191508268.3213,61679.728,8.414e-05,0.00025242,,,6053600080.3696,4.196278719842677,137562831740.0,3278210074309.7773,,proxy_calibrated
2025-01-04,98145.7,98760.9,97438.2,98173.2,71914.634,7047067115.1575,62410.81,6.165666666666668e-05,0.00018497,,,6127068932.292,4.185837593018722,137568401171.0,3286520274949.059,,proxy_calibrated
2025-01-05,98173.2,98852.6,97227.0,98340.2,74949.289,7346604757.8706,62008.617,9.44e-05,0.0002832,,,6097939797.5034,4.184325484707107,137563370385.0,3287587710080.568,,proxy_calibrated
2025-01-06,98340.2,102444.0,97872.6,102180.4,207493.329,20828553113.3948,62356.479,0.0001,0.0003,,,6371609966.8116,4.052262202279686,137563370382.0,3394730239928.9663,,proxy_calibrated
2025-01-07,102180.5,102762.1,96153.0,96920.3,258711.309,25560001123.228,64559.23,9.060666666666666e-05,0.00027182,,,6257099939.369,4.293608778511818,137886263996.0,3211430549659.7183,,proxy_calibrated
2025-01-08,96920.2,97242.2,92500.0,95014.1,262012.113,24890488875.3657,66991.18399999,0.0001,0.0003,,,6365107055.69345,4.367173661733404,137723427073.0,3153605460661.605,,proxy_calibrated
2025-01-09,95014.0,95358.7,91055.8,92505.9,257760.902,23994411572.6975,65410.49,6.43e-05,0.0001929,,,6050856246.891,4.4897339326887735,137943085879.0,3072411148345.929,,proxy_calibrated
2025-01-10,92506.0,95882.5,92173.6,94675.5,261942.954,24636484066.7169,64730.659,3.661333333333333e-05,0.0001098399999999,,,6128407506.1545,4.394196403484821,137788031415.0,3135682130769.738,,proxy_calibrated
2025-01-11,94675.6,94988.0,93802.1,94562.5,64661.763,6101597708.5398,65394.452,4.1143333333333336e-05,0.00012343,,,6183862867.25,4.394526614812961,137784795397.0,3135372873441.213,,proxy_calibrated
2025-01-12,94562.4,95444.0,93661.1,94499.9,77298.133,7302019629.8369,65220.104,4.955333333333333e-05,0.00014866,,,6163293305.989599,4.399185702346476,137748925154.0,3131236880510.097,,proxy_calibrated
2025-01-13,94499.9,95934.5,88909.0,94485.3,361150.49,33357739608.8299,65288.838,4.3786666666666665e-05,0.00013136,,,6168835445.081401,4.429637570477749,137791589208.0,3110674113077.3545,,proxy_calibrated
2025-01-14,94485.4,97353.9,94305.4,96514.9,212859.661,20455516830.0708,64526.871,9.832e-05,0.00029496,,,6227804501.877899,4.331099012904979,137582647234.0,3176622072690.0396,,proxy_calibrated
2025-01-15,96514.9,100658.9,96450.2,100460.0,222417.566,21890262973.6529,64230.821,6.542666666666667e-05,0.00019628,,,6452628277.660001,4.151663843126261,137582647233.0,3313915876421.207,,proxy_calibrated
2025-01-16,100460.0,100850.0,97293.6,99937.4,216802.52,21512694586.0727,64202.193,4.298e-05,0.00012894,,,6416200242.7182,4.20307188053279,137792434596.0,3278374448797.986,,proxy_calibrated
2025-01-17,99937.4,105784.0,99902.0,104042.5,249449.969,25723721360.3901,63526.922,5.8049999999999995e-05,0.0001741499999999,,,6609499782.184999,4.040702726439239,137802584445.0,3410361854717.1577,,proxy_calibrated
2025-01-18,104042.6,104962.1,102242.8,104524.3,167940.092,17403566499.7749,64250.669,8.902333333333334e-05,0.00026707,,,6715756201.7567005,4.079206237867808,138609880783.0,3397962071548.7793,,proxy_calibrated
2025-01-19,104524.3,106450.0,99600.0,101311.5,280949.178,29174848452.0504,61104.847,0.0001,0.0003,,,6190623706.8405,4.201810409893275,138687679683.0,3300664859995.971,,proxy_calibrated
2025-01-20,101311.5,110000.0,99501.0,102247.6,530508.18,55636481995.3162,61501.602,0.0001,0.0003,,,6288391200.6552,4.15801483153939,138700179650.0,3335730757810.936,,proxy_calibrated
2025-01-21,102247.7,107241.6,100097.2,106114.5,273296.828,28422391304.195,65468.059,0.0001,0.0003,,,6947110346.7555,4.030782815718979,138761501548.0,3442544733664.8135,,proxy_calibrated
2025-01-22,106115.4,106390.0,103211.6,103664.9,151243.528,15829573488.171,64484.914,0.0001,0.0003,,,6684822161.3186,4.124871601043069,138851168099.0,3366193703190.38,,proxy_calibrated
2025-01-23,103664.9,106840.2,101211.0,103864.1,418154.019,43515004634.5494,63690.35,9.09e-05,0.0002727,,,6615140881.435,4.108731443881336,139155191071.0,3386816416980.183,,proxy_calibrated
2025-01-24,103864.0,107076.5,102680.0,104808.1,165746.95,17435123504.2742,61859.744,5.8036666666666666e-05,0.00017411,,,6483402235.1264,4.087043517346696,139236520740.0,3406778522152.6636,,proxy_calibrated
2025-01-25,104808.0,105274.7,104040.6,104702.0,65630.163,6869072101.7618,60717.008,7.326333333333333e-05,0.0002197899999999,,,6357192171.616,4.103828392865458,139787677372.0,3406274921607.8843,,proxy_calibrated
2025-01-26,104702.0,105496.9,102450.3,102560.1,75787.087,7903655326.0526,59567.911,8.935333333333333e-05,0.00026806,,,6109290908.9511,4.188587402810137,139786746494.0,3337324330398.7544,,proxy_calibrated
2025-01-27,102560.0,103216.5,97680.0,102021.3,325689.874,32694557659.0746,61012.458,4.298e-05,0.00012894,,,6224570281.3554,4.216035727001923,139791921674.0,3315719569895.766,,proxy_calibrated
2025-01-28,102021.3,103797.0,100235.0,101279.6,169917.261,17380446310.6614,60745.018,7.854e-05,0.00023562,,,6152231125.0328,4.265250020850661,139914228538.0,3280328887029.5938,,proxy_calibrated
2025-01-29,101279.7,104755.0,101269.7,103698.2,169989.952,17464739221.2713,62087.024,9.983e-05,0.00029949,,,6438312632.156799,4.1786269815468104,139925628535.0,3348603001725.7837,,proxy_calibrated
2025-01-30,103698.1,106450.0,103224.5,104676.9,136967.4,14403072504.9993,60632.637,9.029666666666666e-05,0.00027089,,,6346836479.9853,4.123319603442538,139982628523.0,3394901244282.1367,,proxy_calibrated
2025-01-31,104676.9,106000.0,101509.0,102379.7,172237.817,17878626999.9051,61391.881,7.075e-05,0.00021225,,,6285282359.2157,4.186663226243153,140004528519.0,3344059957854.1025,,proxy_calibrated
2025-02-01,102379.8,102734.9,100215.0,100603.6,90863.091,9240331525.5912,64885.806,6.478333333333334e-05,0.00019435,,,6527745672.5016,4.28141920020472,139981016588.0,3269500369907.8726,,proxy_calibrated
2025-02-02,100603.6,101426.0,96029.6,97664.5,232934.693,22949597609.4826,62907.27,2.7810000000000003e-05,8.343e-05,,,6143807070.915,4.437135563964754,139981116584.0,3154763125130.2456,,proxy_calibrated
2025-02-03,97664.5,102456.0,91130.3,101293.7,455088.034,43861859909.7187,63311.822,8.281666666666667e-05,0.00024845,,,6413088704.1214,4.30665751572624,139976116582.0,3250226331461.5015,,proxy_calibrated
2025-02-04,101293.6,101729.3,96100.0,97709.9,262746.203,26009379200.5607,59359.195,4.516666666666666e-05,0.0001355,,,5799981007.530499,4.464517010500313,139934356581.0,3134367194746.523,,proxy_calibrated
2025-02-05,97710.0,99124.2,96106.1,96553.2,151379.666,14787603373.4395,56653.666,1.9743333333333335e-05,5.923e-05,,,5470092744.031199,4.535174124803698,141281000185.0,3115227691309.7637,,proxy_calibrated
2025-02-06,96553.2,99093.0,95613.5,96515.1,161521.013,15732382004.6025,57551.928,2.617e-05,7.851e-05,,,5554630086.112801,4.577696749605546,141868639474.0,3099127077087.94,,proxy_calibrated
2025-02-07,96515.0,100112.4,95555.0,96454.5,223373.629,21837468262.4659,59006.688,6.713e-05,0.00020139,,,5691460587.696,4.593670783372611,141827071091.0,3087445265001.6094,,proxy_calibrated
2025-02-08,96454.5,96850.0,95600.0,96411.9,69050.432,6644122527.1204,59627.427,-8.796666666666667e-06,-2.639e-05,,,5748793529.1813,4.601929907686297,142126491830.0,3088410616437.586,,proxy_calibrated
2025-02-09,96412.0,97301.7,94650.1,96423.6,101177.286,9736102711.9428,59380.404,5.437333333333333e-05,0.00016312,,,5725672323.1344,4.604750970427608,142199011789.0,3088093421386.37,,proxy_calibrated
2025-02-10,96423.6,98328.0,95200.1,97379.2,132932.545,12909986839.9299,59225.691,6.145e-05,0.00018435,,,5767350409.0272,4.560135601529525,142191510636.0,3118142157621.5244,,proxy_calibrated
2025-02-11,97379.2,98482.2,94814.3,95731.4,154832.904,14974331187.2319,60715.641,2.954e-05,8.862e-05,,,5812393314.8274,4.641688290952356,142341381105.0,3066586383718.481,,proxy_calibrated
2025-02-12,95731.4,98090.9,94003.9,97816.3,202448.079,19439638352.8794,64290.879,3.7189999999999995e-05,0.0001115699999999,,,6288695907.5277,4.528279204752975,142266481024.0,3141733859402.357,,proxy_calibrated
2025-02-13,97816.3,98053.8,95160.1,96560.6,142240.526,13680787136.6768,62103.225,4.974e-05,0.00014922,,,5996724667.935,4.594496375334226,142417199851.0,3099734730787.3296,,proxy_calibrated
2025-02-14,96560.6,98792.8,96225.7,97445.1,144452.957,14050947379.4366,60953.675,5.567666666666667e-05,0.00016703,,,5939636955.7425,4.543576667407558,142225869513.0,3130262344492.367,,proxy_calibrated
2025-02-15,97445.2,97941.2,97170.0,97538.0,47418.593,4625304231.2128,61877.06,2.3623333333333335e-05,7.087e-05,,,6035364678.28,4.5531725532521685,142413856453.0,3127793967555.191,,proxy_calibrated
2025-02-16,97538.0,97665.8,96002.0,96067.0,56684.873,5495964821.8901,61296.126,2.457e-05,7.371e-05,,,5888534936.441999,4.616478998379147,142412375399.0,3084869993971.622,,proxy_calibrated
2025-02-17,96067.0,97000.0,95150.6,95743.2,105576.986,10136667892.9053,61881.875,4.881666666666667e-05,0.00014645,,,5924768734.5,4.609467211064454,142412375399.0,3089562608389.0293,,proxy_calibrated
2025-02-18,95743.1,96737.3,93321.6,95622.0,179173.362,17034410558.3045,62684.233,9.829333333333334e-05,0.00029488,,,5993991727.926,4.626101620944566,142249254877.0,3074927153198.9233,,proxy_calibrated
2025-02-19,95622.0,96878.7,95012.5,96598.0,124996.873,11992996490.3516,65312.683,7.915333333333333e-05,0.00023746,,,6309074552.434,4.573270372960706,142082304427.0,3106798698521.2256,,proxy_calibrated
2025-02-20,96597.9,98662.1,96366.0,98252.9,129180.172,12598925800.6449,65664.916,4.345e-05,0.00013035,,,6451768425.256399,4.523896544056178,142682643615.0,3153976715105.6265,,proxy_calibrated
2025-02-21,98252.8,99431.5,94830.4,96127.9,250618.273,24420588679.3015,69377.473,7.706666666666667e-06,2.312e-05,,,6669110786.7967,4.626631472184932,142843643165.0,3087422113124.172,,proxy_calibrated
2025-02-22,96128.0,96988.0,95701.9,96503.3,65792.15,6345520284.0928,55342.85,6.261333333333333e-05,0.00018784,,,5340767656.405,4.591830737191574,142951416400.0,3113168245557.5664,,proxy_calibrated
2025-02-23,96503.3,96602.9,95180.2,96218.4,69298.691,6647362791.999,51742.389,2.91e-05,8.73e-05,,,4978569881.7576,4.589545398203804,142951416393.0,3114718430477.808,,proxy_calibrated
2025-02-24,96218.4,96470.0,91300.0,91514.5,217488.75,20543195679.4306,53477.72,1.987e-05,5.9609999999999993e-05,,,4893986806.940001,4.85120946743758,142874416382.0,2945129814348.474,,proxy_calibrated
2025-02-25,91514.5,92500.0,86020.4,88639.1,472296.502,41894200562.9206,55508.468,5.543333333333334e-05,0.0001663,,,4920220645.898801,4.97951079286443,142812345771.0,2867999522676.9688,,proxy_calibrated
2025-02-26,88639.1,89367.1,82222.0,84208.5,401141.821,34536661991.6454,55608.254,6.508666666666666e-05,0.00019526,,,4682687656.959,5.2245312870951635,142538814688.0,2728260332942.738,,proxy_calibrated
2025-02-27,84208.6,87066.0,82667.0,84668.1,269408.53,22931080203.5431,52858.004,6.040333333333334e-05,0.00018121,,,4475386768.472401,5.206332241861178,142421483648.0,2735543508016.4355,,proxy_calibrated
2025-02-28,84668.2,85084.5,78200.2,84299.6,536343.231,43686395142.1932,50774.045,6.197333333333333e-05,0.00018592,,,4280231683.882,5.252169469079775,142614459639.0,2715343830365.5356,,proxy_calibrated
2025-03-01,84299.6,86516.5,83779.0,86007.7,146996.671,12515888419.9825,48480.774,-2.326666666666667e-05,-6.98e-05,,,4169719865.9598,5.174761315107799,142639292034.0,2756441956415.696,,proxy_calibrated
2025-03-02,86007.7,94971.0,85015.0,94222.8,364711.538,32943383217.4127,45782.653,-2.248666666666667e-05,-6.746000000000001e-05,,,4313769757.0884,4.732926631710568,142747292027.0,3016047007164.5386,,proxy_calibrated
2025-03-03,94222.0,94373.4,85029.0,86192.7,436032.402,39107649568.9303,49173.114,1.8166666666666656e-06,5.449999999999997e-06,,,4238363463.0678,5.191439494610581,142807791999.0,2750832252735.5635,,proxy_calibrated
2025-03-04,86193.3,88931.0,81200.0,87245.9,432434.798,36591012063.2103,47663.077,-1.6333333333333329e-06,-4.899999999999999e-06,,,4158408049.6342993,5.136460438195311,142880555491.0,2781692903317.6963,,proxy_calibrated
2025-03-05,87245.9,91000.0,86328.0,90566.1,279001.09,24826777816.6592,47049.558,3.954333333333333e-05,0.00011863,,,4261094974.7838,4.9632437088961385,142867265394.0,2878505948396.6934,,proxy_calibrated
2025-03-06,90566.1,92780.3,87790.5,89887.8,303058.632,27350634937.0079,48403.397,5.589666666666667e-05,0.00016769,,,4350874868.8566,5.011585795670977,143090288607.0,2855189842915.626,,proxy_calibrated
2025-03-07,89887.9,91257.7,84600.0,86753.8,452474.195,39785179157.3045,49076.334,-4.1000000000000004e-07,-1.23e-06,,,4257558464.569201,5.17829997943827,143171664724.0,2764839142044.6626,,proxy_calibrated
2025-03-08,86753.8,86876.5,85108.0,86184.7,96106.187,8274279764.8036,51172.418,2.303e-05,6.909e-05,,,4410279493.6046,5.189550407867171,143230964706.0,2759987926677.946,,proxy_calibrated
2025-03-09,86184.7,86470.6,79933.4,80688.8,221609.348,18439154205.8068,50244.877,3.479666666666667e-05,0.00010439,,,4054198831.2776,5.533662975719386,143280964688.0,2589260772054.3955,,proxy_calibrated
2025-03-10,80690.7,84031.5,77410.1,78567.8,416386.797,33576468153.0327,52886.32,3.111e-05,9.333e-05,,,4155161812.496,5.707851675578399,143280964686.0,2510243307460.8716,,proxy_calibrated
2025-03-11,78567.8,83600.0,76560.0,82896.0,390779.169,31496850047.1384,50228.807,5.570333333333333e-05,0.00016711,,,4163767185.072,5.447262291938412,143336937920.0,2631357372530.5864,,proxy_calibrated
2025-03-12,82896.0,84487.0,80578.5,83640.7,306171.124,25257040236.9463,47563.918,3.467999999999999e-05,0.0001040399999999,,,3978279396.262599,5.420295151634402,143558693183.0,2648540147111.9556,,proxy_calibrated
2025-03-13,83640.7,84307.1,79903.4,81085.4,247960.052,20339091216.6417,47946.668,1.8963333333333335e-05,5.6890000000000006e-05,,,3887774753.4471993,5.580336652810404,143747304639.0,2575961157587.241,,proxy_calibrated
2025-03-14,81085.5,85270.2,80772.0,83939.8,233544.708,19480400183.0068,49338.983,3.691333333333333e-05,0.00011074,,,4141504365.2234,5.409834906436821,143748815811.0,2657175649481.6943,,proxy_calibrated
2025-03-15,83939.9,84625.0,83564.5,84302.9,76674.97,6452002481.0053,49925.181,-2.915e-05,-8.745e-05,,,4208837541.3249,5.385698549791628,143836896633.0,2670719411849.834,,proxy_calibrated
2025-03-16,84303.0,85136.0,81925.6,82541.6,174630.7,14560229989.6632,51536.513,1.9716666666666667e-05,5.915e-05,,,4253906241.4408,5.495515281232705,143836896629.0,2617350498873.252,,proxy_calibrated
2025-03-17,82541.6,84727.1,82384.0,83962.9,182662.082,15243760952.7371,47741.635,3.4660000000000004e-05,0.00010398,,,4008526125.3415,5.406751766556995,143836896614.0,2660319963340.8535,,proxy_calibrated
2025-03-18,83963.0,83979.8,81113.5,82666.1,188897.749,15546964609.4973,48558.615,2.092e-05,6.276e-05,,,4014151323.4515,5.482807599817868,144087751990.0,2627992125690.9766,,proxy_calibrated
2025-03-19,82666.2,86990.0,82501.8,86809.8,251961.741,21278400806.1707,50511.64,3.7283333333333336e-05,0.00011185,,,4384905366.0720005,5.231058322474897,144100778448.0,2754715576939.3833,,proxy_calibrated
2025-03-20,86809.8,87500.0,83613.6,84183.6,242943.492,20712134490.6818,51855.99,2.2733333333333335e-05,6.82e-05,,,4365423919.764,5.391997392747711,144275379309.0,2675731622256.565,,proxy_calibrated
2025-03-21,84183.6,84813.6,83122.0,84050.3,144422.271,12128213315.5817,49846.904,3.152333333333333e-05,9.457e-05,,,4189647235.2712,5.392728951697428,143936579287.0,2669086107910.0625,,proxy_calibrated
2025-03-22,84050.3,84509.0,83589.5,83804.9,52218.652,4391946161.3191,50719.078,2.0526666666666668e-05,6.158e-05,,,4250507259.8822,5.409765317762529,144193856062.0,2665436439332.2397,,proxy_calibrated
2025-03-23,83804.9,86110.9,83761.2,86044.2,90899.873,7717260188.0899,50768.602,1.9783333333333338e-05,5.9350000000000006e-05,,,4368343744.2084,5.287939390296706,144224155760.0,2727416959896.5015,,proxy_calibrated
2025-03-24,86044.1,88752.0,85478.3,87463.4,210907.484,18432550277.6387,51680.261,1.3763333333333333e-05,4.129e-05,,,4520131339.947399,5.1954294832747285,144224155757.0,2775981393285.972,,proxy_calibrated
2025-03-25,87463.4,88500.0,86260.0,87369.8,173505.289,15155815871.099,53143.409,-9.576666666666666e-06,-2.873e-05,,,4643129015.6482,5.212263302536466,144459985751.0,2771540449245.9316,,proxy_calibrated
2025-03-26,87369.9,88270.2,85816.3,86873.8,187956.695,16368183043.4019,52792.34,-1.471e-05,-4.413e-05,,,4586271186.691999,5.261325877909772,144698008877.0,2750219473850.3037,,proxy_calibrated
2025-03-27,86873.9,87722.4,85724.5,87191.2,163451.689,14210148345.9687,51820.632,1.6293333333333332e-05,4.888e-05,,,4518303088.8384,5.253372347326117,144876968397.0,2757789831340.245,,proxy_calibrated
2025-03-28,87191.2,87470.0,83531.7,84380.8,222284.56,18906017105.6124,50696.966,3.081666666666667e-05,9.245e-05,,,4277850548.6528,5.429896617051838,144894219396.0,2668452635745.9507,,proxy_calibrated
2025-03-29,84380.8,84589.7,81601.0,82604.7,135513.705,11234711035.3115,55108.631,5.369333333333333e-05,0.00016108,,,4552231931.1657,5.533978219947688,144508879395.0,2611301917924.1733,,proxy_calibrated
2025-03-30,82604.8,83490.0,81501.4,82352.8,109565.925,9064725716.8179,52979.619,1.7853333333333334e-05,5.356e-05,,,4363019967.5832,5.55450760371241,144508879383.0,2601650581708.018,,proxy_calibrated
2025-03-31,82353.1,83895.8,81222.0,82517.5,212064.576,17489658395.7987,51839.259,3.502666666666667e-05,0.00010508,,,4277646054.5325,5.5454601706913005,144649416568.0,2608429456089.0864,,proxy_calibrated
2025-04-01,82517.5,85595.5,82383.3,85120.9,197263.176,16592830383.7936,53083.883,3.474333333333333e-05,0.00010423,,,4518547896.4546995,5.382742543180725,144734849785.0,2688868148976.609,,proxy_calibrated
2025-04-02,85121.0,88500.0,82300.0,82485.1,348964.378,29832752692.1704,52868.035,5.523333333333333e-06,1.657e-05,,,4360825153.778501,5.560014497762025,144756151239.0,2603521111271.673,,proxy_calibrated
2025-04-03,82485.1,83889.2,81172.2,83181.5,239163.519,19745607618.6561,49369.163,5.7946666666666665e-05,0.00017384,,,4106601032.0845,5.516384631890357,144814151238.0,2625164141035.884,,proxy_calibrated
2025-04-04,83181.7,84686.2,81624.6,83861.3,353109.206,29383845902.268,48211.773,5.685666666666666e-05,0.00017057,,,4043101959.084901,5.4786594660451815,144783250273.0,2642676573901.262,,proxy_calibrated
2025-04-05,83861.4,84244.5,82333.8,83506.1,99574.204,8287351555.4536,50905.811,5.467999999999999e-05,0.0001640399999999,,,4250945743.9471006,5.501028672431926,144778059970.0,2631836127223.7417,,proxy_calibrated
2025-04-06,83506.1,83790.5,77111.0,78390.0,281191.753,22582931441.791,50464.327,1.6603333333333334e-05,4.981e-05,,,3955898593.53,5.874752000028754,144769059956.0,2464258235161.1,,proxy_calibrated
2025-04-07,78390.1,81200.0,74457.0,79140.0,693843.503,53937100469.049,52375.214,5.600333333333334e-05,0.00016801,,,4144974435.96,5.831444076994879,144569059955.0,2479129664045.4253,,proxy_calibrated
2025-04-08,79140.1,80832.1,76200.1,76297.9,328409.534,25796580911.5206,47369.675,3.594333333333333e-05,0.00010783,,,3614206726.1825,6.053230729123308,144888658855.0,2393575684434.2905,,proxy_calibrated
2025-04-09,76298.0,83554.9,74578.5,82588.0,560649.862,44072322884.0975,51323.338,4.7239999999999995e-05,0.00014172,,,4238691838.744,5.620008879934613,144700965625.0,2574746209772.6,62.4016,cmc
2025-04-10,82587.9,82706.9,78416.0,79560.2,293662.1,23687469484.8299,48913.844,4.864666666666667e-05,0.00014594,,,3891595211.4088,5.762404520389798,145054575983.0,2517257777890.05,62.5121,cmc
2025-04-11,79560.3,84300.0,78935.5,83378.3,295777.871,24267636755.0135,47315.187,3.5366666666666674e-06,1.0610000000000002e-05,,,3945059856.2421,5.471415981944348,144851154191.0,2647416220389.9,62.8464,cmc
2025-04-12,83378.3,85884.2,82756.0,85237.8,158002.837,13313650656.6862,51208.682,4.894e-05,0.00014682,,,4364915394.5796,5.379448608662922,144957254190.0,2694648926593.79,62.4676,cmc
2025-04-13,85237.9,86100.0,82991.5,83713.7,207038.38,17457667797.3317,52817.239,7.709333333333334e-05,0.00023128,,,4421526500.4743,5.387407861557899,145195854190.0,2695096750072.55,62.4748,cmc
2025-04-14,83713.8,85755.0,83630.9,84553.9,209349.356,17726843976.2684,49029.173,5.8893333333333334e-05,0.00017668,,,4145607790.9247,5.41472576799992,145000072564.0,2677883955285.88,62.7086,cmc
2025-04-15,84553.9,86443.0,83560.0,83608.7,184522.182,15709860552.1604,49686.026,2.138666666666667e-05,6.416000000000001e-05,,,4154184042.0262,5.424474442986147,144988134604.0,2672851280393.99,62.9776,cmc
2025-04-16,83608.6,85493.5,83063.9,83990.0,209441.418,17600465000.7882,49772.573,3.7743333333333335e-05,0.00011323,,,4180398406.269999,5.479585292311311,145230969405.0,2650400744902.74,63.1878,cmc
2025-04-17,83990.1,85441.5,83700.0,84915.0,141033.195,11925437240.4436,49082.891,3.502666666666666e-05,0.0001050799999999,,,4167873689.265,5.427506736949711,145411564253.0,2679159534949.23,63.0016,cmc
2025-04-18,84914.9,85100.0,84260.0,84421.0,55218.842,4669701038.4181,49669.655,3.951333333333333e-05,0.00011854,,,4193161944.755,5.4515389212936745,145403089797.0,2667193464015.39,62.9279,cmc
2025-04-19,84421.0,85600.0,84317.2,85046.9,73380.566,6243873371.14,49838.798,2.3336666666666663e-05,7.001e-05,,,4238635269.6262,5.397058186638006,145035321798.0,2687303282315.49,62.847,cmc
2025-04-20,85046.9,85283.6,83900.0,85138.8,90651.818,7672458746.815,49973.617,-1.2113333333333331e-05,-3.634e-05,,,4254693783.0396,5.443398487513519,145216680932.0,2667757675009.63,62.8815,cmc
2025-04-21,85138.9,88418.2,85100.0,87466.0,274069.871,23894438019.9122,50695.284,4.062666666666667e-05,0.00012188,,,4434113710.344,5.333237045238534,145204655279.0,2722636441007.95,63.435,cmc
2025-04-22,87466.0,94142.5,87017.5,93404.9,334005.081,30146810687.6233,52170.001,-1.333333333333321e-07,-3.9999999999999617e-07,,,4872933726.4049,5.099345404061275,145254984859.0,2848502569434.0,63.637,cmc
2025-04-23,93404.9,94904.3,91898.0,93632.1,232748.428,21736791484.5585,51917.661,1.524e-05,4.572e-05,,,4861159626.518101,4.972709471304255,145771856311.0,2931437220537.37,63.4797,cmc
2025-04-24,93632.2,93980.6,91619.0,93931.6,157092.728,14589477688.5148,51532.687,1.246666666666666e-06,3.739999999999998e-06,,,4840547742.2092,5.026448373752232,146144939953.0,2907518969381.22,63.3915,cmc
2025-04-25,93931.5,95769.6,92788.0,94591.8,191830.477,18114328489.7902,52523.667,-4.9133333333333334e-06,-1.474e-05,,,4968308204.1306,4.940929122899907,146580988029.0,2966668502683.75,63.5329,cmc
2025-04-26,94591.8,95157.1,93833.0,94575.7,72538.209,6848477987.1194,53681.078,-3.3346666666666664e-05,-0.00010004,,,5076925528.6046,4.9597644667697915,146823288025.0,2960287509794.26,63.2924,cmc
2025-04-27,94575.7,95280.5,93547.3,93697.1,83816.183,7891352346.555,52770.609,-8.603333333333335e-06,-2.581e-05,,,4944453028.5339,5.011778423303553,147695285561.0,2946963594285.27,63.3869,cmc
2025-04-28,93697.0,95578.8,92700.0,94969.0,194420.716,18333704018.2604,52484.007,-1.734e-05,-5.202e-05,,,4984353660.783,5.025532540462166,147890535534.0,2942783363619.4,63.3704,cmc
2025-04-29,94969.0,95426.4,93678.7,94200.1,147831.794,14010734428.5148,52042.151,3.15e-06,9.45e-06,,,4902375828.4151,4.9827349550044415,148611733563.0,2982533385881.6,63.3908,cmc
2025-04-30,94200.1,95186.5,92848.1,94125.1,170929.31,16099511642.4903,52316.208,-2.013e-05,-6.039e-05,,,4924268309.6208,5.0676618726891105,148905522663.0,2938347632573.69,63.7011,cmc
2025-05-01,94125.2,97388.0,94086.7,96423.3,184526.755,17724494702.1216,50930.872,4.153333333333333e-06,1.246e-05,,,4910922750.1176,4.957342575992996,149333119679.0,3012362316902.97,63.6949,cmc
2025-05-02,96423.2,97865.4,96283.1,96831.2,139197.526,13503167893.5523,53786.184,-0.00010101,-0.00030303,,,5208180740.1407995,4.938732999138896,149440079658.0,3025878898171.98,63.8629,cmc
2025-05-03,96831.2,96868.4,95700.0,95803.3,71420.629,6871382895.5311,49191.609,-1.4126666666666666e-05,-4.238e-05,,,4712718474.5097,5.019194513533048,149711823199.0,2982785839348.09,63.9782,cmc
2025-05-04,95803.3,96266.6,94116.4,94230.2,94260.877,8988011491.011,48495.922,2.448e-05,7.344e-05,,,4569780429.2444,5.061458490413032,149981823181.0,2963213537463.21,63.9401,cmc
2025-05-05,94230.2,95165.1,93445.1,94696.7,154902.375,14600852881.6568,48654.86,-3.383333333333334e-06,-1.0150000000000004e-05,,,4607454680.962,5.098473934011775,149987023181.0,2941802294612.92,63.759,cmc
2025-05-06,94696.7,96879.5,93327.0,96798.9,173683.066,16444015298.9578,48035.632,2.391666666666667e-05,7.175000000000001e-05,,,4649796338.404799,5.112266951470169,149826223167.0,2930719866338.62,64.1388,cmc
2025-05-07,96798.9,97700.0,95718.5,96988.4,185267.142,17927424779.6889,47854.144,8.376666666666667e-06,2.513e-05,,,4641296859.9296,5.042653809949368,150106836051.0,2976742836377.8,64.4444,cmc
2025-05-08,96988.4,104305.3,96831.5,103228.1,317422.469,31823810370.5613,48197.064,4.2180000000000006e-05,0.00012654,,,4975291342.2984,4.77309341356639,150181948939.0,3146428027411.81,63.8251,cmc
2025-05-09,103228.0,104373.0,102240.0,102941.9,172883.922,17811570329.7221,46107.808,8.126e-05,0.00024378,,,4746425360.3552,4.609963494408462,150350804952.0,3261431573902.14,62.8058,cmc
2025-05-10,102941.9,105000.1,102784.0,104788.8,104384.537,10820371034.8627,46407.29,7.971333333333333e-05,0.00023914,,,4862964230.352,4.534254540542535,150393604947.0,3316831986432.88,61.9485,cmc
2025-05-11,104788.8,104950.0,103283.3,104072.7,139136.421,14486322662.4281,46522.039,8.05e-05,0.0002415,,,4841674208.235299,4.534217309686565,150514671503.0,3319529286376.54,62.2304,cmc
2025-05-12,104072.7,105863.1,100678.0,102739.3,256542.699,26551603069.1406,49290.059,5.585e-05,0.00016755,,,5064026158.6187,4.53874058508017,150615671502.0,3318446354856.82,61.5385,cmc
2025-05-13,102739.3,104949.2,101400.0,104082.0,162368.328,16783134050.1225,48671.546,8.034333333333333e-05,0.00024103,,,5065831850.772,4.480253918384265,150663236041.0,3362828062551.74,61.476,cmc
2025-05-14,104082.0,104319.0,102536.0,103458.1,126264.097,13068576865.3795,49309.277,6.879333333333332e-05,0.0002063799999999,,,5101444110.7937,4.534674426383634,150926534831.0,3328277195665.46,61.5497,cmc
2025-05-15,103458.1,104162.8,101270.8,103714.5,176344.106,18109801387.1545,49385.606,3.251e-05,9.753e-05,,,5122003433.4869995,4.5288954880137675,151333639504.0,3341513176988.11,61.8851,cmc
2025-05-16,103714.2,104524.2,103062.3,103412.2,115513.049,11990203384.412,47639.047,5.6023333333333336e-05,0.00016807,,,4926458656.1734,4.565890127728682,151745623801.0,3323462009728.35,62.1736,cmc
2025-05-17,103412.2,103658.0,102541.6,103079.6,90372.669,9316018419.6171,49832.336,2.2526666666666666e-05,6.758e-05,,,5136697261.9456005,4.6376929760274965,151802073801.0,3273223876303.88,62.6668,cmc
2025-05-18,103079.5,106629.8,103052.2,106407.6,173224.284,18124062039.3125,48607.582,7.548333333333333e-05,0.00022645,,,5172216142.423201,4.534177310448563,151901465555.0,3350143921477.4,62.5663,cmc
2025-05-19,106407.5,107114.3,102038.8,105531.6,257825.604,26840364600.388,50776.896,4.713333333333333e-05,0.0001414,,,5358567077.9136,4.573699268409888,152051465524.0,3324474492107.63,62.9392,cmc
2025-05-20,105531.5,107292.5,104115.2,106800.1,226187.246,23924084086.0768,52759.746,5.583666666666667e-05,0.00016751,,,5634746148.7746,4.559328045729627,152286729390.0,3340113452302.15,63.1828,cmc
2025-05-21,106800.0,110830.0,106037.9,109609.5,413589.854,44576303267.8202,53541.926,7.011e-05,0.00021033,,,5868703737.897,4.538850632112567,152473429748.0,3359296044448.87,63.1258,cmc
2025-05-22,109609.6,111959.5,109153.4,111662.7,246067.033,27295716075.3018,53811.372,0.0001,0.0003,,,6008723088.2244005,4.341956449727281,152809591181.0,3519371807393.37,63.0715,cmc
2025-05-23,111662.6,111770.4,106721.9,107271.5,279480.347,30543709259.4438,54988.235,8.398666666666666e-05,0.0002519599999999,,,5898670450.8025,4.442135046505257,153131132875.0,3447241726598.84,63.029,cmc
2025-05-24,107271.6,109440.2,106836.0,107698.9,165158.758,17895241893.0697,55525.849,5.317e-05,0.00015951,,,5980072858.8661,4.471841790124443,153333908216.0,3428875962352.26,63.1732,cmc
2025-05-25,107699.0,109285.1,106497.0,108955.9,159465.803,17159184232.0091,56337.625,6.186e-05,0.00018558,,,6138316635.737499,4.55424123932845,153364622848.0,3367512057192.09,63.2996,cmc
2025-05-26,108956.0,110400.0,108616.6,109386.8,146992.22,16103265896.3352,57638.838,9.037666666666669e-05,0.00027113,,,6304928044.538401,4.484043755366532,153364622847.0,3420230292433.08,63.4585,cmc
2025-05-27,109386.8,110700.0,107438.0,108889.3,223599.905,24452829099.8677,58095.671,5.797333333333333e-05,0.00017392,,,6325996948.220301,4.405559267056252,153336099489.0,3480513827963.04,63.0018,cmc
2025-05-28,108889.2,109252.6,106723.9,107723.1,158417.759,17119395349.8769,58380.194,3.597333333333333e-05,0.00010792,,,6288895476.281401,4.524565254677684,153545087010.0,3393587634773.5,62.9133,cmc
2025-05-29,107723.1,108860.0,105054.2,105539.9,213101.255,22850297579.7762,61794.002,4.792333333333333e-05,0.00014377,,,6521732791.6798,4.561598851284388,153590783310.0,3367038363462.28,62.6773,cmc
2025-05-30,105539.9,106266.0,103555.0,103950.0,219701.302,23083176001.5792,61622.49,4.621e-05,0.00013863,,,6405657835.5,4.694009714850934,153692315960.0,3274222366301.19,63.1955,cmc
2025-05-31,103949.9,104859.3,103032.1,104544.7,103607.84,10771231013.7278,56935.074,6.915e-05,0.00020745,,,5952260230.8078,4.691003916316041,153658825957.0,3275606430908.12,63.4116,cmc
2025-06-01,104544.6,105823.6,103704.1,105583.3,97420.24,10189734693.2765,57698.55,1.9566666666666667e-05,5.87e-05,,,6092003314.215,4.673938960423624,153723758271.0,3288955195449.69,63.5161,cmc
2025-06-02,105583.3,105900.0,103600.6,105814.3,158252.918,16568774033.5745,57864.569,3.139333333333333e-05,9.418e-05,,,6122898863.5367,4.704715050785847,153763502089.0,3268285123098.29,63.3799,cmc
2025-06-03,105814.4,106775.0,104822.4,105330.1,139216.007,14728115908.7851,56502.498,5.1756666666666665e-05,0.00015527,,,5951413764.5898,4.614720104271352,153918365325.0,3335378134473.08,63.1343,cmc
2025-06-04,105330.1,105967.2,104111.7,104641.8,118534.125,12459563151.8403,57204.002,1.1873333333333334e-05,3.562e-05,,,5985929736.483601,4.659382825421035,154288119435.0,3311342407694.48,63.132,cmc
2025-06-05,104641.8,105878.3,100305.1,101458.6,246238.674,25426533952.9847,55850.145,2.7003333333333333e-05,8.101e-05,,,5666477521.497,4.756020562716963,154488400144.0,3248270231526.2,63.2492,cmc
2025-06-06,101458.7,105283.0,101003.4,104240.0,174300.906,18075103218.6038,58596.761,-3.172e-05,-9.516e-05,,,6108126366.639999,4.743936133268646,154606717162.0,3259038756398.13,63.8123,cmc
2025-06-07,104240.1,105878.3,103800.1,105507.5,79833.173,8393331490.526,58287.582,-1.918e-05,-5.7539999999999995e-05,,,6149777057.865,4.7162326256763825,155115000492.0,3288959913629.24,63.7739,cmc
2025-06-08,105507.5,106482.6,104927.4,105676.5,75105.104,7939013396.4349,56629.683,2.2730000000000004e-05,6.819000000000001e-05,,,5984426695.5494995,4.681313177021706,155407500492.0,3319741589920.11,63.6615,cmc
2025-06-09,105676.5,110653.6,105253.2,110227.9,192956.409,20800388814.9273,56318.356,1.639e-05,4.9170000000000005e-05,,,6207854113.332399,4.606466920165793,155407500531.0,3373681027658.54,63.8361,cmc
2025-06-10,110228.0,110367.2,108282.0,110235.4,152216.974,16647654303.5421,57562.531,8.179666666666667e-05,0.00024539,,,6345428629.7973995,4.568401914926117,156015285591.0,3415095442484.14,63.283,cmc
2025-06-11,110235.4,110350.0,108001.2,108600.0,134422.321,14691641846.5674,55324.044,7.402666666666667e-05,0.00022208,,,6008191178.400001,4.5015198306647415,155670088658.0,3458167341562.33,62.8736,cmc
2025-06-12,108600.1,108782.1,105602.0,105609.5,185790.19,19916220925.2797,56766.273,3.4336666666666666e-05,0.00010301,,,5995057708.3935,4.5864280447902,156031051481.0,3402016775521.82,63.2772,cmc
2025-06-13,105609.4,106141.1,102614.0,106027.3,245935.413,25704797377.6442,53689.06,5.953333333333333e-06,1.786e-05,,,5692506071.338,4.764256452480436,156034350481.0,3275103933579.46,63.8844,cmc
2025-06-14,106027.3,106173.6,104225.4,105359.9,79911.57,8391666383.1509,51680.936,2.317e-05,6.951e-05,,,5445098248.8664,4.808241597551171,156311510783.0,3250908000600.66,63.9494,cmc
2025-06-15,105359.8,106099.4,104399.9,105534.6,78819.399,8299752647.8676,52441.067,1.722333333333333e-05,5.167e-05,,,5534347029.4182005,4.75020057180962,156288710782.0,3290149719350.92,63.8778,cmc
2025-06-16,105534.7,108900.0,104920.0,106750.1,166813.219,17887208567.0373,51982.752,2.933e-05,8.799e-05,,,5549163974.2752,4.639214334701507,156262534400.0,3368297369473.75,63.6631,cmc
2025-06-17,106750.1,107727.4,103300.0,104508.0,226051.863,23808393905.4278,54426.135,3.278e-05,9.834e-05,,,5687966516.58,4.841870510235319,156350343711.0,3229131043064.62,63.962,cmc
2025-06-18,104508.0,105500.0,103426.1,104832.8,172706.399,18052952724.8775,54322.647,2.8783333333333333e-05,8.635e-05,,,5694795188.4216,4.8387346102802935,156397425951.0,3232196814818.5,64.0887,cmc
2025-06-19,104832.8,105185.7,103870.3,104607.1,87710.605,9170655647.4608,53629.382,1.2856666666666668e-05,3.8570000000000005e-05,,,5610014125.812201,4.8146145630216965,156493925950.0,3250393648370.95,64.0706,cmc
2025-06-20,104607.1,106486.2,102255.3,103246.1,199102.135,20795551830.7014,54180.674,4.609000000000001e-05,0.00013827,,,5593943285.8714,4.929965869903817,156674248726.0,3177998648681.45,64.3607,cmc
2025-06-21,103246.1,103940.6,100789.9,102079.8,120771.35,12390156115.4865,55549.157,4.45e-05,0.0001335,,,5670446836.7286005,4.920805603638322,156688688065.0,3184208048152.69,64.4992,cmc
2025-06-22,102079.8,103362.6,98115.4,100904.7,293562.636,29530840749.9246,56245.374,5.676e-05,0.00017028,,,5675422589.8578005,5.132545032065395,156600188057.0,3051121560135.29,64.9149,cmc
2025-06-23,100904.7,106050.0,99547.6,105290.9,297222.041,30424122122.1681,53779.962,3.3966666666666675e-06,1.0190000000000002e-05,,,5662540600.9458,4.992532382044629,156750556577.0,3139700348078.76,64.8403,cmc
2025-06-24,105291.0,106239.0,104570.8,106034.9,144449.887,15211187542.8234,50598.195,9.7e-06,2.91e-05,,,5365174547.0055,4.763613040644681,155908804295.0,3272910770978.58,64.4456,cmc
2025-06-25,106034.9,108095.7,105755.6,107280.0,159277.823,17055576325.5144,52494.332,1.7833333333333338e-06,5.350000000000001e-06,,,5631591936.96,4.7969734305336225,157394434423.0,3281119578881.87,64.8678,cmc
2025-06-26,107280.1,108249.9,106500.0,106913.7,114433.386,12286992617.7236,53877.283,1.542666666666667e-05,4.628e-05,,,5760219671.4771,4.816672256903124,157917318269.0,3278556435777.36,65.0842,cmc
2025-06-27,106913.8,107686.0,106313.1,107010.7,118637.45,12685404247.2056,53981.751,2.1110000000000003e-05,6.333e-05,,,5776624961.7357,4.8439779850448375,158266828122.0,3267290409052.82,65.0542,cmc
2025-06-28,107010.6,107538.0,106767.0,107241.0,35670.419,3824571878.0348,52599.792,3.108666666666667e-05,9.326e-05,,,5640854293.872,4.798928462200326,158303889518.0,3298734097932.71,64.7693,cmc
2025-06-29,107240.9,108499.0,107112.6,108309.8,79448.325,8563401844.1215,52668.475,5.5366666666666666e-05,0.0001661,,,5704511993.555,4.8038270849765885,158444090587.0,3298288797332.35,64.7376,cmc
2025-06-30,108309.8,108783.9,106686.4,107087.4,114681.386,12341253790.3646,52903.863,2.988666666666667e-05,8.966e-05,,,5665337138.6262,4.768388996661331,158520790585.0,3324409789050.16,64.4871,cmc
2025-07-01,107087.3,107499.9,105182.6,105637.9,120434.401,12798966761.0981,51846.875,2.1653333333333335e-05,6.496e-05,,,5476994996.5625,4.857207040139984,158754090584.0,3268423381421.78,64.6523,cmc
2025-07-02,105637.9,109690.4,105010.0,108800.0,177567.261,19179636772.5586,52065.676,3.113333333333333e-05,9.34e-05,,,5664745548.8,4.715896999652118,158695019985.0,3365107846857.27,64.5277,cmc
2025-07-03,108800.0,110484.0,108480.6,109545.2,141487.997,15492329480.4931,57920.019,4.487e-05,0.00013461,,,6344860065.3588,4.71133042319054,159155198929.0,3378137057540.94,64.5094,cmc
2025-07-04,109545.1,109732.3,107200.0,107935.4,132305.847,14316422935.2606,57943.419,4.0119999999999995e-05,0.0001203599999999,,,6254146107.1326,4.8030390896130335,159305664246.0,3316768014453.84,64.7021,cmc
2025-07-05,107935.3,108368.1,107688.3,108153.4,36660.948,3960654262.1664,56800.513,2.7086666666666663e-05,8.125999999999999e-05,,,6143168602.6942,4.802095280893091,159478756035.0,3321024400943.17,64.7297,cmc
2025-07-06,108153.4,109684.7,107743.4,109145.8,72388.603,7864421489.3231,56600.424,1.5446666666666666e-05,4.634e-05,,,6177698557.8192005,4.745902381767204,159478756029.0,3360346319841.83,64.4933,cmc
2025-07-07,109145.8,109667.3,107456.0,108203.9,106397.578,11536683412.6303,56966.367,3.356333333333334e-05,0.00010069,,,6163983078.231299,4.779269314609762,159463829126.0,3336573409632.61,64.3734,cmc
2025-07-08,108203.9,109180.0,107400.0,108873.1,95156.027,10320330229.2738,55601.491,3.079e-05,9.237e-05,,,6053506689.792101,4.73814623280181,159520682149.0,3366731930826.68,64.2764,cmc
2025-07-09,108873.2,112036.8,108273.5,111199.9,167834.731,18458201635.8988,53853.535,3.5806666666666664e-05,0.00010742,,,5988507706.6465,4.700784343963785,159455682148.0,3392108007523.36,64.013,cmc
2025-07-10,111199.8,117500.0,110432.2,115979.2,225570.213,25573716456.3733,55877.163,6.810333333333333e-05,0.00020431,,,6480588663.0096,4.51977333626901,159695616477.0,3533266042248.61,63.9993,cmc
2025-07-11,115979.2,118882.8,115186.7,117500.0,199819.357,23468288934.0047,53401.255,0.0001,0.0003,,,6274647462.5,4.352453167414079,159994836080.0,3675969158676.96,63.5122,cmc
2025-07-12,117500.0,118176.9,116862.4,117389.3,63722.472,7488784312.8489,55777.795,0.0001,0.0003,,,6547716310.5935,4.3791187412044446,160150055260.0,3657129772552.18,63.9132,cmc
2025-07-13,117389.4,119655.0,117164.3,119038.3,90052.381,10670541370.9112,55661.638,0.0001,0.0003,,,6625866762.7354,4.3168492768862405,160394357834.0,3715542228745.43,63.6029,cmc
2025-07-14,119038.3,123300.0,118862.6,119816.5,221556.12,26804448428.8877,57926.741,9.350333333333332e-05,0.00028051,,,6940579363.0265,4.279418409643512,160394357833.0,3748041029864.18,63.6483,cmc
2025-07-15,119816.5,119919.4,115678.1,117738.5,269977.446,31656599892.9497,58664.598,0.0001,0.0003,,,6907081771.623,4.332035095361239,160545757830.0,3706012400543.87,63.0059,cmc
2025-07-16,117738.6,120100.0,117017.1,118590.7,159165.948,18903224038.5254,62376.563,0.0001,0.0003,,,7397280269.7641,4.230101288922343,160669087149.0,3798232623170.4,62.5222,cmc
2025-07-17,118590.7,120951.5,117412.8,119176.6,164274.401,19529125659.9034,57817.07,0.0001,0.0003,,,6890441824.562,4.24422669304847,162039387242.0,3817877765751.79,61.8525,cmc
2025-07-18,119176.5,120846.1,116788.9,117896.4,162246.906,19250655213.5986,59257.864,0.0001,0.0003,,,6986288837.289599,4.1838863604829335,161470084202.0,3859332455276.39,60.6907,cmc
2025-07-19,117896.5,118456.0,117245.9,117814.4,52531.193,6197160791.5471,58134.172,0.0001,0.0003,,,6849042593.6768,4.214298352713922,161983579210.0,3843666623785.33,60.9906,cmc
2025-07-20,117814.3,118856.6,116370.1,117216.0,82380.582,9710161747.2649,58717.94,0.0001,0.0003,,,6882682055.04,4.148743384627227,162359770647.0,3913468623984.04,60.1072,cmc
2025-07-21,117216.1,119720.6,116454.1,117330.2,141885.848,16757943321.4359,59659.036,0.0001,0.0003,,,6999806625.6872,4.148617191674464,162531584793.0,3917729144042.79,59.6529,cmc
2025-07-22,117330.2,120300.1,115865.0,119993.7,186832.45,22133221784.4276,59240.711,0.0001,0.0003,,,7108512103.5207,4.132972115428802,162855465485.0,3940395941144.73,60.1838,cmc
2025-07-23,119993.7,120146.5,117250.0,118713.5,136986.897,16199890830.6418,56682.532,0.0001,0.0003,,,6728981762.582,4.236930623909447,163023658144.0,3847682971820.22,60.9557,cmc
2025-07-24,118713.4,119469.9,117050.2,118294.3,137377.613,16275419265.9469,55751.764,0.0001,0.0003,,,6595115896.145201,4.184427862462966,163208856646.0,3900386432995.76,60.837,cmc
2025-07-25,118294.4,118410.8,114667.3,117583.5,260386.754,30217394710.2149,54918.449,0.0001,0.0003,,,6457503447.9915,4.310303261686083,163910480196.0,3802759811658.41,60.8109,cmc
2025-07-26,117583.4,118300.0,117114.2,117889.2,57218.604,6739341628.4194,64922.068,0.0001,0.0003,,,7653610658.8656,4.227388718512261,163908480684.0,3877298531034.64,60.5817,cmc
2025-07-27,117889.3,119766.0,117800.8,119423.4,75978.959,9021870261.9343,61720.288,0.0001,0.0003,,,7370846641.939199,4.188456689242202,164437379973.0,3925965866982.64,60.386,cmc
2025-07-28,119423.5,119812.0,117388.0,118041.4,106712.329,12646588023.95,61858.075,0.0001,0.0003,,,7301813774.304999,4.231665880421624,164437379970.0,3885878153348.35,60.3454,cmc
2025-07-29,118041.5,119258.7,116923.0,117897.0,115263.463,13605158270.3445,58114.69,0.0001,0.0003,,,6851547606.93,4.253598676218362,164259732060.0,3861665017397.32,60.6647,cmc
2025-07-30,117897.1,118763.5,115700.0,117771.0,124917.857,14671863277.403,57979.915,0.0001,0.0003,,,6828352569.465,4.256963344946585,164371766732.0,3861244587109.84,60.724,cmc
2025-07-31,117771.1,118910.0,115373.9,115697.3,135037.467,15883505625.6346,60848.75,8.564666666666667e-05,0.00025694,,,7040036083.375,4.262895320359872,164580462391.0,3860767155246.64,60.8539,cmc
2025-08-01,115697.3,116000.0,112660.0,113244.8,221282.099,25374879723.7736,60128.3,1.9406666666666665e-05,5.8219999999999995e-05,,,6809217307.84,4.418154830806374,164686013950.0,3727483989508.41,61.1634,cmc
2025-08-02,113244.8,114000.0,111910.0,112508.8,102459.448,11582327925.5756,66088.16099999,3.380333333333333e-05,0.0001014099999999,,,7435499688.315675,4.506296866387028,164764742593.0,3656322419013.24,61.5521,cmc
2025-08-03,112508.8,114730.0,111850.0,114150.8,63183.869,7180260356.7661,65375.25,5.89e-05,0.0001767,,,7462637087.7,4.459894162315783,164758535749.0,3694225238373.14,61.4079,cmc
2025-08-04,114150.9,115686.0,114053.8,115002.1,83328.591,9566449201.0507,62321.327,4.606333333333334e-05,0.00013819,,,7167083479.7867,4.366899096480654,164734535747.0,3772345824975.94,60.8055,cmc
2025-08-05,115002.1,115073.3,112582.4,114069.6,119316.428,13578532103.2508,59419.062,6.824666666666668e-05,0.00020474,,,6777908634.7152,4.446814155790238,164723091665.0,3704294488010.31,60.908,cmc
2025-08-06,114069.6,115674.2,113304.5,114941.0,98598.67,11289146520.5982,61045.666,7.578333333333334e-05,0.00022735,,,7016649895.705999,4.374304855651616,164748993280.0,3766289701257.19,61.0174,cmc
2025-08-07,114941.0,117580.0,114211.4,117419.9,134409.055,15603976236.9276,60512.35,6.230666666666666e-05,0.0001869199999999,,,7105354085.764999,4.308075438225652,164521910565.0,3818918979579.45,60.6781,cmc
2025-08-08,117419.9,117591.8,115850.0,116628.2,89828.611,10476168967.7768,63685.553,4.035e-05,0.0001210499999999,,,7427531412.3946,4.251019401118072,165186565785.0,3885810677353.15,59.7024,cmc
2025-08-09,116628.2,117906.7,116304.0,116422.1,77924.534,9109077804.5382,63048.165,7.691000000000001e-05,0.00023073,,,7340199770.446501,4.195485555653192,165053491593.0,3934073646627.13,59.0588,cmc
2025-08-10,116422.1,119291.9,116413.2,119255.3,130331.779,15402998283.6403,64185.862,9.949666666666668e-05,0.00029849,,,7654504228.568601,4.173524421727978,165260481580.0,3959734384675.69,59.582,cmc
2025-08-11,119255.3,122450.0,118050.0,118641.9,217088.254,26140833129.3272,60086.025,0.0001,0.0003,,,7128720169.4475,4.125628187138343,164561420921.0,3988760340401.51,59.7599,cmc
2025-08-12,118641.8,120270.0,118154.3,120081.0,125708.555,14984075258.1463,59948.728,8.843666666666666e-05,0.00026531,,,7198703206.968,4.096644197739532,164867620918.0,4024455455735.49,59.0895,cmc
2025-08-13,120080.9,123715.9,118829.0,123323.9,188073.873,22796282824.2241,63743.595,9.041e-05,0.00027123,,,7861108735.4205,3.9909252656831176,164578283964.0,4123812725313.7,58.6986,cmc
2025-08-14,123323.9,124545.6,117004.0,118242.2,259801.57,31188419054.0993,66704.846,0.0001,0.0003,,,7887327741.7012,4.137934985280866,165087257083.0,3989604903659.32,58.7728,cmc
2025-08-15,118242.2,119184.0,116736.3,117279.2,120542.357,14214818128.9724,63276.752,4.5503333333333335e-05,0.00013651,,,7421046853.1584,4.186116814319546,166150657095.0,3969087927184.56,59.0842,cmc
2025-08-16,117279.1,117857.1,117089.7,117329.7,46674.42,5485340879.1925,64373.317,8.713666666666667e-05,0.00026141,,,7552901971.614901,4.189355807106217,166328383729.0,3970261572122.01,59.0471,cmc
2025-08-17,117329.8,118558.0,117121.6,117353.8,54386.804,6411151083.0242,64093.011,4.916e-05,0.00014748,,,7521558394.2918,4.145316539443341,166328383729.0,4012441080104.72,58.5298,cmc
2025-08-18,117353.9,117499.4,114605.0,116183.6,147219.779,17039158070.2288,63028.895,2.4866666666666667e-05,7.46e-05,,,7322923925.122,4.235248061743093,167006860890.0,3943260429030.58,58.8865,cmc
2025-08-19,116183.6,116687.7,112666.6,112824.2,141024.287,16131720046.5887,63811.978,5.522e-05,0.0001656599999999,,,7199535368.2676,4.369499275482865,167167996960.0,3825792989553.17,59.055,cmc
2025-08-20,112824.1,114569.0,112301.8,114220.5,130522.37,14819274146.3868,64140.39,3.614333333333333e-05,0.0001084299999999,,,7326147415.995,4.317350034209126,167271227574.0,3874395780944.4,58.6879,cmc
2025-08-21,114220.5,114777.0,111944.0,112462.2,96406.356,10907840294.1414,62324.391,5.438000000000001e-05,0.00016314,,,7009138125.5202,4.383772471064031,167271227574.0,3815691363502.72,58.6424,cmc
2025-08-22,112462.2,117397.4,111625.9,116897.5,199447.977,22883791440.7028,64536.823,7.721e-05,0.00023163,,,7544193266.6425,4.145048978799511,166921867399.0,4027017973798.32,57.6862,cmc
2025-08-23,116897.5,116988.0,114510.0,115377.1,78419.415,9054235281.6278,60834.396,9.903666666666667e-05,0.00029711,,,7018896190.731601,4.190396925836199,166921867399.0,3983438093175.16,57.5113,cmc
2025-08-24,115377.1,115640.0,110484.0,113446.3,133388.002,15148067971.3495,65188.703,0.0001,0.0003,,,7395417157.1489,4.181636469666372,167101537709.0,3996079977806.68,57.0427,cmc
2025-08-25,113446.2,113621.3,109219.8,110064.0,204839.785,22818722034.3374,66411.94899999,9.448000000000002e-05,0.00028344,,,7309564754.734899,4.31422228032684,167221537708.0,3876052897657.64,57.7694,cmc
2025-08-26,110064.1,112330.0,108559.7,111709.9,145041.438,15983443440.8915,67437.85099999,6.140666666666667e-05,0.00018422,,,7533475591.423782,4.392261609867918,167238333460.0,3807567679581.57,57.3339,cmc
2025-08-27,111710.0,112568.5,110306.9,111194.9,114205.122,12739237648.6494,66694.944,3.600333333333333e-05,0.0001080099999999,,,7416137628.5856,4.284015964411835,167217333459.0,3903284554682.04,57.298,cmc
2025-08-28,111194.9,113429.0,110811.0,112507.3,97630.277,10988621821.8074,65430.92,7.500666666666666e-05,0.0002250199999999,,,7361456145.716,4.303553014926244,167383925958.0,3889435668096.88,57.6557,cmc
2025-08-29,112507.3,112585.7,107411.4,108332.4,179725.172,19688668760.0572,65431.52,3.587e-05,0.00010761,,,7088353597.247999,4.483828373736529,168429502725.0,3756377110942.85,57.4784,cmc
2025-08-30,108332.4,108879.6,107281.0,108757.9,60656.883,6572709736.3117,72713.376,7.848000000000001e-05,0.00023544,,,7908154075.6704,4.447573093162717,167600371918.0,3768355649413.68,57.4506,cmc
2025-08-31,108758.0,109439.9,108021.0,108208.4,70149.546,7626942442.611,71087.826,4.5056666666666665e-05,0.00013517,,,7692299910.938399,4.427029396641772,168005950273.0,3795004171430.28,57.1746,cmc
2025-09-01,108208.4,109874.8,107211.5,109187.9,150280.626,16311045147.8882,69811.213,6.541e-05,0.0001962299999999,,,7622539743.9227,4.473203439615753,167960422397.0,3754812958192.39,57.7349,cmc
2025-09-02,109187.9,111742.1,108333.0,111188.0,175961.356,19401297224.9434,68720.586,7.369e-05,0.00022107,,,7640904516.167999,4.409390466493443,167981863668.0,3809639108726.68,57.9575,cmc
2025-09-03,111187.9,112541.2,110486.9,111659.8,105504.421,11770759661.8071,71963.384,2.746e-05,8.238000000000001e-05,,,8035417064.763201,4.302037595674425,166871763653.0,3878900635847.18,57.6669,cmc
2025-09-04,111659.7,112136.8,109269.1,110679.4,122300.369,13516026898.7113,71713.861,4.7113333333333335e-05,0.00014134,,,7937247107.1634,4.447451383094144,168285427737.0,3783862109807.3,57.7474,cmc
2025-09-05,110679.5,113344.3,110153.3,110614.9,193375.404,21608268964.6591,70115.78999999,8.468000000000001e-05,0.00025404,,,7755851099.269893,4.4969474056457654,170586184029.0,3793377343369.3,57.9031,cmc
2025-09-06,110614.8,111256.2,109850.0,110135.3,46282.516,5113475710.4939,70401.288,4.022333333333333e-05,0.00012067,,,7753666974.2664,4.455572300203809,168825084008.0,3789077421104.3,57.8519,cmc
2025-09-07,110135.2,111559.5,110120.5,111076.0,53840.584,5973071292.8472,69239.772,4.183333333333334e-05,0.0001255,,,7690876914.672,4.411818148145,168825084007.0,3826655549662.32,57.8294,cmc
2025-09-08,111075.5,112867.6,110566.5,112012.6,99117.859,11088708293.0036,69918.894,7.799e-05,0.00023397,,,7831797106.064401,4.345695765182468,168825084004.0,3884880422523.35,57.5678,cmc
2025-09-09,112012.7,113238.0,110714.9,111499.9,137275.133,15364017571.6421,69218.318,7.933e-05,0.00023799,,,7717835535.1682,4.3821119406345845,168877363164.0,3853789347506.82,57.4008,cmc
2025-09-10,111499.9,114287.9,110855.8,113896.8,151901.539,17159405921.2062,71770.33199999,6.943666666666667e-05,0.00020831,,,8174411149.736461,4.295691149976996,169048563162.0,3935305338767.32,57.5079,cmc
2025-09-11,113896.8,115439.0,113340.7,115427.0,113066.078,12912039322.4644,72914.524,4.484e-05,0.00013452,,,8416304761.748,4.26746459140472,169411163153.0,3969831723834.76,57.4907,cmc
2025-09-12,115427.0,116605.7,114681.5,115978.4,119013.718,13753804629.9552,72519.698,5.598666666666667e-05,0.00016796,,,8410718542.5232,4.190536210789949,169513361626.0,4045147281856.93,57.0721,cmc
2025-09-13,115978.4,116245.4,115032.0,115862.7,52529.59,6078193412.4006,72212.37699999,1.278e-05,3.834e-05,,,8366720972.636741,4.198168463591901,170102454965.0,4051825371949.52,56.8211,cmc
2025-09-14,115862.7,116118.6,115057.0,115210.0,55087.99,6368498171.5133,70222.546,5.359e-05,0.00016077,,,8090339524.66,4.20977209019681,170364871683.0,4046890616233.7,56.9314,cmc
2025-09-15,115210.0,116759.9,114338.5,115300.6,117911.279,13585379833.8268,69010.589,7.551666666666667e-05,0.00022655,,,7956962318.053401,4.2687351488331045,170178989121.0,3986637333719.8,57.4292,cmc
2025-09-16,115300.5,116910.8,114600.0,116747.3,99446.184,11513690825.0447,68223.20299999,4.82e-05,0.0001446,,,7964874747.600733,4.224377612618604,170624947838.0,4039055299609.76,57.4698,cmc
2025-09-17,116747.3,117266.4,114623.3,116402.5,158125.07,18348171466.3525,69257.55899999,7.238666666666666e-05,0.00021716,,,8061753011.496336,4.234801999932705,170903775343.0,4035696954561.65,57.3486,cmc
2025-09-18,116402.6,117875.2,116033.5,117017.1,107215.717,12568414009.019,67944.34299999,6.025666666666666e-05,0.00018077,,,7950649979.26413,4.160348591456063,171220679162.0,4115536845004.5,56.9013,cmc
2025-09-19,117017.1,117406.8,115049.9,115569.5,88151.649,10241717036.8935,70920.849,2.3806666666666663e-05,7.141999999999999e-05,,,8196287058.5055,4.25492835513185,171395619409.0,4028166989046.49,57.2317,cmc
2025-09-20,115569.6,116059.2,115343.0,115624.9,32355.678,3744545955.4796,70605.579,9.08e-06,2.724e-05,,,8163763011.3171,4.253149292422924,172019220193.0,4044514038090.69,57.111,cmc
2025-09-21,115625.0,115778.0,115137.6,115183.9,32793.431,3786613657.9565,71055.882,3.2766666666666652e-06,9.829999999999996e-06,,,8184493606.6998,4.279257598635657,172279220193.0,4025913753075.47,57.1376,cmc
2025-09-22,115183.9,115344.6,111469.2,112604.7,159461.568,18039188972.427,68647.647,4.415333333333333e-05,0.00013246,,,7730047696.1409,4.429905024447466,171971462933.0,3882057560691.15,57.7651,cmc
2025-09-23,112604.7,113254.8,111405.1,111947.0,102258.264,11494032424.4655,66382.564,7.207666666666666e-05,0.0002162299999999,,,7431328892.108,4.458989969181606,172687580334.0,3872795891615.22,57.6678,cmc
2025-09-24,111947.0,113895.8,110935.0,113254.0,105314.096,11879548716.1957,67132.068,5.649e-05,0.00016947,,,7602975229.272,4.405544933025646,173008506231.0,3927062573668.52,57.807,cmc
2025-09-25,113253.9,113462.1,108574.1,108934.5,178663.741,19825920968.7404,66485.49,3.69e-05,0.0001107,,,7242563610.405001,4.637596677616978,173336087144.0,3737627465117.74,58.3356,cmc
2025-09-26,108934.6,110250.0,108566.0,109588.5,112277.659,12272701459.1791,66242.229,5.073e-05,0.00015219,,,7259386512.7665,4.577920557892611,173404033837.0,3787834053564.8,57.8645,cmc
2025-09-27,109588.5,109700.0,109021.9,109577.3,35871.924,3923401762.5556,65800.248,3.745333333333333e-05,0.0001123599999999,,,7210213515.170401,4.618891428816911,174168318428.0,3770781823131.35,57.8062,cmc
2025-09-28,109577.2,112300.0,109136.5,112119.6,77247.963,8521046102.0886,64749.884,4.517e-05,0.0001355099999999,,,7259731094.1264,4.58163358575708,174376743851.0,3805994970725.83,57.7896,cmc
2025-09-29,112119.7,114377.2,111501.0,114257.1,125405.709,14160916303.2403,64663.82,1.216e-05,3.648e-05,,,7388300548.122001,4.466861957332318,174335617850.0,3902865580249.9,58.2064,cmc
2025-09-30,114257.1,114800.0,112615.3,113988.8,119320.015,13560972134.9725,68707.505,3.61e-05,0.0001083,,,7831886045.944001,4.50976082531083,174592531943.0,3871436617283.72,58.3713,cmc
2025-10-01,113988.7,118631.8,113899.4,118552.4,172989.429,20130425143.6828,66833.91899999,5.6040000000000006e-05,0.00016812,,,7923321498.854414,4.35596545224902,174875230173.0,4014614718367.67,58.2088,cmc
2025-10-02,118552.0,120999.0,118226.4,120481.3,145456.938,17369682490.3087,70739.38,9.109e-05,0.00027327,,,8522772463.594001,4.263150760557463,175465763402.0,4115870473674.16,57.9312,cmc
2025-10-03,120481.3,123900.0,119200.0,122182.7,167880.262,20406510432.5745,70509.038,9.975333333333333e-05,0.00029926,,,8614984637.2426,4.195179104877961,176151363391.0,4198899712915.22,58.2195,cmc
2025-10-04,122182.6,122781.1,121432.0,122343.2,70479.21,8601963052.1653,68971.56299999,9.437333333333332e-05,0.00028312,,,8438201726.420376,4.252022822286991,176615965939.0,4153692802711.85,58.422,cmc
2025-10-05,122343.2,125877.3,122088.1,123426.7,162571.0,20109937991.3764,68407.614,9.404666666666668e-05,0.00028214,,,8443326050.8938,4.213740910930123,176994189391.0,4200405130080.27,58.403,cmc
2025-10-06,123426.7,126208.5,123018.5,124628.5,140201.329,17465215135.0039,68415.329,7.737e-05,0.00023211,,,8526499830.2765,4.120195367707765,176876946043.0,4292926190570.52,58.1299,cmc
2025-10-07,124628.6,125098.0,120516.0,121286.5,181899.347,22319390759.2149,70531.244,8.267333333333333e-05,0.00024802,,,8554487725.406001,4.258193737946928,177383766513.0,4165704461312.86,58.0982,cmc
2025-10-08,121286.6,124170.6,121005.3,123237.5,127099.786,15572092969.2554,67833.22599999,5.9793333333333336e-05,0.00017938,,,8359597189.173767,4.202798021810522,177877724056.0,4232364323312.69,58.3068,cmc
2025-10-09,123237.4,123740.1,119572.8,121579.3,163596.38,19890276384.5902,68103.754,2.716333333333333e-05,8.149e-05,,,8280006738.692201,4.340736088951833,178046224055.0,4101751878170.35,58.585,cmc
2025-10-10,121579.4,122497.0,101516.5,112714.9,391963.632,45076825982.4017,70687.486,1.8923333333333332e-05,5.677e-05,,,7967532915.7414,4.434074133747211,177415123608.0,4001176305504.56,58.7406,cmc
2025-10-11,112715.0,113300.1,109501.0,110579.1,163671.59,18268163074.1344,51320.088,6.822333333333333e-05,0.00020467,,,5674929142.960801,4.772593692060808,179046344878.0,3751552225697.38,59.5719,cmc
2025-10-12,110579.1,115730.3,109509.3,114894.4,217928.037,24571794294.0169,45444.52,-3.701666666666666e-05,-0.0001110499999999,,,5221320858.688,4.627802891648785,179864638049.0,3886609742467.19,58.7038,cmc
2025-10-13,114894.5,115912.0,113600.5,115111.9,195996.783,22509504374.6067,50353.107,-1.2426666666666666e-05,-3.727999999999999e-05,,,5796241817.6733,4.611274166822675,179989018048.0,3903238270736.32,58.5149,cmc
2025-10-14,115112.0,115360.2,109802.0,112983.8,259244.496,29101159307.8663,49954.831,-2.609e-05,-7.827e-05,,,5644086634.7378,4.695373991481397,180122114669.0,3836161187496.19,58.5606,cmc
2025-10-15,112983.9,113576.1,110096.9,110699.0,131777.09,14722103584.389,49824.913,-4.089999999999999e-06,-1.2269999999999996e-05,,,5515568044.187,4.8112352991147755,180573124485.0,3753155130829.37,58.8081,cmc
2025-10-16,110699.1,111960.0,107350.0,108129.4,193544.785,21245415629.6721,49193.254,-2.6583333333333333e-05,-7.975e-05,,,5319237039.0676,4.914790176551308,181293478152.0,3688732817465.12,58.6773,cmc
2025-10-17,108129.4,109199.8,103470.0,106378.6,242789.692,25744733284.1127,50995.046,-4.033333333333333e-06,-1.21e-05,,,5424781600.415601,5.049453980630965,181413378149.0,3592732577519.82,59.0157,cmc
2025-10-18,106378.5,107452.6,106270.0,107117.5,68509.903,7319254840.618,50159.249,-4.958666666666667e-05,-0.00014876,,,5372933354.757501,5.009105457240723,181627031669.0,3625937469662.49,58.7496,cmc
2025-10-19,107117.5,109399.9,106055.8,108586.2,113473.72,12227415542.3371,50276.924,9.626666666666664e-06,2.888e-05,,,5459380124.8488,4.918703157326269,181833031406.0,3696767737145.61,58.8859,cmc
2025-10-20,108586.2,111650.0,107377.2,110469.9,139646.949,15403876134.7218,50901.855,-9.6e-06,-2.88e-05,,,5623122831.6645,4.899815094113178,181834571467.0,3711049661556.88,59.1002,cmc
2025-10-21,110469.9,113940.0,107400.0,108253.7,241127.426,26588100130.4652,53558.706,-1.9503333333333337e-05,-5.851e-05,,,5797928091.712199,4.802936071334454,182026317119.0,3789896730156.26,59.2157,cmc
2025-10-22,108253.8,109160.0,106360.3,107532.0,180893.983,19528248919.2056,50470.408,1.3116666666666664e-05,3.9349999999999994e-05,,,5427183913.056001,5.022164097424032,182533617116.0,3634560989546.82,59.1398,cmc
2025-10-23,107532.1,111240.0,107462.9,110025.9,129640.717,14194391374.774,48589.273,5.172333333333333e-05,0.00015517,,,5346078492.1707,4.891456459558503,182467850715.0,3730337829307.17,59.2388,cmc
2025-10-24,110026.0,112086.0,109650.0,110965.4,110759.532,12266995720.6384,50488.8,2.7993333333333335e-05,8.398e-05,,,5602509887.52,4.913831250190848,182725366353.0,3718592622526.53,59.1776,cmc
2025-10-25,110965.4,111903.9,110600.5,111589.4,45269.483,5042907497.6125,51837.131,4.024666666666667e-05,0.00012074,,,5784474346.0114,4.873396542041019,183034945595.0,3755798322915.53,59.1156,cmc
2025-10-26,111589.4,115521.7,111200.0,114497.8,97335.387,11025832161.8245,52086.384,3.1140000000000003e-05,9.342e-05,,,5963776377.9552,4.7701422808992815,183030712256.0,3837007398896.59,59.0171,cmc
2025-10-27,114497.9,116380.2,113792.4,114064.1,118611.612,13655124505.5205,52192.671,9.101333333333334e-05,0.00027304,,,5953310044.211101,4.6866371850519215,183132999190.0,3907556569006.55,59.0114,cmc
2025-10-28,114064.2,116074.3,112121.4,112833.5,131088.84,14968353132.7899,53360.696,5.619e-05,0.00016857,,,6020874092.116,4.709688664761444,183191016851.0,3889662988164.4,59.2313,cmc
2025-10-29,112833.5,113593.0,109026.4,109985.6,163920.866,18302671178.4635,51468.772,2.853e-05,8.559e-05,,,5660823769.6832,4.846477338391231,183418916842.0,3784582162162.45,58.8617,cmc
2025-10-30,109985.6,111565.1,106200.0,108263.5,205753.644,22369109428.5478,53602.92,2.7026666666666667e-05,8.108e-05,,,5803239729.42,5.086866024273942,183364985897.0,3604674961400.66,59.269,cmc
2025-10-31,108263.6,111233.0,108226.6,109557.3,152063.776,16683797487.54,55307.751,6.737666666666667e-05,0.00020213,,,6059367868.632299,4.997341069561462,183363406166.0,3669219363130.06,59.3654,cmc
2025-11-01,109557.2,110557.0,109351.5,110047.2,41614.221,4579668770.1899,50495.11,9.927333333333334e-05,0.00029782,,,5556845469.192,4.938099928258792,183417069851.0,3714324791229.45,59.2661,cmc
2025-11-02,110047.3,111216.0,109368.9,110494.9,61109.173,6744087828.2275,49837.575,7.328333333333333e-05,0.00021985,,,5506797865.867499,4.965764174361149,183477069850.0,3694840580575.99,59.3977,cmc
2025-11-03,110494.9,110711.0,105300.0,106544.0,174258.047,18689862800.3629,49897.904,6.0933333333333335e-05,0.0001828,,,5316322283.776,5.135671306857624,183567064850.0,3574353845521.31,59.9673,cmc
2025-11-04,106544.0,107271.9,98888.8,101450.3,281742.16,28973193334.5977,50952.81,7.382333333333334e-05,0.00022147,,,5169177860.342999,5.4357553784055845,183562064846.0,3376937556374.04,59.8485,cmc
2025-11-05,101450.2,104497.6,98909.7,103837.0,167770.094,17127717826.9393,53673.062,4.2596666666666665e-05,0.00012779,,,5573249738.894,5.304692043865656,183334272915.0,3456077589405.17,59.9739,cmc
2025-11-06,103837.0,104210.2,100238.4,101305.6,145029.821,14822272935.6669,52198.459,5.465e-05,0.00016395,,,5287996208.0704,5.445588313878326,183524336772.0,3370147102458.7,59.9579,cmc
2025-11-07,101305.6,104070.7,99200.0,103305.2,163967.458,16618226412.9992,52604.57,5.854333333333333e-05,0.00017563,,,5434325624.764,5.332548157485485,183421456118.0,3439658690386.6,59.1918,cmc
2025-11-08,103305.3,103373.8,101400.1,102269.3,70691.949,7229449979.504,50230.501,4.854333333333333e-05,0.00014563,,,5137038175.9193,5.357251260889449,183636808748.0,3427817733482.81,59.2924,cmc
2025-11-09,102269.3,105440.0,101300.0,104670.6,92367.67,9539326599.9635,50889.199,3.8316666666666665e-05,0.00011495,,,5326602992.8494005,5.262970679376378,183443867184.0,3485557460976.33,59.2296,cmc
2025-11-10,104670.7,106666.0,104205.9,105966.3,120403.538,12736544297.3328,49514.662,7.068000000000001e-05,0.00021204,,,5246885527.8906,5.158182324881214,183443867160.0,3556366479624.67,59.2545,cmc
2025-11-11,105966.3,107473.7,102400.0,103005.8,132603.774,13877840027.7205,51685.12,1.9553333333333335e-05,5.866e-05,,,5323867133.696,5.283809747835898,183471337794.0,3472330506773.92,59.1365,cmc
2025-11-12,103005.8,105297.0,100711.0,101605.8,140876.276,14516821988.2784,51467.938,2.9783333333333333e-05,8.935e-05,,,5229441014.840401,5.354354825904707,183558450276.0,3428208556293.89,59.272,cmc
2025-11-13,101605.8,104024.6,97959.0,99654.3,236046.799,23845056328.8644,53124.875,5.959000000000001e-05,0.00017877,,,5294122230.712501,5.480527839982181,184167697723.0,3360400733291.39,59.3489,cmc
2025-11-14,99654.3,99862.8,93955.0,94544.9,287072.783,27699919078.6639,55648.476,8.924333333333333e-05,0.00026773,,,5261279598.5724,5.631884225904773,184038597717.0,3267797957750.7,58.7897,cmc
2025-11-15,94544.9,96800.0,94523.9,95560.3,90220.319,8648839692.4375,57606.893,8.143333333333334e-05,0.0002443,,,5504931977.1479,5.645914901513521,183997701199.0,3258952789913.2,58.769,cmc
2025-11-16,95560.4,96600.0,92922.8,94221.7,135749.509,12858824611.9057,57623.507,8.268333333333333e-05,0.00024805,,,5429384789.5019,5.7927286670522555,184021451196.0,3176766283611.26,59.0167,cmc
2025-11-17,94221.7,96012.2,91250.0,92169.7,205161.285,19251468313.7895,57683.928,8.925333333333334e-05,0.00026776,,,5316710338.5816,5.833467773477204,184013950770.0,3154452170056.53,58.7273,cmc
2025-11-18,92169.8,93799.1,89012.0,92916.9,232691.156,21287650102.1971,60663.803,7.908333333333334e-05,0.00023725,,,5636692516.970699,5.776720563994811,184004050756.0,3185268332050.92,58.4297,cmc
2025-11-19,92916.8,92944.8,88564.4,91508.9,226438.45,20531646468.1953,57272.561,5.496e-05,0.00016488,,,5240949057.2929,6.043899501588538,183859084400.0,3042060582769.05,58.586,cmc
2025-11-20,91509.0,93150.0,86066.6,86601.3,276513.027,24710128018.0412,60461.573,7.752666666666667e-05,0.00023258,,,5236050821.8449,6.19389202883503,183868329147.0,2968542691590.68,58.2502,cmc
2025-11-21,86601.4,87465.4,80600.0,85093.5,449804.324,37766204535.2064,63549.615,3.812666666666667e-05,0.00011438,,,5407659164.0025,6.336601100035765,184757890184.0,2915725438089.47,58.2398,cmc
2025-11-22,85093.6,85599.9,83456.0,84689.4,94197.055,7944941195.9623,60275.999,4.3883333333333334e-05,0.00013165,,,5104738189.7106,6.394570560466289,184556081188.0,2886137222865.24,58.4221,cmc
2025-11-23,84689.4,88100.0,84622.0,86807.7,138930.073,12021965924.515,59839.715,1.0240000000000002e-05,3.0720000000000004e-05,,,5194548027.805499,6.240395563459958,184563479971.0,2957560592019.1,58.5827,cmc
2025-11-24,86807.6,89177.3,85226.4,88247.1,211113.332,18390268446.5396,60810.862,1.6346666666666667e-05,4.904e-05,,,5366382220.0002,6.115845940145226,184373921964.0,3014692060075.37,58.1808,cmc
2025-11-25,88247.1,88477.6,86061.1,87324.1,149637.655,13058119938.8809,59830.372,-2.1043333333333332e-05,-6.313e-05,,,5224633387.565201,6.108296442099973,184520644518.0,3020820064432.95,58.1065,cmc
2025-11-26,87324.1,90655.4,86260.9,90438.1,159146.533,14035931374.2226,55633.844,3.002333333333333e-05,9.007e-05,,,5031419147.0564,6.011580330651926,184507212685.0,3069196493045.8,58.1087,cmc
2025-11-27,90438.0,91931.9,90024.4,91292.2,113685.232,10363381065.7595,56007.139,1.4776666666666664e-05,4.433e-05,,,5113014935.0158,5.926062161918599,184539966838.0,3114040349152.43,58.5768,cmc
2025-11-28,91292.2,93080.0,90155.0,90847.8,146920.347,13439159085.5929,57298.212,2.025e-05,6.075e-05,,,5205416504.1336,5.98808413804813,184540266673.0,3081791478186.42,58.4918,cmc
2025-11-29,90847.8,91130.0,90092.7,90765.0,54196.679,4912678291.2122,54860.454,8.103333333333333e-06,2.431e-05,,,4979409107.309999,5.9849917596757365,184590594407.0,3084224704379.56,58.6466,cmc
2025-11-30,90764.9,91934.4,90300.0,90320.6,66139.718,6030481989.374,55162.878,4.506e-05,0.00013518,,,4982344238.6868,5.92765685652547,184578594365.0,3113854240091.62,58.6453,cmc
2025-12-01,90320.5,90396.9,83786.0,86241.6,296847.166,25577924246.4796,54739.881,2.7456666666666667e-05,8.237e-05,,,4720854921.2496,6.384608247038801,184578594363.0,2890993264130.31,58.7653,cmc
2025-12-02,86241.5,92273.2,86140.1,91249.1,228101.165,20398018617.2761,55643.726,1.8776666666666663e-05,5.633e-05,,,5077439918.146601,5.939955392994706,184559976578.0,3107093645781.6,58.9315,cmc
2025-12-03,91249.1,94185.0,90954.8,93376.7,201298.317,18675815044.3044,53318.747,5.296666666666666e-06,1.589e-05,,,4978728642.9949,5.858945216116947,184661571286.0,3151788666294.88,58.7709,cmc
2025-12-04,93376.8,94040.0,90822.5,92034.7,146772.427,13597441409.6919,52572.331,3.656e-05,0.00010968,,,4838478711.885699,5.914774694613731,185275678813.0,3132421577811.25,58.587,cmc
2025-12-05,92034.7,92665.5,87976.3,89288.5,179125.057,16166343889.0462,53995.28,3.3906666666666665e-05,0.00010172,,,4821157558.28,6.1174737930265675,185489666066.0,3032128495220.42,58.6121,cmc
2025-12-06,89288.6,90257.3,88870.1,89197.1,56826.867,5087173918.7945,50837.369,1.2633333333333332e-05,3.79e-05,,,4534545886.4299,6.077889809841917,185671557706.0,3054868770495.68,58.5963,cmc
2025-12-07,89197.1,91722.0,87688.0,90345.4,129592.005,11615722866.7767,50593.653,3.69e-05,0.0001107,,,4570903817.7462,6.001587867164906,185605589591.0,3092608051386.88,58.6669,cmc
2025-12-08,90345.4,92262.6,89553.8,90610.8,152474.739,13851183299.0389,49682.825,3.133666666666667e-05,9.401e-05,,,4501800519.51,6.043197249656218,185620700098.0,3071564478696.43,58.3991,cmc
2025-12-09,90610.8,94555.0,89368.9,92638.4,181930.263,16746767484.4678,50570.482,4.224666666666666e-05,0.00012674,,,4684768539.7088,5.791142559173144,185694296048.0,3206522618820.03,58.3999,cmc
2025-12-10,92638.3,94443.7,91520.0,91977.5,160488.78,14848606099.6705,48261.783,2.6593333333333332e-05,7.978e-05,,,4438998145.882501,5.892054195643947,186165611819.0,3159604539222.23,58.3944,cmc
2025-12-11,91977.5,93547.3,89200.0,92477.5,191148.068,17359221855.9521,47554.9,2.371e-05,7.113e-05,,,4397758264.75,6.060802384948399,186085477252.0,3070310916490.71,58.5397,cmc
2025-12-12,92477.6,92719.0,89429.0,90229.6,144844.11,13200125050.1882,48808.512,4.998333333333334e-05,0.00014995,,,4403972514.355201,6.085752575868542,186124222838.0,3058360005893.55,58.8614,cmc
2025-12-13,90229.7,90599.0,89711.9,90191.3,36237.733,3269571102.3341,48631.761,4.0606666666666665e-05,0.00012182,,,4386161745.8793,6.0684317203611595,186227170549.0,3068785793933.54,58.6115,cmc
2025-12-14,90191.3,90440.0,87504.3,88118.8,92086.654,8202472245.4301,49430.613,5.5570000000000005e-05,0.00016671,,,4355766300.8244,6.148591591012464,186224670549.0,3028737033391.66,58.5373,cmc
2025-12-15,88118.8,89972.4,85073.0,86389.9,194216.045,17011925792.4325,50763.675,7.926666666666666e-06,2.378e-05,,,4385468806.8825,6.346519197063313,186224670548.0,2934280426255.87,58.4262,cmc
2025-12-16,86390.0,88143.9,85226.0,87826.3,142225.048,12361523043.7964,54290.33,4.3020000000000005e-05,0.00012906,,,4768118809.679,6.292238549132549,186314670545.0,2961023633960.69,58.7767,cmc
2025-12-17,87826.3,90363.2,85261.3,86201.6,208646.748,18228465804.6213,50899.394,7.041666666666667e-05,0.00021125,,,4387609201.8304,6.379104367273352,186299880874.0,2920470808249.7,59.0672,cmc
2025-12-18,86201.6,89447.9,84408.6,85469.7,229573.679,19944082984.3968,50354.979,4.5726666666666664e-05,0.0001371799999999,,,4303824948.6363,6.403004618288336,186293380860.0,2909468163241.78,59.2646,cmc
2025-12-19,85469.8,89374.6,85062.7,88100.0,178284.494,15617337797.6527,49288.869,8.497000000000001e-05,0.00025491,,,4342349358.9,6.309762708453368,186248060817.0,2951744295668.65,58.9282,cmc
2025-12-20,88100.0,88551.8,87698.5,88320.8,35973.848,3171782778.2374,49293.106,6.135e-05,0.00018405,,,4353606556.4048,6.243941446396249,186367744185.0,2984777256240.35,58.9683,cmc
2025-12-21,88320.7,89050.0,87548.5,88621.3,67624.388,5968133891.8196,48999.066,7.510666666666666e-05,0.00022532,,,4342360927.7058,6.253641177376416,186797744183.0,2987023701627.97,59.055,cmc
2025-12-22,88621.3,90599.0,87845.0,88581.5,154693.469,13801598552.2526,48772.819,5.189e-05,0.00015567,,,4320369466.2485,6.183979326027372,186797744182.0,3020672197201.54,59.0608,cmc
2025-12-23,88581.5,88904.9,86536.0,87463.0,133657.948,11714876769.2463,47477.369,3.219666666666666e-05,9.659e-05,,,4152513124.847,6.311327239380546,186880324181.0,2961030494741.74,59.171,cmc
2025-12-24,87463.1,88033.3,86355.0,87627.3,81543.508,7107553239.5379,48470.326,8.127333333333334e-05,0.00024382,,,4247323797.4998,6.343728683666725,187100147046.0,2949371834387.07,59.11,cmc
2025-12-25,87627.4,88594.0,86902.1,87182.8,57796.252,5072600548.9633,48259.005,7.409333333333333e-05,0.00022228,,,4207355181.114,6.298978380304163,186863540033.0,2966569001368.39,59.2318,cmc
2025-12-26,87182.8,89557.6,86619.9,87318.2,149971.737,13204732310.098,47507.061,6.601666666666667e-05,0.00019805,,,4148231053.8102,6.348651122185163,186861373315.0,2943324018263.01,59.2267,cmc
2025-12-27,87318.3,87956.9,87203.0,87829.4,27294.109,2388675294.68,49737.933,3.4823333333333336e-05,0.00010447,,,4368452812.630199,6.319597869658436,186852272294.0,2956711426072.1,59.0838,cmc
2025-12-28,87829.5,88078.3,87402.6,87920.5,37359.964,3278205503.957,49322.863,5.7943333333333325e-05,0.0001738299999999,,,4336490776.3914995,6.277127233966804,186800272292.0,2975887939329.73,58.8827,cmc
2025-12-29,87920.4,90373.4,86760.0,87203.3,190004.209,16787751031.7945,49292.319,8.275333333333335e-05,0.00024826,,,4298452881.452701,6.307382992364171,186800272291.0,2961612962414.74,59.0094,cmc
2025-12-30,87203.2,89355.0,86789.0,88455.3,126745.26,11172280215.5508,51508.872,7.652666666666667e-05,0.00022958,,,4556232725.4216,6.265031068045874,187303272279.0,2989662305655.92,59.0789,cmc
2025-12-31,88455.2,89192.8,87189.2,87608.2,96768.357,8534611355.54,50805.956,2.7083333333333332e-05,8.125e-05,,,4451018354.439199,6.324522626485761,187311388515.0,2961668406886.23,58.9968,cmc
2026-01-01,87608.3,88881.4,87508.4,88800.0,47941.303,4221684071.5216,51882.92,7.237e-05,0.00021711,,,4607203296.0,6.266364182661462,187261227273.0,2988355317604.06,58.9737,cmc
2026-01-02,88800.0,90945.1,88324.4,89951.4,176662.448,15818436364.5132,51098.963,4.88e-05,0.0001464,,,4596423260.3982,6.080206612321942,187074832375.0,3076784134208.21,58.7261,cmc
2026-01-03,89951.5,90716.9,89261.2,90595.8,56891.269,5120704164.6601,52388.915,3.701e-05,0.00011103,,,4746215665.557,6.094657784270837,187214832372.0,3071785799937.22,58.5519,cmc
2026-01-04,90595.8,91779.7,90595.7,91497.1,73773.029,6733223160.202,53331.013,6.578999999999999e-05,0.00019737,,,4879633029.562301,5.992508020251318,187083832372.0,3121962152403.66,58.4309,cmc
2026-01-05,91497.2,94760.3,91476.5,93822.4,189416.312,17646171283.7405,53293.95,7.282000000000001e-05,0.00021846,,,5000166294.48,5.875795934586493,187083832369.0,3183974298150.4,58.8287,cmc
2026-01-06,93822.3,94415.4,91209.0,93708.0,187443.05,17445560806.7759,53480.034,1.377e-05,4.131e-05,,,5011507026.072,5.918298864621381,187293532611.0,3164651480015.82,58.1357,cmc
2026-01-07,93708.1,93708.1,90634.1,91328.0,148986.85,13680092151.8126,51354.591,6.489e-05,0.00019467,,,4690112086.848,5.968838419558861,187067881365.0,3134075145207.66,58.3241,cmc
2026-01-08,91328.1,91666.0,89242.0,91059.8,168475.944,15234838673.2306,54672.539,8.376333333333332e-05,0.00025129,,,4978470466.8322,6.011022355021363,187068870349.0,3112097398751.65,58.4717,cmc
2026-01-09,91059.8,91999.0,89632.8,90603.6,140394.677,12741216614.7338,54527.862,1.5543333333333334e-05,4.663e-05,,,4940420597.503201,5.9933209859048775,186177870330.0,3106422478753.5,58.5618,cmc
2026-01-10,90603.7,90800.0,90351.6,90469.6,25270.741,2289227865.1467,51191.911,6.511666666666667e-05,0.00019535,,,4631311711.405601,6.042372672948751,186939883564.0,3093815851526.6,58.4603,cmc
2026-01-11,90469.7,91252.5,90175.3,90964.4,43544.382,3951590389.4878,50716.451,5.027e-05,0.00015081,,,4613391535.344399,6.022848185166406,187045563563.0,3105599839352.95,58.4324,cmc
2026-01-12,90964.4,92488.0,90066.0,91252.6,169237.383,15460787326.0671,52006.351,3.121666666666667e-05,9.365e-05,,,4745714745.262601,6.013101572960704,186939883553.0,3108876197828.06,58.6569,cmc
2026-01-13,91252.5,96863.7,91011.0,95375.2,200545.918,18702759214.6813,47976.252,5.176e-05,0.00015528,,,4575744629.7504,5.88845425756673,186906829735.0,3174123828759.01,58.735,cmc
2026-01-14,95375.2,97932.1,94413.4,96907.9,182043.491,17517864908.3997,51975.634,2.2340000000000003e-05,6.702e-05,,,5036849542.1086,5.678655709553073,186821887714.0,3289896364023.51,59.0101,cmc
2026-01-15,96908.0,97155.0,95080.0,95567.3,149204.741,14354929430.5958,54992.835,9.693333333333333e-06,2.908e-05,,,5255516760.2955,5.717346746921649,186790391342.0,3267081735816.92,59.2687,cmc
2026-01-16,95567.4,95825.0,94234.5,95503.7,101218.089,9631783779.4691,50041.795,5.7239999999999994e-05,0.00017172,,,4779176577.1414995,5.8180636062992654,186679205004.0,3208614027558.6,59.0572,cmc
2026-01-17,95503.8,95621.9,94977.5,95107.9,38969.233,3713666637.4187,50243.633,1.935e-05,5.805e-05,,,4778566423.0007,5.76989747128213,186660995531.0,3235083404168.74,58.8944,cmc
2026-01-18,95107.9,95490.0,93550.3,93614.0,62580.393,5933385909.8745,50319.555,6.563333333333333e-05,0.0001969,,,4710614821.77,5.787188622970578,186660995511.0,3225417515684.61,58.9431,cmc
2026-01-19,93614.0,93614.1,91800.0,92589.6,108237.056,10038160831.5419,49132.879,2.6366666666666663e-05,7.91e-05,,,4549193613.458401,5.940128833504325,186964415062.0,3147480808959.19,59.1066,cmc
2026-01-20,92589.6,92845.0,87787.2,88390.6,188076.2,17018198701.3769,49721.871,7.365666666666667e-05,0.00022097,,,4394946010.8126,6.187110585411799,186972526151.0,3021968390089.08,59.2556,cmc
2026-01-21,88390.7,90599.5,87205.5,89411.4,208082.615,18550738542.8682,54519.359,6.155e-05,0.00018465,,,4874652215.2926,6.297756333999745,186985577484.0,2969082440908.67,59.137,cmc
2026-01-22,89411.4,90327.7,88465.6,89518.5,105914.221,9479318940.2308,50638.155,6.961333333333333e-05,0.00020884,,,4533051678.3675,6.209814511898125,186886791640.0,3009539033443.29,59.1726,cmc
2026-01-23,89518.4,91195.0,88530.0,89558.7,124825.85,11205111434.1844,51020.074,5.149333333333333e-05,0.00015448,,,4569291501.3438,6.112196890362161,186891791639.0,3057686049572.37,59.2627,cmc
2026-01-24,89558.7,89893.9,89116.9,89180.7,30735.937,2749562449.6091,47533.508,4.780333333333334e-05,0.00014341,,,4239071516.8956,6.1998383685323795,186870822577.0,3014124102419.72,59.137,cmc
2026-01-25,89180.7,89281.6,86021.7,86628.9,124879.363,10926589926.8844,48923.302,4.768e-05,0.0001430399999999,,,4238171836.6278,6.3127636016286495,186870822575.0,2960206248287.02,59.2965,cmc
2026-01-26,86628.9,88834.1,86463.2,88300.6,134609.491,11814857414.2917,52459.302,4.1733333333333336e-05,0.0001252,,,4632187842.181201,6.307380926133544,186855914873.0,2962496114651.88,58.9739,cmc
2026-01-27,88300.6,89499.0,87265.4,89197.8,117926.114,10418692062.9808,49756.831,5.932666666666667e-05,0.00017798,,,4438199860.1718,6.2957017397339134,186508591426.0,2962475020836.72,58.8772,cmc
2026-01-28,89197.8,90592.7,88786.0,89261.7,123884.859,11091286350.5205,51200.339,5.413666666666667e-05,0.00016241,,,4570229299.7163,6.151023044598239,186398204268.0,3030361013387.73,59.1476,cmc
2026-01-29,89261.7,89316.8,83338.3,84604.7,226761.591,19452002164.5236,51449.827,5.696333333333334e-05,0.00017089,,,4352897178.3869,6.465860233215003,186303395123.0,2881339657884.39,58.7377,cmc
2026-01-30,84604.7,84697.2,81000.0,84211.4,254794.516,21126748812.4862,59149.5,2.167333333333333e-05,6.502e-05,,,4981062204.299999,6.590464484971847,185817215159.0,2819485873609.01,58.8061,cmc
2026-01-31,84211.4,84239.5,75500.0,78706.8,271548.511,21725315465.7822,52720.809,6.608666666666666e-05,0.00019826,,,4149486169.8012,7.0196012983126455,185577215258.0,2643700224151.03,59.4989,cmc
2026-02-01,78706.7,79396.8,75644.0,76931.5,186984.08,14530348059.777,51221.411,6.253333333333334e-06,1.8760000000000003e-05,,,3940539980.3465,7.121838306029362,185342539535.0,2602453630238.82,59.44,cmc
2026-02-02,76931.6,79311.0,74555.0,78692.5,259646.414,20033127365.0781,48579.222,-2.8959999999999997e-05,-8.688e-05,,,3822820427.235,6.987144523255415,185398845864.0,2653427952533.89,59.3554,cmc
2026-02-03,78692.5,79163.0,72889.2,75732.4,307725.516,23507272161.9743,47010.387,-1.4100000000000005e-06,-4.230000000000001e-06,,,3560209432.4388,7.2804350452278275,185300658701.0,2545186620715.21,58.9882,cmc
2026-02-04,75732.4,76952.5,71838.0,73137.4,293124.639,21772124047.9519,47779.247,2.7626666666666664e-05,8.287999999999999e-05,,,3494449899.5378,7.500787549212288,185161878190.0,2468565826923.67,58.8312,cmc
2026-02-05,73137.5,73316.3,62233.3,62868.1,670089.741,45383453171.8165,52904.457,1.5046666666666668e-05,4.5140000000000005e-05,,,3326002693.1217003,8.10110072365471,185685527539.0,2292102442286.76,58.3889,cmc
2026-02-06,62868.1,71714.4,59800.0,70544.5,559182.769,37147154675.9662,56858.546,-9.587666666666666e-05,-0.00028763,,,4011057698.297,7.658359638283976,185261468141.0,2419075061647.43,58.7664,cmc
2026-02-07,70544.5,71690.0,67250.0,69254.2,266663.651,18436859331.9978,47290.611,-8.803666666666665e-05,-0.0002641099999999,,,3275073432.3162,7.745147049155769,183583056218.0,2370297878824.79,58.408,cmc
2026-02-08,69254.3,72300.0,68843.7,70288.1,162753.587,11477495028.2572,45922.857,-3.937666666666667e-05,-0.00011813,,,3227830365.1017003,7.640110655814484,183456556217.0,2401229046039.81,58.8908,cmc
2026-02-09,70288.2,71434.9,68271.7,70110.5,222442.828,15536232970.8153,45261.156,-1.837666666666667e-05,-5.513000000000001e-05,,,3173282277.7380004,7.665994373230978,184542486578.0,2407287007963.47,58.7379,cmc
2026-02-10,70110.6,70499.9,67883.0,68805.3,183872.609,12702030089.136,45567.081,-7.481e-05,-0.00022443,,,3135256678.3293,7.779977219684326,184487425874.0,2371310617815.48,58.8947,cmc
2026-02-11,68805.3,69262.7,65718.5,67054.4,256625.524,17245163504.0109,44959.803,-2.7286666666666667e-05,-8.186e-05,,,3014752614.2832,8.093990415352613,184363356800.0,2277780764977.2,58.4067,cmc
2026-02-12,67054.8,68385.0,65081.0,66243.1,199993.259,13358290840.2903,46551.043,1.300000000000001e-06,3.900000000000003e-06,,,3083685396.5533,8.12870052861533,183990423483.0,2263466624650.54,58.2241,cmc
2026-02-13,66243.2,69473.7,65833.9,68821.5,183043.289,12411102395.2804,49374.469,1.758666666666667e-05,5.276e-05,,,3398025018.2834997,7.783986923053117,183916921483.0,2362759897994.05,58.481,cmc
2026-02-14,68821.5,70557.7,68689.1,69795.4,114534.246,7975934194.1541,47032.17,4.569999999999999e-06,1.3709999999999996e-05,,,3282629118.0179996,7.674109878258111,183786298904.0,2394887509034.68,58.2362,cmc
2026-02-15,69795.4,70938.5,68029.6,68796.9,151250.13,10503980127.9098,45783.68,4.083333333333333e-06,1.225e-05,,,3149775254.5919995,7.7897267033282285,183781798903.0,2359284297156.12,58.3209,cmc
2026-02-16,68796.9,70110.9,67250.0,68862.5,149579.748,10246352235.4022,45252.784,-1.5766666666666666e-05,-4.73e-05,,,3116219838.2,7.86081990563773,183747148903.0,2337506152140.92,58.1443,cmc
2026-02-17,68862.6,69228.6,66588.0,67475.9,149185.122,10110613783.2471,44834.532,4.544e-05,0.00013632,,,3025250397.7787995,7.952816413176614,183721226771.0,2310140423543.56,57.9387,cmc
2026-02-18,67475.9,68438.0,65826.1,66422.8,163973.391,11015902259.5555,45592.656,2.2260000000000004e-05,6.678000000000001e-05,,,3028391870.9568005,7.940103241783454,183710926769.0,2313709547279.59,57.9561,cmc
2026-02-19,66422.8,67299.4,65595.7,66974.0,147432.601,9812064348.1862,47299.886,-1.4599999999999996e-05,-4.3799999999999994e-05,,,3167862564.9639997,8.033997328052035,183711211231.0,2286672545801.6,58.2622,cmc
2026-02-20,66973.9,68283.7,66408.1,67979.3,225303.971,15188111219.3469,44503.491,1.9986666666666663e-05,5.996e-05,,,3025316165.7363005,7.941884259607265,183708077229.0,2313154803367.59,58.1253,cmc
2026-02-21,67979.3,68687.0,67488.9,67933.1,87495.493,5962675788.0988,46297.384,3.392e-05,0.00010176,,,3145124817.0104003,7.786205293293668,182601277225.0,2345189605805.49,58.31,cmc
2026-02-22,67933.2,68220.0,67150.0,67613.5,84343.422,5711913292.3926,45489.616,1.9146666666666667e-05,5.744e-05,,,3075712151.416,7.929655121664563,182621277216.0,2303016643398.04,58.3984,cmc
2026-02-23,67613.6,67655.8,63860.0,64625.8,277151.296,18105752523.7873,45012.973,-4.0000000000000067e-07,-1.200000000000002e-06,,,2908999390.5034,8.258623752550104,183593577216.0,2223052928877.04,58.0067,cmc
2026-02-24,64625.8,64980.0,62401.7,64031.3,223150.569,14197862756.4856,47417.613,1.4436666666666663e-05,4.331e-05,,,3036211403.2869,8.280812591109505,183600237166.0,2217176577128.65,57.908,cmc
2026-02-25,64031.4,69999.0,63876.0,67952.5,299238.818,20064546495.4116,46897.805,4.800000000000001e-06,1.44e-05,,,3186823094.2625,7.74942313276256,183623080164.0,2369506439617.28,58.004,cmc
2026-02-26,67952.5,68850.0,66462.0,67448.2,177837.055,12034418012.3577,46037.943,2.9366666666666685e-06,8.810000000000005e-06,,,3105176387.0526,7.975979952650006,183657380162.0,2302630914975.91,57.9643,cmc
2026-02-27,67448.1,68188.8,64875.6,65836.0,205957.364,13676652433.9822,45469.286,-3.2566666666666674e-05,-9.770000000000002e-05,,,2993515913.096,8.1186093029508,183449012069.0,2259611285917.2,57.881,cmc
2026-02-28,65836.0,67735.0,62979.5,66937.1,257922.786,16739946355.5953,44888.514,-1.3303333333333334e-05,-3.991e-05,,,3004706950.4694004,8.19915951819991,183566910286.0,2238850334336.48,58.0136,cmc
2026-03-01,66937.0,68189.0,65011.0,65750.0,219111.436,14595540041.5659,44075.292,2.2743333333333333e-05,6.823e-05,,,2897950449.0,8.039446420587227,183481912039.0,2282270475354.42,57.8725,cmc
2026-03-02,65749.9,70100.0,65234.4,68801.8,277378.032,18797402666.4924,43611.565,-1.1126666666666665e-05,-3.3379999999999996e-05,,,3000554172.8170004,7.788081676103209,183603207038.0,2357489490658.07,58.4143,cmc
2026-03-03,68801.8,69221.6,66080.0,68295.3,257469.9,17427071396.1283,47298.371,9.106666666666669e-06,2.7320000000000003e-05,,,3230256436.9563003,7.889326622199579,183647207037.0,2327793179714.98,58.5506,cmc
2026-03-04,68295.2,74046.5,67350.0,72641.4,357143.496,25451510255.9959,44087.936,6.043333333333331e-06,1.812999999999999e-05,,,3202609394.1503997,7.432179574895207,183682010410.0,2471442038758.73,59.1844,cmc
2026-03-05,72641.4,73539.1,70612.8,70854.8,226168.28,16281967883.7203,51029.868,2.902e-05,8.706e-05,,,3615711091.1664,7.648208529968511,183867859980.0,2404064419262.86,58.9696,cmc
2026-03-06,70854.8,71387.5,67712.3,68083.0,213382.703,14828774016.9754,45485.784,-1.1826666666666666e-05,-3.548e-05,,,3096808632.072,7.948132499672047,184001159386.0,2315023804567.83,58.5725,cmc
2026-03-07,68083.0,68524.9,66850.1,67232.1,94570.162,6406934226.6605,47270.82,-2.4333333333333157e-07,-7.299999999999947e-07,,,3178116497.322,7.921029724375378,183939734587.0,2322169477801.13,58.4617,cmc
2026-03-08,67232.1,68171.6,65569.2,65934.3,155747.973,10426897603.0972,48237.566,-2.8263333333333334e-05,-8.479e-05,,,3180510147.9138,8.019484763296358,183939734585.0,2293660253921.26,58.4578,cmc
2026-03-09,65934.3,69498.0,65770.5,68394.1,237211.547,16143343325.2073,49170.811,-4.593333333333333e-05,-0.0001378,,,3362993364.6151004,7.863950523764169,183878877627.0,2338250693100.55,58.4768,cmc
2026-03-10,68394.0,71748.1,68345.0,69901.9,265674.484,18671992004.4249,47074.37,1.913333333333333e-06,5.739999999999999e-06,,,3290587904.303,7.651225587577318,184094103543.0,2406073398775.47,58.7547,cmc
2026-03-11,69901.8,71286.0,68932.9,70150.0,195627.956,13717861932.2764,43907.673,-7.376e-05,-0.00022128,,,3080123260.9500003,7.636886101083638,183859471310.0,2407518835247.67,58.8125,cmc
2026-03-12,70150.0,70756.5,69150.0,70480.1,186490.593,13053987974.2205,44751.505,-6.858333333333332e-05,-0.00020575,,,3154090547.5505,7.67368536551276,183929240437.0,2396882745070.82,58.728,cmc
2026-03-13,70480.1,73870.0,70342.7,70895.5,300232.121,21593507872.2023,46075.762,2.786666666666666e-06,8.359999999999998e-06,,,3266564184.8710003,7.586795133199986,183959859223.0,2424737402200.14,58.696,cmc
2026-03-14,70895.5,71272.3,70256.0,71174.4,79283.014,5607440555.4348,46284.301,-3.0726666666666665e-05,-9.218e-05,,,3294257353.0944,7.643564614710639,183981656765.0,2407013821940.0,58.7153,cmc
2026-03-15,71174.4,73199.9,70815.7,72778.9,126474.242,9080449373.0048,46987.69,-1.8950000000000003e-05,-5.685000000000001e-05,,,3419712391.7409997,7.562545146914816,184001656763.0,2433065233839.49,58.8111,cmc
2026-03-16,72778.8,74880.0,72235.6,74846.4,269076.99,19840157846.2003,45785.138,3.889e-05,0.00011667,,,3426852752.8032,7.277506478635481,184001656762.0,2528361291084.69,58.477,cmc
2026-03-17,74846.4,75998.9,73330.3,73872.4,218278.973,16237908572.5667,49281.045,-1.1746666666666669e-05,-3.524e-05,,,3640509068.657999,7.239618568934239,184040242955.0,2542126235002.64,58.5699,cmc
2026-03-18,73872.3,74633.0,70456.0,71202.9,226755.469,16383639137.9523,47064.186,-2.988e-05,-8.964e-05,,,3351106529.3394,7.507750524085658,184061441677.0,2451619044699.36,58.4201,cmc
2026-03-19,71202.9,71598.3,68750.0,69887.4,218646.177,15294450396.1898,48554.889,-9.27e-06,-2.781e-05,,,3393374949.4986,7.669656902251452,183294383734.0,2389864189103.34,58.2376,cmc
2026-03-20,69887.4,71342.2,69350.0,70472.7,186241.517,13081138829.4624,48581.585,3.85e-06,1.155e-05,,,3423675465.2295,7.695515818615614,184152626358.0,2392986132424.43,58.1407,cmc
2026-03-21,70472.6,71077.7,68511.3,68881.5,74084.886,5205605275.9253,47070.054,-3.793333333333333e-06,-1.138e-05,,,3242255924.601,7.622101664685587,184151626357.0,2416021649385.81,58.2809,cmc
2026-03-22,68881.5,69555.8,67300.0,67830.6,134880.564,9248443589.3247,48338.052,-3.485333333333333e-05,-0.0001045599999999,,,3278799069.9912004,7.794976864603745,184200486118.0,2363066489067.3,58.1546,cmc
2026-03-23,67830.7,71789.8,67400.1,70865.9,291099.678,20370260333.7558,49473.756,-1.594e-05,-4.782e-05,,,3506002245.3204,7.598051971814745,184154286014.0,2423703953291.28,58.5075,cmc
2026-03-24,70866.0,71377.5,68884.5,70523.9,196191.95,13772645263.8223,44473.526,3.653333333333334e-05,0.0001096,,,3136446500.2713995,7.75854231253649,184152675122.0,2373547345671.37,58.1573,cmc
2026-03-25,70524.0,71999.9,70375.0,71297.5,166515.849,11849218843.5443,45508.212,2.7016666666666665e-05,8.104999999999999e-05,,,3244621745.07,7.567625144429888,184197857195.0,2434024593971.57,58.2839,cmc
2026-03-26,71297.5,71408.1,68115.8,68788.0,186473.614,12951042505.3498,45457.963,5.746666666666666e-06,1.7239999999999998e-05,,,3126962358.8440003,7.792538227933821,184185892777.0,2363618725882.55,58.3174,cmc
2026-03-27,68788.1,69142.7,65501.0,66364.2,212351.048,14210587774.4208,50349.901,-3.071333333333333e-05,-9.214e-05,,,3341430899.9441996,8.10311845395909,184184487538.0,2273007467242.56,57.7592,cmc
2026-03-28,66364.1,67284.0,65888.0,66334.8,89373.492,5950578006.8388,54013.668,-5.2883333333333336e-05,-0.00015865,,,3582985864.0464,7.971298060108073,184166309525.0,2310367874043.63,57.8496,cmc
2026-03-29,66334.8,67100.0,64918.2,65977.9,110278.396,7312091384.9466,52855.143,-3.3833333333333333e-06,-1.015e-05,,,3487271339.3396993,8.039394547830335,184166309523.0,2290798248889.31,57.9555,cmc
2026-03-30,65978.0,68148.4,65754.2,66764.4,187059.065,12563731418.2445,53477.916,5.166666666666667e-06,1.55e-05,,,3570420974.9903994,7.964945550229261,184166309516.0,2312210527424.12,57.8714,cmc
2026-03-31,66764.4,68600.0,65938.0,68241.5,243333.085,16388241988.4435,49960.58,-1.5226666666666668e-05,-4.568e-05,,,3409384920.07,7.901171532807853,184191337488.0,2331190213035.96,58.051,cmc
2026-04-01,68241.4,69288.0,67534.9,68086.5,157276.22,10762216842.0174,48297.673,-1.111e-05,-3.3329999999999994e-05,,,3288419512.7145,7.805741224434361,184192097658.0,2359700281651.95,58.0078,cmc
2026-04-02,68086.4,68639.1,65676.1,66868.5,188358.921,12579517168.5344,49549.16,-1.010666666666667e-05,-3.0320000000000008e-05,,,3313278005.46,7.994518187812502,184132980772.0,2303240501131.23,58.1731,cmc
2026-04-03,66868.6,67350.0,66240.0,66930.0,79267.833,5293680077.2063,49122.54,-3.596666666666667e-06,-1.079e-05,,,3287771602.2000003,7.976128480575732,183931424483.0,2306023842656.6,58.0286,cmc
2026-04-04,66930.0,67554.5,66745.5,67271.0,50770.337,3410098603.0277,48962.756,3.175666666666667e-05,9.527e-05,,,3293773558.876,7.944340479817485,184133813594.0,2317798614772.24,58.1284,cmc
2026-04-05,67271.1,69108.0,66575.5,68997.9,104918.169,7083232336.5034,48963.916,2.7026666666666667e-05,8.108e-05,,,3378407379.7763996,7.956432351647662,184120813592.0,2314112726087.23,58.238,cmc
2026-04-06,68997.9,70332.5,68227.5,68817.9,166757.236,11569303168.5605,50470.068,4.346666666666667e-05,0.0001304,,,3473244092.6171994,7.755072605202429,184120813591.0,2374198450024.62,58.5577,cmc
2026-04-07,68817.9,72743.4,67711.0,71890.2,232828.247,16182279542.8739,50327.276,3.593666666666667e-05,0.00010781,,,3618037937.0952,7.831095546166921,184075498313.0,2350571477870.67,58.4962,cmc
2026-04-08,71890.2,72858.5,70671.6,71038.1,183378.492,13133483725.5291,50421.815,3.877e-05,0.00011631,,,3581869936.1515,7.559125677190497,184587298322.0,2441913340308.5,58.8722,cmc
2026-04-09,71038.2,73128.0,70428.0,71750.4,175806.457,12590015134.5603,51944.951,1.0353333333333336e-05,3.1060000000000004e-05,,,3727071012.2304,7.501803069528579,184080515963.0,2453816959161.63,59.0906,cmc
2026-04-10,71750.4,73450.0,71382.1,72917.4,156569.666,11339768854.1431,52691.659,2.273333333333333e-06,6.819999999999999e-06,,,3842138775.966599,7.460038330180019,184119405073.0,2468075858647.19,59.1442,cmc
2026-04-11,72917.4,73773.4,72451.9,73013.4,80169.67,5853687218.5443,54913.261,-6.687666666666666e-05,-0.0002006299999999,,,4009403890.6974,7.442969307927787,184252225449.0,2475520425064.04,59.1439,cmc
2026-04-12,73013.4,73094.4,70458.2,70711.1,134822.989,9619397053.2532,53956.054,-4.044333333333333e-05,-0.00012133,,,3815291929.9994,7.6285609516691455,184342225447.0,2416474438821.46,58.8131,cmc
2026-04-13,70711.2,74870.0,70517.3,74385.0,213029.519,15429798791.7153,49459.36,-1.942e-05,-5.826e-05,,,3679034493.6,7.501796770376771,184405652445.0,2458153134368.88,59.0018,cmc
2026-04-14,74384.9,76009.0,73766.8,74106.9,183261.49,13694374804.034,51777.919,-2.785333333333333e-05,-8.355999999999999e-05,,,3837101065.5411,7.349099429596245,184717963773.0,2513477542964.04,59.3907,cmc
2026-04-15,74106.9,75425.6,73449.0,74776.2,131029.771,9730355811.3352,55475.401,-7.183e-05,-0.0002154899999999,,,4148239680.2562,7.387190633709999,185446684215.0,2510381732518.86,58.9748,cmc
2026-04-16,74776.3,75500.0,73256.8,75106.8,158397.725,11801394012.9651,52510.831,-2.8280000000000004e-05,-8.484000000000001e-05,,,3943920481.7508,7.336372180452901,185453084206.0,2527858179007.37,58.911,cmc
2026-04-17,75106.8,78300.0,74480.0,77030.6,239395.915,18324625150.3757,52622.645,-1.5703333333333333e-05,-4.711e-05,,,4053553917.937,7.099439096361725,185778133795.0,2616800162286.15,59.2393,cmc
2026-04-18,77030.6,77380.0,75395.9,75653.8,105894.391,8076569348.8235,56736.672,-6.588666666666667e-05,-0.00019766,,,4292344836.1536,7.275536039107015,186581469848.0,2564504784872.19,59.2492,cmc
2026-04-19,75653.8,76200.0,73700.2,73758.4,128978.211,9683836062.9599,51606.368,-9.296666666666669e-05,-0.0002789,,,3806403133.4912,7.374699967516534,186841469847.0,2533546729629.46,59.4143,cmc
2026-04-20,73758.4,76531.0,73669.0,75790.1,166149.667,12510062747.3712,49374.059,-4.045999999999999e-05,-0.0001213799999999,,,3742064869.0159,7.346098891737407,187191969805.0,2548182001954.07,59.5541,cmc
2026-04-21,75790.1,76999.0,74777.9,76288.2,164760.987,12500416813.7038,51149.732,-6.001e-05,-0.00018003,,,3902120984.7624,7.363019181670422,187885312105.0,2551742803722.74,59.4889,cmc
2026-04-22,76288.3,79444.0,76078.6,78139.8,191087.096,14938373139.3461,50152.433,1.913333333333332e-06,5.739999999999997e-06,,,3918901084.1334,7.172337096389478,188752981910.0,2631680292955.24,59.9917,cmc
2026-04-23,78139.7,78648.0,76504.6,78216.8,172485.012,13417395909.757,57150.536,-6.0396666666666664e-05,-0.00018119,,,4470132044.204801,7.3298157633555,188775276509.0,2575443675579.93,60.0316,cmc
2026-04-24,78217.4,78546.0,77206.8,77395.4,127783.005,9945529700.8213,51873.462,-4.948666666666667e-05,-0.00014846,,,4014767340.8748,7.316219758808467,189634641748.0,2591975747033.66,59.9549,cmc
2026-04-25,77395.3,77847.0,77100.0,77585.0,46592.486,3610097135.4857,49158.805,-4.3370000000000007e-05,-0.00013011,,,3813985885.925,7.340724733771391,189637493986.0,2583362009388.02,59.9229,cmc
2026-04-26,77585.0,78994.8,77280.0,78613.5,79943.305,6242573929.5112,49411.464,1.9633333333333333e-06,5.8899999999999995e-06,,,3884408125.164,7.287636410956833,189763953903.0,2603916320766.13,59.9979,cmc
2026-04-27,78614.4,79455.0,76400.0,77331.2,169100.883,13145988361.7206,48218.45,-4.696e-05,-0.00014088,,,3728790600.64,7.392028028483265,189733953885.0,2566737479266.98,59.9679,cmc
2026-04-28,77331.2,77450.0,75635.6,76298.1,103918.877,7940395434.4344,51963.968,-6.376666666666665e-06,-1.9129999999999995e-05,,,3964752026.8608,7.433991802263481,189702264419.0,2551822351502.19,59.7735,cmc
2026-04-29,76298.2,77873.2,74868.0,75749.9,186533.503,14249560003.828,50997.33,6.786666666666667e-06,2.036e-05,,,3863042647.767,7.467823234439368,189662863914.0,2539734243297.72,59.8891,cmc
2026-04-30,75749.9,76630.3,75273.5,76305.4,99754.46,7592288630.2618,49815.733,-2.987e-05,-8.961e-05,,,3801209432.8582,7.456581241483241,189569482834.0,2542310969259.84,59.952,cmc
2026-05-01,76305.4,78879.9,76265.4,78192.0,152998.306,11910926993.1926,50358.905,-2.899666666666667e-05,-8.699e-05,,,3937663499.76,7.290219538682064,189543857677.0,2599974619025.89,60.4138,cmc
2026-05-02,78191.9,79145.0,77979.3,78652.9,51441.108,4033520631.7541,53747.089,-2.8216666666666667e-05,-8.465e-05,,,4227364416.4081,7.289872973781684,189557557704.0,2600286155681.33,60.3836,cmc
2026-05-03,78652.8,79428.9,78027.0,78529.0,72033.621,5665696047.9264,50753.387,5.316666666666667e-06,1.595e-05,,,3985612727.723,7.2521505650251905,189557557526.0,2613811666296.28,60.339,cmc
2026-05-04,78529.0,80771.7,78128.3,79826.1,280916.582,22352471036.6139,52247.365,3.2866666666666656e-06,9.859999999999995e-06,,,4170703383.2265,7.143094967476918,189557557525.0,2653717448641.95,60.5779,cmc
2026-05-05,79826.1,81745.4,79761.2,80861.9,170921.528,13859497343.3122,54577.966,-4.416333333333333e-05,-0.00013249,,,4413278028.8954,7.072957350488611,189543901543.0,2679839452586.35,60.7502,cmc
2026-05-06,80861.9,82828.7,80651.2,81390.1,158200.508,12927894460.9271,57349.475,-6.353e-05,-0.00019059,,,4667679505.1975,7.0216763949803465,189543501975.0,2699405260409.05,60.4615,cmc
2026-05-07,81390.0,81680.6,79461.5,79969.4,134727.652,10847675002.3061,51986.312,-4.479333333333333e-05,-0.00013438,,,4157314178.8527994,7.147892536994927,189620415595.0,2652815702161.06,60.2982,cmc
2026-05-08,79969.5,80478.0,79137.4,80155.2,106762.913,8526573357.1195,51997.212,-2.1776666666666668e-05,-6.533e-05,,,4167846927.3024,7.104014168217928,189684479477.0,2670102775492.96,60.0745,cmc
2026-05-09,80155.2,81043.2,80080.0,80634.0,55957.334,4503617575.0946,52208.332,5.646666666666665e-06,1.6939999999999997e-05,,,4209766642.488,7.048676914504059,189660928647.0,2690730912304.05,60.1707,cmc
2026-05-10,80634.0,82460.5,80225.1,82177.7,94950.803,7710867902.2652,51495.384,3.493333333333333e-05,0.0001048,,,4231772217.7368,6.980439675298496,189660928627.0,2717034133224.42,59.9507,cmc
2026-05-11,82177.7,82350.0,80394.0,81699.1,121990.421,9914471000.5156,51913.228,4.315e-05,0.00012945,,,4241264005.6948,6.958155993716279,189660928627.0,2725735508061.01,60.2286,cmc
2026-05-12,81699.1,81757.3,79801.0,80461.0,121313.956,9789139740.0945,51956.65,3.194666666666667e-05,9.584e-05,,,4180484015.65,7.091078307408205,189799527727.0,2676596132476.95,60.2048,cmc
2026-05-13,80461.0,81270.2,78713.8,79288.3,139700.645,11167790014.5136,52831.015,4.184333333333333e-05,0.00012553,,,4188881366.6245,7.169986864794204,189785942690.0,2646949656517.22,60.0662,cmc
2026-05-14,79288.2,81999.0,78869.4,81048.9,175883.625,14166202818.0762,55989.962,3.65e-05,0.0001094999999999,,,4537924831.1418,7.0060106130412505,189826819800.0,2709485187570.93,60.347,cmc
2026-05-15,81048.8,81623.8,78610.0,79074.0,153823.505,12292172672.2623,52879.052,-1.528e-05,-4.5839999999999995e-05,,,4181358157.848,7.186933465225638,189827241530.0,2641282856568.65,60.1841,cmc
2026-05-16,79074.0,79199.7,77601.8,78104.2,86150.451,6745204001.3567,53594.783,2.8943333333333335e-05,8.683000000000001e-05,,,4185977650.3886,7.291652815369651,189793911824.0,2602892878058.38,60.2236,cmc
2026-05-17,78104.3,78564.3,76666.0,77430.4,86217.669,6712948169.9698,54819.784,1.7536666666666668e-05,5.261e-05,,,4244717803.0336,7.310012870170058,189778611129.0,2596146060199.55,60.1783,cmc
2026-05-18,77430.4,77757.5,76014.2,76963.2,178363.499,13699664123.4151,52837.455,3.9416666666666665e-05,0.00011825,,,4066539616.656,7.438649798664779,189785611120.0,2551344884579.27,60.1564,cmc
2026-05-19,76963.2,77384.6,76107.1,76799.9,99046.639,7603377917.7864,53541.905,5.178666666666667e-05,0.00015536,,,4112012949.8095,7.4236776188594895,189825799111.0,2557031822458.95,60.1909,cmc
2026-05-20,76800.0,77825.8,76485.0,77510.3,107607.406,8314023123.8036,53401.909,6.031666666666666e-05,0.0001809499999999,,,4139197987.1627,7.366115083380127,190433722531.0,2585266729821.64,60.1123,cmc
2026-05-21,77510.3,78180.0,76696.7,77586.2,117095.161,9079126567.9011,51506.871,4.0193333333333334e-05,0.00012058,,,3996222394.7802,7.308082281660821,189811692787.0,2597284560729.71,60.0152,cmc
2026-05-22,77586.3,77862.7,75322.0,75513.1,116206.213,8909928951.1865,52146.234,1.8783333333333337e-05,5.635e-05,,,3937723782.6654,7.372186022055926,189822193050.0,2574842692277.36,59.8377,cmc
2026-05-23,75513.1,77427.0,74203.6,76715.2,153827.753,11619846136.9379,55196.436,3.416333333333333e-05,0.00010249,,,4234405627.0272,7.516562569562512,189689589981.0,2523621512167.37,59.8068,cmc
2026-05-24,76715.3,77600.0,76056.0,77030.3,91134.277,6995184441.0506,52514.797,7.199666666666666e-05,0.00021599,,,4045230567.3491,7.401831775063489,189690479084.0,2562750476484.22,59.8823,cmc
2026-05-25,77030.3,77887.9,76871.4,77281.5,76708.408,5935318058.4616,52076.636,3.833999999999999e-05,0.0001150199999999,,,4024560545.034,7.325474581320396,189602479076.0,2588262056897.68,59.9956,cmc
2026-05-26,77281.5,78077.1,75641.2,75905.5,164920.082,12654056290.2857,53998.431,5.895333333333334e-05,0.00017686,,,4098777904.2705,7.467161553633355,189603164022.0,2539159795327.36,59.8954,cmc
2026-05-27,75905.6,76155.5,74210.0,74418.1,144715.461,10884781930.5444,50500.124,9.620666666666668e-05,0.00028862,,,3758123277.8444,7.546237939431344,189551916392.0,2511873040757.63,59.6477,cmc
2026-05-28,74418.0,74565.3,72556.0,73591.4,179445.677,13158313710.1554,57496.286,8.337e-05,0.00025011,,,4231232181.5404,7.670383301860425,189403226522.0,2469279813905.27,59.5461,cmc
2026-05-29,73591.4,74293.1,72436.0,73428.2,146157.182,10744239263.3423,58319.26,7.364333333333333e-05,0.00022093,,,4282278287.132,7.581733121968811,188928726319.0,2491893651222.84,59.6118,cmc
2026-05-30,73428.2,74108.8,73130.1,73856.8,52543.686,3872898602.558,54012.864,4.803333333333333e-05,0.0001441,,,3989217293.8752,7.551074734410752,188445050162.0,2495605682502.96,59.2844,cmc
2026-05-31,73856.9,74250.0,73340.7,73653.2,58241.459,4298158210.9843,54589.365,5.361e-05,0.00016083,,,4020681418.217999,7.5815925009562655,188445050151.0,2485560258312.9,59.3262,cmc
2026-06-01,73653.2,74070.5,70650.9,71391.5,213471.128,15378872728.3725,53993.43,6.713666666666667e-05,0.00020141,,,3854671957.845,7.7056990422069,188208550099.0,2442459134052.78,58.7393,cmc
2026-06-02,71391.5,71397.0,66150.7,66730.0,346702.152,23712505169.3278,58005.882,8.111666666666667e-05,0.00024335,,,3870732505.86,8.061289361541878,188213328258.0,2334779460416.25,57.8418,cmc
2026-06-03,66730.1,67493.8,64050.8,64117.7,310901.538,20585781398.0473,58488.682,7.464666666666667e-05,0.00022394,,,3750159765.8714,8.220611185591615,188073122085.0,2287824078270.95,57.8409,cmc
2026-06-04,64117.7,64739.8,61344.8,63853.4,431174.611,27310650403.739,58590.284,1.049e-05,3.147e-05,,,3741188840.3656,8.556098063097698,187494033381.0,2191349748428.65,57.5634,cmc
2026-06-05,63853.4,63955.0,59080.0,61022.0,478161.885,29361378809.9244,56347.859,-3.2633333333333336e-06,-9.79e-06,,,3438459051.898,8.915048105537316,187198022473.0,2099798231674.46,58.0394,cmc
2026-06-06,61022.0,61500.0,59451.3,60849.7,174760.843,10605474090.515,56433.289,3.0999999999999995e-06,9.3e-06,,,3433948705.6632996,8.975754493574494,187293022469.0,2086654916899.5,58.2492,cmc
2026-06-07,60849.7,64250.0,60708.0,63298.5,217479.033,13517713522.3448,56997.78,1.0699999999999993e-06,3.209999999999998e-06,,,3607873977.33,8.711719635632553,186928730081.0,2145715632496.1,58.1411,cmc
2026-06-08,63299.0,64179.5,62377.0,63057.9,184441.053,11686149262.5016,53705.488,2.3696666666666663e-05,7.109e-05,,,3386555291.7552,8.569869170568268,186928730080.0,2181232016026.27,58.1991,cmc
2026-06-09,63057.9,63499.9,60755.0,61695.0,221399.474,13747227695.6087,54840.348,6.939999999999999e-06,2.0819999999999997e-05,,,3383375269.8599997,8.767954905132576,186923648138.0,2131895637699.72,57.993,cmc
2026-06-10,61694.9,62840.2,60691.9,61483.7,193054.264,11904619873.8146,54963.874,-1.593333333333334e-06,-4.780000000000002e-06,,,3379382339.8538,8.80839496478889,186919022158.0,2122055413105.33,58.2898,cmc
2026-06-11,61483.6,63915.3,61483.6,63597.9,193994.574,12203645517.4952,56165.45,1.4833333333333332e-05,4.45e-05,,,3572004672.555,8.618109375525,186901301278.0,2168704214973.07,58.4539,cmc
2026-06-12,63598.0,64362.6,62800.0,63547.0,145723.782,9269070492.5146,55485.709,6.609999999999999e-06,1.983e-05,,,3525950349.823,8.562633820431978,186874601278.0,2182442986550.28,58.5799,cmc
2026-06-13,63547.0,64738.0,63360.0,64418.2,76161.387,4875081330.9115,52435.733,2.1183333333333334e-05,6.355e-05,,,3377815535.5406,8.51362120886255,186554027088.0,2191241805470.51,58.5989,cmc
2026-06-14,64418.3,65775.0,63650.0,65702.1,116733.458,7543356645.1326,52693.586,-4.144e-05,-0.00012432,,,3462079256.7306004,8.558059694456043,186545971088.0,2179769454153.79,58.6645,cmc
2026-06-15,65702.1,67255.4,65314.3,66285.9,167952.941,11128369131.6187,52396.623,-8.833333333333334e-06,-2.65e-05,,,3473157312.5157,8.133315606405745,186518471084.0,2293264888640.24,58.438,cmc
2026-06-16,66285.9,66956.7,65328.8,65644.8,129106.426,8530166441.4165,52687.523,-4.306666666666666e-06,-1.292e-05,,,3458661909.8304,8.282260589321533,186490011079.0,2251680070528.63,58.4669,cmc
2026-06-17,65644.8,66419.2,63881.2,64472.9,199486.299,12993715717.6897,51072.961,-2.436666666666666e-05,-7.309999999999999e-05,,,3292821907.2569003,8.273161003679265,186583466515.0,2255286297849.42,58.4856,cmc
2026-06-18,64472.9,64780.0,62232.1,62924.1,187698.716,11913345414.7855,49609.267,1.8013333333333333e-05,5.404e-05,,,3121618477.6347,8.654652913071159,186553322590.0,2155526333219.53,58.1545,cmc
2026-06-19,62924.0,63645.0,62237.2,63512.6,112226.881,7054926729.8511,52861.882,3.615333333333333e-05,0.00010846,,,3357395566.7131996,8.590542856877578,186440788208.0,2170302754019.04,58.2221,cmc
2026-06-20,63512.5,64370.9,63136.2,64270.0,95676.696,6097926299.7573,54266.137,4.144e-05,0.00012432,,,3487684624.99,8.518165579205656,186406006279.0,2188335088649.25,58.4321,cmc
2026-06-21,64270.1,64568.0,63220.0,63287.1,84982.076,5440812226.5408,50619.154,2.667e-05,8.001e-05,,,3203539461.1134,8.485932433877325,186406006277.0,2196647306933.94,58.4452,cmc
2026-06-22,63287.2,65597.2,63286.2,63990.2,161843.008,10442533457.2388,50666.571,4.299666666666667e-05,0.00012899,,,3242164011.6042,8.45286577225561,186406006277.0,2205240344509.32,58.5256,cmc
2026-06-23,63990.1,64247.2,61870.0,62696.7,172919.239,10846658707.2452,49799.375,1.269e-05,3.807e-05,,,3122256474.5625,8.694412625196655,186304747882.0,2142810054149.99,58.4341,cmc
2026-06-24,62696.7,63209.6,59060.0,61051.2,278097.304,16952133814.0803,50967.494,1.4383333333333332e-05,4.315e-05,,,3111626669.6927996,9.08720887676547,186305867760.0,2050199024657.11,57.9796,cmc
2026-06-25,61051.2,61931.1,58030.0,59771.9,301830.174,18118740546.7246,57981.129,-5.486666666666665e-06,-1.6459999999999995e-05,,,3465642244.4751,9.067423391644224,186326767609.0,2054903135776.18,58.0379,cmc
2026-06-26,59772.0,60734.0,58288.0,60072.0,282095.151,16822758418.5105,58853.448,6.17e-05,0.0001851,,,3535444328.2559996,8.97976292894433,186327691674.0,2074973394602.8,57.9703,cmc
2026-06-27,60071.9,60924.7,59819.8,60000.3,81302.593,4907885655.0171,57989.086,4.427e-05,0.00013281,,,3479362556.7258005,8.871442718904435,185162740804.0,2087177324714.4,58.1275,cmc
2026-06-28,60000.4,60543.3,58888.0,59550.2,103598.697,6193593269.8492,57262.474,3.3476666666666664e-05,0.00010043,,,3409991779.1948,9.01211590257788,185162740804.0,2054597863649.7,58.0094,cmc
2026-06-29,59550.2,60758.3,58850.0,60224.7,227776.275,13640923265.6366,58601.985,6.404666666666666e-05,0.00019214,,,3529286966.0295,8.851708374351626,185142740797.0,2091604614239.92,57.9854,cmc
2026-06-30,60224.7,60250.0,58160.0,58605.4,191646.301,11294873694.8577,57312.363,5.950333333333333e-05,0.00017851,,,3358813958.5601997,9.10721190590459,184960273387.0,2030920937143.04,57.5531,cmc
2026-07-01,58605.4,61322.0,57758.6,59999.6,263938.481,15695432641.0252,62705.606,4.819333333333333e-05,0.00014458,,,3762311277.7576,8.872963451481825,184637556560.0,2080900677317.28,57.9189,cmc
2026-07-02,59999.6,62180.0,59555.0,61540.6,235950.072,14413324176.5046,55876.851,6.166666666666667e-05,0.000185,,,3438694936.6506,8.65963402092356,184630761247.0,2132085037322.5,58.0523,cmc
2026-07-03,61540.5,62957.2,61229.0,62565.5,132498.494,8221425342.5955,57678.194,7.913333333333334e-05,0.0002374,,,3608665046.707,8.549400881784887,184259156627.0,2155228877143.63,57.8513,cmc
2026-07-04,62565.5,63450.0,62302.6,63114.8,79649.524,5005363317.9037,57258.625,9.826666666666668e-05,0.0002948,,,3613866665.15,8.420314303361804,184252716069.0,2188192856357.36,57.8231,cmc
2026-07-05,63114.9,63990.7,62410.1,63617.1,92627.144,5838939676.6096,57374.428,9.004666666666667e-05,0.00027014,,,3649994723.5188,8.485288550860464,184253816068.0,2171450210132.4,57.7949,cmc
2026-07-06,63617.2,64691.9,61297.0,64023.6,242793.799,15274506289.3918,57201.013,7.939999999999999e-05,0.0002382,,,3662214775.9068,8.387528441378567,184303816067.0,2197355482668.36,58.0984,cmc
2026-07-07,64023.5,64298.1,62638.0,63335.4,177205.838,11244581262.0986,54598.226,7.539000000000001e-05,0.00022617,,,3458000483.0004,8.346561125656626,184334235438.0,2208505187500.18,58.2558,cmc
2026-07-08,63335.4,63740.2,61520.0,62255.3,163095.725,10156440443.1993,55170.175,4.247e-05,0.00012741,,,3434635795.6775,8.527745273689005,183120936383.0,2147354670032.07,58.0978,cmc
2026-07-09,62255.1,63484.9,61666.0,63197.0,150854.293,9464862498.7085,57655.288,5.895666666666667e-05,0.00017687,,,3643641235.736,8.47254960628689,183409285255.0,2164747257648.45,58.3242,cmc
2026-07-10,63197.1,64680.0,62897.0,64129.5,138788.057,8884001490.3616,54872.095,8.604333333333334e-05,0.00025813,,,3518920016.3025,8.409068054303294,184276553999.0,2191402814307.08,58.4205,cmc
2026-07-11,64129.5,64497.4,63668.8,63783.0,53674.895,3443175595.1301,57120.737,5.032666666666667e-05,0.00015098,,,3643331968.071,8.34162024123413,184279015269.0,2209151339185.59,58.3801,cmc
2026-07-12,63783.1,64271.9,63602.8,63750.0,60091.946,3842437074.5187,57277.603,6.181333333333333e-05,0.0001854399999999,,,3651447191.25,8.363117329555983,184279015269.0,2203472796175.44,58.365,cmc
2026-07-13,63749.9,64411.8,61806.0,62307.0,195782.223,12292237296.2456,54467.791,5.459e-05,0.0001637699999999,,,3393724653.837,8.605464785522228,184270015266.0,2141313919220.43,58.0903,cmc
2026-07-14,62307.0,65130.0,62240.9,65014.7,190875.183,12181241959.761,60637.85,5.7783333333333326e-05,0.0001733499999999,,,3942351626.394999,8.332160731112511,184360015264.0,2212631527565.17,58.4343,cmc
2026-07-15,65014.6,65589.7,64450.9,64721.4,132223.614,8592277953.362,56485.543,8.152333333333333e-05,0.00024457,,,3655823422.7202,8.262737816963112,184321163972.0,2230751695807.11,58.4313,cmc
2026-07-16,64721.4,64974.5,63712.6,63801.0,130469.462,8392177738.2678,55462.189,5.3706666666666665e-05,0.00016112,,,3538543120.389,8.36855084579781,184203563971.0,2201140524389.55,58.4204,cmc
2026-07-17,63801.1,64356.7,62505.1,63909.9,165852.813,10503446852.1878,55060.437,5.068e-05,0.00015204,,,3518907022.6263,8.400046639828894,184174124548.0,2192536928006.29,58.548,cmc
2026-07-18,63909.9,64837.4,63859.6,64806.7,49226.738,3163687038.2765,54511.496,4.451666666666667e-05,0.00013355,,,3532710167.8231997,8.367444542843833,184192729802.0,2201302068497.47,58.6717,cmc
2026-07-19,64806.7,64948.8,64259.5,64694.7,62795.03,4055891561.1265,54667.604,4.182e-05,0.0001254599999999,,,3536704240.4988,8.33988262720147,184192729801.0,2208577003233.05,58.6486,cmc
2026-07-20,64694.8,65788.0,63736.1,65224.8,179506.147,11632181714.2429,53598.466,5.5620000000000006e-05,0.00016686,,,3495949225.1568003,8.263740924258327,184192729800.0,2228926723238.62,58.7783,cmc
2026-07-21,65224.7,66924.1,65115.3,66522.4,138894.915,9194862592.7125,54686.604,5.406666666666666e-05,0.0001621999999999,,,3637884145.9296,8.149394775218306,184188776753.0,2260152831386.99,58.9857,cmc
2026-07-22,66522.3,66711.0,65505.0,66082.0,116810.615,7707124517.2237,58014.619,3.606333333333333e-05,0.0001081899999999,,,3833722052.758,8.177640688507005,184268776752.0,2253324446144.65,58.8855,cmc
2026-07-23,66082.0,66284.1,64636.0,65069.6,124767.778,8138975806.3191,53633.089,2.7953333333333332e-05,8.386e-05,6756421156.070681,102239.457,3489883647.9944,8.289388821198427,183200347298.0,2210058561006.36,58.7892,cmc
2026-07-24,65069.6,65780.0,63666.0,64116.5,147537.472,9530027824.8239,56654.599,6.208666666666667e-05,0.00018626,6805304178.103276,104584.915,3632494596.7835,8.407922302722397,184126250265.0,2189913793629.87,58.7192,cmc
2026-07-25,64116.5,64417.1,63760.5,64338.1,46247.634,2965064790.4038,57449.242,4.076e-05,0.00012228,6803700116.8152,106114.818,3696175076.7202,8.397916024366433,184451250259.0,2196393125673.29,58.6629,cmc
2026-07-26,64338.0,65555.0,64256.4,65375.1,65763.163,4260757162.0434,57875.553,5.193666666666666e-05,0.00015581,6917476416.904509,107509.0,3783620064.9303,8.336799334932863,184451500248.0,2212497780474.47,58.597,cmc
2026-07-27,65375.2,65722.5,63567.0,63720.8,147831.733,9585011782.5078,55254.329,5.879666666666667e-05,0.00017639,6821873937.9154,104354.198,3520850047.3432,8.292068164179526,184096055246.0,2220146429105.19,58.6826,cmc
2026-07-28,63720.7,64084.5,62660.1,63903.6,144273.862,9155492233.058,54276.22,3.674e-05,0.00011022,6729450397.131,105602.91,3468445852.392,8.467084907304937,184110200248.0,2174422510977.3,58.5856,cmc
2026-07-29,63903.6,64715.9,63234.0,63958.9,179976.299,11532338882.8731,54820.774,7.888333333333333e-05,0.00023665,6598257390.1692,103253.297,3506276402.1886,8.426532827331526,184024280730.0,2183867131367.67,58.69,cmc
2026-07-30,63958.9,65157.0,63576.4,64750.0,112855.732,7285615069.239,54292.19,8.256333333333334e-05,0.00024769,6674049577.761,104348.71,3515419302.5,8.314594002011441,184085363942.0,2214003039685.0,58.806,cmc
2026-07-31,64750.0,65391.3,62410.5,62859.9,174964.935,11118195413.6568,56432.594,8.356333333333335e-05,0.00025069,6902141264.728566,106595.936,3547347215.5806,8.47867065211931,183453533910.0,2163706333659.09,58.4121,cmc
2026-08-01,62859.9,63126.6,62228.8,62792.3,54738.143,3435251324.1728,58136.61,3.610333333333333e-05,0.00010831,6884630899.8222,109523.589,3650531456.103,8.5147036190743,183516712264.0,2155291839552.62,58.427,cmc
2026-08-02,62792.3,63779.0,62782.3,63550.0,84040.407,5321527670.0529,58909.864,7.06e-05,0.0002118,6813971110.569,108516.03,3743721857.2,8.451376980752453,183410513830.0,2170184979887.98,58.4744,cmc
2026-08-03,63550.0,64058.8,62268.2,63497.2,151843.862,9601999380.3407,58228.286,6.279333333333334e-05,0.00018838,6934992824.45,109126.559,3697333121.7992,8.393970160325514,183389013965.0,2184770858869.58,58.6324,cmc
2026-08-04,63497.1,64512.9,63290.2,64075.5,130025.3,8312596119.4757,57544.863,5.671e-05,0.00017013,6893003948.116,108556.03,3687215869.1565,8.362635781525949,183213347594.0,2190856476121.32,58.6927,cmc
2026-08-05,64075.6,65022.0,63847.0,64633.9,145120.247,9345411514.1917,58674.189,1.7883333333333335e-05,5.365e-05,6934623587.2912,108225.652,3792341664.4071,8.297853193921,183223939641.0,2208088470102.48,58.7498,cmc
2026-08-06,64634.0,64971.7,64111.0,64300.0,99304.784,6412456134.2091,60309.376,5.055333333333333e-05,0.00015166,6922603001.0048,107104.832,3877892876.8,8.337733837830575,183523746636.0,2201122633626.21,58.8304,cmc
2026-08-07,64299.9,65358.0,64128.3,64885.4,124388.38,8062923719.9652,59559.187,3.893666666666667e-05,0.00011681,6800841409.3473,105767.527,3864521672.1698,8.338099805767657,183475699331.0,2200449785982.24,58.9412,cmc
2026-08-08,64885.5,65163.0,64784.3,64928.5,26438.302,1718341936.1319,59211.77,5.591666666666666e-05,0.0001677499999999,6939798035.198703,106954.613,3844531408.445,8.255646646267346,183215274331.0,2219272240943.57,58.8479,cmc
2026-08-09,64928.6,65482.7,64700.0,64867.8,47848.462,3111939060.7236,59506.79,6.048e-05,0.00018144,6960955962.3294935,107208.906,3860074552.362001,8.242732361706514,183215274329.0,2222749281296.19,58.8481,cmc
2026-08-10,64867.8,65373.6,63788.0,63939.3,128825.728,8314792239.0839,59487.173,6.820666666666666e-05,0.0002046199999999,6943198658.022434,107032.434,3803568200.5989,8.380656124691495,183215271475.0,2186168585717.32,58.6656,cmc
2026-08-11,63939.3,64470.0,63211.6,63572.0,106023.646,6767717136.9969,58306.966,4.181666666666666e-05,0.0001254499999999,6795475183.8272,106280.266,3706690442.552,8.379573923519485,182132111450.0,2173524729447.14,58.6323,cmc
2026-08-12,63571.9,64450.0,63283.0,63454.7,114432.813,7296912639.604,59820.638,8.389666666666667e-05,0.00025169,6945839157.3739,109259.581,3795900638.0986,8.410906422766857,183147832500.0,2177504103532.18,58.4409,cmc
2026-08-13,63454.6,63990.7,62800.0,63456.7,122666.092,7789208113.2887,60546.85,7.211666666666667e-05,0.00021635,7048264430.493,111075.705,3842103296.394999,8.440148747738233,183147832499.0,2169959771717.05,58.4142,cmc
2026-08-14,63456.7,63595.1,62484.2,63015.0,105347.757,6629197390.3501,60394.042,5.057666666666667e-05,0.00015173,6953694869.931596,109583.468,3805730556.63,8.452774531383174,183125703998.0,2166456745274.55,58.3855,cmc
2026-08-15,63014.9,63170.0,62890.2,63053.9,25131.185,1584147765.8165,65990.47,6.211666666666667e-05,0.00018635,7056991606.970017,111988.29,4160956496.333,8.453052818824865,183207603991.0,2167354302850.19,58.3412,cmc
2026-08-16,63053.9,63370.0,62681.1,62876.0,39928.075,2516783709.7695,65128.12,2.6016666666666668e-05,7.805e-05,7030357248.762,111497.403,4094995673.12,8.448284699128273,183124065071.0,2167588706970.25,58.406,cmc
2026-08-17,62876.0,64600.8,62723.9,64504.1,138249.331,8818500412.4621,64424.144,6.717000000000001e-05,0.00020151,6975665209.084,110943.209,4155621426.9904,8.345823461441505,183124065071.0,2194200080040.64,58.7135,cmc
2026-08-18,64504.1,65057.9,63979.2,64694.0,97513.888,6285075890.8312,62183.699,4.611333333333334e-05,0.00013834,6863100374.011925,106396.499,4022912223.106,8.305110311664674,183097065066.0,2204631343774.41,58.8917,cmc
2026-08-19,64694.1,70450.0,64131.3,69310.0,326496.482,21955019535.9597,62487.342,5.144e-05,0.00015432,6875215581.2703,106272.683,4330997674.0199995,7.938712369747683,183056965049.0,2305877282398.86,59.1948,cmc
2026-08-20,69310.1,73399.7,68882.1,72998.7,289461.823,20683034859.6725,57326.523,9.692333333333331e-05,0.00029077,7451313844.008042,107490.19,4184761654.5201,7.400038540301341,183069204367.0,2473895282706.8,59.0103,cmc
2026-08-21,72998.8,79555.5,72992.4,78309.1,450262.072,34557712020.4669,54903.025,6.926000000000001e-05,0.00020778,7856597118.995357,107624.685,4299406475.0275,7.044436384910321,183074599308.0,2598853752163.32,59.7464,cmc
2026-08-22,78309.1,78831.8,76510.0,77181.5,109999.403,8522292700.2581,49042.727,0.0001,0.0003,8308175068.4421,106094.631,3785191233.9505,6.939457036253582,183174913324.7946,2639614488105.334,,proxy_calibrated
