date,open,high,low,close,volume,quote_volume,oi_btc,funding_mean,funding_sum,bn_oi_usd,bn_oi_btc,oi_usd,usdt_d,usdt_mcap,total_mcap,btc_dominance,usdt_d_source
2022-01-01,3676.01,3776.33,3671.86,3763.06,755619.793,2815651909.34339,72537.34,0.0001,0.00030000000000000003,,,272962362.6604,4.241718142190379,79326554298.0,1870151472559.5745,,proxy_calibrated
2022-01-02,3763.05,3860.0,3714.48,3826.21,740079.43,2798657676.16421,74621.49,4.284333333333333e-05,0.00012853,,,285517491.2529,4.215197598672834,78778422990.0,1868914117212.5264,,proxy_calibrated
2022-01-03,3826.1,3850.0,3680.0,3764.07,999879.353,3777721163.97305,74796.69,6.483666666666667e-05,0.00019451,,,281539976.9283,4.269323007929552,78481342990.0,1838262011195.5469,,proxy_calibrated
2022-01-04,3764.07,3893.19,3711.0,3785.6,1253780.69,4775534414.28812,74690.98,0.0001,0.00030000000000000003,,,282750173.88799995,4.291821966218018,78388221317.0,1826455569080.2856,,proxy_calibrated
2022-01-05,3785.6,3847.18,3405.0,3537.71,1813981.948,6675092541.77517,68379.39999999,0.0001,0.00030000000000000003,,,241906487.17396462,4.5421597604083965,78502373121.0,1728304975207.2495,,proxy_calibrated
2022-01-06,3537.81,3549.11,3292.31,3404.6,1840489.348,6279177286.15747,68599.75999999,6.569333333333333e-05,0.00019708,,,233554742.89596593,4.635234433376794,78772213379.0,1699422424285.3235,,proxy_calibrated
2022-01-07,3404.61,3415.35,3040.77,3196.58,2855226.352,9156175041.42808,71412.0,7.311666666666666e-05,0.00021935,,,228274170.96,4.8273449013625855,78639572254.0,1629043995422.8853,,proxy_calibrated
2022-01-08,3196.58,3248.03,2996.45,3080.03,1859886.155,5808043464.37497,70638.6,0.0001,0.00030000000000000003,,,217569007.15800002,4.863713277807387,78498478180.0,1613961878431.04,,proxy_calibrated
2022-01-09,3079.86,3209.4,3057.0,3150.0,1230848.792,3853748750.33209,70829.73,2.7453333333333334e-05,8.236e-05,,,223113649.5,4.8071992468211455,78296609765.0,1628736520891.56,,proxy_calibrated
2022-01-10,3149.99,3179.16,2924.78,3081.31,2322294.565,7079565083.20333,70900.82,-6.451666666666667e-05,-0.00019355000000000002,,,218467405.67420003,4.828648614025337,78054241928.0,1616482129208.635,,proxy_calibrated
2022-01-11,3081.25,3262.66,3050.58,3236.86,1533503.746,4836151992.53377,68956.36,6.305333333333334e-05,0.00018916,,,223202083.4296,4.71742743328246,78481657327.0,1663653727311.1,,proxy_calibrated
2022-01-12,3236.86,3411.0,3203.85,3369.93,1435454.649,4753099829.92951,72085.12,-6.218e-05,-0.00018654,,,242921808.44159997,4.583735343918213,78555065237.0,1713778378178.582,,proxy_calibrated
2022-01-13,3369.92,3408.89,3230.97,3240.36,1374273.064,4558640511.93513,70626.82,2.0803333333333335e-05,6.241000000000001e-05,,,228856322.45520005,4.727275262756489,78482021770.0,1660195723915.5327,,proxy_calibrated
2022-01-14,3240.32,3342.63,3181.2,3305.6,1309794.267,4271754423.42846,70929.71,6.235333333333334e-05,0.00018706000000000001,,,234465249.37600002,4.656131149935674,78355483483.0,1682845284203.0127,,proxy_calibrated
2022-01-15,3305.61,3372.0,3257.59,3324.05,809020.133,2687321901.17641,71713.13,9.877333333333333e-05,0.00029632,,,238378029.77650002,4.652163759114409,78464443412.0,1686622558336.9526,,proxy_calibrated
2022-01-16,3324.06,3394.62,3269.01,3345.49,934941.801,3112687274.02912,75296.17,6.864666666666666e-05,0.00020594,,,251902583.7733,4.635674077797925,78324639023.0,1689606251615.6526,,proxy_calibrated
2022-01-17,3345.5,3355.3,3139.37,3208.61,1440138.934,4673076476.50251,74265.62,3.296666666666667e-06,9.890000000000002e-06,,,238289410.9882,4.76301875225055,78423364533.0,1646505475040.2688,,proxy_calibrated
2022-01-18,3208.6,3243.95,3080.5,3159.32,1589444.667,5010157515.14645,76909.61,7.058333333333333e-05,0.00021175,,,242982069.0652,4.7749358448931565,78444685550.0,1642842712408.3228,,proxy_calibrated
2022-01-19,3159.31,3174.6,3045.0,3082.81,1668517.082,5189639864.18362,72114.94,6.0933333333333335e-05,0.0001828,,,222316658.1814,4.856348492348004,78383467334.0,1614041238134.0913,,proxy_calibrated
2022-01-20,3082.8,3272.24,2985.0,2999.92,1880719.448,5926009927.5985,76032.5,0.0001,0.00030000000000000003,,,228091417.4,4.971817871341366,78380618748.0,1576498189923.7068,,proxy_calibrated
2022-01-21,2999.92,3031.9,2460.0,2566.91,4517274.359,12514701125.46148,75736.73,5.756666666666668e-06,1.7270000000000002e-05,,,194409369.6043,5.575802635864917,78282598757.0,1403970044661.6836,,proxy_calibrated
2022-01-22,2566.91,2625.6,2293.56,2410.96,4662398.873,11407543010.036,67551.21,8.824000000000001e-05,0.00026472,,,162863265.26160002,5.808893987527743,78144826788.0,1345261713430.8958,,proxy_calibrated
2022-01-23,2410.57,2549.0,2368.0,2538.41,2371974.868,5833997685.39064,67864.56,-2.842666666666667e-05,-8.528000000000001e-05,,,172268077.7496,5.623670890760456,78448336905.0,1394966711759.192,,proxy_calibrated
2022-01-24,2538.4,2539.59,2151.0,2438.13,4694300.254,10840194199.53302,67406.57,2.7416666666666668e-05,8.225000000000001e-05,,,164345980.51410002,5.636050406481256,78310182894.0,1389451428680.377,,proxy_calibrated
2022-01-25,2437.87,2504.98,2349.6,2457.37,2325976.562,5636577032.24078,71927.75999999,-1.1800000000000033e-06,-3.54000000000001e-06,,,176753119.5911754,5.619085113072224,78669518056.0,1400041403056.584,,proxy_calibrated
2022-01-26,2457.37,2720.06,2400.01,2461.61,3370868.336,8579635823.06901,77076.81,-0.00010686,-0.00032058,,,189733046.26410002,5.6042755164728675,78269272661.0,1396599300497.273,,proxy_calibrated
2022-01-27,2461.62,2520.0,2314.33,2422.61,2706734.602,6551124353.29313,71595.78,-6.724333333333334e-05,-0.00020173,,,173448652.5858,5.626601383009906,78752828372.0,1399651814855.8054,,proxy_calibrated
2022-01-28,2422.61,2556.93,2357.0,2543.34,2394675.788,5832709367.68838,69672.91,-5.6026666666666657e-05,-0.00016807999999999998,,,177201898.9194,5.49509223753138,78718773466.0,1432528701308.273,,proxy_calibrated
2022-01-29,2543.34,2658.41,2519.21,2599.94,1522389.395,3909322807.94748,73704.33,2.7176666666666667e-05,8.153e-05,,,191626835.7402,5.388928133970851,78249351193.0,1452039241342.4463,,proxy_calibrated
2022-01-30,2599.93,2644.93,2541.46,2600.45,1322236.477,3431223524.16989,82724.48,-2.3299999999999997e-06,-6.989999999999999e-06,,,215120874.01599997,5.421817426542974,78366901631.0,1445399124790.6667,,proxy_calibrated
2022-01-31,2600.45,2706.47,2475.33,2685.34,2119778.986,5497599951.88833,80201.57,-2.2329999999999998e-05,-6.699e-05,,,215368483.98380002,5.310286990411718,78198382293.0,1472582977797.5354,,proxy_calibrated
2022-02-01,2685.34,2812.94,2672.61,2786.38,2054796.845,5668520842.67734,75335.00999999,-7.024333333333333e-05,-0.00021073,,,209911965.16377214,5.224221986079631,78062781790.0,1494247028514.575,,proxy_calibrated
2022-02-02,2786.37,2810.0,2610.4,2678.0,2354857.007,6390741360.31646,77139.14,-1.955333333333333e-05,-5.866e-05,,,206578616.92,5.444090827005405,78016936425.0,1433057215687.8262,,proxy_calibrated
2022-02-03,2678.47,2722.99,2572.64,2694.37,2171742.641,5720509414.67786,87709.77,-0.00017255000000000002,-0.00051765,,,236322572.9949,5.398600273819383,78038075904.0,1445524246024.4216,,proxy_calibrated
2022-02-04,2694.2,2995.0,2670.14,2993.65,2953883.898,8398868704.49046,76857.67999999,9.595333333333334e-05,0.00028786,,,230084993.73197007,4.885801044442194,78064010106.0,1597773003769.794,,proxy_calibrated
2022-02-05,2993.64,3059.91,2958.01,3011.59,1557391.545,4687429957.09237,84165.45,7.269e-05,0.00021807,,,253471827.5655,4.890263846314819,78063205577.0,1596298441766.6233,,proxy_calibrated
2022-02-06,3011.58,3075.0,2948.0,3054.26,1151529.849,3460851097.7894,83868.06,0.0001,0.00030000000000000003,,,256154860.9356,4.796730259902811,78062854578.0,1627418060810.067,,proxy_calibrated
2022-02-07,3054.26,3185.99,2990.83,3138.55,1920591.918,5945879846.5335,81473.75999999,2.9720000000000003e-05,8.916000000000001e-05,,,255709469.44796863,4.660617647090357,78163472784.0,1677105454741.5574,,proxy_calibrated
2022-02-08,3138.55,3246.65,3023.28,3115.23,2122006.982,6598768727.89174,84164.12,6.446e-05,0.00019338,,,262190591.5476,4.6537260651933705,78096593702.0,1678151928324.8777,,proxy_calibrated
2022-02-09,3115.23,3269.16,3052.5,3241.82,1571485.369,4964808230.62457,83169.66,5.651333333333333e-05,0.00016954,,,269621067.1812,4.573704590488651,78040221425.0,1706280322242.2864,,proxy_calibrated
2022-02-10,3241.79,3282.96,3055.24,3070.9,2672791.971,8499639525.52764,84368.17999999,-1.3759999999999999e-05,-4.128e-05,,,259086243.9619693,4.706383666981772,78012911279.0,1657597782057.3665,,proxy_calibrated
2022-02-11,3070.89,3136.55,2873.5,2926.04,2333468.434,7077554747.74226,80559.64,-2.0366666666666666e-05,-6.11e-05,,,235720729.0256,4.881925768120417,78515301962.0,1608285453144.6318,,proxy_calibrated
2022-02-12,2926.03,2983.62,2855.0,2916.93,1869241.526,5450989532.57656,82612.85,0.0001,0.00030000000000000003,,,240975900.5505,4.898358843349157,78510632875.0,1602794637669.2952,,proxy_calibrated
2022-02-13,2917.04,2952.66,2830.31,2870.32,1277486.697,3707939332.4807,81592.55,1.6749999999999997e-05,5.0249999999999995e-05,,,234196728.11600003,4.933962084649066,78531121017.0,1591644193240.403,,proxy_calibrated
2022-02-14,2870.33,2964.44,2829.8,2928.87,1815960.443,5263552192.95742,82674.78,8.504333333333334e-05,0.00025513,,,242143682.89859998,4.875244301256336,78636273860.0,1612970940548.265,,proxy_calibrated
2022-02-15,2928.87,3198.0,2911.85,3183.73,1856076.117,5714091348.62078,84842.31,2.284e-05,6.852e-05,,,270115007.6163,4.6145697025537435,78558940144.0,1702410955034.9795,,proxy_calibrated
2022-02-16,3183.74,3186.79,3040.42,3121.8,1733462.418,5408024225.21039,84468.3,0.0001,0.00030000000000000003,,,263693138.94000003,4.69028757392666,78623518666.0,1676304862479.4067,,proxy_calibrated
2022-02-17,3121.8,3158.68,2850.0,2890.8,2632604.386,7919238051.35232,82861.50999999,5.4606666666666674e-05,0.00016382000000000001,,,239536053.1079711,5.056707726683544,78732790424.0,1556997055782.7185,,proxy_calibrated
2022-02-18,2890.75,2941.94,2750.0,2778.46,2162941.471,6148632292.71915,91003.05,-3.181333333333333e-05,-9.544e-05,,,252848334.303,5.16029620568917,78772769798.0,1526516437392.758,,proxy_calibrated
2022-02-19,2778.46,2829.99,2691.0,2761.89,1546343.886,4270584831.58429,83475.13,7.307333333333333e-05,0.00021922,,,230549126.7957,5.1589788040948985,78727591077.0,1526030520119.8074,,proxy_calibrated
2022-02-20,2761.9,2762.89,2573.33,2620.72,2242471.273,5933481403.7028,82985.78999999,1.7763333333333333e-05,5.329e-05,,,217482519.56877378,5.409934078227307,79138436958.0,1462835513587.8398,,proxy_calibrated
2022-02-21,2620.72,2758.0,2555.56,2566.88,3985389.094,10607780731.93246,81260.66,5.3333333333332825e-08,1.5999999999999847e-07,,,208586362.9408,5.573675280305042,79163080615.0,1420303060975.3691,,proxy_calibrated
2022-02-22,2566.88,2670.0,2495.0,2635.57,3195802.792,8250350069.89216,84128.92,1.0656666666666667e-05,3.197e-05,,,221727657.68440002,5.431316372796105,79390647858.0,1461720187313.058,,proxy_calibrated
2022-02-23,2635.57,2752.38,2573.39,2578.02,2704599.315,7224805564.13842,85640.53,5.393333333333332e-06,1.6179999999999998e-05,,,220782999.1506,5.557151537985978,79377609211.0,1428386623406.1348,,proxy_calibrated
2022-02-24,2578.02,2777.33,2298.72,2595.47,6227786.305,15271087886.32285,85930.57,-3.6043333333333334e-05,-0.00010813,,,223030216.5179,5.4601242804872605,79629945704.0,1458390718111.8933,,proxy_calibrated
2022-02-25,2595.47,2835.0,2571.68,2766.36,2936418.882,7859621309.73445,88939.56,0.0001,0.00030000000000000003,,,246038841.20160002,5.283289663359256,79631571239.0,1507234626775.4724,,proxy_calibrated
2022-02-26,2766.42,2882.0,2726.0,2778.15,1852287.146,5167387400.86429,82422.46,0.0001,0.00030000000000000003,,,228981957.249,5.276142100311167,79474403713.0,1506297635696.9785,,proxy_calibrated
2022-02-27,2778.15,2836.21,2553.68,2615.99,2948786.157,7998715417.35802,82989.49,6.835666666666668e-05,0.00020507000000000001,,,217099675.9451,5.510736026733532,79679402405.0,1445894015217.9573,,proxy_calibrated
2022-02-28,2615.99,2966.0,2565.0,2920.1,3405929.703,9267533739.81621,88732.1,-6.170333333333334e-05,-0.00018511,,,259106605.21,4.90063468408689,79854422104.0,1629471022667.7273,,proxy_calibrated
2022-03-01,2920.05,3036.0,2852.2,2975.61,2903119.452,8544403642.44822,78610.2,0.0001,0.00030000000000000003,,,233913297.222,4.7671352317105775,79537958060.0,1668464480112.087,,proxy_calibrated
2022-03-02,2975.61,3046.46,2912.96,2947.47,2628094.604,7817489406.51165,81797.47,0.0001,0.00030000000000000003,,,241095588.90089998,4.809645740456976,79425591344.0,1651381320580.4546,,proxy_calibrated
2022-03-03,2947.48,2970.0,2781.77,2832.97,2068430.471,5935025460.83803,76572.62,0.0001,0.00030000000000000003,,,216927935.28139997,4.995557371054121,79854759317.0,1598515508593.7832,,proxy_calibrated
2022-03-04,2832.98,2835.9,2570.65,2620.25,2431616.203,6556161324.43909,84772.47,0.0001,0.00030000000000000003,,,222125064.5175,5.369167417290496,79609484426.0,1482715628677.0107,,proxy_calibrated
2022-03-05,2620.25,2684.87,2588.0,2663.55,1085460.56,2866022819.73462,92886.18,3.2586666666666664e-05,9.776e-05,,,247406984.739,5.33724706443381,79843809462.0,1495973645178.632,,proxy_calibrated
2022-03-06,2663.55,2674.61,2529.0,2549.37,1394552.348,3653497883.30399,94343.33,1.431333333333333e-05,4.293999999999999e-05,,,240516055.2021,5.492383825876245,79862020238.0,1454050240657.734,,proxy_calibrated
2022-03-07,2549.36,2650.0,2431.62,2489.9,2690724.432,6844133016.58346,97999.17,3.8593333333333335e-05,0.00011578,,,244008133.38300002,5.584168675683615,80091190392.0,1434254497733.1873,,proxy_calibrated
2022-03-08,2489.84,2623.0,2478.35,2575.49,2643188.688,6770376286.07039,91711.45,3.3253333333333336e-05,9.976000000000001e-05,,,236201922.36049998,5.4502869565217,79896920564.0,1465921357927.7144,,proxy_calibrated
2022-03-09,2575.5,2773.17,2566.41,2726.37,2075382.606,5619678231.05178,89289.16,8.741333333333333e-05,0.00026224,,,243435287.1492,5.100957668571419,80070927071.0,1569723418101.3066,,proxy_calibrated
2022-03-10,2726.37,2733.37,2546.83,2605.44,2036842.087,5317486921.07739,87212.99,3.869666666666667e-05,0.00011609000000000001,,,227228212.66560003,5.378733478371915,80044018130.0,1488157359940.959,,proxy_calibrated
2022-03-11,2605.43,2676.2,2520.5,2555.89,2046135.535,5300909392.6962,76505.0,1.6143333333333332e-05,4.8429999999999995e-05,,,195538364.45,5.470142764368486,80042053180.0,1463253458417.5637,,proxy_calibrated
2022-03-12,2555.9,2620.0,2552.22,2567.64,835243.91,2158684698.28486,79597.46,7.093333333333334e-05,0.00021280000000000002,,,204377622.1944,5.461501213392876,80132712134.0,1467228679497.4224,,proxy_calibrated
2022-03-13,2567.63,2604.13,2490.25,2514.07,1153034.412,2952206474.62885,83893.98,3.139333333333333e-05,9.418e-05,,,210915338.29860002,5.5912387537278985,80116438308.0,1432892456158.901,,proxy_calibrated
2022-03-14,2513.77,2609.32,2496.85,2588.96,1700607.097,4359481633.20476,89191.5,3.2160000000000004e-05,9.648000000000001e-05,,,230913225.84,5.3706912708862795,80129528500.0,1491977930929.8652,,proxy_calibrated
2022-03-15,2588.96,2668.8,2504.5,2617.29,2010933.59,5180763260.29182,84313.12,1.6076666666666668e-05,4.8230000000000004e-05,,,220671885.8448,5.385148303022682,80072305020.0,1486909932917.826,,proxy_calibrated
2022-03-16,2617.29,2789.86,2602.06,2772.78,2671403.544,7174881501.972,87498.83,8.149e-05,0.00024447,,,242615005.8474,5.142974510898961,80062438312.0,1556734106737.884,,proxy_calibrated
2022-03-17,2772.78,2839.0,2745.33,2810.74,1388608.329,3874029264.8057,95009.67,0.0001,0.00030000000000000003,,,267047479.85579997,5.141384369413278,80082861271.0,1557612804586.6926,,proxy_calibrated
2022-03-18,2810.75,2984.72,2760.0,2938.02,2012338.322,5743230991.25995,107820.04,6.875333333333333e-05,0.00020626,,,316777433.9208,5.013575093427122,80158683653.0,1598832812100.278,,proxy_calibrated
2022-03-19,2938.03,2992.0,2890.6,2950.0,1138322.115,3357316687.44774,106826.24,0.0001,0.00030000000000000003,,,315137408.0,4.995609921324147,80532285250.0,1612061120029.4426,,proxy_calibrated
2022-03-20,2949.9,2965.0,2817.49,2860.47,1437020.801,4147063354.36078,104961.5,0.0001,0.00030000000000000003,,,300239221.905,5.125084368615384,80740243739.0,1575393455636.188,,proxy_calibrated
2022-03-21,2860.53,2960.0,2830.5,2889.08,1686819.608,4892675845.46698,99624.13,0.0001,0.00030000000000000003,,,287822081.5004,5.138008819758221,80827449077.0,1573127877207.5654,,proxy_calibrated
2022-03-22,2889.07,3055.9,2885.49,2968.49,1797753.573,5382225852.73813,100269.91,0.0001,0.00030000000000000003,,,297650225.13589996,4.9849879060636395,80724926155.0,1619360521553.2783,,proxy_calibrated
2022-03-23,2968.48,3043.69,2915.51,3035.55,1781378.735,5298210934.19466,98365.47,4.974e-05,0.00014922,,,298593302.4585,4.920879563748926,80845440415.0,1642906300950.163,,proxy_calibrated
2022-03-24,3035.54,3129.75,3001.0,3109.89,2081151.644,6374707643.69508,99794.09,6.062333333333333e-05,0.00018187,,,310348642.55009997,4.801288331070078,80751116254.0,1681863505914.521,,proxy_calibrated
2022-03-25,3109.89,3195.0,3075.0,3101.37,2007262.806,6287041331.74681,101690.81,0.0001,0.00030000000000000003,,,315380827.4097,4.792390899243755,80927589777.0,1688668380322.867,,proxy_calibrated
2022-03-26,3101.37,3152.24,3084.03,3143.47,760414.286,2373068593.90462,97615.53,8.326333333333334e-05,0.00024979,,,306851490.0891,4.779828031336877,81291023435.0,1700710211791.1047,,proxy_calibrated
2022-03-27,3143.47,3299.33,3125.26,3295.01,1243196.793,3969755255.96455,97568.21,2.1983333333333333e-05,6.595e-05,,,321488227.63210005,4.561834261356899,81304845677.0,1782284077388.1208,,proxy_calibrated
2022-03-28,3295.01,3430.0,3274.3,3333.62,1780150.955,5967520102.20501,93672.42,0.0001,0.00030000000000000003,,,312268252.7604,4.521697097524513,81196385911.0,1795705996216.6077,,proxy_calibrated
2022-03-29,3333.62,3480.0,3330.32,3399.0,1928941.55,6583444774.67217,88075.22,9.423e-05,0.00028269,,,299367672.78000003,4.485667316968225,81349955673.0,1813553032907.1047,,proxy_calibrated
2022-03-30,3399.0,3447.74,3332.0,3385.1,1512369.419,5123666479.18429,96283.95,0.0001,0.00030000000000000003,,,325930799.145,4.529912241744417,81664851060.0,1802791018939.2944,,proxy_calibrated
2022-03-31,3385.09,3444.6,3260.84,3281.43,1815474.754,6079844304.562,94105.96,0.0001,0.00030000000000000003,,,308802120.3228,4.685450132400457,81930453189.0,1748614345982.277,,proxy_calibrated
2022-04-01,3281.43,3483.12,3210.06,3454.33,2109764.119,7072994919.3486,100653.75,0.0001,0.00030000000000000003,,,347691268.2375,4.571407929120384,82044965080.0,1794741715290.0383,,proxy_calibrated
2022-04-02,3454.33,3533.0,3430.2,3443.07,1652414.36,5750301550.87988,95267.13,0.0001,0.00030000000000000003,,,328011397.28910005,4.609000571435166,82105881308.0,1781424845483.011,,proxy_calibrated
2022-04-03,3443.06,3580.0,3411.9,3520.76,1431228.504,5003591177.3317,99133.04,0.0001,0.00030000000000000003,,,349023641.9104,4.548763530664254,82272678352.0,1808682245128.3977,,proxy_calibrated
2022-04-04,3520.65,3551.55,3405.03,3518.96,1653737.507,5747409279.23374,98277.37,7.632e-05,0.00022896,,,345834133.9352,4.543632041831515,82388674421.0,1813277872470.2705,,proxy_calibrated
2022-04-05,3518.97,3554.99,3388.97,3405.04,1487565.105,5173971174.2849,98866.01,9.324666666666666e-05,0.00027974,,,336642718.6904,4.662839167551107,82449008616.0,1768214721832.2712,,proxy_calibrated
2022-04-06,3405.03,3406.08,3160.19,3166.78,2622721.98,8579524051.95511,106294.95,3.4233333333333363e-06,1.0270000000000008e-05,,,336612721.76100004,4.924721719820304,82412689459.0,1673448656546.773,,proxy_calibrated
2022-04-07,3166.77,3267.58,3140.33,3225.15,1752183.226,5620103056.30526,98304.38,1.1646666666666666e-05,3.494e-05,,,317046371.157,4.879874453024827,82422893105.0,1689037164755.5308,,proxy_calibrated
2022-04-08,3225.0,3315.0,3171.95,3191.26,1958267.702,6370437705.00749,101398.97,-1.059e-05,-3.177e-05,,,323590477.0022,4.987146197915522,82509660677.0,1654446398854.0493,,proxy_calibrated
2022-04-09,3191.27,3269.62,3180.24,3257.53,909857.465,2928136396.63502,96900.88,0.0001,0.00030000000000000003,,,315657523.62640005,4.923430299488305,82582177981.0,1677330092183.5496,,proxy_calibrated
2022-04-10,3257.54,3307.21,3187.0,3200.24,1000563.67,3254049432.15029,96864.45,8.66e-05,0.0002598,,,309989487.468,4.9948385825890735,82608650899.0,1653880291286.2063,,proxy_calibrated
2022-04-11,3200.24,3212.0,2945.08,2978.69,2565570.206,7861189063.1962,101006.9,8.225333333333333e-05,0.00024676,,,300868242.96099997,5.322563128901683,82714703438.0,1554038936407.4724,,proxy_calibrated
2022-04-12,2978.69,3082.0,2948.19,3026.3,1863628.985,5623890363.23573,99699.51,-7.802e-05,-0.00023406000000000002,,,301720627.113,5.245984335138049,82634863680.0,1575202257591.672,,proxy_calibrated
2022-04-13,3026.31,3133.0,2995.23,3116.45,1652978.477,5064530681.36142,97841.82,-5.305333333333333e-05,-0.00015916,,,304919139.939,5.128180524679901,82881751671.0,1616201911616.0784,,proxy_calibrated
2022-04-14,3116.53,3148.0,2973.47,3019.82,1505522.162,4606236523.90761,95239.15,1.1400000000000003e-06,3.420000000000001e-06,,,287605089.953,5.267088598271515,82736682157.0,1570823816864.433,,proxy_calibrated
2022-04-15,3019.82,3062.81,2990.06,3039.19,923299.874,2793541314.08019,100053.48,-5.410666666666667e-05,-0.00016232,,,304081535.8812,5.209921744117182,82795954521.0,1589197661452.2014,,proxy_calibrated
2022-04-16,3039.2,3090.0,3008.08,3057.99,652575.022,1983250932.42988,96478.54,-6.179e-05,-0.00018537,,,295030410.53459996,5.212069442549021,82766275586.0,1587973385587.1694,,proxy_calibrated
2022-04-17,3058.0,3082.56,2980.6,2986.03,1075168.023,3272956187.26666,95457.18,-3.469999999999999e-06,-1.0409999999999997e-05,,,285038003.1954,5.3105061000054015,82797938661.0,1559134611688.2493,,proxy_calibrated
2022-04-18,2986.02,3069.0,2875.87,3054.02,1815827.195,5367447373.56267,94528.36,-7.612000000000001e-05,-0.00022836000000000002,,,288691502.0072,5.182070092268968,82811298303.0,1598035086915.258,,proxy_calibrated
2022-04-19,3054.02,3129.43,3027.66,3100.42,1194169.089,3675189299.32606,91327.32,4.901666666666667e-05,0.00014705,,,283153049.47440004,5.103199245886022,82792973865.0,1622373924195.5742,,proxy_calibrated
2022-04-20,3100.43,3173.89,3031.48,3074.01,1393841.93,4315689906.27074,93541.57,5.496666666666666e-05,0.0001649,,,287547721.5957,5.1271597540094795,82787027489.0,1614676184494.932,,proxy_calibrated
2022-04-21,3073.96,3180.0,2933.33,2981.31,1801732.011,5555789275.52444,89477.36,-7.841333333333334e-05,-0.00023524000000000003,,,266759748.14159998,5.258764901257651,83021908772.0,1578733986608.6245,,proxy_calibrated
2022-04-22,2981.31,3035.37,2930.26,2960.38,1476858.769,4405125111.45917,98389.54,-0.00010573666666666667,-0.00031721,,,291270426.4252,5.340579881613414,83120398074.0,1556392749786.7317,,proxy_calibrated
2022-04-23,2960.39,2976.82,2904.36,2930.28,615769.147,1817888152.35829,101216.11,-4.970333333333333e-05,-0.00014911,,,296591542.8108,5.382683076056246,83182809348.0,1545378172421.5112,,proxy_calibrated
2022-04-24,2930.28,2967.2,2908.99,2918.97,847760.075,2491367633.1007,101576.39,-4.800666666666666e-05,-0.00014402,,,296498435.11829996,5.388060400236535,83198500617.0,1544127096521.5537,,proxy_calibrated
2022-04-25,2918.98,3026.02,2791.3,3006.11,2207537.517,6381274608.20131,103329.11,-0.00011087666666666667,-0.00033263,,,310618670.8621,5.260163616067128,83221428016.0,1582107213581.7373,,proxy_calibrated
2022-04-26,3006.12,3043.0,2761.27,2807.88,2115673.365,6148208700.99848,100606.66,8.330333333333333e-05,0.00024991,,,282491428.48080003,5.566759204284042,83139688331.0,1493502508012.5205,,proxy_calibrated
2022-04-27,2807.89,2920.0,2792.27,2887.57,1889647.276,5415643571.37906,94127.57,-0.00012447,-0.00037341,,,271799947.30490005,5.425384576903551,83214573094.0,1533800450722.9485,,proxy_calibrated
2022-04-28,2887.57,2979.76,2853.24,2935.39,1925868.923,5612621053.48657,95623.91,8.496666666666668e-06,2.549e-05,,,280693469.1749,5.3501126108235875,83154011772.0,1554247878890.897,,proxy_calibrated
2022-04-29,2935.39,2946.29,2776.0,2815.37,1671919.811,4775274689.59476,95816.08,8.192666666666667e-05,0.00024578,,,269757717.14959997,5.518052628498676,83139556788.0,1506682925759.267,,proxy_calibrated
2022-04-30,2815.38,2841.04,2711.65,2725.1,1115770.231,3118023087.07109,102262.32,-6.611333333333333e-05,-0.00019834,,,278675048.232,5.6659424434969035,83229249235.0,1468939193523.3394,,proxy_calibrated
2022-05-01,2725.1,2849.0,2714.5,2823.38,1217450.891,3385139761.72705,103207.67,-9.266e-05,-0.00027798,,,291394471.3246,5.542681170072231,83424696945.0,1505132523145.1628,,proxy_calibrated
2022-05-02,2823.38,2882.15,2774.97,2855.16,1598694.15,4519577853.11413,100220.05,-1.0066666666666665e-05,-3.0199999999999992e-05,,,286144277.958,5.506883299495989,83267550080.0,1512063095428.606,,proxy_calibrated
2022-05-03,2855.15,2860.76,2753.0,2780.91,1170566.655,3294651871.44225,103208.36,7.977666666666667e-05,0.00023933,,,287013160.4076,5.617504398648223,83147512568.0,1480150377594.8682,,proxy_calibrated
2022-05-04,2780.92,2965.0,2770.08,2939.76,1716921.512,4918906434.58761,105334.56,9.740333333333334e-05,0.00029221,,,309658326.1056,5.356143066228527,83241023586.0,1554122482479.045,,proxy_calibrated
2022-05-05,2939.76,2955.79,2684.84,2746.37,2174369.003,6098185668.96568,96320.16,0.0001,0.00030000000000000003,,,264530797.8192,5.754251257543284,83185453774.0,1445634715115.2231,,proxy_calibrated
2022-05-06,2746.36,2757.28,2630.0,2691.59,1917392.823,5168734732.80876,99104.44,-3.3060000000000005e-05,-9.918000000000001e-05,,,266748519.65960002,5.84840994698885,83270750871.0,1423818638327.0432,,proxy_calibrated
2022-05-07,2691.6,2703.61,2581.89,2634.82,963077.904,2563154598.57406,95651.58,7.706e-05,0.00023118,,,252024696.01560003,5.940982223583412,83284503885.0,1401864216229.9792,,proxy_calibrated
2022-05-08,2634.82,2641.11,2480.0,2518.9,1999269.154,5089866425.1632,93889.05,9.955666666666668e-05,0.00029867,,,236497128.04500002,6.182635637401095,83355823233.0,1348224739765.5005,,proxy_calibrated
2022-05-09,2519.03,2530.88,2222.46,2227.48,4531752.048,10697215137.69064,98296.21,9.731000000000002e-05,0.00029193000000000003,,,218952841.8508,6.915409330447327,83246318700.0,1203780061629.63,,proxy_calibrated
2022-05-10,2227.62,2455.88,2197.38,2340.86,4079487.756,9596880256.63219,85640.55,8.643666666666667e-05,0.00025931,,,200472537.87300003,6.6808523555859685,83173635948.0,1244955456596.151,,proxy_calibrated
2022-05-11,2340.85,2451.86,2002.0,2083.98,5826464.141,13173803440.07364,85251.22,8.412333333333334e-05,0.00025237,,,177661837.4556,7.151538852911882,82690895711.0,1156267167273.109,,proxy_calibrated
2022-05-12,2083.98,2193.7,1775.43,1959.78,5639772.981,10971252687.57215,90031.85,-0.00042309666666666667,-0.00126929,,,176442618.993,7.025936078180475,79485744715.0,1131318927905.5415,,proxy_calibrated
2022-05-13,1959.79,2149.99,1939.33,2008.49,2799355.876,5809760462.83815,81022.55,-9.285666666666667e-05,-0.00027857,,,162732981.4495,6.940285060496855,79485744715.0,1145280691241.6594,,proxy_calibrated
2022-05-14,2008.48,2068.6,1950.07,2055.0,1712302.978,3446491889.9187,88068.34,7.012333333333334e-05,0.00021037,,,180980438.7,6.5640628190645955,76734593140.0,1169010645619.2473,,proxy_calibrated
2022-05-15,2054.99,2174.32,2000.0,2144.07,1621232.284,3360404560.97969,84489.42999999,8.101333333333334e-05,0.00024304,,,181151252.18007857,6.248968701402552,75778562416.0,1212657096506.05,,proxy_calibrated
2022-05-16,2144.06,2144.07,1976.0,2022.89,2642704.669,5366648840.78374,85832.1,6.555333333333333e-05,0.00019666,,,173628896.76900002,6.546682023285984,75778562416.0,1157510967333.7146,,proxy_calibrated
2022-05-17,2022.79,2124.1,2006.71,2090.0,1960680.703,4051495838.11071,82623.16,-2.4883333333333333e-05,-7.465e-05,,,172682404.4,6.409839880831556,75778562416.0,1182222392834.0806,,proxy_calibrated
2022-05-18,2090.0,2110.89,1906.61,1914.2,2331823.162,4654040139.80995,81499.78999999,-5.493333333333335e-06,-1.6480000000000005e-05,,,156006898.01798084,6.690416264581836,74235444120.0,1109578854054.1558,,proxy_calibrated
2022-05-19,1914.19,2039.3,1901.7,2019.46,2582771.916,5090224818.55394,96025.11,-3.753333333333335e-06,-1.1260000000000004e-05,,,193918868.6406,6.36525605908971,74239609934.0,1166325584467.0127,,proxy_calibrated
2022-05-20,2019.45,2064.74,1922.0,1958.69,2606153.056,5192199953.44636,91281.61,8.882333333333333e-05,0.00026647,,,178792376.6909,6.576162068649695,74227359934.0,1128733737993.7983,,proxy_calibrated
2022-05-21,1958.69,1990.75,1935.52,1973.94,1160939.76,2287008380.25312,96949.56,2.3206666666666666e-05,6.962e-05,,,191372614.4664,6.4533245777389325,73301536761.0,1135872461984.2822,,proxy_calibrated
2022-05-22,1973.94,2056.73,1965.25,2042.63,1433318.968,2881685469.42391,93826.2,6.534666666666666e-05,0.00019604,,,191652210.90600002,6.276107278454151,73301536752.0,1167945885878.08,,proxy_calibrated
2022-05-23,2042.63,2088.6,1955.01,1972.45,2340762.693,4768428725.69658,94701.06,0.0001,0.00030000000000000003,,,186793105.797,6.5011405003513625,73301536752.0,1127518113906.9111,,proxy_calibrated
2022-05-24,1972.45,1993.72,1911.38,1978.56,2077293.838,4070659059.88736,96263.18,-5.590333333333334e-05,-0.00016771,,,190462477.42079997,6.418370151219284,73301536751.0,1142058420190.6003,,proxy_calibrated
2022-05-25,1978.56,2022.74,1933.0,1942.0,2151769.493,4241561280.90225,94129.05,5.884e-05,0.00017652,,,182798615.1,6.465563162769462,73301536751.0,1133722382809.4502,,proxy_calibrated
2022-05-26,1942.01,1965.28,1725.0,1791.02,4404820.882,8138603051.65734,97202.22,-3.5200000000000023e-06,-1.0560000000000007e-05,,,174091120.0644,6.654156843658217,73301536751.0,1101590155946.8118,,proxy_calibrated
2022-05-27,1790.99,1821.85,1694.97,1726.55,4743622.208,8357706808.1021,97610.46,5.0656666666666666e-05,0.00015197,,,168529339.713,6.803937832427125,73301737670.0,1077342848734.5768,,proxy_calibrated
2022-05-28,1726.55,1809.33,1721.3,1791.74,2072895.705,3668617968.70122,107877.3,6.502666666666667e-05,0.00019508,,,193288073.502,6.618026587372659,72563691346.0,1096455119785.3016,,proxy_calibrated
2022-05-29,1791.75,1829.0,1755.25,1812.45,1640982.631,2945787959.89123,118805.33,4.531333333333333e-05,0.00013594,,,215328720.3585,6.534221835519861,72563691346.0,1110517719976.167,,proxy_calibrated
2022-05-30,1812.46,2013.56,1801.52,1997.87,3264009.122,6239500143.71399,120337.44,6.0379999999999994e-05,0.00018114,,,240418561.2528,6.066690430413942,72563691346.0,1196100117161.39,,proxy_calibrated
2022-05-31,1997.87,2016.77,1922.0,1941.68,2655076.664,5223236544.60503,118031.05,9.253666666666668e-05,0.00027761,,,229178529.164,6.1023714455794735,72563691346.0,1189106431706.3943,,proxy_calibrated
2022-06-01,1941.68,1972.77,1758.52,1817.1,3499271.987,6601368863.36227,112607.75,0.0001,0.00030000000000000003,,,204619542.52499998,6.479569317017187,72564891346.0,1119903002741.6174,,proxy_calibrated
2022-06-02,1817.16,1852.99,1780.48,1833.37,2390879.573,4344141365.88604,118279.56,-9.266666666666657e-07,-2.779999999999997e-06,,,216850196.91719997,6.380653179051689,72643774670.0,1138500599100.0522,,proxy_calibrated
2022-06-03,1833.37,1843.33,1733.01,1774.15,2363750.458,4201383506.66514,113592.5,5.999666666666666e-05,0.00017999,,,201530133.875,6.534972078270402,72564891346.0,1110408590532.2734,,proxy_calibrated
2022-06-04,1774.16,1815.48,1747.45,1803.71,1318917.819,2339470640.78652,120757.4,7.666666666666667e-05,0.00023,,,217811329.954,6.484104012547488,72569891345.0,1119196903759.855,,proxy_calibrated
2022-06-05,1803.7,1830.0,1772.19,1805.39,1432385.263,2579985158.45067,121871.9,4.8393333333333336e-05,0.00014518000000000002,,,220026309.541,6.473536929727092,72569891345.0,1121023825657.8442,,proxy_calibrated
2022-06-06,1805.4,1919.33,1803.52,1859.11,2917516.33,5476426770.55326,125101.0,9.865666666666667e-05,0.00029597,,,232576520.10999998,6.226233583585377,72569891345.0,1165550414560.75,,proxy_calibrated
2022-06-07,1859.1,1875.0,1722.0,1812.61,4087315.102,7291656503.16585,126075.58,2.695e-05,8.085e-05,,,228525857.06379998,6.288261273779561,72446991345.0,1152098937858.791,,proxy_calibrated
2022-06-08,1812.62,1840.13,1763.87,1791.02,2628755.953,4737579638.63843,119131.81,9.013666666666667e-05,0.00027041,,,213367454.3462,6.4354825037405305,72446991345.0,1125742961819.743,,proxy_calibrated
2022-06-09,1791.01,1832.7,1776.32,1788.03,1839669.689,3309798407.29703,127416.01,8.473666666666666e-05,0.00025421,,,227823648.36029997,6.452914300712894,72456991345.0,1122856866966.2205,,proxy_calibrated
2022-06-10,1788.03,1803.82,1650.0,1661.95,3608897.284,6228607832.37609,136171.21,3.0513333333333335e-05,9.154000000000001e-05,,,226309742.45949998,6.727775430527408,72523923241.0,1077977765308.8916,,proxy_calibrated
2022-06-11,1661.95,1680.97,1498.93,1532.19,4960438.976,7778168198.17592,155391.84,-0.00013796666666666667,-0.0004139,,,238089823.3296,6.964871656491796,72521423239.0,1041245651259.122,,proxy_calibrated
2022-06-12,1532.19,1548.81,1421.0,1434.35,6016472.456,8893071858.23435,160098.1,-7.588666666666667e-05,-0.00022766,,,229636709.73499998,7.40088330232093,72521423239.0,979902266750.4722,,proxy_calibrated
2022-06-13,1434.35,1454.58,1162.0,1209.04,17351785.758,21941467145.7048,168316.43,-1.2613333333333335e-05,-3.7840000000000004e-05,,,203501296.52719998,8.583073085446253,72320423093.0,842593583592.2094,,proxy_calibrated
2022-06-14,1209.03,1268.9,1073.0,1208.32,12336657.753,14657104013.43293,165784.45,-4.042e-05,-0.00012126,,,200320666.624,8.599266797003448,71625572083.0,832926501454.276,,proxy_calibrated
2022-06-15,1208.32,1249.4,1012.42,1236.49,15639610.636,17507842534.93348,150861.92,-7.584e-05,-0.00022752000000000002,,,186539255.46080002,8.365662258742335,70896956466.0,847475720071.1854,,proxy_calibrated
2022-06-16,1236.48,1257.29,1050.51,1067.77,8764835.417,9948262782.32809,145516.65,-1.750666666666667e-05,-5.2520000000000005e-05,,,155378313.3705,9.149680796793682,70065257821.0,765767236880.5798,,proxy_calibrated
2022-06-17,1067.77,1118.0,1050.0,1085.99,6582676.581,7160320740.4379,168288.88,-0.00011007333333333334,-0.00033022,,,182760040.7912,9.00154673830788,69250758856.0,769320660873.6426,,proxy_calibrated
2022-06-18,1085.99,1097.0,878.04,994.09,11387513.195,11140422450.60394,179858.28,-0.00014682333333333332,-0.00044047,,,178795317.5652,9.527797358523236,68257437389.0,716403118375.9304,,proxy_calibrated
2022-06-19,994.09,1162.98,935.5,1127.88,10406484.218,10737479691.15422,195863.76,-8.804e-05,-0.00026412,,,220910817.62880003,8.774845007667375,68199671483.0,777217961381.7427,,proxy_calibrated
2022-06-20,1127.88,1174.0,1052.05,1127.83,8647003.105,9597579628.31477,203134.85,5.422666666666667e-05,0.00016268,,,229101577.8755,8.744638192105313,67950741493.0,777056065674.0051,,proxy_calibrated
2022-06-21,1127.82,1194.0,1108.63,1125.47,6719191.952,7717129837.30618,192793.1,5.347666666666667e-05,0.00016043,,,216982850.257,8.659855574783982,67521526405.0,779707303683.1138,,proxy_calibrated
2022-06-22,1125.47,1126.81,1042.0,1049.4,6439701.679,6985067146.03695,178823.13,-5.3733333333333336e-05,-0.00016120000000000002,,,187656992.622,8.948146522069692,67007466804.0,748841859470.3708,,proxy_calibrated
2022-06-23,1049.41,1156.01,1044.16,1143.71,5945329.708,6567067983.10538,179426.28,-7.018333333333334e-05,-0.00021055,,,205211630.6988,8.465920626411473,67006166804.0,791481160300.0171,,proxy_calibrated
2022-06-24,1143.71,1244.94,1131.36,1224.42,6052742.304,7195488084.82197,189209.29,7.349666666666667e-05,0.00022049,,,231671638.86180001,8.297736330184474,67003866803.0,807495733014.0952,,proxy_calibrated
2022-06-25,1224.42,1258.0,1179.03,1241.6,4537650.045,5514062293.63994,174833.09,-4.333333333333312e-07,-1.2999999999999935e-06,,,217072764.54399997,8.194708845618603,66893892036.0,816305902945.7234,,proxy_calibrated
2022-06-26,1241.6,1280.0,1193.54,1197.21,4564404.562,5642425991.65198,195584.37,1.4383333333333335e-05,4.3150000000000005e-05,,,234155563.6077,8.381528847504327,66893892036.0,798110860835.5889,,proxy_calibrated
2022-06-27,1197.2,1238.89,1172.14,1191.9,4630510.301,5578212007.99774,198778.1,-6.060333333333333e-05,-0.00018181,,,236923617.39000002,8.46904509854027,66893702036.0,789861209353.2225,,proxy_calibrated
2022-06-28,1191.89,1239.66,1135.65,1143.5,5830850.719,6943637262.86077,213201.34,1.6056666666666668e-05,4.817e-05,,,243795732.29,8.674508852352291,66861361158.0,770779790487.7233,,proxy_calibrated
2022-06-29,1143.51,1156.76,1085.6,1099.32,6255310.525,6996782558.42135,196987.02,2.0156666666666666e-05,6.047e-05,,,216551770.82639998,8.797156687949887,66851361158.0,759920091562.8937,,proxy_calibrated
2022-06-30,1099.33,1106.6,995.0,1070.85,8433372.481,8776684715.97994,193283.63,-8.330333333333333e-05,-0.00024991,,,206977775.1855,8.866278259310345,66535427995.0,750432436802.1289,,proxy_calibrated
2022-07-01,1070.9,1118.21,1032.65,1059.24,7465681.271,7965023016.58434,200264.93,-6.079333333333333e-05,-0.00018238,,,212128624.45319998,9.062271115623096,66352543726.0,732184491938.3411,,proxy_calibrated
2022-07-02,1059.16,1078.98,1026.16,1066.53,3974288.532,4182655936.29859,196456.09,-3.085e-05,-9.255e-05,,,209526313.6677,9.099913819797628,66705660402.0,733036177297.3743,,proxy_calibrated
2022-07-03,1066.53,1088.0,1040.01,1073.9,3749708.763,3986193835.78978,219461.09,2.699999999999993e-06,8.09999999999998e-06,,,235679264.55100003,9.065120865355198,66703760402.0,735828693216.0651,,proxy_calibrated
2022-07-04,1073.91,1160.68,1044.33,1150.23,5930747.625,6505251168.91222,228759.3,1.999999999999999e-06,5.999999999999997e-06,,,263125809.639,8.637540484309296,66554981805.0,770531633697.1367,,proxy_calibrated
2022-07-05,1150.23,1176.0,1075.0,1131.8,7139408.684,8047372440.069,220280.98,2.2883333333333335e-05,6.865e-05,,,249314013.164,8.681302912586865,66516981805.0,766209663166.5533,,proxy_calibrated
2022-07-06,1131.81,1205.45,1111.03,1186.37,6534667.739,7479228870.10764,233327.0,8.124333333333333e-05,0.00024373,,,276812152.98999995,8.475006102195893,66467721853.0,784279339170.9542,,proxy_calibrated
2022-07-07,1186.36,1254.82,1162.93,1236.92,5320583.171,6422728354.47917,216014.41,8.963666666666668e-05,0.00026891,,,267192544.01720002,8.119754165514589,66467721853.0,818592786162.1117,,proxy_calibrated
2022-07-08,1236.91,1277.0,1192.0,1213.53,6498615.367,7993846092.86714,232330.88,8.501666666666667e-05,0.00025505,,,281940492.8064,8.16214908605236,66465721853.0,814316439852.562,,proxy_calibrated
2022-07-09,1213.53,1236.87,1203.75,1216.48,2797190.032,3405360762.76592,217776.57,3.6696666666666664e-05,0.00011009,,,264920841.8736,8.15908691989079,66464371853.0,814605512915.5265,,proxy_calibrated
2022-07-10,1216.49,1219.5,1152.0,1167.81,3568244.792,4207542141.60389,223620.93,7.049333333333334e-05,0.00021148,,,261146758.26329997,8.424668307903612,66464371853.0,788925681390.2854,,proxy_calibrated
2022-07-11,1167.81,1170.97,1091.1,1095.95,4532538.359,5159629837.34689,227072.96,3.729e-05,0.00011187,,,248860610.512,8.799775194039354,66464371853.0,755296247772.5629,,proxy_calibrated
2022-07-12,1095.88,1097.51,1032.09,1037.88,5644661.921,6026006795.32593,235857.72,-2.059e-05,-6.177e-05,,,244792010.43360004,9.098468181139785,66464371853.0,730500679122.822,,proxy_calibrated
2022-07-13,1037.88,1120.0,1005.0,1114.19,8490574.12,9015293731.15611,243415.84,-0.00016783,-0.00050349,,,271211494.76960003,8.685568896786906,66424371853.0,764767082528.96,,proxy_calibrated
2022-07-14,1114.18,1216.9,1070.57,1193.01,7455813.799,8433152233.87695,202032.43,-5.558e-05,-0.00016674,,,241026709.3143,8.447961629179717,66404371853.0,786040168833.5764,,proxy_calibrated
2022-07-15,1193.01,1294.99,1180.74,1230.58,7636816.255,9358068233.24177,217386.61,4.738e-05,0.00014214,,,267511614.53379998,8.314843147011553,66349759464.0,797967662058.025,,proxy_calibrated
2022-07-16,1230.59,1440.57,1191.41,1355.37,8366413.063,10769354837.13322,245328.14,5.383000000000001e-05,0.00016149000000000003,,,332510401.1118,8.027629642145234,66349759464.0,826517445643.7588,,proxy_calibrated
2022-07-17,1355.38,1387.92,1316.0,1338.27,6374217.855,8620438757.41276,203554.67,3.1230000000000004e-05,9.369e-05,,,272411108.2209,8.149347582435098,66349759464.0,814172653612.2797,,proxy_calibrated
2022-07-18,1338.28,1597.19,1335.49,1580.12,9898091.92,14534269566.88306,195604.03,1.4560000000000001e-05,4.368e-05,,,309077839.8836,7.434739745634936,66369719504.0,892697280264.1385,,proxy_calibrated
2022-07-19,1580.12,1640.0,1492.57,1541.39,9494246.978,14678284685.59557,190918.95,8.080666666666667e-05,0.00024242,,,294280560.34050006,7.285448138107359,66339719504.0,910578433150.908,,proxy_calibrated
2022-07-20,1541.4,1620.0,1477.0,1521.34,8184052.839,12777657100.29962,189192.11,1.3763333333333336e-05,4.1290000000000006e-05,,,287825524.6274,7.341582276826277,66319719504.0,903343679922.22,,proxy_calibrated
2022-07-21,1521.26,1607.0,1462.3,1575.39,7325264.216,11149023837.25642,184635.75,0.0001,0.00030000000000000003,,,290873314.1925,7.288518723827662,66319719504.0,909920410675.3164,,proxy_calibrated
2022-07-22,1575.38,1646.3,1515.75,1534.53,6728238.217,10696578370.91302,194380.9,9.772333333333335e-05,0.00029317000000000004,,,298283322.477,7.432577576612622,66284219403.0,891806627240.1945,,proxy_calibrated
2022-07-23,1534.53,1596.72,1485.53,1548.01,5150014.938,7926850191.05773,204298.84,7.334666666666667e-05,0.00022004000000000001,,,316256647.3084,7.46365679532267,66284219403.0,888093078509.9744,,proxy_calibrated
2022-07-24,1548.01,1664.9,1543.45,1597.77,6366445.957,10183471414.41454,197443.27,0.0001,0.00030000000000000003,,,315468933.5079,7.371763492717223,66284219403.0,899163673230.7552,,proxy_calibrated
2022-07-25,1597.77,1609.26,1433.2,1440.4,8130738.376,12331583506.62446,208165.97,5.433333333333334e-05,0.000163,,,299842263.188,7.864554098733032,66289219402.0,842885922962.6139,,proxy_calibrated
2022-07-26,1440.4,1455.0,1355.0,1448.27,7673932.806,10756084151.888,192831.64,7.947e-05,0.00023841,,,279272279.26280004,7.866533639202103,66289219402.0,842673818512.059,,proxy_calibrated
2022-07-27,1448.28,1644.66,1420.22,1635.45,9108934.438,13818423664.79994,218838.61,4.09e-05,0.0001227,,,357899604.7245,7.2495989771012175,66289219401.0,914384638521.1506,,proxy_calibrated
2022-07-28,1635.46,1784.5,1595.0,1723.82,9638750.264,16135851976.92102,240611.86,0.0001,0.00030000000000000003,,,414771536.50519997,6.972743072906882,66279219400.0,950547276831.8812,,proxy_calibrated
2022-07-29,1723.83,1766.3,1656.0,1721.85,8322821.761,14239175682.25539,209720.6,0.0001,0.00030000000000000003,,,361107415.11,6.995130243678941,66366919400.0,948758880650.8872,,proxy_calibrated
2022-07-30,1721.85,1744.0,1671.0,1696.68,4893669.344,8364186474.40813,203906.18,8.349666666666667e-05,0.00025049,,,345963537.4824,7.062235880249473,66489919400.0,941485395382.3368,,proxy_calibrated
2022-07-31,1696.68,1755.55,1666.0,1677.63,4341013.588,7400936551.22337,199482.15,6.653e-05,0.00019959,,,334657239.3045,7.1627332502319545,66630919400.0,930244322554.414,,proxy_calibrated
2022-08-01,1677.63,1704.32,1605.5,1629.45,5621692.061,9324464883.62185,203699.92,8.702666666666667e-05,0.00026108,,,331918834.64400005,7.227457003805976,66630919400.0,921913743172.9056,,proxy_calibrated
2022-08-02,1629.45,1678.0,1557.8,1629.97,8048319.82,12978724614.80327,204774.33,4.403333333333334e-05,0.0001321,,,333776014.6701,7.293058697476411,66740569600.0,915124536473.208,,proxy_calibrated
2022-08-03,1629.98,1685.91,1588.5,1617.37,5772165.287,9474080417.19574,197286.25,1.403e-05,4.209e-05,,,319084862.16249996,7.353848379647626,66845569599.0,908987595991.244,,proxy_calibrated
2022-08-04,1617.37,1664.28,1580.0,1607.2,6186609.903,10013026532.58118,207524.45,5.3346666666666675e-05,0.00016004000000000002,,,333533296.04,7.407105382633908,66859367154.0,902638260159.6704,,proxy_calibrated
2022-08-05,1607.2,1743.4,1605.0,1737.13,7645714.788,12843741577.30625,223559.22,9.216333333333334e-05,0.00027649,,,388351427.83860004,7.116008406843441,66909367154.0,940265431525.5376,,proxy_calibrated
2022-08-06,1737.12,1751.0,1685.03,1689.85,3673770.096,6311553238.84685,221397.85,0.0001,0.00030000000000000003,,,374129156.8225,7.2409521053810115,66909367154.0,924041012566.2516,,proxy_calibrated
2022-08-07,1689.84,1729.39,1667.0,1699.25,3426181.998,5804010084.89889,230350.02,3.507666666666667e-05,0.00010523000000000001,,,391422271.48499995,7.18576706365408,66909367154.0,931137435451.1222,,proxy_calibrated
2022-08-08,1699.25,1819.78,1693.15,1776.09,6333566.586,11180279823.20407,218687.42,3.825e-05,0.00011475000000000001,,,388408539.7878,6.976456015281324,66909367153.0,959073876570.5798,,proxy_calibrated
2022-08-09,1776.08,1790.0,1666.05,1702.04,6330296.526,10892575737.02873,230624.48,-2.892333333333333e-05,-8.677e-05,,,392532089.9392,7.187284688075438,66909367153.0,930940821977.048,,proxy_calibrated
2022-08-10,1702.04,1886.75,1655.0,1853.24,9215939.763,16379353776.41723,235298.93,-1.2043333333333332e-05,-3.6129999999999995e-05,,,436065389.03319997,6.869047356324157,66950804389.0,974673792681.8936,,proxy_calibrated
2022-08-11,1853.25,1943.0,1849.8,1879.35,7873808.723,14907737774.29255,241350.3,5.3916666666666665e-05,0.00016175,,,453581686.30499995,6.866611574251415,67190804388.0,978514710806.618,,proxy_calibrated
2022-08-12,1879.35,1964.46,1852.0,1957.4,5535344.089,10503385045.46876,249446.06,5.372666666666667e-05,0.00016118,,,488265717.84400004,6.7152628305018744,67332804384.0,1002683083053.1736,,proxy_calibrated
2022-08-13,1957.4,2019.0,1945.5,1982.8,5390461.793,10705002496.90554,254351.89,4.8190000000000004e-05,0.00014457,,,504328927.49200004,6.694156483420984,67470804384.0,1007905993101.6088,,proxy_calibrated
2022-08-14,1982.79,2030.0,1905.0,1934.55,4960301.502,9772904219.56565,255651.43,3.885e-05,0.00011655,,,494570473.9065,6.789881947717815,67717804384.0,997334046533.1804,,proxy_calibrated
2022-08-15,1934.56,2012.94,1871.0,1898.56,7812767.162,15018776583.95025,246092.12,-2.5400000000000004e-05,-7.620000000000001e-05,,,467220655.3472,6.8358502109241694,67409100679.0,986111436018.2368,,proxy_calibrated
2022-08-16,1898.55,1915.0,1850.0,1875.78,6218534.016,11706754821.45182,243937.11,7.666666666666695e-07,2.3000000000000085e-06,,,457572352.19579995,6.9169859911561735,67560100679.0,976727446974.4492,,proxy_calibrated
2022-08-17,1875.79,1957.7,1818.01,1833.55,8253584.13,15456235081.25482,256263.21,5.5289999999999994e-05,0.00016586999999999998,,,469871408.69549996,7.056462146233612,67560100679.0,957421711885.1864,,proxy_calibrated
2022-08-18,1833.55,1882.0,1820.11,1845.86,5330045.147,9902115271.66837,262964.34999999,5.075333333333333e-05,0.00015225999999999998,,,485395375.09098154,7.0677106160390055,67543600679.0,955664490927.5278,,proxy_calibrated
2022-08-19,1845.86,1847.65,1601.85,1608.29,10707278.713,18452074675.28043,268562.61,5.5700000000000005e-05,0.00016710000000000002,,,431926560.0369,7.857561959710158,67543600678.0,859599975467.3456,,proxy_calibrated
2022-08-20,1608.29,1657.0,1520.64,1574.93,7333793.524,11770457029.84846,231641.87,6.016666666666666e-06,1.8049999999999998e-05,,,364819730.3191,7.836110975032478,67543700675.0,861954366014.068,,proxy_calibrated
2022-08-21,1574.92,1648.7,1560.0,1617.17,6301946.927,10132763944.54036,238157.33,-1.785e-05,-5.355e-05,,,385140889.3561,7.692716564218486,67543700675.0,878021438995.5476,,proxy_calibrated
2022-08-22,1617.17,1629.0,1528.0,1624.02,8702841.846,13698514100.45008,245465.63,2.920666666666667e-05,8.762e-05,,,398641092.4326,7.709051141187426,67543700675.0,876161014344.9669,,proxy_calibrated
2022-08-23,1624.02,1680.0,1562.41,1664.19,8533214.781,13842148886.67689,259948.53,-1.5186666666666668e-05,-4.5560000000000004e-05,,,432603744.1407,7.625572287252818,67543700675.0,885752545915.911,,proxy_calibrated
2022-08-24,1664.19,1693.84,1605.0,1655.71,7245610.326,11946551543.69754,285497.99,-3.551333333333333e-05,-0.00010653999999999999,,,472701877.0229,7.672151465292505,67543700675.0,880374963666.399,,proxy_calibrated
2022-08-25,1655.71,1722.0,1652.27,1694.16,5903160.698,10016122886.2417,283657.5,-2.8199999999999998e-05,-8.46e-05,,,480561190.20000005,7.578541895419861,67543700675.0,891249287885.0542,,proxy_calibrated
2022-08-26,1694.15,1706.0,1485.0,1507.23,12030116.664,19517508006.90065,294886.11,5.335e-05,0.00016005000000000001,,,444461191.5753,8.157127889625258,67637693999.0,829185160686.5919,,proxy_calibrated
2022-08-27,1507.22,1517.4,1443.4,1490.0,7282986.956,10825970419.74756,274631.89,-0.00018568,-0.00055704,,,409201516.1,8.224246796157622,67543810675.0,821276553939.9492,,proxy_calibrated
2022-08-28,1490.0,1510.0,1423.1,1426.3,5691272.507,8412659314.02118,277868.75,-0.00016785666666666664,-0.00050357,,,396324198.125,8.448972828948337,67543810675.0,799432215518.2896,,proxy_calibrated
2022-08-29,1426.29,1559.79,1420.59,1550.67,9032669.023,13462848651.39427,288434.38,-0.00016169,-0.00048507000000000004,,,447266540.0346,8.068716863640704,67543810675.0,837107210681.3698,,proxy_calibrated
2022-08-30,1550.66,1605.0,1471.92,1523.48,12249570.308,18926962419.59301,301556.31,-7.316333333333334e-05,-0.00021949,,,459415007.1588,8.226754256383158,67548911675.0,821088239296.666,,proxy_calibrated
2022-08-31,1523.49,1621.29,1523.26,1553.04,11937118.009,18812423619.66005,279377.44,-1.3569999999999999e-05,-4.0709999999999995e-05,,,433884339.4176,8.121861179590908,67548911675.0,831692517039.5781,,proxy_calibrated
2022-09-01,1553.04,1599.0,1505.0,1585.4,9119984.942,14170488622.63159,285974.25,-2.7843333333333335e-05,-8.353000000000001e-05,,,453383575.95000005,8.053039107434687,67549551675.0,838808191216.124,,proxy_calibrated
2022-09-02,1585.4,1649.64,1545.0,1574.49,9144439.365,14620844149.07381,303470.14,2.3066666666666667e-05,6.92e-05,,,477810700.7286,8.113161058284796,67549551675.0,832592268164.348,,proxy_calibrated
2022-09-03,1574.49,1582.02,1532.6,1556.41,3937946.105,6120571237.10822,304396.57,-0.00010727000000000001,-0.00032181,,,473765865.5137,8.17019334082803,67549551675.0,826780332571.1018,,proxy_calibrated
2022-09-04,1556.42,1586.0,1539.7,1578.14,3969402.047,6193035829.21504,309349.67,-3.9573333333333336e-05,-0.00011872,,,488197088.2138,8.094598821061076,67549551675.0,834501538226.2676,,proxy_calibrated
2022-09-05,1578.14,1631.6,1555.72,1616.92,5810610.257,9199273055.66278,303381.55,-4.806333333333333e-05,-0.00014419,,,490543695.826,8.085769704901866,67549551675.0,835412757724.8358,,proxy_calibrated
2022-09-06,1616.93,1686.75,1551.7,1558.23,11076502.23,18073176431.24372,318833.45,-0.00010737000000000001,-0.00032211,,,496815846.7935,8.430618608185666,67544851675.0,801184999750.9989,,proxy_calibrated
2022-09-07,1558.23,1657.6,1486.16,1629.35,9094507.329,14158089326.65611,285983.89,-0.00020877666666666668,-0.00062633,,,465967851.17149997,8.187557556688349,67544851675.0,824969488242.8419,,proxy_calibrated
2022-09-08,1629.36,1666.0,1594.0,1634.22,8111052.514,13203029495.58423,280474.15,-2.0213333333333335e-05,-6.064e-05,,,458356465.41300005,8.174256453582817,67544851675.0,826311873851.1654,,proxy_calibrated
2022-09-09,1634.23,1746.3,1629.25,1717.48,7591864.92,12916052034.8623,290583.27,-8.195e-05,-0.00024585,,,499070954.55960006,7.586099596980731,67545351175.0,890383131825.5176,,proxy_calibrated
2022-09-10,1717.49,1788.98,1705.0,1773.05,4234258.288,7348536836.11749,289021.4,-0.0001389,-0.0004167,,,512449393.27000004,7.452927912963078,67545351175.0,906292828319.412,,proxy_calibrated
2022-09-11,1773.04,1787.88,1718.02,1765.01,3909495.301,6884026557.92414,282906.89,-0.00019952666666666667,-0.00059858,,,499333489.9189,7.436568679352962,67651351175.0,909711912737.7732,,proxy_calibrated
2022-09-12,1765.0,1783.43,1691.28,1715.14,6512918.389,11291212213.97169,287314.76,-0.0003365133333333333,-0.00100954,,,492785037.4664,7.392201981900238,67723351175.0,916145843157.698,,proxy_calibrated
2022-09-13,1715.15,1762.88,1556.78,1571.9,9660861.421,15865869412.73067,304037.13,-0.00041000666666666667,-0.00123002,,,477915964.647,8.089633859971098,67817481045.0,838325716823.5089,,proxy_calibrated
2022-09-14,1571.91,1642.24,1548.0,1635.39,6491665.957,10351087044.81358,287699.06,-0.0015526066666666667,-0.00465782,,,470500165.73340005,7.9886006890789165,67882481045.0,849741821966.4054,,proxy_calibrated
2022-09-15,1635.4,1657.8,1455.0,1471.93,12706158.928,19824699198.48316,309696.9,-0.00176439,-0.00529317,,,455852158.0170001,8.369842065134796,67880481045.0,811012687177.9485,,proxy_calibrated
2022-09-16,1471.94,1482.65,1403.0,1433.58,8136455.084,11772482639.46676,319698.52,2.9963333333333335e-05,8.989000000000001e-05,,,458313404.3016,8.409964019345212,67920586030.0,807620411618.4578,,proxy_calibrated
2022-09-17,1433.58,1475.15,1408.15,1467.96,4366994.599,6308438616.51773,328890.68,6.474666666666666e-05,0.00019423999999999998,,,482798362.6128,8.27533523337876,67920695920.0,820760658082.349,,proxy_calibrated
2022-09-18,1467.96,1469.0,1320.0,1333.67,7139282.229,9967351085.11641,329000.5,5.139e-05,0.00015417,,,438778096.83500004,8.681925625184109,67920695918.0,782322941364.286,,proxy_calibrated
2022-09-19,1333.68,1394.0,1276.62,1375.05,10278329.861,13666010265.88282,366718.25,-6.836333333333333e-05,-0.00020509,,,504255929.66249996,8.576619699543624,67920695918.0,791928502106.8868,,proxy_calibrated
2022-09-20,1375.05,1384.53,1311.0,1322.08,7850914.483,10604151627.64198,355568.62,-7.533e-05,-0.00022599,,,470090161.1296,8.857444061796675,67950695918.0,767159187728.6622,,proxy_calibrated
2022-09-21,1322.09,1420.0,1218.0,1244.19,11244354.459,14907764982.7589,354349.91,-4.596666666666666e-05,-0.0001379,,,440878614.5229,9.12804767600794,67959715798.0,744515346656.4879,,proxy_calibrated
2022-09-22,1244.2,1349.84,1235.6,1325.73,9848169.894,12674382231.70619,358950.18,-0.0002023933333333333,-0.0006071799999999999,,,475871022.1314,8.703301703727869,67966741908.0,780930550516.1097,,proxy_calibrated
2022-09-23,1325.73,1359.22,1260.75,1326.62,10875882.189,14195748237.66868,348054.45,-3.752333333333333e-05,-0.00011256999999999999,,,461735994.459,8.731029405750952,67951850744.0,778279943705.6241,,proxy_calibrated
2022-09-24,1326.62,1348.84,1305.36,1316.19,4603413.868,6117137472.97961,345030.38,-7.186666666666666e-06,-2.1559999999999997e-05,,,454125535.85220003,8.854226388896276,67949850742.0,767428431999.5831,,proxy_calibrated
2022-09-25,1316.18,1336.92,1268.19,1293.99,4839166.035,6323317973.41767,357982.21,-1.2403333333333335e-05,-3.7210000000000005e-05,,,463225399.9179,8.926773324018034,67949850742.0,761191622948.2017,,proxy_calibrated
2022-09-26,1293.98,1340.0,1277.55,1335.25,8104991.588,10639323515.45812,357933.31,3.014666666666667e-05,9.044000000000001e-05,,,477930452.1775,8.732926331767949,67949850742.0,778087987468.9587,,proxy_calibrated
2022-09-27,1335.25,1400.0,1303.02,1327.19,9686206.927,13143901188.70475,388099.13,1.758e-05,5.274e-05,,,515081284.34470004,8.788370682992431,67951354338.0,773196270265.453,,proxy_calibrated
2022-09-28,1327.2,1355.76,1250.0,1336.43,10608737.289,13854142475.32485,379967.19,-3.6463333333333334e-05,-0.00010939,,,507799551.7317,8.677299679603646,67951354336.0,783093322173.9764,,proxy_calibrated
2022-09-29,1336.43,1351.93,1287.24,1334.8,8973401.704,11892132443.56242,384430.91,6.051e-05,0.00018153,,,513138378.6679999,8.631599082629336,67951354336.0,787239463806.292,,proxy_calibrated
2022-09-30,1334.8,1373.34,1307.53,1327.78,8510622.642,11394338399.68576,360570.35,6.115333333333334e-05,0.00018346,,,478758099.32299995,8.690611951763769,67951354326.0,781893780359.2668,,proxy_calibrated
2022-10-01,1327.78,1333.38,1301.0,1311.31,2763699.151,3648363835.7798,352995.07,6.719666666666667e-05,0.00020159,,,462885965.2417,8.74857842467696,67944572025.0,776635571252.9243,,proxy_calibrated
2022-10-02,1311.32,1317.7,1266.66,1275.96,4140053.849,5371485640.17009,368847.75,1.1503333333333334e-05,3.451e-05,,,470634975.09000003,8.884473960501397,67944572025.0,764756274001.9054,,proxy_calibrated
2022-10-03,1275.95,1329.0,1260.48,1322.59,5798622.25,7563682363.97532,370966.09,-3.3300000000000003e-06,-9.990000000000001e-06,,,490636040.9731,8.639981406138904,67944572025.0,786397201928.2799,,proxy_calibrated
2022-10-04,1322.58,1370.0,1318.06,1360.73,5536817.118,7456202392.44989,383608.92,7.144333333333333e-05,0.00021433,,,521988165.7116,8.386483366690417,67944722036.0,810169400751.0233,,proxy_calibrated
2022-10-05,1360.73,1364.75,1315.27,1351.61,5456174.624,7323277791.98338,407283.32,-2.8433333333333338e-06,-8.530000000000001e-06,,,550488208.1452,8.461342777307433,68057722036.0,804337134509.25,,proxy_calibrated
2022-10-06,1351.6,1383.29,1344.0,1351.5,7101597.575,9688859096.22463,387365.15,2.152e-05,6.456e-05,,,523524000.225,8.529811668765259,68207722035.0,799639249771.0735,,proxy_calibrated
2022-10-07,1351.5,1361.21,1316.22,1330.41,5119226.33,6854336044.88562,386162.21,1.9316666666666668e-05,5.795e-05,,,513754065.8061001,8.684183551810284,68218071686.0,785543871556.9229,,proxy_calibrated
2022-10-08,1330.42,1337.19,1302.0,1314.74,2182988.071,2887524977.80279,394754.59,7.278666666666667e-05,0.00021836000000000002,,,518999649.65660006,8.75567280993975,68328206686.0,780387848760.5361,,proxy_calibrated
2022-10-09,1314.75,1328.72,1306.41,1322.61,2303208.579,3036627474.46765,381918.02,1.8533333333333337e-06,5.560000000000001e-06,,,505128592.4322,8.739350519482322,68367006686.0,782289330695.592,,proxy_calibrated
2022-10-10,1322.6,1337.93,1284.38,1289.56,4968203.961,6508981566.24311,406606.68,3.295e-05,9.885e-05,,,524343710.26079994,8.884799538682135,68367006686.0,769482827252.8561,,proxy_calibrated
2022-10-11,1289.57,1297.7,1265.0,1279.68,5514583.049,7068866635.71179,413910.31,5.0299999999999996e-05,0.00015089999999999998,,,529672745.5008,8.928258874055276,68417006686.0,766297299967.564,,proxy_calibrated
2022-10-12,1279.67,1306.6,1274.35,1294.02,4405169.271,5701823057.72268,409382.19,2.6566666666666668e-05,7.97e-05,,,529748741.5038,8.875045015961875,68417006686.0,770891939848.769,,proxy_calibrated
2022-10-13,1294.02,1301.0,1176.0,1286.38,10523564.637,13177563627.81076,430385.73,-6.728333333333333e-05,-0.00020185,,,553639595.3574001,8.826212777027047,68417006686.0,775157005778.0212,,proxy_calibrated
2022-10-14,1286.38,1343.36,1282.74,1295.35,7171699.686,9450587003.03056,435710.43,6.733333333333333e-05,0.000202,,,564397505.5005,8.867423923724871,68417606686.0,771561247939.7549,,proxy_calibrated
2022-10-15,1295.34,1301.32,1262.12,1274.13,3049822.11,3917050344.33982,419607.59,1.533666666666667e-05,4.601e-05,,,534634618.6467001,8.937012944478713,68427706686.0,765666415737.6503,,proxy_calibrated
2022-10-16,1274.12,1315.0,1273.98,1305.51,3282852.856,4242204246.14907,426802.43,-1.333333333333334e-06,-4.000000000000002e-06,,,557194840.3893,8.824886606143682,68427706686.0,775394741484.4086,,proxy_calibrated
2022-10-17,1305.52,1338.16,1295.0,1330.62,5154706.89,6802174597.73257,430913.33,3.318333333333334e-05,9.955000000000001e-05,,,573381895.1646,8.69947772036033,68427706685.0,786572583832.8344,,proxy_calibrated
2022-10-18,1330.62,1342.0,1285.11,1309.93,6506270.391,8569353674.81877,460933.81,6.816e-05,0.00020448,,,603791025.7333,8.798073471928868,68437706685.0,777871506794.7242,,proxy_calibrated
2022-10-19,1309.93,1312.78,1275.56,1284.45,4389238.836,5694630433.42334,445983.77,6.932000000000001e-05,0.00020796,,,572843853.3765,8.90310363721845,68447706685.0,768807255021.2922,,proxy_calibrated
2022-10-20,1284.45,1310.0,1270.0,1282.2,5294962.986,6829877558.46932,453362.56,6.5099999999999995e-06,1.9529999999999998e-05,,,581301474.432,8.930767363555558,68447706562.0,766425815113.2634,,proxy_calibrated
2022-10-21,1282.19,1307.0,1248.0,1299.08,6030198.052,7736955770.56057,466247.51,4.844666666666667e-05,0.00014534000000000001,,,605692815.2908,8.866297429157806,68447806562.0,771999891825.2141,,proxy_calibrated
2022-10-22,1299.08,1320.0,1293.67,1313.19,2486638.762,3251370186.83828,483601.48,-6.513333333333333e-06,-1.954e-05,,,635060627.5212001,8.828167606160166,68448256112.0,775339336152.1343,,proxy_calibrated
2022-10-23,1313.18,1371.0,1298.22,1363.44,3682722.299,4892526172.62552,511486.72,4.4590000000000005e-05,0.00013377000000000002,,,697381453.5168,8.638293322553276,68448256112.0,792381707313.5497,,proxy_calibrated
2022-10-24,1363.43,1370.4,1322.25,1342.72,5502275.006,7394468406.05214,530333.26,5.529666666666667e-05,0.00016589,,,712089074.8672,8.740808914288474,68448256112.0,783088347808.5035,,proxy_calibrated
2022-10-25,1342.73,1533.68,1334.16,1459.2,11473585.177,16344240230.08303,552277.93,-4.4333333333333304e-07,-1.3299999999999991e-06,,,805883955.4560001,8.348184931948538,68468256112.0,820157395531.2334,,proxy_calibrated
2022-10-26,1459.19,1595.0,1456.69,1565.45,10817326.89,16625093320.88943,532131.07999999,5.849333333333333e-05,0.00017548,,,833024599.1859843,8.020764098912526,68509056112.0,854146254236.4089,,proxy_calibrated
2022-10-27,1565.45,1588.0,1500.46,1513.7,8021549.342,12406744072.25012,535724.12,3.3113333333333334e-05,9.934000000000001e-05,,,810925600.444,8.234347218474998,68715726112.0,834501197105.5328,,proxy_calibrated
2022-10-28,1513.7,1574.8,1475.0,1553.79,7430625.343,11324631030.27013,536847.07999999,2.728e-05,8.184e-05,,,834147624.4331844,8.11849050106434,68882440613.0,848463647324.2096,,proxy_calibrated
2022-10-29,1553.8,1665.0,1546.71,1618.82,7454042.474,12038906676.54819,524979.86,8.136666666666666e-05,0.0002441,,,849847896.9652,7.981547677035909,68972240613.0,864146195749.0189,,proxy_calibrated
2022-10-30,1618.82,1639.87,1574.6,1589.89,3955450.865,6332682157.97092,523859.72,9.010333333333334e-05,0.00027031,,,832879330.2308,8.079112699295058,69098240613.0,855270166227.8973,,proxy_calibrated
2022-10-31,1589.88,1634.93,1543.72,1572.01,7113753.83,11265423901.76959,529035.82999999,5.34e-05,0.0001602,,,831649615.1182842,8.154221711463645,69258582034.0,849358583623.4076,,proxy_calibrated
2022-11-01,1572.0,1613.0,1562.7,1577.88,4495232.885,7122535302.01501,512970.55,-1.1949999999999997e-05,-3.584999999999999e-05,,,809405971.434,8.163994996838685,69415082044.0,850258752864.0005,,proxy_calibrated
2022-11-02,1577.88,1622.5,1501.0,1517.26,8956953.565,13993599315.82898,521551.76,5.4680000000000005e-05,0.00016404,,,791329623.3776,8.331390517601404,69349642963.0,832389777150.4974,,proxy_calibrated
2022-11-03,1517.26,1558.14,1514.07,1530.27,4820992.806,7425208238.02046,528752.93999999,-5.456333333333333e-05,-0.00016369,,,809134761.4937848,8.295528515703463,69345491008.0,835938190999.2686,,proxy_calibrated
2022-11-04,1530.27,1679.4,1527.78,1644.09,8773312.803,14117291322.98787,520854.25,6.897e-05,0.00020691,,,856331263.8824999,7.904697923645859,69345840658.0,877273759577.3405,,proxy_calibrated
2022-11-05,1644.08,1666.8,1620.1,1626.11,3007552.195,4936106420.27118,516978.56,5.496666666666666e-05,0.0001649,,,840664006.2016,7.8965295752163875,69355840658.0,878307869265.4608,,proxy_calibrated
2022-11-06,1626.11,1638.5,1561.32,1567.42,3810965.466,6138703520.86827,516150.5,7.346666666666666e-05,0.0002204,,,809024616.71,8.077354545470861,69421840658.0,859462590965.8287,,proxy_calibrated
2022-11-07,1567.42,1608.0,1544.94,1567.52,6311427.259,9948551937.36538,516372.1,4.107333333333333e-05,0.00012322,,,809423594.1919999,8.15331424052085,69421840658.0,851455477000.7883,,proxy_calibrated
2022-11-08,1567.52,1580.54,1195.22,1333.4,20492980.873,29374837585.47329,514363.96,-3.128e-05,-9.384e-05,,,685852904.264,9.102022704664744,69514640653.0,763727392345.155,,proxy_calibrated
2022-11-09,1333.4,1336.47,1071.14,1101.49,23279890.038,27924782502.31694,375734.84,-0.0003511566666666666,-0.00105347,,,413868168.91160005,10.551382306327598,69853060833.0,662027578994.1718,,proxy_calibrated
2022-11-10,1101.53,1350.0,1083.77,1298.21,15328692.985,18981639356.49054,400463.87,-0.0004330433333333333,-0.00129913,,,519886200.6727,9.313533388646947,68261959893.0,732933002379.2072,,proxy_calibrated
2022-11-11,1298.3,1309.88,1199.57,1288.64,11730741.022,14813683425.71741,387884.83,-9.183000000000001e-05,-0.00027549000000000003,,,499843907.33120006,9.50473351839407,68261959893.0,718189097683.7572,,proxy_calibrated
2022-11-12,1288.67,1291.69,1238.0,1256.82,4582467.37,5792014547.78374,377738.73,8.277333333333334e-05,0.00024832,,,474749590.63859993,9.550658646532847,67410067070.0,705815897780.7432,,proxy_calibrated
2022-11-13,1256.85,1273.91,1200.0,1220.78,4739475.303,5856567989.37609,372948.7,-3.708333333333333e-05,-0.00011125,,,455288313.986,9.676769000407935,66458360239.0,686782543183.5603,,proxy_calibrated
2022-11-14,1220.78,1290.0,1170.5,1242.89,9479256.426,11685915959.46197,375723.74,3.4336666666666666e-05,0.00010301,,,466983279.20860004,9.518957009655445,66372513988.0,697266663991.3997,,proxy_calibrated
2022-11-15,1242.9,1292.0,1232.52,1252.81,6157353.578,7759799922.32057,350744.99,-2.6300000000000002e-05,-7.890000000000001e-05,,,439416830.9219,9.361861167227827,66048734131.0,705508583722.759,,proxy_calibrated
2022-11-16,1252.8,1268.2,1185.59,1215.78,6410929.265,7840175274.84689,368546.35,-4.524666666666667e-05,-0.00013574,,,448071281.40299994,9.50912395817843,65960834131.0,693658368752.9873,,proxy_calibrated
2022-11-17,1215.72,1228.92,1181.0,1199.7,5819726.225,6998582017.23369,408736.26,-5.8949999999999996e-05,-0.00017685,,,490360891.12200004,9.529340094973316,65934833971.0,691913955361.7184,,proxy_calibrated
2022-11-18,1199.7,1235.0,1198.48,1212.04,3844518.715,4667089419.93724,423208.11,-6.912666666666667e-05,-0.00020738,,,512945157.64439994,9.499914287665089,65934833971.0,694057145932.4779,,proxy_calibrated
2022-11-19,1212.05,1233.66,1196.0,1216.91,2150246.728,2603491616.74213,411767.2,5.6279999999999996e-05,0.00016884,,,501083623.35200006,9.488151974307028,65935083722.0,694920189943.686,,proxy_calibrated
2022-11-20,1216.9,1226.5,1131.6,1141.57,5200695.873,6120393596.02878,417235.56,1.3663333333333334e-05,4.099e-05,,,476303598.22919995,9.795524511897064,65878083722.0,672532477888.1251,,proxy_calibrated
2022-11-21,1141.53,1147.03,1077.32,1106.95,9738564.67,10872443056.73908,409034.94,-5.987666666666666e-05,-0.00017962999999999999,,,452781226.833,10.063307690837688,65875083722.0,654606673529.1926,,proxy_calibrated
2022-11-22,1106.94,1142.96,1071.52,1139.11,7509599.62,8331237863.26098,420320.12,-1.0253333333333332e-05,-3.076e-05,,,478790851.8932,9.77003282586843,65496800213.0,670384648448.4885,,proxy_calibrated
2022-11-23,1139.11,1190.0,1127.01,1183.83,6642657.893,7724547462.35971,425137.67,-2.4683333333333338e-05,-7.405000000000001e-05,,,503290727.87609994,9.536618678437195,65498800213.0,686813664481.4822,,proxy_calibrated
2022-11-24,1183.84,1216.71,1179.72,1202.92,5188015.378,6220071901.35329,431985.47,8.736666666666667e-06,2.621e-05,,,519643961.5724,9.47761567277638,65352699103.0,689547892205.8414,,proxy_calibrated
2022-11-25,1202.93,1209.27,1170.99,1198.55,4268310.488,5071643622.45446,458395.76,2.665666666666667e-05,7.997000000000001e-05,,,549410238.148,9.513187327872329,65352829103.0,686970905235.1488,,proxy_calibrated
2022-11-26,1198.55,1238.0,1195.08,1204.84,3881430.501,4716635434.54015,460122.6,-5.564e-05,-0.00016692,,,554374113.384,9.522498929695224,65352829103.0,686299148842.1378,,proxy_calibrated
2022-11-27,1205.0,1222.91,1186.58,1193.26,2990387.752,3624416287.45259,478265.16,-4.1099999999999996e-05,-0.0001233,,,570694684.8216,9.556774920474046,65352829103.0,683837692598.4806,,proxy_calibrated
2022-11-28,1193.25,1198.8,1150.25,1167.21,5581193.574,6533252497.45609,462235.56,-4.844e-05,-0.00014532,,,539525967.9876,9.691811959577484,65352829103.0,674309709841.3892,,proxy_calibrated
2022-11-29,1167.2,1228.75,1156.06,1215.74,5916426.621,7132437233.9672,460971.58,5.592666666666667e-05,0.00016778,,,560421588.6692001,9.50360301657214,65352829103.0,687663710163.8127,,proxy_calibrated
2022-11-30,1215.75,1312.99,1211.53,1294.02,6987495.376,8899047729.23707,500862.28,9.739333333333334e-05,0.00029218,,,648125807.5656,9.09352331530236,65282829103.0,717904676102.2059,,proxy_calibrated
2022-12-01,1294.09,1300.51,1262.0,1275.7,4742584.148,6068049140.14661,485354.57,3.8853333333333336e-05,0.00011656000000000001,,,619166824.949,9.19731764043414,65352829103.0,710564010703.3984,,proxy_calibrated
2022-12-02,1275.7,1297.24,1264.43,1295.0,4241223.544,5429934958.52178,489795.51,4.875333333333333e-05,0.00014626,,,634285185.45,9.122041903803913,65352829103.0,716427635305.5089,,proxy_calibrated
2022-12-03,1294.99,1312.0,1235.17,1239.76,3733284.723,4739114178.11653,490303.27,-1.837e-05,-5.511e-05,,,607858382.0152,9.310568920246917,65434579462.0,702798937664.3236,,proxy_calibrated
2022-12-04,1239.76,1287.99,1239.13,1278.82,3873239.959,4893240341.17784,502013.66,-5.156666666666667e-06,-1.547e-05,,,641985108.6811999,9.165072104769072,65486363712.0,714520987542.7383,,proxy_calibrated
2022-12-05,1278.82,1304.98,1246.0,1258.66,5401461.11,6905572840.95312,486696.68,2.895e-05,8.685e-05,,,612585643.2488,9.251541565234993,65486363712.0,707842722753.1633,,proxy_calibrated
2022-12-06,1258.67,1274.42,1240.55,1270.72,4094634.401,5143559417.12193,492530.0,3.3113333333333334e-05,9.934000000000001e-05,,,625867721.6,9.197548056609218,65566863712.0,712873293060.8027,,proxy_calibrated
2022-12-07,1270.72,1278.3,1217.02,1230.83,4598453.506,5688885187.00896,480447.3,2.797e-05,8.391e-05,,,591348950.259,9.37546674208162,65675363712.0,700502337843.2699,,proxy_calibrated
2022-12-08,1230.78,1294.31,1221.0,1279.73,5403214.246,6769034561.56288,518710.93,5.716666666666666e-06,1.7149999999999997e-05,,,663809938.4489,9.148109330062413,65675362712.0,717911869463.3258,,proxy_calibrated
2022-12-09,1279.72,1297.63,1254.0,1262.31,4410565.839,5628848627.17139,502171.73,7.251666666666666e-05,0.00021755,,,633896396.4963,9.21589596747734,65697842712.0,712875264042.1073,,proxy_calibrated
2022-12-10,1262.31,1283.92,1258.58,1265.88,2219440.107,2815529332.16199,537451.4,3.858e-05,0.00011574,,,680348978.2320001,9.209120690743347,65698342212.0,713405160147.7809,,proxy_calibrated
2022-12-11,1265.87,1284.9,1255.0,1262.43,2427305.929,3084127004.0478,543647.12,3.3899999999999997e-06,1.017e-05,,,686316433.7016001,9.229707042817866,65698342212.0,711813949318.3961,,proxy_calibrated
2022-12-12,1262.43,1278.83,1238.5,1274.88,4101114.474,5144565033.61437,516627.62,-4.026666666666666e-06,-1.2079999999999996e-05,,,658638220.1856,9.16471642565869,65698342212.0,716861702649.7697,,proxy_calibrated
2022-12-13,1274.89,1350.0,1254.32,1321.06,7377534.339,9619436612.69286,533385.28,9.649666666666666e-05,0.00028949,,,704633957.9968001,8.905130799562885,65782208212.0,738700078557.2848,,proxy_calibrated
2022-12-14,1321.05,1354.4,1300.17,1307.76,5647195.942,7479465702.91782,552469.25,0.0001,0.00030000000000000003,,,722497186.38,8.945321290125909,65977518212.0,737564544325.8455,,proxy_calibrated
2022-12-15,1307.76,1311.86,1256.1,1266.26,4199459.837,5374816224.59595,578207.9,0.0001,0.00030000000000000003,,,732161535.454,9.16493843643372,65962268212.0,719724073102.0924,,proxy_calibrated
2022-12-16,1266.26,1279.76,1154.7,1166.2,7218530.189,8739897084.46596,576972.96,5.406666666666667e-05,0.0001622,,,672865865.952,9.62673891056801,66030168212.0,685903802164.1328,,proxy_calibrated
2022-12-17,1166.19,1190.0,1161.07,1186.45,3336484.36,3926389487.824,507813.49,1.8936666666666668e-05,5.681000000000001e-05,,,602495315.2105,9.533755489541544,66042368212.0,692721438938.181,,proxy_calibrated
2022-12-18,1186.44,1196.0,1171.12,1182.45,2877052.211,3402889257.43771,526559.54,5.986666666666667e-05,0.0001796,,,622630328.0730001,9.568452416103128,66147253212.0,691305660889.0918,,proxy_calibrated
2022-12-19,1182.45,1194.86,1148.0,1167.21,4295030.572,5053649056.7304,518971.49,-1.142e-05,-3.426e-05,,,605748712.8429,9.707780696397272,66147253212.0,681383884542.7195,,proxy_calibrated
2022-12-20,1167.21,1232.0,1162.5,1216.21,5778341.186,6963536310.44835,524441.68999999,7.473999999999999e-05,0.00022422,,,637831227.7948879,9.448602144451751,66200693212.0,700640075642.017,,proxy_calibrated
2022-12-21,1216.22,1226.0,1202.06,1213.21,2943786.951,3566753016.5772,533650.1,6.588666666666667e-05,0.00019766,,,647429637.821,9.48169882287655,66233093212.0,698536142618.2302,,proxy_calibrated
2022-12-22,1213.21,1239.99,1182.0,1217.39,4400633.138,5306923844.99218,528765.06,8.874333333333333e-05,0.00026623,,,643713296.3934001,9.474540337059503,66237845405.0,699114078874.2203,,proxy_calibrated
2022-12-23,1217.38,1234.25,1208.33,1219.5,3311152.464,4040440150.9293,522841.02,5.58e-05,0.0001674,,,637604623.89,9.48309680929258,66237845405.0,698483277531.1635,,proxy_calibrated
2022-12-24,1219.5,1229.0,1214.0,1219.96,1200985.985,1464144965.51859,561073.15,5.764666666666667e-05,0.00017294,,,684486800.074,9.463996919631514,66237795405.0,699892402411.9294,,proxy_calibrated
2022-12-25,1219.96,1225.0,1187.54,1217.96,2475907.604,3000167697.41548,554830.32999999,3.3333333333333337e-06,1e-05,,,675761148.7267878,9.469496508806287,66237795405.0,699485926663.5905,,proxy_calibrated
2022-12-26,1217.97,1231.49,1210.0,1227.57,1928492.812,2350576564.38967,551577.38,3.526333333333333e-05,0.00010579,,,677099844.3665999,9.41905038817604,66237795405.0,703232201498.2517,,proxy_calibrated
2022-12-27,1227.57,1233.97,1200.0,1211.29,3078179.63,3740892959.73712,553236.38,6.590666666666667e-05,0.00019772,,,670129694.7301999,9.526638848204628,66240295405.0,695316537768.0243,,proxy_calibrated
2022-12-28,1211.29,1215.42,1177.5,1189.93,4121050.599,4927046581.26896,574230.4,4.633666666666667e-05,0.00013901,,,683293979.8720001,9.628030763271754,66240295405.0,687994222636.764,,proxy_calibrated
2022-12-29,1189.94,1207.97,1186.24,1200.35,3022857.135,3619014162.58405,579103.69999999,8.611666666666667e-05,0.00025835,,,695127126.294988,9.57411086599866,66247817799.0,691947468816.8842,,proxy_calibrated
2022-12-30,1200.36,1203.0,1180.0,1199.66,2868990.449,3423709126.11584,581687.18999999,0.0001,0.00030000000000000003,,,697826854.3553882,9.58653769389665,66256361891.0,691139637756.6289,,proxy_calibrated
2022-12-31,1199.67,1209.0,1190.26,1196.1,1688387.94,2024981394.9103,586426.15,0.0001,0.00030000000000000003,,,701424318.015,9.616238839926032,66256361891.0,689004952912.6467,,proxy_calibrated
2023-01-01,1196.1,1204.79,1190.8,1199.96,1381763.488,1654443731.79587,580313.63,0.0001,0.00030000000000000003,,,696353143.4548,9.58217809849902,66256361891.0,691454084968.2034,,proxy_calibrated
2023-01-02,1199.96,1225.0,1191.5,1213.23,2831791.319,3431524206.10823,588617.28,8.780666666666666e-05,0.00026342,,,714128142.6144,9.533964414950695,66256361891.0,694950799135.5624,,proxy_calibrated
2023-01-03,1213.24,1219.5,1203.05,1214.23,2418195.012,2931903414.03335,584696.22,3.0220000000000002e-05,9.066e-05,,,709955691.2106,9.531134091025148,66256361891.0,695157168687.715,,proxy_calibrated
2023-01-04,1214.22,1275.0,1212.16,1256.39,5329817.195,6655447772.02725,587265.1,9.203e-05,0.00027609,,,737833998.9890001,9.382458392475623,66256361891.0,706172722749.6697,,proxy_calibrated
2023-01-05,1256.39,1260.0,1242.22,1251.08,2662864.999,3329922187.67573,564236.0,0.0001,0.00030000000000000003,,,705904374.88,9.3993831732606,66256361891.0,704901169254.2373,,proxy_calibrated
2023-01-06,1251.08,1277.77,1233.0,1268.54,4156167.363,5216519703.013,563941.26,0.0001,0.00030000000000000003,,,715382045.9604,9.324177886518218,66265138847.0,710680766213.3134,,proxy_calibrated
2023-01-07,1268.54,1270.66,1260.53,1263.65,1186947.058,1500580014.03508,584736.19999999,5.611e-05,0.00016833,,,738901899.1299875,9.336388545523358,66265138847.0,709751297558.9799,,proxy_calibrated
2023-01-08,1263.64,1296.0,1256.3,1289.65,2415068.332,3068138464.86221,585203.07999999,6.538e-05,0.00019614,,,754707152.1219871,9.221802886858104,66265138847.0,718570323612.466,,proxy_calibrated
2023-01-09,1289.64,1345.0,1284.81,1320.32,6326600.832,8343049682.27575,589277.68999999,7.309666666666667e-05,0.00021929000000000002,,,778035119.6607869,9.146007536912114,66265138847.0,724525303303.7902,,proxy_calibrated
2023-01-10,1320.32,1348.7,1316.74,1335.3,3653151.641,4864320674.8589,622506.53,0.0001,0.00030000000000000003,,,831232969.5090001,9.035343862915576,66265138847.0,733399191578.9379,,proxy_calibrated
2023-01-11,1335.29,1400.0,1319.52,1389.26,4603732.161,6190290564.99127,642947.26,7.592666666666667e-05,0.00022778000000000002,,,893220910.4276,8.781459327846623,66265235155.0,754603906720.4729,,proxy_calibrated
2023-01-12,1389.25,1439.36,1358.0,1415.84,8272496.444,11611529579.13658,595326.67,0.0001,0.00030000000000000003,,,842887312.4528,8.479766872827337,66265235023.0,781451141485.2816,,proxy_calibrated
2023-01-13,1415.85,1465.49,1400.7,1450.94,5096738.5,7246536108.50026,596562.32999999,0.0001,0.00030000000000000003,,,865576147.0901854,8.138149935557111,66265234655.0,814254286044.4817,,proxy_calibrated
2023-01-14,1450.95,1644.92,1448.7,1550.27,7348877.264,11302279848.04887,567086.05,0.00039197999999999994,0.0011759399999999999,,,879136490.7335,7.741928614546779,66265234518.0,855926705310.7443,,proxy_calibrated
2023-01-15,1550.27,1570.0,1516.02,1553.47,3651240.364,5624513802.85479,453883.88,0.00020572000000000003,0.0006171600000000001,,,705094991.0636001,7.764102391093857,66348034455.0,854548679459.8088,,proxy_calibrated
2023-01-16,1553.48,1610.5,1520.0,1577.11,5395191.668,8433001908.55222,456759.67,0.00011394333333333334,0.00034183,,,720360243.1536999,7.661847184059072,66348038279.0,865953557740.502,,proxy_calibrated
2023-01-17,1577.25,1609.0,1540.0,1565.84,4580613.258,7212262387.95917,455060.32,0.0001,0.00030000000000000003,,,712551651.4688,7.703605609647581,66477485277.0,862939883549.4275,,proxy_calibrated
2023-01-18,1565.83,1614.6,1501.21,1511.66,6932415.112,10794454438.88289,450847.33,0.0001,0.00030000000000000003,,,681527874.8678001,7.88443049779786,66477485276.0,843148852597.1194,,proxy_calibrated
2023-01-19,1511.6,1565.0,1509.87,1551.11,3660939.013,5615305826.41623,443664.99,0.0001,0.00030000000000000003,,,688173202.6388999,7.737955707446051,66477485276.0,859109147032.598,,proxy_calibrated
2023-01-20,1551.11,1680.0,1541.6,1659.01,5324812.863,8486281244.20332,459079.32,0.0001,0.00030000000000000003,,,761617182.6732,7.256913607748222,66477485276.0,916057278193.609,,proxy_calibrated
2023-01-21,1659.01,1682.44,1615.3,1627.63,4643566.522,7675267204.16943,423529.74,0.0001,0.00030000000000000003,,,689349710.7162,7.271631566870212,66477485276.0,914203155985.9766,,proxy_calibrated
2023-01-22,1627.63,1666.0,1603.39,1628.14,3827578.409,6244645504.84663,398534.25,0.0001,0.00030000000000000003,,,648869553.7950001,7.307348443007053,66690157269.0,912645096769.9615,,proxy_calibrated
2023-01-23,1628.13,1650.0,1585.21,1626.9,3969684.229,6458881282.47335,398245.32,0.00010118666666666667,0.00030356000000000003,,,647905311.108,7.271579712196322,66736957267.0,917777978216.5468,,proxy_calibrated
2023-01-24,1626.9,1641.89,1530.0,1555.99,4505754.932,7238645481.42649,410280.95,0.0001,0.00030000000000000003,,,638393055.3905001,7.430253544776687,66847026263.0,899660097198.0568,,proxy_calibrated
2023-01-25,1556.0,1641.18,1512.3,1611.41,6003304.445,9396221038.91902,394965.05,0.0001,0.00030000000000000003,,,636450631.2205,7.289470115931759,67025890257.0,919489197308.172,,proxy_calibrated
2023-01-26,1611.44,1633.0,1575.66,1600.69,4235877.329,6803196691.7946,396086.47,0.0001,0.00030000000000000003,,,634011651.6643,7.329657412525883,67181010253.0,916564123968.3624,,proxy_calibrated
2023-01-27,1600.69,1621.46,1551.1,1597.08,4349734.136,6892435836.78376,398928.19,0.0001,0.00030000000000000003,,,637120233.6852,7.334180979950596,67317930248.0,917865681689.9746,,proxy_calibrated
2023-01-28,1597.08,1606.66,1555.0,1571.52,2478890.254,3918631425.95445,391450.45,0.0001,0.00030000000000000003,,,615172211.184,7.394406221257074,67497094240.0,912812905057.3756,,proxy_calibrated
2023-01-29,1571.52,1663.68,1565.98,1645.67,5099573.535,8242123689.74398,391064.98,0.0001,0.00030000000000000003,,,643563905.6366,7.1713745285314605,67612864237.0,942815968793.7206,,proxy_calibrated
2023-01-30,1645.67,1648.49,1529.04,1565.92,5031935.997,7994874441.45608,388937.77,0.0001,0.00030000000000000003,,,609045432.7984,7.468303504366343,67768684232.0,907417383243.4508,,proxy_calibrated
2023-01-31,1565.93,1605.67,1561.04,1585.02,3444437.709,5443354538.36838,414850.06,0.0001,0.00030000000000000003,,,657545642.1012,7.385963118975372,67803984798.0,918011418494.6836,,proxy_calibrated
2023-02-01,1585.02,1648.76,1554.57,1641.8,5095996.279,8138789577.81239,403124.96,0.0001,0.00030000000000000003,,,661850559.3280001,7.193940984538091,67785626780.0,942259978580.4664,,proxy_calibrated
2023-02-02,1641.81,1717.0,1625.0,1643.81,6256821.466,10469433177.5439,405523.01,0.0001,0.00030000000000000003,,,666602779.0681,7.239207896234071,67807926779.0,936676052835.4844,,proxy_calibrated
2023-02-03,1643.82,1677.0,1622.0,1663.68,4613666.206,7613169004.81489,379363.81,0.0001,0.00030000000000000003,,,631139983.4208,7.248831689906672,68021246768.0,938375308985.492,,proxy_calibrated
2023-02-04,1663.69,1696.99,1645.0,1666.44,2708043.817,4528626441.07317,388165.46,0.0001,0.00030000000000000003,,,646854449.1624,7.265146085695331,68021246768.0,936268121324.223,,proxy_calibrated
2023-02-05,1666.44,1674.59,1608.0,1628.98,3600230.231,5915689068.44671,400407.14,0.0001,0.00030000000000000003,,,652255222.9172001,7.392851128782755,68057281686.0,920582336915.0645,,proxy_calibrated
2023-02-06,1628.98,1659.0,1602.0,1613.9,3905639.202,6376859033.52747,411814.15,0.0001,0.00030000000000000003,,,664626856.6850001,7.44662650007256,68057281686.0,913934406208.4602,,proxy_calibrated
2023-02-07,1613.89,1679.03,1612.49,1670.51,4525016.709,7450540052.39308,414529.61,0.0001,0.00030000000000000003,,,692475858.8011,7.291772578481327,68175431684.0,934963768414.7172,,proxy_calibrated
2023-02-08,1670.5,1699.0,1631.0,1650.26,4145086.428,6891130617.52701,408112.19,0.0001,0.00030000000000000003,,,673491222.6694,7.371691632731429,68175031684.0,924822077218.9185,,proxy_calibrated
2023-02-09,1650.26,1656.2,1522.0,1544.68,6604140.847,10570920339.39659,414971.84,0.0001,0.00030000000000000003,,,640998701.8112,7.755330119520236,68175031684.0,879073239092.7219,,proxy_calibrated
2023-02-10,1544.67,1554.0,1486.28,1512.26,4905464.68,7508443152.4602,414870.17,8.942666666666668e-05,0.00026828,,,627391563.2842,7.839808136731261,68177031683.0,869626277760.2336,,proxy_calibrated
2023-02-11,1512.25,1542.82,1502.83,1537.65,2103873.253,3199893749.52892,424232.63,2.4413333333333332e-05,7.324e-05,,,652321303.5195,7.765753011121334,68312091683.0,879658309827.3955,,proxy_calibrated
2023-02-12,1537.64,1547.7,1491.0,1514.49,2649623.411,4044008570.62891,427245.45,5.5576666666666666e-05,0.00016673,,,647058961.5705,7.822587863624076,68379291680.0,874126221042.163,,proxy_calibrated
2023-02-13,1514.48,1526.1,1460.0,1504.85,5918159.268,8822293928.12193,425915.56,6.183000000000001e-05,0.00018549000000000001,,,640939030.466,7.839575435585712,68404291680.0,872550972205.6697,,proxy_calibrated
2023-02-14,1504.86,1568.98,1470.0,1554.94,6535322.162,9982603577.18941,430825.0,3.087333333333333e-05,9.261999999999999e-05,,,669907025.5,7.749518648335495,69122316678.0,891956259668.4203,,proxy_calibrated
2023-02-15,1554.94,1684.1,1541.77,1675.0,5965469.291,9558331915.34157,434309.21,3.811666666666667e-05,0.00011435,,,727467926.75,7.198802198832209,69484915674.0,965228849950.5078,,proxy_calibrated
2023-02-16,1674.99,1744.5,1634.02,1639.0,7811713.183,13211292223.81743,399387.26,0.00011367,0.00034101,,,654595719.14,7.425410871897797,69778380670.0,939724169797.569,,proxy_calibrated
2023-02-17,1638.99,1722.62,1631.31,1694.12,5957429.029,9986189969.91788,364299.81,0.0001,0.00030000000000000003,,,617167594.1171999,7.1915472532482765,70146890659.0,975407491445.1276,,proxy_calibrated
2023-02-18,1694.1,1715.0,1679.13,1691.66,2188299.314,3708739130.00816,368910.99,0.0001,0.00030000000000000003,,,624071965.3434,7.196870086169249,70286590658.0,976627197885.2983,,proxy_calibrated
2023-02-19,1691.65,1729.58,1666.0,1680.31,3595633.465,6100181496.80222,375850.33,0.0001,0.00030000000000000003,,,631545068.0023,7.289724355125664,70395855657.0,965686111402.8568,,proxy_calibrated
2023-02-20,1680.46,1720.39,1650.0,1703.7,4212950.942,7148997088.38648,380764.66,0.0001,0.00030000000000000003,,,648708751.242,7.153516805862364,70395855657.0,984073394491.9236,,proxy_calibrated
2023-02-21,1703.71,1716.99,1635.0,1659.2,4978504.599,8351819569.77419,379692.23,0.0001,0.00030000000000000003,,,629985348.016,7.283947688779617,70432115656.0,966949773190.9232,,proxy_calibrated
2023-02-22,1659.2,1667.62,1591.17,1642.01,5674489.615,9245679948.95379,393512.4,0.0001,0.00030000000000000003,,,646151295.924,7.358225817220325,70452425653.0,957464848226.3408,,proxy_calibrated
2023-02-23,1642.01,1678.56,1627.64,1649.69,5209103.366,8615177343.6624,398014.85,7.091666666666666e-05,0.00021275,,,656601117.8965,7.408256413425115,70583245569.0,952764613291.3308,,proxy_calibrated
2023-02-24,1649.68,1664.44,1572.0,1607.12,5126530.811,8303467975.32484,405985.68,6.199333333333335e-05,0.00018598000000000003,,,652467706.0416,7.622211858064275,70680398565.0,927295119594.7194,,proxy_calibrated
2023-02-25,1607.11,1608.34,1556.08,1593.59,2522137.13,4010474034.10132,396749.19,7.686666666666666e-05,0.0002306,,,632255541.6920999,7.656320617158815,70790878484.0,924607027628.2368,,proxy_calibrated
2023-02-26,1593.6,1652.91,1586.35,1640.49,2823827.922,4564751214.9919,391988.38,2.3493333333333334e-05,7.048e-05,,,643053017.5062,7.519401228826709,70839528483.0,942090019234.862,,proxy_calibrated
2023-02-27,1640.51,1664.97,1606.71,1632.6,4195083.677,6870579195.6605,390637.88,8.219333333333332e-05,0.00024658,,,637755402.888,7.545770754338205,70876378483.0,939286135114.1876,,proxy_calibrated
2023-02-28,1632.61,1646.99,1595.0,1604.72,3664338.319,5961137503.73183,409687.84,5.248666666666667e-05,0.00015746,,,657434270.6048001,7.65721265796299,70919778481.0,926182694002.212,,proxy_calibrated
2023-03-01,1604.73,1670.0,1593.03,1664.46,4455452.375,7331741626.01347,425227.24,6.780666666666666e-05,0.00020342,,,707773731.8904,7.485644253057601,70961078475.0,947962207074.0952,,proxy_calibrated
2023-03-02,1664.47,1677.74,1617.83,1647.29,3990138.366,6548059757.19698,427739.87,9.248666666666666e-05,0.00027746,,,704611610.4523,7.548430607900027,71055458455.0,941327570536.7798,,proxy_calibrated
2023-03-03,1647.29,1648.78,1534.85,1568.86,5211938.594,8180795615.35683,416941.35,1.778e-05,5.334e-05,,,654122606.361,7.891505802315446,71109278154.0,901086306407.2744,,proxy_calibrated
2023-03-04,1568.85,1577.0,1548.0,1566.05,1814800.844,2838940116.034,406661.02,3.579333333333333e-05,0.00010737999999999999,,,636851490.371,7.920844991921425,71351777828.0,900810177459.2562,,proxy_calibrated
2023-03-05,1566.05,1588.08,1552.07,1564.06,2504148.446,3930326242.67598,415915.01,4.589333333333333e-05,0.00013768,,,650516030.5406,7.9131651287803875,71435397827.0,902741149267.6628,,proxy_calibrated
2023-03-06,1564.06,1583.19,1553.29,1565.17,2751818.445,4310268929.36937,405955.85,5.103e-05,0.00015308999999999999,,,635389917.7445,7.919981399610345,71472117827.0,902427849521.4188,,proxy_calibrated
2023-03-07,1565.17,1584.0,1524.0,1561.29,4147930.855,6464685741.27135,418324.99,4.623333333333334e-05,0.0001387,,,653126623.6371,7.9830180890974765,71584111032.0,896704858150.8723,,proxy_calibrated
2023-03-08,1561.3,1570.0,1520.0,1531.82,3963442.596,6153983307.15385,414728.53,7.886333333333334e-05,0.00023659,,,635289456.8246,8.151753897108275,71729084555.0,879922105848.2264,,proxy_calibrated
2023-03-09,1531.81,1545.78,1402.8,1436.42,6580693.11,9821140426.08169,413452.99,6.775333333333333e-05,0.00020326,,,593892143.8958,8.6312620531832,71733132005.0,831085090025.1013,,proxy_calibrated
2023-03-10,1436.42,1438.17,1367.51,1425.79,9938476.933,13998824363.90489,419905.2,-2.9716666666666666e-05,-8.915e-05,,,598696635.108,8.710437071978056,71799456169.0,824292232131.2981,,proxy_calibrated
2023-03-11,1425.8,1478.0,1407.48,1471.03,7155608.693,10335156488.57957,414959.74,5.690000000000001e-06,1.707e-05,,,610418226.3321999,8.585539548708976,72075147930.0,839494681971.8287,,proxy_calibrated
2023-03-12,1471.03,1597.29,1446.65,1579.26,6809861.012,10289085088.51228,430821.1,1.1060000000000004e-05,3.318000000000001e-05,,,680378530.3859999,8.055523543948045,72120358309.0,895290764349.9174,,proxy_calibrated
2023-03-13,1579.26,1700.0,1564.18,1673.9,9437876.215,15324628550.22331,414741.87,0.0001,0.00030000000000000003,,,694236416.1930001,7.523242890754664,72557454192.0,964443860787.2952,,proxy_calibrated
2023-03-14,1673.91,1779.05,1655.0,1699.93,9038833.861,15496848069.26033,387920.98,0.0001,0.00030000000000000003,,,659438511.5314,7.414015107154942,72892204290.0,983167733495.106,,proxy_calibrated
2023-03-15,1699.93,1718.34,1611.63,1649.81,7616093.701,12666499395.59632,390554.29,0.00020031333333333333,0.00060094,,,644340373.1848999,7.597820142122448,73400359945.0,966071301662.7904,,proxy_calibrated
2023-03-16,1649.82,1693.0,1632.0,1672.56,4599500.477,7617308540.09723,404237.81,0.0001,0.00030000000000000003,,,676111991.4936,7.511320517847773,74246550264.0,988462016599.898,,proxy_calibrated
2023-03-17,1672.57,1801.22,1661.57,1789.21,6694758.759,11584029077.18723,395866.38,7.301666666666668e-05,0.00021905,,,708288085.7598001,7.036093762949854,75163840900.0,1068260933300.6936,,proxy_calibrated
2023-03-18,1789.21,1846.15,1745.0,1758.52,5475097.503,9841499219.83983,383011.85,0.0001,0.00030000000000000003,,,673533998.4619999,7.235431614515058,76173667892.0,1052786785230.44,,proxy_calibrated
2023-03-19,1758.52,1841.96,1757.8,1779.99,4626069.971,8310885359.15003,375846.12,0.0001,0.00030000000000000003,,,669002335.1388,7.0395031223470825,76213483077.0,1082654297503.7308,,proxy_calibrated
2023-03-20,1779.98,1803.37,1722.1,1731.71,5373050.445,9477798166.4006,372244.97,9.398e-05,0.00028194,,,644620336.9987,7.121445298399051,76102599077.0,1068639803975.0216,,proxy_calibrated
2023-03-21,1731.71,1836.0,1716.0,1800.14,5619744.412,10019890870.83099,377662.65,6.902333333333334e-05,0.00020707,,,679845642.771,7.049610240746592,76849069864.0,1090117995741.2974,,proxy_calibrated
2023-03-22,1800.13,1819.4,1709.0,1733.61,6034436.316,10708921360.87074,378004.0,3.984333333333333e-05,0.00011952999999999999,,,655311514.4399999,7.312320146272671,77428990195.0,1058884029229.3289,,proxy_calibrated
2023-03-23,1733.61,1860.0,1728.5,1813.27,5198586.173,9324634529.86897,396758.39,5.994333333333334e-05,0.00017983000000000002,,,719430085.8353,7.081432782505291,77776431260.0,1098314898252.6106,,proxy_calibrated
2023-03-24,1813.26,1818.17,1720.0,1748.77,4912493.752,8679521189.99405,396614.43,0.0001,0.00030000000000000003,,,693587416.7511,7.349148322479627,78478753061.0,1067861874837.233,,proxy_calibrated
2023-03-25,1748.77,1763.7,1712.02,1741.02,2338463.552,4073640165.89135,393823.89,8.856666666666666e-06,2.6569999999999998e-05,,,685655268.9678,7.401232443784224,79014941308.0,1067591673524.0374,,proxy_calibrated
2023-03-26,1741.02,1800.0,1738.29,1772.63,2889759.744,5109438055.6122,401105.74,2.0696666666666664e-05,6.209e-05,,,711012067.8962001,7.285435503574411,79078783060.0,1085436594987.3832,,proxy_calibrated
2023-03-27,1772.63,1779.79,1684.0,1714.35,4306582.468,7455510896.43108,381122.75,3.596666666666667e-06,1.079e-05,,,653377786.4625,7.496456367195259,79097783049.0,1055135642423.4592,,proxy_calibrated
2023-03-28,1714.34,1797.19,1700.55,1772.09,4167114.123,7259377635.49757,424574.99,2.8576666666666664e-05,8.573e-05,,,752385094.0291,7.438021174027267,79448607421.0,1068141721596.943,,proxy_calibrated
2023-03-29,1772.11,1828.58,1771.66,1791.89,3725356.756,6711651489.12707,390113.13,9.194666666666667e-05,0.00027584,,,699039816.5157001,7.236372855149306,79513544279.0,1098803860312.6873,,proxy_calibrated
2023-03-30,1791.89,1829.88,1760.84,1792.77,4163974.718,7462948646.57345,388887.42,3.689e-05,0.00011067,,,697185699.9534,7.29928474549302,79633547900.0,1090977413220.7972,,proxy_calibrated
2023-03-31,1792.76,1848.0,1777.0,1820.81,3958210.583,7182992018.54653,383391.23,8.061666666666667e-05,0.00024185,,,698082585.4963,7.199515442534168,79665014575.0,1106533005045.6646,,proxy_calibrated
2023-04-01,1820.81,1842.8,1805.5,1819.82,1675351.82,3052725254.36357,408012.21,8.768666666666667e-05,0.00026306,,,742508780.0022,7.203889131731759,79686510462.0,1106159589699.904,,proxy_calibrated
2023-04-02,1819.83,1824.6,1770.0,1793.56,2192606.026,3949711148.25586,404798.27,4.1693333333333336e-05,0.00012508000000000002,,,726029985.1412001,7.277607567780894,79686510462.0,1094954759786.5078,,proxy_calibrated
2023-04-03,1793.55,1840.0,1761.25,1809.68,4518659.82,8135938230.19109,408522.71,-1.7896666666666664e-05,-5.3689999999999996e-05,,,739295377.8328,7.332806035911627,79795510453.0,1088198843146.9492,,proxy_calibrated
2023-04-04,1809.68,1895.0,1800.69,1869.11,4275707.73,7917928013.22222,393241.64,6.532666666666667e-05,0.00019598,,,735011881.7404,7.217917418875183,79901325455.0,1106985863346.876,,proxy_calibrated
2023-04-05,1869.11,1945.0,1863.69,1907.48,4197070.072,8002757302.09807,432991.02,8.951e-05,0.00026853,,,825921710.8296001,7.18672359230203,79997214449.0,1113124964687.497,,proxy_calibrated
2023-04-06,1907.49,1908.84,1851.6,1871.33,3037614.773,5695615572.83125,446707.37,3.826333333333333e-05,0.00011478999999999999,,,835936902.7020999,7.253362860586217,80100433550.0,1104321334663.33,,proxy_calibrated
2023-04-07,1871.34,1881.94,1840.0,1862.87,2094298.392,3892274987.5975,449562.13,4.273e-05,0.00012819,,,837475805.1130999,7.291065766470321,80188035456.0,1099812263726.4297,,proxy_calibrated
2023-04-08,1862.88,1878.81,1846.0,1848.02,1433874.915,2670491237.61519,436551.41,2.327e-05,6.981e-05,,,806755736.7082,7.300990639901704,80193187657.0,1098387761500.8102,,proxy_calibrated
2023-04-09,1848.01,1873.7,1820.31,1857.84,2391096.749,4411928549.86057,446372.8,6.6e-06,1.98e-05,,,829289242.752,7.227671452829174,80203187657.0,1109668420603.2295,,proxy_calibrated
2023-04-10,1857.84,1919.12,1845.04,1908.9,3082285.12,5789773602.66807,433961.4,1.506666666666667e-06,4.520000000000001e-06,,,828388916.46,6.969151608248159,80203187657.0,1150831437819.1687,,proxy_calibrated
2023-04-11,1908.91,1938.0,1880.67,1888.89,3135834.566,5992414574.57517,407754.26,6.004e-05,0.00018012,,,770202944.1714001,6.913695332786835,80343238527.0,1162088212738.9685,,proxy_calibrated
2023-04-12,1888.89,1933.0,1850.38,1916.86,5177985.751,9820582527.1319,428964.57,1.9849999999999998e-05,5.955e-05,,,822265025.6502,6.941856764068782,80443266292.0,1158814839113.0208,,proxy_calibrated
2023-04-13,1916.86,2025.0,1898.01,2011.8,5944851.519,11737826015.50057,466382.39,0.0001,0.00030000000000000003,,,938268092.202,6.792369509302924,80570447403.0,1186190581838.1875,,proxy_calibrated
2023-04-14,2011.8,2137.64,2009.0,2099.77,6908499.4,14466877844.1142,503966.77,0.0001,0.00030000000000000003,,,1058214304.6429,6.715579256691722,80756955086.0,1202531486848.7322,,proxy_calibrated
2023-04-15,2099.77,2113.28,2071.0,2091.2,2619968.921,5490344951.01392,475334.17,0.0001,0.00030000000000000003,,,994018816.3039999,6.757982832426064,80896461591.0,1197050415737.129,,proxy_calibrated
2023-04-16,2091.2,2146.1,2072.4,2118.09,2905235.978,6115423203.35783,479592.61,0.0001,0.00030000000000000003,,,1015820311.3149,6.734498229824532,80913461589.0,1201477212224.4392,,proxy_calibrated
2023-04-17,2118.09,2120.64,2055.5,2074.49,3410289.359,7103102832.76539,478142.56,0.0001,0.00030000000000000003,,,991901959.2943999,6.899826834878149,80923461589.0,1172833225030.192,,proxy_calibrated
2023-04-18,2074.49,2126.63,2047.64,2103.29,3542599.96,7413341871.08492,499735.57,0.0001,0.00030000000000000003,,,1051088827.0253,6.7464831909218566,81052922317.0,1201409979440.336,,proxy_calibrated
2023-04-19,2103.29,2104.61,1921.0,1932.83,5712106.365,11407976091.09683,477957.45,6.328333333333333e-05,0.00018985,,,923810498.0835,7.149406306021372,81164195713.0,1135257841544.7156,,proxy_calibrated
2023-04-20,1932.83,1983.22,1905.75,1942.11,4486102.176,8732216194.09306,446187.55,2.9066666666666664e-05,8.719999999999999e-05,,,866545302.7305,7.2410216450174465,81291398302.0,1122650950200.331,,proxy_calibrated
2023-04-21,1942.1,1956.82,1822.01,1848.0,5520829.389,10453785961.75719,439237.41,8.003666666666666e-05,0.00024010999999999998,,,811710733.68,7.51302501518503,81397398449.0,1083417109413.0896,,proxy_calibrated
2023-04-22,1848.01,1886.5,1839.26,1873.39,2233900.931,4160733028.8103,447515.42,2.5843333333333334e-05,7.753e-05,,,838370912.6738,7.326413866200922,80620559312.0,1100409569870.5786,,proxy_calibrated
2023-04-23,1873.4,1882.11,1833.3,1861.3,2624859.049,4883738761.28466,452644.41,-3.299999999999999e-06,-9.899999999999997e-06,,,842507040.333,7.445013015403268,81431518639.0,1093772683412.6852,,proxy_calibrated
2023-04-24,1861.3,1891.3,1806.0,1841.19,4637382.676,8559463422.76587,448145.37,5.1303333333333334e-05,0.00015391,,,825120773.7903,7.48071237259432,81441518639.0,1088686672907.81,,proxy_calibrated
2023-04-25,1841.19,1877.6,1797.98,1865.4,4166439.286,7632322493.54573,440960.7,7.779e-05,0.00023337,,,822568089.7800001,7.328117678510677,81528400004.0,1112542177687.427,,proxy_calibrated
2023-04-26,1865.4,1964.7,1782.03,1865.02,7328089.271,13832491013.22545,462683.16,4.597666666666667e-05,0.00013793,,,862913347.0632,7.313270677473844,81566488286.0,1115321610305.4832,,proxy_calibrated
2023-04-27,1865.03,1939.4,1858.55,1907.67,5486808.619,10425583648.13769,420391.9,2.3516666666666665e-05,7.055e-05,,,801969015.873,7.100882183450369,81581156971.0,1148887629217.9114,,proxy_calibrated
2023-04-28,1907.68,1923.63,1873.0,1890.13,3142216.755,5966985911.23344,429620.65,8.389999999999999e-05,0.0002517,,,812038879.1845001,7.14460856030514,81605185849.0,1142192538054.383,,proxy_calibrated
2023-04-29,1890.13,1917.27,1881.1,1907.01,1593882.469,3028671705.69795,431472.22,5.517e-05,0.00016551,,,822821838.2622,7.148189533694103,81687767335.0,1142775621014.972,,proxy_calibrated
2023-04-30,1907.01,1940.0,1863.9,1868.41,2977980.167,5678023570.39942,438364.22,4.7936666666666665e-05,0.00014381,,,819044092.2902,7.185152992649122,81697767321.0,1137035876683.24,,proxy_calibrated
2023-05-01,1868.41,1885.56,1805.28,1829.97,3740379.561,6871929627.84383,432740.87,1.8499999999999999e-06,5.549999999999999e-06,,,791902809.8739,7.417452349347206,81707767325.0,1101561068096.257,,proxy_calibrated
2023-05-02,1829.97,1882.6,1821.25,1869.2,3065412.118,5666257518.06199,443118.07,6.872666666666666e-05,0.00020617999999999998,,,828276296.444,7.282931463108415,81790847851.0,1123048435445.4023,,proxy_calibrated
2023-05-03,1869.21,1917.29,1841.71,1904.74,4144638.549,7762176084.36052,456039.68,8.690666666666667e-05,0.00026072,,,868637020.0832,7.193685010650705,81854781265.0,1137869967114.3347,,proxy_calibrated
2023-05-04,1904.74,1918.61,1865.72,1876.13,2639262.752,4990059178.68051,447373.69,9.966666666666667e-05,0.000299,,,839331201.0197,7.2626812043327265,81975475257.0,1128721927214.643,,proxy_calibrated
2023-05-05,1876.14,2004.99,1874.8,1992.56,5053850.5,9793284393.60356,451393.96,6.411666666666666e-05,0.00019234999999999999,,,899429548.9376,7.049771312631947,82052222893.0,1163899072101.4863,,proxy_calibrated
2023-05-06,1992.55,2023.66,1850.0,1895.29,4880833.923,9391662414.45572,473258.98,6.898000000000001e-05,0.00020694000000000002,,,896963012.2041999,7.248484936253369,82068081639.0,1132210142681.482,,proxy_calibrated
2023-05-07,1895.3,1933.0,1865.32,1869.5,3198475.667,6096392897.08655,440858.71,2.8333333333333335e-05,8.5e-05,,,824185358.345,7.343393072443448,82073081634.0,1117645219646.276,,proxy_calibrated
2023-05-08,1869.51,1883.17,1810.0,1846.54,4905366.653,9079925715.77355,443997.29,3.43e-05,0.00010290000000000001,,,819858755.8765999,7.496354598836325,82078081629.0,1094906604894.88,,proxy_calibrated
2023-05-09,1846.54,1863.0,1830.05,1845.8,2509784.607,4627725853.77786,435451.81,8.281666666666667e-05,0.00024845,,,803756950.898,7.5259026509945315,82325354103.0,1093893422765.984,,proxy_calibrated
2023-05-10,1845.8,1887.0,1785.74,1839.86,4903103.427,9053981839.2211,443075.93,4.4829999999999996e-05,0.00013449,,,815197680.5697999,7.548453090065878,82466060394.0,1092489539380.3168,,proxy_calibrated
2023-05-11,1839.86,1841.54,1768.42,1793.24,4005939.727,7238023894.70517,440658.73,2.4093333333333332e-05,7.227999999999999e-05,,,790206860.9851999,7.722651421338994,82599114600.0,1069569375768.595,,proxy_calibrated
2023-05-12,1793.25,1820.0,1735.37,1806.53,4274267.712,7571365343.22157,457020.22,4.5566666666666665e-06,1.367e-05,,,825620738.0366,7.748265791040187,82713159758.0,1067505452041.236,,proxy_calibrated
2023-05-13,1806.53,1816.24,1784.0,1794.44,1794108.348,3228545808.33887,440213.0,2.027e-05,6.081e-05,,,789935815.72,7.771898260947064,82783885203.0,1065169440250.9092,,proxy_calibrated
2023-05-14,1794.44,1825.27,1789.41,1798.25,2065119.626,3725543210.17867,450578.35,2.9346666666666668e-05,8.804e-05,,,810252517.8874999,7.741776162030659,82783885203.0,1069313856024.5573,,proxy_calibrated
2023-05-15,1798.26,1848.0,1783.51,1815.56,3062945.098,5584428011.28594,451047.41,-1.3773333333333334e-05,-4.1320000000000004e-05,,,818903635.6996,7.678337338404879,82804277277.0,1078414162175.9224,,proxy_calibrated
2023-05-16,1815.56,1832.93,1795.0,1823.53,2559941.664,4647961186.01632,455201.72,1.9013333333333333e-05,5.704e-05,,,830073992.4715999,7.692631621747725,82809277270.0,1076475273245.7788,,proxy_calibrated
2023-05-17,1823.52,1837.85,1781.0,1821.65,3158227.207,5716856398.18019,464182.41,3.738e-05,0.00011214,,,845577887.1765,7.629970095936114,82832082711.0,1085614775280.943,,proxy_calibrated
2023-05-18,1821.65,1831.46,1770.0,1799.69,3046459.303,5507830657.71073,440344.49,6.523333333333332e-05,0.00019569999999999999,,,792483575.2081,7.760918101252192,82840018135.0,1067399720680.3936,,proxy_calibrated
2023-05-19,1799.69,1830.0,1795.72,1811.38,2142895.0,3879976465.72274,454519.81,5.8593333333333334e-05,0.00017578,,,823308093.4378,7.736581477037433,82843573932.0,1070803353882.8997,,proxy_calibrated
2023-05-20,1811.38,1828.88,1805.96,1818.59,1031296.976,1872602029.56196,458751.87,2.8483333333333336e-05,8.545e-05,,,834281563.2633,7.692796646002512,82895728300.0,1077575972882.0594,,proxy_calibrated
2023-05-21,1818.59,1828.91,1794.45,1803.89,1397629.152,2530470510.36566,460517.54,2.186e-05,6.558e-05,,,830722985.2306,7.774626801857713,82900728295.0,1066298491333.259,,proxy_calibrated
2023-05-22,1803.9,1827.99,1790.76,1816.67,2270653.543,4115022438.72039,463945.61,5.649666666666667e-05,0.00016949,,,842836071.3187,7.740585529904607,82905728289.0,1071052415462.7062,,proxy_calibrated
2023-05-23,1816.68,1874.23,1814.25,1853.36,2935200.681,5428836551.9576,472637.79,6.723e-05,0.00020169,,,875967974.4743999,7.636425212302246,82949208885.0,1086230881320.8726,,proxy_calibrated
2023-05-24,1853.37,1853.5,1775.0,1798.84,3607753.797,6525113256.73166,480967.52,5.0003333333333336e-05,0.00015001,,,865183613.6768,7.867389491941677,83013573950.0,1055160343021.3824,,proxy_calibrated
2023-05-25,1798.84,1819.93,1758.0,1804.65,2893039.67,5185691223.35058,453925.89,2.7340000000000003e-05,8.202e-05,,,819177357.3885001,7.835660261667302,83049248000.0,1059888321170.3778,,proxy_calibrated
2023-05-26,1804.65,1837.93,1795.99,1826.81,2175357.921,3959307938.13433,456467.34,6.789333333333333e-05,0.00020368,,,833879101.3854,7.768912505470481,83063200196.0,1069174097887.0728,,proxy_calibrated
2023-05-27,1826.81,1835.7,1810.63,1828.85,1194937.504,2181720432.26159,485752.87,2.5866666666666667e-05,7.76e-05,,,888369136.2995,7.74155553380938,83098239535.0,1073404940029.022,,proxy_calibrated
2023-05-28,1828.85,1930.0,1822.31,1908.36,2905772.688,5415391316.17548,473724.13,4.250000000000001e-06,1.2750000000000002e-05,,,904036180.7268,7.442616127836476,83103239529.0,1116586400555.8704,,proxy_calibrated
2023-05-29,1908.36,1928.2,1872.0,1891.5,2477917.179,4704184612.1712,443593.1,0.0001,0.00030000000000000003,,,839056348.65,7.5169602568819,83103239529.0,1105543154267.9453,,proxy_calibrated
2023-05-30,1891.51,1917.0,1880.02,1899.81,2207189.76,4200115983.3063,435685.44,8.128666666666668e-05,0.00024386,,,827719555.7664,7.5163694948465425,83118939765.0,1105838926917.9614,,proxy_calibrated
2023-05-31,1899.81,1906.57,1845.0,1872.84,2656970.771,4967704528.00343,440070.41,4.453e-05,0.00013359,,,824181466.6643999,7.632259837460835,83160474162.0,1089591758312.9158,,proxy_calibrated
2023-06-01,1872.85,1889.61,1837.94,1860.59,2605797.159,4857143174.4757,446747.28,8.618666666666667e-05,0.00025856,,,831213521.6952,7.719658782198697,83198487627.0,1077748252537.4468,,proxy_calibrated
2023-06-02,1860.59,1911.0,1846.0,1905.58,2646266.39,4992858140.85456,446741.07,7.640666666666667e-05,0.00022922,,,851300848.1705999,7.596751562163077,83225841346.0,1095545124320.2498,,proxy_calibrated
2023-06-03,1905.59,1907.09,1878.5,1890.91,1280350.751,2427982701.83077,454124.44,6.269e-05,0.00018807,,,858708444.8404001,7.635022529702249,83128645073.0,1088780612625.669,,proxy_calibrated
2023-06-04,1890.9,1914.53,1883.19,1888.54,1547682.823,2939610066.72539,443566.85,5.235e-05,0.00015705,,,837693738.8989999,7.629399317277398,83133645068.0,1089648629083.25,,proxy_calibrated
2023-06-05,1888.54,1890.01,1775.0,1810.03,4257292.031,7829891468.02886,444812.7,3.369e-05,0.00010106999999999999,,,805124331.381,7.976465159359777,83138645060.0,1042299356908.0295,,proxy_calibrated
2023-06-06,1810.03,1898.0,1796.0,1883.26,4333156.268,7988336481.22652,453342.6,1.2946666666666664e-05,3.8839999999999994e-05,,,853761984.8759999,7.618763097539681,83195143057.0,1091977030810.5016,,proxy_calibrated
2023-06-07,1883.26,1897.2,1820.0,1831.31,3703943.621,6871014307.4863,429256.82,7.552666666666668e-05,0.00022658000000000002,,,786102307.0342,7.845629328916178,83266980941.0,1061316784800.2676,,proxy_calibrated
2023-06-08,1831.32,1861.41,1827.42,1844.94,1833404.039,3381316556.27167,431199.27,6.098666666666668e-05,0.00018296000000000002,,,795536781.1938001,7.800864950198795,83277591266.0,1067543045516.7382,,proxy_calibrated
2023-06-09,1844.93,1854.77,1825.0,1839.61,1930535.751,3552821831.1683,430006.96,5.2136666666666665e-05,0.00015641,,,791045103.6856,7.811737140465001,83297749826.0,1066315319220.2986,,proxy_calibrated
2023-06-10,1839.61,1844.8,1712.08,1750.64,5551171.332,9774108050.69357,442962.59,4.403333333333333e-05,0.00013209999999999999,,,775468028.5576001,8.0419106325707,83332664064.0,1036229670676.6766,,proxy_calibrated
2023-06-11,1750.65,1778.36,1737.29,1751.8,2030813.582,3559919133.52975,437454.88,3.4886666666666666e-05,0.00010465999999999999,,,766333458.784,8.024902555754982,83343664057.0,1038562941767.198,,proxy_calibrated
2023-06-12,1751.8,1759.32,1717.5,1741.61,2615423.791,4546659536.76596,451178.39,6.686000000000001e-05,0.00020058,,,785776795.8079,8.040413559025103,83348664057.0,1036621604661.6636,,proxy_calibrated
2023-06-13,1741.6,1766.53,1722.53,1739.24,2978916.867,5193391874.7618,452658.76,5.943e-05,0.00017829,,,787282221.7424,8.049749302164146,83478930155.0,1037037639576.6384,,proxy_calibrated
2023-06-14,1739.24,1749.65,1625.5,1650.18,3962845.762,6743167988.43778,468398.2,4.4829999999999996e-05,0.00013449,,,772941341.676,8.32670343387106,83505217924.0,1002860478785.8844,,proxy_calibrated
2023-06-15,1650.19,1680.0,1625.56,1665.64,3284979.384,5417639691.08114,461205.48,-4.224666666666666e-05,-0.00012674,,,768202295.7072,8.21227379497096,83539459054.0,1017251264870.8568,,proxy_calibrated
2023-06-16,1665.64,1730.0,1644.65,1717.31,3099475.105,5225967567.41919,462860.88,-4.832666666666667e-05,-0.00014498,,,794875617.8328,7.999678921547556,83544985808.0,1044354237555.2996,,proxy_calibrated
2023-06-17,1717.31,1775.0,1713.38,1727.2,2161730.858,3756474597.35009,458135.1,5.522e-05,0.00016566,,,791290944.72,7.9547312253693025,83549735056.0,1050314997313.076,,proxy_calibrated
2023-06-18,1727.19,1747.5,1710.77,1719.99,1638597.358,2834954534.14003,457695.8,1.2373333333333332e-05,3.712e-05,,,787232199.0419999,7.963849087077761,83156027042.0,1044168794922.6711,,proxy_calibrated
2023-06-19,1719.99,1753.0,1689.29,1736.21,2591602.407,4467229390.33761,457803.63,3.9983333333333334e-05,0.00011995,,,794843240.4423001,7.849638711202596,83156027042.0,1059361202488.5176,,proxy_calibrated
2023-06-20,1736.2,1796.84,1713.57,1791.37,3466422.973,6080886439.10825,447191.91,1.1806666666666665e-05,3.5419999999999996e-05,,,801086171.8166999,7.525490477070753,83159185882.0,1105033434503.3835,,proxy_calibrated
2023-06-21,1791.37,1901.6,1786.56,1888.31,5330798.831,9829732060.96629,453614.07,3.5940000000000005e-05,0.00010782000000000001,,,856563984.5217,7.149673303643251,83166935125.0,1163227067768.547,,proxy_calibrated
2023-06-22,1888.3,1933.7,1862.0,1871.36,3137860.418,5950906236.05417,455531.24,0.0001,0.00030000000000000003,,,852462941.2864,7.184157654878894,83174169306.0,1157744210269.5906,,proxy_calibrated
2023-06-23,1871.37,1938.48,1859.96,1892.2,3405962.433,6453773157.88428,452292.01,8.096e-05,0.00024288,,,855826941.322,7.041976224407237,83184169317.0,1181261717821.2937,,proxy_calibrated
2023-06-24,1892.2,1905.6,1863.0,1874.48,1763224.894,3321937126.86462,449018.02,7.804666666666667e-05,0.00023414,,,841675298.1296,7.0810353911378705,83184169317.0,1174745848906.6091,,proxy_calibrated
2023-06-25,1874.47,1929.96,1867.84,1898.27,2781158.136,5289332862.49297,455414.09,0.0001,0.00030000000000000003,,,864498904.6243,7.068861083457018,83189169317.0,1176839781328.9102,,proxy_calibrated
2023-06-26,1898.26,1909.32,1836.0,1858.14,3400509.135,6370416998.95966,474557.82,8.063666666666667e-05,0.00024191000000000002,,,881794867.6548,7.137537319300979,83194169312.0,1165586470378.6614,,proxy_calibrated
2023-06-27,1858.14,1912.65,1854.14,1889.05,2829280.124,5325411157.57672,494803.62,3.9659999999999996e-05,0.00011897999999999999,,,934708778.361,7.045046822031611,83216257484.0,1181202333868.983,,proxy_calibrated
2023-06-28,1889.05,1889.65,1811.89,1827.26,3088158.07,5721684180.26515,477419.83,5.358333333333333e-05,0.00016075,,,872370158.5658001,7.199492064805707,83222640434.0,1155951554427.4155,,proxy_calibrated
2023-06-29,1827.26,1879.98,1827.02,1851.19,2244626.491,4161267238.70473,491672.83,4.228333333333334e-05,0.00012685000000000002,,,910179826.1677,7.124557567593228,83307731669.0,1169303930505.575,,proxy_calibrated
2023-06-30,1851.18,1947.31,1820.0,1933.41,5961506.278,11262001146.78503,465468.73,7.988333333333333e-05,0.00023965,,,899941897.2693,7.04765804544636,83359863360.0,1182802326992.306,,proxy_calibrated
2023-07-01,1933.42,1944.69,1908.55,1924.08,1584006.709,3044484799.23761,487313.69,0.0001,0.00030000000000000003,,,937630524.6552,7.036067914875421,83320859006.0,1184196343952.9316,,proxy_calibrated
2023-07-02,1924.08,1964.0,1883.55,1937.69,2602287.765,5000254512.61926,493825.09,0.0001,0.00030000000000000003,,,956879938.6421001,7.017354292962528,83320859006.0,1187354315137.8252,,proxy_calibrated
2023-07-03,1937.69,1978.0,1933.04,1955.0,2783862.146,5455730800.61678,468141.73,0.0001,0.00030000000000000003,,,915217082.15,6.922176064211895,83320859006.0,1203680146721.12,,proxy_calibrated
2023-07-04,1955.0,1967.91,1930.37,1935.72,1913551.422,3733154567.49133,483942.61,0.0001,0.00030000000000000003,,,936777389.0292,6.998192653423839,83331873579.0,1190762782705.4775,,proxy_calibrated
2023-07-05,1935.72,1942.22,1892.9,1909.88,2290593.319,4386390984.97652,473461.08,0.0001,0.00030000000000000003,,,904253847.4704001,7.062330731709903,83333734068.0,1179974957754.8257,,proxy_calibrated
2023-07-06,1909.88,1957.94,1844.47,1844.82,4219617.366,8025247594.29251,483523.53,7.592666666666667e-05,0.00022778000000000002,,,892013878.6146001,7.2196201564061075,83334004999.0,1154271321671.3506,,proxy_calibrated
2023-07-07,1844.81,1877.51,1823.74,1870.0,2150375.881,3994359583.46465,467106.47,4.4653333333333335e-05,0.00013396,,,873489098.9,7.124202493335211,83334319952.0,1169735419928.9028,,proxy_calibrated
2023-07-08,1870.0,1873.1,1841.28,1864.45,1144653.748,2127599970.73217,463231.25,1.572666666666667e-05,4.7180000000000006e-05,,,863671504.0625,7.1386149486356505,83337768993.0,1167422106285.866,,proxy_calibrated
2023-07-09,1864.45,1878.98,1855.2,1861.81,1315813.529,2455983243.42244,477585.61,3.0946666666666666e-05,9.284e-05,,,889173664.5540999,7.159804581657425,83337768983.0,1163967089220.585,,proxy_calibrated
2023-07-10,1861.81,1904.96,1845.09,1879.34,2457486.761,4599947109.42808,475039.19,4.809666666666666e-05,0.00014429,,,892760151.3346,7.103709572978562,83329868983.0,1173047238586.0796,,proxy_calibrated
2023-07-11,1879.35,1892.32,1861.1,1877.66,1690867.909,3168583574.5677,477045.78,6.576333333333333e-05,0.00019729,,,895729779.2748001,7.072661414056886,83328289818.0,1178174451450.2754,,proxy_calibrated
2023-07-12,1877.66,1901.86,1863.15,1870.81,2514859.274,4739014879.90064,471600.45,8.536666666666666e-05,0.0002561,,,882274837.8645,7.117447691607689,83352634014.0,1171102867567.0156,,proxy_calibrated
2023-07-13,1870.82,2014.8,1861.59,2004.78,5072952.783,9872664104.00889,474841.15,7.299999999999993e-07,2.1899999999999977e-06,,,951952040.697,6.836446420921433,83357216574.0,1219306222000.1267,,proxy_calibrated
2023-07-14,2004.77,2031.28,1896.8,1936.74,4202754.58,8269315805.5465,534092.77,0.0001,0.00030000000000000003,,,1034398831.3698001,7.070914019466687,83413240012.0,1179667010267.1016,,proxy_calibrated
2023-07-15,1936.74,1945.89,1925.54,1930.4,1111948.993,2150367734.53819,469495.66,5.590333333333334e-05,0.00016771,,,906314422.064,7.093073593092911,83593002993.0,1178515940880.7085,,proxy_calibrated
2023-07-16,1930.4,1942.78,1912.09,1920.97,1270216.239,2450221634.39045,473093.22,4.7846666666666664e-05,0.00014354,,,908797882.8233999,7.1127752311206995,83617525941.0,1175596349159.8354,,proxy_calibrated
2023-07-17,1920.97,1935.45,1872.0,1910.37,2551243.537,4862622170.96846,473055.18,3.0283333333333332e-05,9.085e-05,,,903710424.2166,7.137441242481307,83628525930.0,1171687767210.6318,,proxy_calibrated
2023-07-18,1910.37,1916.62,1875.0,1896.46,1989216.045,3773730051.42879,482176.31,7.465333333333333e-05,0.00022396,,,914428084.8626,7.202119121325966,83729629319.0,1162569348111.3198,,proxy_calibrated
2023-07-19,1896.47,1925.0,1881.0,1887.55,2046151.353,3896411754.63565,499050.69,8.566333333333334e-05,0.00025699,,,941983129.9095,7.206987482433439,83784430445.0,1162544414697.8064,,proxy_calibrated
2023-07-20,1887.55,1928.81,1875.6,1890.56,2682007.64,5094834736.36539,493850.3,6.325333333333333e-05,0.00018976,,,933653623.168,7.217956832946506,83754595772.0,1160364320685.606,,proxy_calibrated
2023-07-21,1890.56,1905.97,1883.42,1890.84,1423334.683,2693663745.42729,496092.78,3.215666666666667e-05,9.647e-05,,,938032072.1352,7.20509383869242,83798446907.0,1163044490232.5898,,proxy_calibrated
2023-07-22,1890.84,1896.85,1835.39,1865.6,1146954.994,2154869158.92295,490289.78,2.3343333333333334e-05,7.003e-05,,,914684613.568,7.244738663884334,83775338994.0,1156361090174.6875,,proxy_calibrated
2023-07-23,1865.6,1904.57,1856.68,1887.86,1545904.444,2907676982.84785,487672.59,3.464333333333333e-05,0.00010392999999999999,,,920657575.7574,7.178071941685582,83780338989.0,1167170511380.0571,,proxy_calibrated
2023-07-24,1887.85,1890.2,1829.0,1849.04,2113287.416,3919275815.32224,493333.34,5.695666666666666e-05,0.00017087,,,912193078.9936,7.361173043193835,83780338989.0,1138138425729.0835,,proxy_calibrated
2023-07-25,1849.04,1868.54,1844.5,1856.91,1320722.986,2451833082.62795,511215.22,8.626333333333333e-05,0.00025879,,,949280654.1702,7.345058634657062,83788525522.0,1140746857031.8916,,proxy_calibrated
2023-07-26,1856.91,1887.79,1846.9,1870.98,1946701.756,3628405350.49632,498163.47,8.565999999999999e-05,0.00025697999999999997,,,932053889.1006,7.311316075389776,83789146039.0,1146020021224.8804,,proxy_calibrated
2023-07-27,1870.97,1885.57,1854.0,1860.28,1593279.389,2978878030.2649,505029.86,7.370666666666667e-05,0.00022112,,,939496947.9607999,7.342802656830564,83794928377.0,1141184535295.2617,,proxy_calibrated
2023-07-28,1860.29,1883.76,1855.57,1873.39,1378048.23,2576729426.7434,504992.41,6.572666666666666e-05,0.00019717999999999998,,,946047730.9699,7.315237133944738,83800932183.0,1145566857896.3809,,proxy_calibrated
2023-07-29,1873.38,1886.19,1868.56,1879.85,749505.043,1405661589.82189,510049.83,7.161666666666667e-05,0.00021485,,,958817172.9255,7.302461644272663,83803836403.0,1147610771344.8594,,proxy_calibrated
2023-07-30,1879.86,1885.0,1845.56,1860.76,1386061.233,2588400428.31909,505787.12,5.211666666666667e-05,0.00015635,,,941148441.4111999,7.332363131046048,83803836403.0,1142930797414.6174,,proxy_calibrated
2023-07-31,1860.77,1876.73,1850.08,1855.39,1421399.856,2648009197.68637,498094.73,1.4799999999999999e-05,4.4399999999999995e-05,,,924159981.0947,7.345225440679977,83797285742.0,1140840215439.9028,,proxy_calibrated
2023-08-01,1855.4,1875.87,1808.47,1873.05,2857111.757,5253762221.9205,519068.41,7.012666666666668e-05,0.00021038000000000003,,,972241085.3505,7.255986732950173,83873378189.0,1155919673999.9878,,proxy_calibrated
2023-08-02,1873.06,1879.27,1820.0,1839.07,2433052.599,4499307943.90133,488221.95,0.0001,0.00030000000000000003,,,897874341.5865,7.3757473228241395,83874617419.0,1137167716679.383,,proxy_calibrated
2023-08-03,1839.07,1858.9,1825.0,1834.69,1708783.419,3145302649.42659,519004.78,0.0001,0.00030000000000000003,,,952212879.8182001,7.378445803959359,83876255948.0,1136774033130.2705,,proxy_calibrated
2023-08-04,1834.69,1851.0,1808.77,1829.4,1914149.705,3512140548.40425,513695.08,8.276666666666667e-05,0.0002483,,,939753779.3520001,7.396665142527951,83876255948.0,1133973950851.7712,,proxy_calibrated
2023-08-05,1829.4,1838.62,1826.7,1835.5,649573.659,1190327889.76681,511506.8,8.693666666666666e-05,0.00026081,,,938870731.4,7.397820855433331,83881700967.0,1133870400570.6365,,proxy_calibrated
2023-08-06,1835.5,1838.6,1825.0,1829.38,804165.426,1473035578.85485,503590.97,7.295e-05,0.00021885,,,921259248.6986,7.40084360440298,83881700967.0,1133407290448.5686,,proxy_calibrated
2023-08-07,1829.39,1846.86,1800.0,1828.18,2235036.668,4078589895.0943,507947.56,9.777000000000001e-05,0.00029331,,,928619570.2408,7.380905327858992,83881700967.0,1136468999953.0437,,proxy_calibrated
2023-08-08,1828.18,1878.0,1825.35,1855.36,2299167.676,4246702788.46169,527354.74,7.212333333333333e-05,0.00021637000000000002,,,978432890.4064,7.237907591232565,83557764340.0,1154446409915.6963,,proxy_calibrated
2023-08-09,1855.36,1871.28,1845.18,1854.7,1405393.116,2608828366.62844,510066.64,6.091333333333333e-05,0.00018274,,,946020597.2080001,7.26440446299397,83511223882.0,1149594909086.0708,,proxy_calibrated
2023-08-10,1854.69,1865.38,1844.81,1851.42,1190359.595,2206051375.26295,502449.56,9.198333333333334e-05,0.00027595,,,930245164.3752,7.288265888757002,83512053052.0,1145842568406.115,,proxy_calibrated
2023-08-11,1851.43,1857.99,1834.52,1848.04,1079579.87,1994538363.42238,496914.78,2.8566666666666665e-05,8.57e-05,,,918318390.0312,7.296011001128473,83512552527.0,1144633040082.9043,,proxy_calibrated
2023-08-12,1848.04,1853.02,1845.35,1849.14,450661.209,833424956.61809,516296.25,5.852666666666666e-05,0.00017558,,,954704047.725,7.284007741103704,83387991626.0,1144809212041.8955,,proxy_calibrated
2023-08-13,1849.14,1861.93,1833.4,1840.09,841324.653,1554669146.88981,509026.72,6.063666666666667e-05,0.00018191,,,936654977.2047999,7.31348933583518,83387991626.0,1140194342219.2373,,proxy_calibrated
2023-08-14,1840.09,1855.86,1834.28,1844.81,1283582.445,2369924279.03675,501719.5,9.960666666666666e-05,0.00029882,,,925577150.795,7.288079864441968,83387991626.0,1144169564233.8413,,proxy_calibrated
2023-08-15,1844.8,1846.75,1810.92,1828.28,1212865.745,2224006399.87829,509781.18,8.794e-05,0.00026382,,,932022735.7703999,7.342114760988248,83389050707.0,1135763379102.724,,proxy_calibrated
2023-08-16,1828.27,1830.87,1791.11,1807.19,1557481.275,2830987601.01116,519278.73,8.924333333333333e-05,0.00026773,,,938435328.0687,7.423873884383778,83159126422.0,1120158123872.8523,,proxy_calibrated
2023-08-17,1807.19,1809.66,1492.66,1681.0,5897283.822,10069596308.31243,513445.19,8.190666666666667e-05,0.00024572,,,863101364.39,7.928316057960102,82994370395.0,1046809559410.4489,,proxy_calibrated
2023-08-18,1681.0,1698.98,1638.48,1660.76,2961785.532,4956722774.94701,460500.95,-1.9816666666666666e-05,-5.945e-05,,,764781557.722,8.048222061111291,82819461935.0,1029040467647.8864,,proxy_calibrated
2023-08-19,1660.76,1696.14,1653.36,1668.69,1374954.312,2295511190.10816,429304.31,-6.93e-05,-0.0002079,,,716375809.0539,8.02950340447902,82823608782.0,1031491047575.8602,,proxy_calibrated
2023-08-20,1668.7,1694.36,1660.22,1684.16,1165848.58,1950618000.36989,422968.02,-7.387333333333334e-05,-0.00022162,,,712345820.5632001,7.993260247882333,82823608782.0,1036168049250.5244,,proxy_calibrated
2023-08-21,1684.15,1687.78,1647.22,1666.79,1716607.681,2864914067.06811,436884.44,-2.594333333333333e-05,-7.782999999999999e-05,,,728194615.7476,8.025991641174581,82823608782.0,1031942375283.598,,proxy_calibrated
2023-08-22,1666.8,1668.57,1575.0,1634.5,2628650.16,4297253119.31144,436011.85,-2.2213333333333333e-05,-6.664e-05,,,712661368.8249999,8.079680777598337,82826097691.0,1025115966470.396,,proxy_calibrated
2023-08-23,1634.49,1703.85,1628.5,1678.8,2809971.177,4668477789.68188,424166.93,-6.283333333333334e-06,-1.885e-05,,,712091442.084,7.9524083686334,82832852959.0,1041607134836.2432,,proxy_calibrated
2023-08-24,1678.79,1682.88,1631.66,1660.22,1739875.239,2884193910.79672,456207.92,-6.5e-07,-1.95e-06,,,757405512.9424,8.023508773332479,82822901509.0,1032252893949.2938,,proxy_calibrated
2023-08-25,1660.23,1676.73,1634.43,1653.24,1842552.274,3043887039.99092,444982.42,-1.241e-05,-3.723e-05,,,735662736.0408,8.054450591534227,82826258267.0,1028329087449.565,,proxy_calibrated
2023-08-26,1653.25,1654.77,1643.01,1646.28,499811.129,824120366.34905,443524.55,-9.326666666666667e-06,-2.798e-05,,,730165596.174,8.072428608558685,82828725797.0,1026069474422.8762,,proxy_calibrated
2023-08-27,1646.29,1659.57,1645.38,1657.59,657340.273,1086302322.04676,443595.27,1.5433333333333334e-05,4.63e-05,,,735299083.5993,8.041711464070557,82828725797.0,1029988779963.932,,proxy_calibrated
2023-08-28,1657.59,1663.88,1618.0,1652.51,1672402.974,2751962940.19508,445461.92,2.376666666666667e-06,7.130000000000001e-06,,,736130277.4192,8.04396044951724,82828725797.0,1029700808660.378,,proxy_calibrated
2023-08-29,1652.5,1747.15,1639.01,1728.51,3479356.341,5922298880.94104,439554.58,-2.8153333333333337e-05,-8.446000000000001e-05,,,759774487.0758001,7.655049906212598,82835281925.0,1082099828738.8496,,proxy_calibrated
2023-08-30,1728.52,1730.37,1688.0,1704.39,1539234.041,2633294810.54013,428538.3,6.460333333333334e-05,0.00019381000000000002,,,730396393.137,7.756573747914081,82836705499.0,1067954849540.065,,proxy_calibrated
2023-08-31,1704.39,1730.0,1628.3,1645.27,2488894.539,4174430139.24252,431508.16,3.9859999999999994e-05,0.00011957999999999999,,,709947430.4031999,8.08869438241645,82839654049.0,1024141228887.0796,,proxy_calibrated
2023-09-01,1645.26,1653.89,1601.22,1628.19,2089554.942,3406667604.15655,433855.13,1.3923333333333334e-05,4.177e-05,,,706398584.1147001,8.136941414792737,82845642167.0,1018142296273.4976,,proxy_calibrated
2023-09-02,1628.2,1644.99,1627.05,1636.24,754625.922,1233123837.93811,440261.4,-7.033333333333334e-07,-2.11e-06,,,720373313.136,8.117238720112478,82877292012.0,1021003507099.6604,,proxy_calibrated
2023-09-03,1636.24,1648.24,1623.93,1635.02,838943.974,1371255502.34573,438520.18,-5.686666666666665e-06,-1.7059999999999996e-05,,,716989264.7035999,8.09710861192099,82877292012.0,1023541809603.2906,,proxy_calibrated
2023-09-04,1635.03,1644.5,1614.76,1630.09,1087824.165,1772994172.54402,442777.43,-2.282333333333334e-05,-6.847000000000001e-05,,,721767060.8686999,8.132883875433485,82877292012.0,1019039411866.4656,,proxy_calibrated
2023-09-05,1630.08,1648.0,1608.45,1633.63,1444381.953,2353454200.55271,448096.72,1.4643333333333334e-05,4.393e-05,,,732024244.6936,8.13563697203064,82882641165.0,1018760318951.5552,,proxy_calibrated
2023-09-06,1633.63,1680.0,1606.74,1632.33,1835281.753,2997580765.06195,449276.07,1.8123333333333333e-05,5.4369999999999996e-05,,,733366807.3431,8.143790114442753,82885039764.0,1017769841796.463,,proxy_calibrated
2023-09-07,1632.33,1659.7,1622.61,1647.27,1570880.608,2572833662.21947,459843.85,5.562333333333333e-05,0.00016687,,,757486978.7895,8.026582169574192,82888307993.0,1032672515422.5536,,proxy_calibrated
2023-09-08,1647.25,1658.77,1615.0,1635.78,1482115.785,2422307107.23686,463919.61,3.592666666666667e-05,0.00010778,,,758870419.6458,8.108607509243573,82890066233.0,1022247853759.2032,,proxy_calibrated
2023-09-09,1635.77,1636.92,1629.0,1634.8,411166.927,671640259.67899,453508.86,4.1563333333333336e-05,0.00012469,,,741396284.328,8.120072218292368,82993370803.0,1022076757101.2234,,proxy_calibrated
2023-09-10,1634.81,1635.05,1590.0,1616.47,1532646.839,2479591561.04642,454296.12,2.0830000000000002e-05,6.249e-05,,,734356049.0964,8.155755357053662,82993370803.0,1017604957108.2534,,proxy_calibrated
2023-09-11,1616.46,1618.35,1528.61,1551.03,3273332.648,5152734588.80112,447853.07,3.32e-05,9.96e-05,,,694633547.1621,8.381797134657372,82993370803.0,990162007856.7144,,proxy_calibrated
2023-09-12,1551.02,1626.78,1548.7,1592.29,2987142.357,4756772634.50226,459341.53,-2.602e-05,-7.806000000000001e-05,,,731404924.8037,8.187130734450363,83003117902.0,1013824263886.9056,,proxy_calibrated
2023-09-13,1592.29,1620.0,1580.46,1606.68,1869877.516,2989447575.59212,469240.31,8.713333333333333e-06,2.614e-05,,,753919021.2708,8.091528478224363,83008854473.0,1025873599733.2334,,proxy_calibrated
2023-09-14,1606.69,1644.45,1606.02,1625.65,2118267.271,3445036998.14618,486255.76,-3.4266666666666655e-06,-1.0279999999999996e-05,,,790481676.2440001,8.008772768795783,83011848204.0,1036511468117.004,,proxy_calibrated
2023-09-15,1625.65,1653.91,1610.0,1640.67,1426966.202,2324102928.93025,472867.29,7.100000000000003e-06,2.130000000000001e-05,,,775819176.6843,7.97525596415801,83019048236.0,1040957790058.4004,,proxy_calibrated
2023-09-16,1640.66,1652.97,1630.37,1633.68,778800.039,1275526426.27402,467179.15,3.718e-05,0.00011154,,,763221233.7720001,7.992045086153977,83019048236.0,1038771019695.9282,,proxy_calibrated
2023-09-17,1633.68,1634.43,1610.81,1621.62,946075.604,1536971431.17038,458745.32,1.8376666666666666e-05,5.513e-05,,,743910585.8183999,8.012786985846116,83019048236.0,1036082057125.016,,proxy_calibrated
2023-09-18,1621.63,1668.64,1598.58,1635.63,2369929.712,3889929749.54443,459786.22,1.654333333333333e-05,4.963e-05,,,752040135.0186,7.949755939546602,83019048236.0,1044296817000.5836,,proxy_calibrated
2023-09-19,1635.63,1660.69,1625.02,1642.49,1776617.676,2919971038.79256,473082.28,-4.6433333333333335e-06,-1.393e-05,,,777032914.0772,7.860381557255453,83068755239.0,1056803090714.1416,,proxy_calibrated
2023-09-20,1642.48,1648.68,1602.0,1621.6,1872818.8,3048153518.40011,471870.24,3.3033333333333334e-05,9.91e-05,,,765184781.1839999,7.907421900352929,83139501601.0,1051410973749.7284,,proxy_calibrated
2023-09-21,1621.6,1624.81,1565.5,1583.0,2049732.627,3270921337.69404,480568.88,3.6070000000000005e-05,0.00010821000000000001,,,760740537.04,8.064188298848435,83168141273.0,1031326876195.046,,proxy_calibrated
2023-09-22,1583.0,1602.28,1575.46,1592.28,1121431.042,1785915865.79037,480045.59,2.8763333333333333e-05,8.629e-05,,,764366992.0452,8.050076309612887,83171325515.0,1033174373958.196,,proxy_calibrated
2023-09-23,1592.28,1597.6,1586.53,1592.97,512678.235,816248305.47904,463596.09,2.7003333333333333e-05,8.101e-05,,,738494663.4873,8.050323728281523,83178483701.0,1033231538363.9342,,proxy_calibrated
2023-09-24,1592.97,1600.95,1568.28,1579.99,884404.712,1404537061.94281,463835.91,2.368e-05,7.104e-05,,,732856099.4409,8.132443492839629,83180866470.0,1022827475447.4254,,proxy_calibrated
2023-09-25,1579.99,1597.13,1562.0,1587.69,1624097.779,2566160541.55339,466671.76,4.097333333333333e-05,0.00012292,,,740930086.6344,8.110923121494501,83180866470.0,1025541300589.6334,,proxy_calibrated
2023-09-26,1587.68,1599.4,1578.61,1593.3,1186689.092,1884723615.62952,464669.75,4.5673333333333335e-05,0.00013702,,,740358312.675,8.120523855516389,83185008082.0,1024379825268.1842,,proxy_calibrated
2023-09-27,1593.3,1633.98,1582.64,1597.89,2305835.91,3703063187.32729,461794.08,5.2163333333333336e-05,0.00015649000000000001,,,737896142.4912001,8.08947986871886,83243973134.0,1029039870114.4608,,proxy_calibrated
2023-09-28,1597.89,1668.0,1597.17,1652.13,2832920.096,4633523879.60758,464477.08,2.4523333333333333e-05,7.357e-05,,,767376518.1804001,7.897178677947814,83248340765.0,1054152934356.972,,proxy_calibrated
2023-09-29,1652.13,1687.65,1647.5,1666.61,1996104.505,3329523068.64839,493501.49,1.3493333333333333e-05,4.048e-05,,,822474518.2488999,7.903431915896619,83253698407.0,1053386671675.467,,proxy_calibrated
2023-09-30,1666.61,1694.11,1665.27,1670.18,1063587.313,1783660358.78097,511239.28,-1.1266666666666672e-06,-3.3800000000000015e-06,,,853861620.6704,7.884821584222896,83221172676.0,1055460441140.7491,,proxy_calibrated
2023-10-01,1670.17,1780.0,1666.69,1733.39,1762739.428,2997174137.30115,503636.76,1.0483333333333333e-05,3.145e-05,,,872998923.4164001,7.624729369150117,83232172676.0,1091608221699.7742,,proxy_calibrated
2023-10-02,1733.4,1743.99,1619.99,1661.49,3140059.122,5329837520.60813,467526.65,7.560000000000001e-05,0.0002268,,,776790853.7085,7.79659599041564,83234172676.0,1067570678002.5516,,proxy_calibrated
2023-10-03,1661.49,1669.94,1642.03,1656.18,1574186.817,2606720930.49924,457680.98,2.9513333333333334e-05,8.854e-05,,,758002085.4564,7.821724035575827,83317986709.0,1065212558382.8044,,proxy_calibrated
2023-10-04,1656.19,1657.05,1615.0,1645.75,1760659.358,2888984570.87979,476704.29,2.6586666666666664e-05,7.976e-05,,,784536085.2674999,7.770937323906228,83342217736.0,1072486036911.0048,,proxy_calibrated
2023-10-05,1645.76,1655.13,1601.28,1611.23,1929063.873,3142418022.15932,485130.6,2.274e-05,6.822e-05,,,781656976.638,7.87807858620436,83344022138.0,1057923213459.0188,,proxy_calibrated
2023-10-06,1611.24,1664.6,1610.59,1644.33,2078440.945,3396848695.37563,495254.36,8.126e-05,0.00024378,,,814361601.7787999,7.746466617550914,83379670190.0,1076357445355.6595,,proxy_calibrated
2023-10-07,1644.32,1647.16,1629.03,1633.18,729971.504,1195721405.78214,486119.25,5.273e-05,0.00015819,,,793920236.715,7.756713619728605,83413066842.0,1075366075522.5676,,proxy_calibrated
2023-10-08,1633.17,1640.9,1615.19,1632.02,1153340.712,1878584822.50507,482429.3,9.361666666666667e-05,0.00028085,,,787334266.186,7.7686861085605,83451566842.0,1074204385089.555,,proxy_calibrated
2023-10-09,1632.03,1635.81,1544.3,1579.4,2950124.049,4687163300.24275,491907.08,6.835666666666668e-05,0.00020507000000000001,,,776918042.1520001,7.889302662088759,83451566842.0,1057781282026.5852,,proxy_calibrated
2023-10-10,1579.39,1594.4,1545.6,1566.89,2076875.007,3269769387.62689,493353.42,6.878666666666667e-05,0.00020636,,,773030540.2638,7.943158229587037,83472069062.0,1050867509488.5992,,proxy_calibrated
2023-10-11,1566.89,1577.89,1541.78,1566.07,2381820.983,3720791581.44529,490106.91,4.1246666666666666e-05,0.00012374,,,767541728.5437,8.04603809439385,83489869062.0,1037651923624.0295,,proxy_calibrated
2023-10-12,1566.08,1568.06,1514.5,1538.81,2299190.123,3548262571.00839,511527.09,4.6093333333333335e-05,0.00013828,,,787143001.3629,8.103707044727969,83497134325.0,1030357265682.7563,,proxy_calibrated
2023-10-13,1538.82,1575.53,1536.65,1551.55,1795481.428,2781970955.41561,523048.38,3.2863333333333334e-05,9.859e-05,,,811535713.989,8.066939465997017,83499157750.0,1035078521438.7386,,proxy_calibrated
2023-10-14,1551.55,1561.7,1543.83,1554.15,791727.302,1228665922.21849,488076.83,3.608666666666667e-05,0.00010826,,,758544605.3445001,8.066625634394851,83504131933.0,1035180454847.8264,,proxy_calibrated
2023-10-15,1554.15,1567.0,1546.14,1557.25,1000513.27,1557409625.42848,484996.19,4.799333333333333e-05,0.00014398,,,755260316.8775,8.002935779778525,83504131933.0,1043418743206.645,,proxy_calibrated
2023-10-16,1557.25,1642.0,1554.1,1598.61,3513907.329,5586981341.03709,489701.88,5.995e-05,0.00017985,,,782842322.3867999,7.702336523084835,83508131933.0,1084192201713.2856,,proxy_calibrated
2023-10-17,1598.61,1599.83,1541.0,1563.99,1821162.481,2869574835.22577,479502.56,3.752e-05,0.00011256,,,749937208.8144,7.764598305441091,83564073494.0,1076218887401.322,,proxy_calibrated
2023-10-18,1564.0,1584.9,1554.7,1562.65,1722717.852,2706429797.06621,487281.39,4.609000000000001e-05,0.00013827000000000002,,,761450264.0835,7.78753437306817,83658558996.0,1074262468558.9644,,proxy_calibrated
2023-10-19,1562.66,1574.34,1539.0,1565.89,1914194.811,2979513487.14482,516469.16,4.3603333333333337e-05,0.00013081,,,808733892.9524,7.723506292858076,83792007688.0,1084895959306.4932,,proxy_calibrated
2023-10-20,1565.9,1630.01,1560.37,1603.14,2591313.635,4147073641.09869,477175.2,5.617333333333334e-05,0.00016852000000000002,,,764978650.128,7.523284773619801,83902581464.0,1115238675507.8335,,proxy_calibrated
2023-10-21,1603.15,1643.84,1591.25,1628.29,1630618.809,2637996263.05947,483625.02,3.4693333333333335e-05,0.00010408,,,787481783.8158001,7.473733113309107,84130259194.0,1125679200989.692,,proxy_calibrated
2023-10-22,1628.29,1667.5,1620.0,1662.83,1922557.976,3147813653.67379,485536.42,3.602e-05,0.00010805999999999999,,,807364525.2686,7.423455999604134,84131359672.0,1133317954285.5298,,proxy_calibrated
2023-10-23,1662.82,1803.0,1656.25,1766.35,5040484.646,8602139318.25797,486745.05,4.2460000000000003e-05,0.00012738000000000002,,,859762119.0674999,6.850376721150572,84142359672.0,1228288064979.1135,,proxy_calibrated
2023-10-24,1766.35,1854.87,1755.28,1784.31,5148312.495,9289125142.383,451292.48,0.0001,0.00030000000000000003,,,805245684.9887999,6.726307441013417,84264122116.0,1252754544078.7102,,proxy_calibrated
2023-10-25,1784.3,1818.55,1759.16,1786.71,2706185.955,4842621703.21632,435844.24,0.0001,0.00030000000000000003,,,778727262.0504,6.644846455449914,84233811435.0,1267656250595.7354,,proxy_calibrated
2023-10-26,1786.7,1872.64,1757.25,1803.3,4046404.43,7321211035.63508,458747.01,0.0001,0.00030000000000000003,,,827258483.133,6.6854316015927635,84368685906.0,1261978147916.4287,,proxy_calibrated
2023-10-27,1803.31,1803.92,1735.5,1780.02,2440107.981,4342572403.59896,472296.81,0.0001,0.00030000000000000003,,,840697767.7362,6.748832584215512,84487655718.0,1251885487804.2715,,proxy_calibrated
2023-10-28,1780.03,1806.23,1767.37,1776.76,1074543.724,1919964127.56444,470285.6,0.0001,0.00030000000000000003,,,835584642.6559999,6.72690514598397,84515238111.0,1256376242520.0308,,proxy_calibrated
2023-10-29,1776.76,1813.1,1762.49,1795.49,1315116.448,2355557946.44111,468299.93,0.0001,0.00030000000000000003,,,840827841.3156999,6.651588073278301,84515238111.0,1270602406221.2534,,proxy_calibrated
2023-10-30,1795.48,1832.65,1776.94,1809.81,2334817.504,4215510289.5673,464280.4,0.0001,0.00030000000000000003,,,840259310.724,6.645607522363248,84515238111.0,1271745853582.1792,,proxy_calibrated
2023-10-31,1809.82,1820.91,1781.0,1815.67,2155865.116,3883759064.22507,463470.03,0.0001,0.00030000000000000003,,,841508629.3701001,6.621944347775998,84564598508.0,1277035777813.5254,,proxy_calibrated
2023-11-01,1815.66,1861.63,1782.73,1848.2,3596670.145,6543306690.18927,473451.58,0.0001,0.00030000000000000003,,,875033210.156,6.509110866814025,84778830833.0,1302464077931.679,,proxy_calibrated
2023-11-02,1848.2,1876.26,1784.0,1800.68,2902767.066,5310717363.58517,484964.25,0.00019114,0.0005734199999999999,,,873265425.69,6.6159866671267915,84849462984.0,1282491444633.5886,,proxy_calibrated
2023-11-03,1800.68,1834.32,1775.36,1832.49,2284646.929,4119457491.29056,479304.36,0.0001,0.00030000000000000003,,,878320446.6564,6.64471467082505,85174392534.0,1281836719159.2925,,proxy_calibrated
2023-11-04,1832.49,1870.68,1823.32,1856.08,1368734.648,2518749107.0753,505385.06,0.0001,0.00030000000000000003,,,938035102.1647999,6.588265124086228,85329884145.0,1295179877218.9666,,proxy_calibrated
2023-11-05,1856.08,1914.96,1846.21,1892.49,3049000.645,5744702487.69734,520096.97,0.0001,0.00030000000000000003,,,984278314.7552999,6.565552793073433,85339884144.0,1299812625587.786,,proxy_calibrated
2023-11-06,1892.49,1916.8,1869.13,1901.71,2360118.573,4471746197.27929,531170.94999999,0.0001,0.00030000000000000003,,,1010133107.3244811,6.555939372617749,85367984142.0,1302147248318.9402,,proxy_calibrated
2023-11-07,1901.72,1908.47,1850.1,1885.79,2747654.474,5170405915.43216,498372.03,0.0001,0.00030000000000000003,,,939824990.4537001,6.547736133745713,85712109690.0,1309034266794.2444,,proxy_calibrated
2023-11-08,1885.79,1906.2,1873.13,1888.42,1671720.477,3158948638.69263,482175.24,0.0001,0.00030000000000000003,,,910549366.7208,6.541694495798342,86059207862.0,1315549173341.4773,,proxy_calibrated
2023-11-09,1888.42,2134.3,1881.79,2122.92,8102128.485,16206007619.1415,490089.17,0.00030377000000000003,0.00091131,,,1040420100.7764,6.247216537599488,86236089163.0,1380392189769.309,,proxy_calibrated
2023-11-10,2122.92,2139.6,2066.0,2079.1,3645227.908,7658220087.43382,591080.99,0.00027204333333333334,0.00081613,,,1228916486.309,6.224670028579697,86489374731.0,1389461197684.3142,,proxy_calibrated
2023-11-11,2079.1,2091.97,2021.0,2054.52,2484048.95,5117869676.2676,581351.93,0.00018141333333333333,0.00054424,,,1194399167.2236001,6.271936924680862,86651790617.0,1381579433237.1917,,proxy_calibrated
2023-11-12,2054.53,2068.96,2011.5,2046.08,1719295.996,3521190449.16089,536895.27,0.00016874666666666667,0.00050624,,,1098530674.0416,6.294256314512869,86766265615.0,1378499083600.0789,,proxy_calibrated
2023-11-13,2046.07,2120.0,2030.0,2055.18,4007607.657,8297650404.00478,560919.37,0.0002620333333333333,0.0007861,,,1152790270.8365998,6.358586277365349,86776580495.0,1364714996537.8071,,proxy_calibrated
2023-11-14,2055.18,2066.39,1920.0,1980.11,3803937.012,7681721989.8978,548064.22,0.00014150333333333334,0.00042451,,,1085227442.6641998,6.54638372586715,87049399807.0,1329732619599.369,,proxy_calibrated
2023-11-15,1980.11,2064.08,1967.85,2059.29,3044717.364,6140731223.70993,507070.37,0.0001,0.00030000000000000003,,,1044204942.2372999,6.227494662189248,87295398005.0,1401773951490.0151,,proxy_calibrated
2023-11-16,2059.3,2093.0,1938.4,1962.13,4348334.629,8782074171.55734,545254.36,0.0001,0.00030000000000000003,,,1069859937.3868,6.507432200366879,87406916113.0,1343185966779.218,,proxy_calibrated
2023-11-17,1962.14,1992.26,1903.81,1961.21,3228385.518,6299859702.20526,529222.98,0.0001,0.00030000000000000003,,,1037917400.6058,6.459765860139092,87502024032.0,1354569591630.9248,,proxy_calibrated
2023-11-18,1961.21,1972.06,1916.0,1963.19,1643154.159,3202110781.79973,518902.07,0.0001,0.00030000000000000003,,,1018703354.8033,6.473098844346571,87650408687.0,1354071840932.1294,,proxy_calibrated
2023-11-19,1963.19,2016.45,1943.44,2012.46,1726269.572,3401707212.28241,537594.6,0.0001,0.00030000000000000003,,,1081887628.716,6.342884055062349,87665708687.0,1382111164668.5818,,proxy_calibrated
2023-11-20,2012.45,2068.8,1981.96,2022.41,3280845.795,6650412053.45637,522203.59,0.0001,0.00030000000000000003,,,1056109762.4519001,6.3269437038241065,87688283686.0,1385950117321.2556,,proxy_calibrated
2023-11-21,2022.41,2036.06,1929.85,1933.44,4105107.032,8161456877.11487,529543.92,0.0001,0.00030000000000000003,,,1023841396.6848001,6.624003818140571,87999214565.0,1328489792291.5498,,proxy_calibrated
2023-11-22,1933.44,2093.78,1928.74,2063.91,3525684.092,7155330992.38286,485810.24,0.0001,0.00030000000000000003,,,1002668612.4383999,6.341728396527229,88280778060.0,1392061793569.449,,proxy_calibrated
2023-11-23,2063.92,2089.75,2033.5,2062.68,2101282.327,4333101748.32414,575194.44999999,0.0001,0.00030000000000000003,,,1186442088.1259794,6.367174042162582,88445991835.0,1389093359932.0886,,proxy_calibrated
2023-11-24,2062.67,2135.0,2057.77,2081.16,3231969.816,6778271023.31061,556449.1,0.0001,0.00030000000000000003,,,1158059608.9559999,6.308843535544927,88486990065.0,1402586536921.571,,proxy_calibrated
2023-11-25,2081.16,2090.79,2065.59,2082.87,1027458.693,2137077833.54589,545717.47,0.0001,0.00030000000000000003,,,1136658546.7389,6.313372649139215,88683450806.0,1404692162723.697,,proxy_calibrated
2023-11-26,2082.87,2094.96,2035.0,2061.97,2265552.05,4687601793.16523,546518.68999999,0.0001,0.00030000000000000003,,,1126905143.2192793,6.367132405089667,88700950806.0,1393106741978.469,,proxy_calibrated
2023-11-27,2061.97,2071.0,1985.0,2027.57,2895401.474,5861604298.08316,562416.28,0.0001,0.00030000000000000003,,,1140338376.8396,6.4192941051327,88755950804.0,1382643470612.0266,,proxy_calibrated
2023-11-28,2027.57,2075.87,1994.85,2048.2,2601579.447,5299174745.72606,579538.56,0.0001,0.00030000000000000003,,,1187010878.592,6.346026723562916,88897224190.0,1400832805508.4126,,proxy_calibrated
2023-11-29,2048.21,2077.0,2018.56,2028.41,2090299.255,4272821333.41157,562403.75,0.0001,0.00030000000000000003,,,1140785390.5375001,6.367139300389903,89051834037.0,1398616079147.9268,,proxy_calibrated
2023-11-30,2028.41,2054.97,2020.4,2051.76,1702901.412,3467788056.2867,551255.77,0.0001,0.00030000000000000003,,,1131044538.6552002,6.3774828454307695,89253851478.0,1399515351765.267,,proxy_calibrated
2023-12-01,2051.77,2111.5,2044.35,2086.99,2908736.552,6077197060.66088,568145.91,0.0001,0.00030000000000000003,,,1185714832.7108998,6.249407869195024,89317080453.0,1429208691806.9053,,proxy_calibrated
2023-12-02,2086.99,2199.99,2085.63,2165.28,2703872.717,5771277302.8414,594040.41,0.0001,0.00030000000000000003,,,1286263818.9648001,6.123718756678854,89499174101.0,1461516729575.267,,proxy_calibrated
2023-12-03,2165.26,2219.17,2148.17,2193.24,2138376.029,4647728772.82338,599573.96,0.0001,0.00030000000000000003,,,1315009592.0303998,6.052281576591605,89569124098.0,1479923281237.0508,,proxy_calibrated
2023-12-04,2193.25,2276.84,2191.52,2243.66,3783378.877,8452455553.34357,588568.88,0.0001,0.00030000000000000003,,,1320548453.3007998,5.82220434042691,89619724097.0,1539274797944.1182,,proxy_calibrated
2023-12-05,2243.67,2311.51,2186.0,2293.97,4121719.56,9263997221.57883,566489.12,0.0001,0.00030000000000000003,,,1299509046.6063998,5.609246515321437,89786241693.0,1600682755656.2617,,proxy_calibrated
2023-12-06,2293.97,2314.98,2218.49,2233.29,2935176.941,6656006363.54016,531845.3,0.0001,0.00030000000000000003,,,1187764790.0370002,5.683301506183247,90005799511.0,1583688625582.7996,,proxy_calibrated
2023-12-07,2233.32,2387.2,2222.08,2357.04,3592068.146,8267176771.20482,495878.12,0.0001,0.00030000000000000003,,,1168804563.9648,5.659484846909881,90040209002.0,1590961217100.2207,,proxy_calibrated
2023-12-08,2357.05,2397.44,2333.36,2360.82,2691981.223,6360273773.82462,539005.86,0.00015169666666666666,0.00045509,,,1272495814.4052,5.586364500275004,90228000442.0,1615147032342.0227,,proxy_calibrated
2023-12-09,2360.82,2407.63,2328.0,2342.4,2422255.37,5724964316.41979,532811.23,0.00029101999999999996,0.0008730599999999999,,,1248057025.152,5.643186170606762,90307767897.0,1600297512199.3894,,proxy_calibrated
2023-12-10,2342.41,2379.98,2323.0,2353.97,1509788.704,3549153797.86988,533452.0,0.00018481333333333333,0.00055444,,,1255730004.4399998,5.64449240666611,90561569096.0,1604423614584.8535,,proxy_calibrated
2023-12-11,2353.99,2356.73,2114.63,2225.56,4715186.38,10505238677.09641,518222.47,0.00014704,0.00044112000000000003,,,1153335200.3332,5.956913769570035,90517569096.0,1519538012425.0728,,proxy_calibrated
2023-12-12,2225.55,2245.37,2164.82,2204.7,2861907.892,6320204699.44428,521622.11,0.0001,0.00030000000000000003,,,1150020265.9169998,5.950563679403581,90606798292.0,1522659081955.769,,proxy_calibrated
2023-12-13,2204.71,2285.91,2145.33,2261.44,3400818.732,7496980793.2386,496903.98,0.00012817333333333333,0.00038452,,,1123718536.5312,5.785863962301,90624753215.0,1566313238705.3071,,proxy_calibrated
2023-12-14,2261.45,2333.29,2212.04,2316.54,3279042.292,7482325202.55013,482567.11,0.0001,0.00030000000000000003,,,1117886012.9994,5.739710210995103,90631136003.0,1579019369817.4028,,proxy_calibrated
2023-12-15,2316.53,2319.32,2195.28,2221.71,2619585.033,5917897874.7053,515575.59,0.00010139666666666667,0.00030419,,,1145459444.0589,5.905942584902467,90790069493.0,1537266375143.7288,,proxy_calibrated
2023-12-16,2221.71,2264.95,2211.16,2229.64,1615397.454,3624431712.39292,482387.17,0.0001,0.00030000000000000003,,,1075549729.7187998,5.875539834362904,90884632596.0,1546830336583.954,,proxy_calibrated
2023-12-17,2229.63,2251.24,2190.0,2197.93,1888776.25,4193330348.14639,476872.07,0.00010467333333333334,0.00031402000000000003,,,1048131428.8151,5.982473016342778,90884632596.0,1519181655274.0566,,proxy_calibrated
2023-12-18,2197.93,2226.52,2116.56,2220.48,3103789.978,6733348048.69405,487563.22,0.00011694333333333333,0.00035083,,,1082624378.7456,5.843542533167784,90884632596.0,1555300266578.7295,,proxy_calibrated
2023-12-19,2220.49,2256.64,2135.03,2179.02,2922787.525,6442713698.58217,513494.37,0.0001,0.00030000000000000003,,,1118914502.1174,5.904501818414309,90890026114.0,1539334374164.171,,proxy_calibrated
2023-12-20,2179.01,2269.56,2156.0,2203.95,3264604.314,7232731576.40189,508855.7,0.00014384666666666666,0.00043154,,,1121492520.0149999,5.755914002888704,90903282682.0,1579302307789.4949,,proxy_calibrated
2023-12-21,2203.95,2282.41,2184.9,2241.35,3165860.981,7068225568.50204,505635.16,0.00031595666666666664,0.00094787,,,1133305365.866,5.722687081303412,90997478400.0,1590118018112.467,,proxy_calibrated
2023-12-22,2241.47,2345.95,2232.56,2326.53,4099057.645,9424688260.19954,531507.68999999,0.0004621133333333333,0.00138634,,,1236568586.015677,5.668206331842303,91042674797.0,1606199024293.6155,,proxy_calibrated
2023-12-23,2326.54,2332.75,2265.0,2309.86,1865910.468,4279554665.09509,566034.31,0.00016357,0.00049071,,,1307460011.2966,5.709275106627561,91166134358.0,1596807522064.7646,,proxy_calibrated
2023-12-24,2309.86,2328.79,2241.2,2265.43,2062149.982,4721397589.48568,535772.54,0.00018314666666666667,0.00054944,,,1213755185.2922,5.804762269099311,91232934358.0,1571691141317.938,,proxy_calibrated
2023-12-25,2265.42,2308.0,2254.38,2273.07,1894335.789,4319976648.99361,518587.8,0.0002639533333333333,0.0007918599999999999,,,1178786370.546,5.747151147268851,91288596668.0,1588414752435.7693,,proxy_calibrated
2023-12-26,2273.08,2277.51,2178.84,2232.44,2717406.562,6062439161.58762,529686.56999999,0.0003881333333333333,0.0011644,,,1182493486.330778,5.872334982733512,91298065200.0,1554714870123.1223,,proxy_calibrated
2023-12-27,2232.45,2395.0,2213.68,2380.31,3570723.046,8260845965.55004,506927.26,0.00040519,0.00121557,,,1206644026.2506,5.702542478871201,91315808078.0,1601317454737.7622,,proxy_calibrated
2023-12-28,2380.32,2455.52,2336.02,2345.96,4260463.058,10170568781.88293,573246.25,0.00044753333333333333,0.0013426,,,1344812772.65,5.807323996201573,91427015093.0,1574339836261.9363,,proxy_calibrated
2023-12-29,2345.98,2388.74,2254.72,2300.6,3866751.979,9014828986.57667,525264.6,0.0004704333333333333,0.0014112999999999999,,,1208423738.76,5.886047540624785,91497677422.0,1554484172791.5742,,proxy_calibrated
2023-12-30,2300.61,2325.0,2269.15,2293.26,1809956.531,4159237315.21914,515770.06,0.00028403666666666663,0.0008521099999999999,,,1182794847.7956002,5.89171243320919,91651728372.0,1555604239191.927,,proxy_calibrated
2023-12-31,2293.26,2324.78,2258.0,2283.85,1671717.997,3840542439.66964,497994.79,0.00027053,0.0008115900000000001,,,1137345401.1415,5.8851044871281974,91677093371.0,1557781914858.3447,,proxy_calibrated
2024-01-01,2283.84,2354.95,2266.67,2354.62,1658563.418,3833607643.67903,490138.81,0.00033988333333333335,0.00101965,,,1154090644.8021998,5.6666736428643585,91677928371.0,1617843803065.0227,,proxy_calibrated
2024-01-02,2354.63,2434.49,2335.0,2356.93,3376173.73,8044076762.32824,501230.53,0.0005618200000000001,0.0016854600000000002,,,1181365273.0729,5.599241214997287,91682127370.0,1637402709574.8977,,proxy_calibrated
2024-01-03,2356.92,2387.48,2067.16,2210.39,4996919.678,11247346123.69518,503816.44,0.00020974,0.00062922,,,1113630820.8116,5.896668707370604,92020117112.0,1560544125481.8755,,proxy_calibrated
2024-01-04,2210.39,2295.55,2202.1,2267.85,2512800.256,5657915952.55511,470053.67,0.0001,0.00030000000000000003,,,1066011215.5094999,5.764359323457103,92411788606.0,1603158016710.4707,,proxy_calibrated
2024-01-05,2267.85,2278.16,2206.0,2268.93,2640741.967,5923620087.33033,468513.79,0.0001,0.00030000000000000003,,,1063024993.5446999,5.784673213138677,92780444258.0,1603901220336.329,,proxy_calibrated
2024-01-06,2268.92,2270.34,2215.56,2240.36,1201310.744,2691373219.47519,463115.66,0.0001,0.00030000000000000003,,,1037545800.0376,5.849476774346215,93320401318.0,1595363225088.2856,,proxy_calibrated
2024-01-07,2240.36,2257.98,2201.06,2220.87,1609796.697,3600489002.36785,456540.27,0.0001,0.00030000000000000003,,,1013916589.4349,5.876291409690293,93528001318.0,1591616119714.0042,,proxy_calibrated
2024-01-08,2220.87,2359.63,2165.43,2331.11,3478939.516,7863706854.1669,463449.62,0.0001,0.00030000000000000003,,,1080352043.6782,5.547877235300759,93596751318.0,1687073223654.8125,,proxy_calibrated
2024-01-09,2331.12,2377.36,2222.44,2344.44,4370510.933,10039664919.16545,453204.59,0.0001,0.00030000000000000003,,,1062510968.9796001,5.639646004063579,94063288707.0,1667893492591.979,,proxy_calibrated
2024-01-10,2344.33,2645.65,2336.28,2585.82,7740895.596,18922026567.58447,519648.74,0.0001,0.00030000000000000003,,,1343718104.8668,5.485946735447292,94368207275.0,1720180888108.9287,,proxy_calibrated
2024-01-11,2585.81,2691.9,2565.69,2618.59,5161427.019,13515735771.84295,491207.06,0.0001,0.00030000000000000003,,,1286269895.2454,5.507956306980584,94591242888.0,1717356449761.9287,,proxy_calibrated
2024-01-12,2618.6,2719.89,2458.38,2523.3,6484996.966,16931186211.05264,492239.87,0.0001,0.00030000000000000003,,,1242068863.9710002,5.890856918109283,94980329573.0,1612334689050.3782,,proxy_calibrated
2024-01-13,2523.3,2591.29,2497.79,2578.5,2509197.587,6396752318.6813,517748.62,0.0001,0.00030000000000000003,,,1335014816.67,5.854093483026871,94982958944.0,1622504991069.751,,proxy_calibrated
2024-01-14,2578.51,2579.13,2470.0,2474.36,2126298.888,5377127058.63416,526575.12,0.0001,0.00030000000000000003,,,1302936413.9232001,6.019790281129227,94982958944.0,1577844983101.0151,,proxy_calibrated
2024-01-15,2474.3,2555.0,2472.04,2512.21,1818558.839,4582971876.58271,508664.39,0.0001,0.00030000000000000003,,,1277871767.2019,5.922539581776175,94982958938.0,1603753890143.095,,proxy_calibrated
2024-01-16,2512.2,2613.8,2500.0,2587.4,2456630.069,6264614166.95275,511957.39,0.0001,0.00030000000000000003,,,1324638550.8860002,5.828551707652829,95093844052.0,1631517550528.766,,proxy_calibrated
2024-01-17,2587.4,2593.01,2505.76,2530.62,2299529.287,5861698853.5795,539475.93,0.0001,0.00030000000000000003,,,1365208577.9766002,5.893190022324759,95101372849.0,1613750320093.7715,,proxy_calibrated
2024-01-18,2530.61,2549.99,2428.22,2471.29,2928749.65,7309579149.43542,507512.37,0.0001,0.00030000000000000003,,,1254210244.8573,6.070364903499234,95137139323.0,1567239216017.4526,,proxy_calibrated
2024-01-19,2471.29,2505.16,2415.55,2492.46,2594474.775,6404258356.95563,516464.07,0.0001,0.00030000000000000003,,,1287266035.9122,6.018061563954018,95033236391.0,1579133669223.5625,,proxy_calibrated
2024-01-20,2492.46,2492.46,2453.79,2472.27,938896.162,2321269007.36401,501777.33,0.0001,0.00030000000000000003,,,1240529039.6391,6.027059920981224,95033236391.0,1576776034035.6511,,proxy_calibrated
2024-01-21,2472.26,2482.7,2451.0,2457.02,708291.369,1750600706.66527,501083.13,0.0001,0.00030000000000000003,,,1231171272.0726,6.04699131852515,95033236391.0,1571578846158.7942,,proxy_calibrated
2024-01-22,2457.02,2466.46,2302.21,2314.33,3645112.961,8673726491.18901,494123.49,0.0001,0.00030000000000000003,,,1143564816.6117,6.336755583867805,94902945511.0,1497658293032.56,,proxy_calibrated
2024-01-23,2314.33,2351.76,2167.5,2241.67,4379161.194,9796897099.56964,481330.56,0.0001,0.00030000000000000003,,,1078984276.4352,6.347493207475035,94865026114.0,1494527414417.4514,,proxy_calibrated
2024-01-24,2241.67,2264.44,2195.0,2234.62,2256073.0,5029982840.98715,512236.84,0.0001,0.00030000000000000003,,,1144654687.4008,6.374307021047919,95563944196.0,1499205229375.4993,,proxy_calibrated
2024-01-25,2234.62,2242.55,2169.04,2218.02,2082826.704,4606164128.97297,520520.79,0.0001,0.00030000000000000003,,,1154525522.6358,6.397477447346137,95540986301.0,1493416539367.9226,,proxy_calibrated
2024-01-26,2218.01,2281.96,2195.15,2266.72,2261609.947,5072599984.48894,527255.51,0.0001,0.00030000000000000003,,,1195140609.6272,6.170217286633877,95543581705.0,1548463810374.5483,,proxy_calibrated
2024-01-27,2266.73,2283.35,2250.33,2266.99,944833.561,2141771562.52407,568466.97,8.959e-05,0.00026877,,,1288708936.3202999,6.168252223237839,96023872796.0,1556743617490.9714,,proxy_calibrated
2024-01-28,2267.0,2308.0,2236.56,2256.0,1596669.122,3632645831.61376,561244.81999999,6.986e-05,0.00020958,,,1266168313.9199777,6.183059144448993,96022872795.0,1552999422320.0518,,proxy_calibrated
2024-01-29,2256.0,2322.53,2232.0,2316.52,1959261.39,4461192290.02723,523267.42,0.0001,0.00030000000000000003,,,1212159443.7784,6.020591169352933,96022872795.0,1594907710787.4795,,proxy_calibrated
2024-01-30,2316.53,2392.84,2295.1,2341.95,2383935.871,5568693641.04369,530671.26,8.731666666666667e-05,0.00026195,,,1242805557.3569999,6.042078205595429,96040095474.0,1589520893408.157,,proxy_calibrated
2024-01-31,2341.96,2351.23,2261.88,2282.0,2607909.368,6035736969.81903,540091.43,0.0001,0.00030000000000000003,,,1232488643.2600002,6.121794290347108,96187066652.0,1571223436953.256,,proxy_calibrated
2024-02-01,2281.99,2311.51,2237.0,2303.33,1894237.423,4317833942.98259,525040.43999999,7.799333333333333e-05,0.00023398,,,1209341396.665177,6.0593535882441625,96206404754.0,1587733796236.143,,proxy_calibrated
2024-02-02,2303.32,2324.9,2280.05,2307.99,1514215.851,3488673055.88872,522460.95,7.892666666666668e-05,0.00023678000000000002,,,1205834647.9905,6.045876224080471,96208938476.0,1591315053603.0466,,proxy_calibrated
2024-02-03,2308.0,2330.45,2291.0,2295.42,938282.273,2167201213.34462,518657.66,7.541999999999999e-05,0.00022626,,,1190537165.9172,6.072248303662877,96218466557.0,1584560804256.9585,,proxy_calibrated
2024-02-04,2295.41,2311.0,2261.51,2288.66,1193801.655,2738353319.06096,512277.51,7.424666666666666e-05,0.00022274,,,1172429046.0365999,6.117815999362671,96218466557.0,1572758425016.765,,proxy_calibrated
2024-02-05,2288.66,2338.0,2267.62,2300.83,1689233.364,3893676970.0004,504122.95,0.0001,0.00030000000000000003,,,1159901207.0485,6.098110669153424,96219105918.0,1577851094187.4675,,proxy_calibrated
2024-02-06,2300.83,2392.0,2297.74,2371.74,2197507.85,5141782514.2453,505999.09,8.563666666666667e-05,0.00025691,,,1200098281.7166,6.018140920865187,96223618245.0,1598892739639.7124,,proxy_calibrated
2024-02-07,2371.74,2445.0,2352.06,2424.22,2154502.953,5154911271.5263,545186.6,5.617e-05,0.00016851,,,1321652259.452,5.867555251481255,96168527921.0,1638988024811.908,,proxy_calibrated
2024-02-08,2424.21,2463.28,2410.16,2418.76,1910078.832,4642887417.7459,530724.43999999,9.108333333333333e-05,0.00027325,,,1283695046.494376,5.785529114858223,96173255742.0,1662307004816.737,,proxy_calibrated
2024-02-09,2418.77,2528.66,2418.26,2485.24,2908524.98,7221137099.9816,522032.73,9.250666666666667e-05,0.00027752,,,1297376621.9051998,5.592497492721372,96193378383.0,1720043299227.144,,proxy_calibrated
2024-02-10,2485.24,2516.12,2470.04,2499.2,1320062.188,3292566689.2355,521460.77,9.149333333333333e-05,0.00027448,,,1303234756.384,5.535342280973288,96208378383.0,1738074603149.6272,,proxy_calibrated
2024-02-11,2499.2,2539.2,2492.16,2506.1,1521963.675,3827876646.36733,523073.49,8.264e-05,0.00024792,,,1310874473.289,5.492048073217026,96328878383.0,1753970050858.9016,,proxy_calibrated
2024-02-12,2506.11,2667.74,2470.05,2660.91,3172400.237,8120720968.59546,511836.06,8.349000000000002e-05,0.00025047000000000003,,,1361949690.4146,5.298924630381085,96462258382.0,1820411972439.4475,,proxy_calibrated
2024-02-13,2660.91,2688.8,2585.7,2640.83,3319971.574,8773950694.90412,517702.25,0.0001,0.00030000000000000003,,,1367163632.8675,5.336385925643906,96655458382.0,1811253153890.6123,,proxy_calibrated
2024-02-14,2640.88,2788.88,2619.12,2776.14,2845619.643,7757923313.0378,553264.55,0.00011027333333333334,0.00033082,,,1535939847.8370001,5.128933594252632,96787758381.0,1887093225177.612,,proxy_calibrated
2024-02-15,2776.14,2870.98,2758.57,2824.54,3444416.851,9686287863.61306,543422.66,0.00012516,0.00037548,,,1534919040.0764,5.110962211953259,96948454100.0,1896872840759.0625,,proxy_calibrated
2024-02-16,2824.53,2859.83,2732.7,2803.69,2736822.77,7688936547.61237,552312.02,0.00010907333333333334,0.00032722000000000003,,,1548511687.3538,5.121323978092011,97334361243.0,1900570275565.005,,proxy_calibrated
2024-02-17,2803.7,2806.09,2718.35,2787.43,1776912.75,4921403820.66918,527727.43999999,0.00011173,0.00033519,,,1471003298.0791721,5.170697294888913,97537110494.0,1886343464553.8557,,proxy_calibrated
2024-02-18,2787.44,2899.0,2764.8,2883.58,2111668.519,5959314932.20575,528136.43999999,0.00010379999999999999,0.0003114,,,1522923675.6551712,5.10076365949432,97644529575.0,1914311975487.2212,,proxy_calibrated
2024-02-19,2883.56,2988.22,2856.4,2946.55,2893244.938,8446450558.41116,545151.17,0.0001,0.00030000000000000003,,,1606315179.9635003,5.100452146703643,97674223122.0,1915011067893.767,,proxy_calibrated
2024-02-20,2946.55,3036.83,2873.6,3017.21,4598117.415,13548620086.74358,550782.6,0.00020643666666666667,0.00061931,,,1661826768.546,5.039586174970082,97694587262.0,1938543838127.3433,,proxy_calibrated
2024-02-21,3017.22,3020.0,2867.87,2969.65,4069738.764,11926830767.65694,554888.04,0.00014040333333333334,0.00042121,,,1647823267.986,5.092544438982259,97805414635.0,1920560847467.9573,,proxy_calibrated
2024-02-22,2969.65,3044.0,2907.16,2972.8,4052804.255,12075046482.4062,565515.22,0.0001,0.00030000000000000003,,,1681163646.016,5.130554686666121,97828950767.0,1906790917193.5967,,proxy_calibrated
2024-02-23,2972.8,2996.0,2906.62,2923.35,2501284.482,7359220940.31807,541733.66,0.0001,0.00030000000000000003,,,1583677094.961,5.189508820646772,97830410207.0,1885157412543.088,,proxy_calibrated
2024-02-24,2923.36,3009.29,2907.16,2994.39,1450354.218,4298585233.05027,521877.68,0.0001,0.00030000000000000003,,,1562705306.2152,5.105005823388196,97897857760.0,1917683566813.742,,proxy_calibrated
2024-02-25,2994.39,3131.0,2985.23,3115.24,2955696.567,9030291053.95802,550776.37,0.00018988666666666667,0.00056966,,,1715800578.8788,5.04408736326383,97897857760.0,1940843817912.2688,,proxy_calibrated
2024-02-26,3115.24,3200.0,3037.25,3178.6,3828384.516,11945080186.58809,584173.68,0.00032642,0.00097926,,,1856854459.2480001,4.843695489636814,97897857458.0,2021139802604.323,,proxy_calibrated
2024-02-27,3178.6,3295.57,3168.29,3244.98,3406593.01,11048069693.76326,575955.36,0.00041659333333333325,0.0012497799999999998,,,1868963624.0928,4.67733559257413,98106291060.0,2097482404635.5864,,proxy_calibrated
2024-02-28,3244.99,3502.07,3152.94,3387.07,6595638.084,22006158170.23106,527832.54,0.00036382666666666673,0.0010914800000000001,,,1787805761.2578,4.355425535536971,98378060190.0,2258747380418.0464,,proxy_calibrated
2024-02-29,3387.07,3531.0,3300.39,3343.15,4741266.907,16279675952.14628,497836.12,0.0007056066666666668,0.00211682,,,1664340824.578,4.446811529037128,98695532864.0,2219467414337.9004,,proxy_calibrated
2024-03-01,3343.16,3456.0,3342.18,3435.82,2297074.999,7831386723.6275,499386.5,0.00048194,0.00144582,,,1715802124.43,4.362267775507512,98834150546.0,2265659873080.614,,proxy_calibrated
2024-03-02,3435.83,3475.0,3390.0,3424.43,1386240.615,4749632563.43359,479588.48,0.00053896,0.00161688,,,1642317178.5663998,4.399129040724502,99173460259.0,2254388524203.575,,proxy_calibrated
2024-03-03,3424.43,3496.78,3355.88,3491.77,1889236.536,6486743244.58064,482861.78,0.0003826466666666667,0.00114794,,,1686042277.5506,4.333088810337106,99422260259.0,2294489326454.981,,proxy_calibrated
2024-03-04,3491.78,3644.77,3420.22,3629.72,3908128.352,13818014096.46304,474409.98,0.00040321333333333335,0.00120964,,,1721975392.6055999,4.06666396118557,99525850149.0,2447358599061.252,,proxy_calibrated
2024-03-05,3629.72,3827.93,3205.0,3555.43,8430806.942,30468306760.3476,469151.54,0.00074303,0.00222909,,,1668035459.8621998,4.312048420525183,100038817337.0,2319983626826.1533,,proxy_calibrated
2024-03-06,3555.43,3906.42,3501.0,3822.36,4970650.254,18750612857.70527,510529.57,0.00033151,0.00099453,,,1951427807.1852,4.144430893569046,100434401358.0,2423358090343.4785,,proxy_calibrated
2024-03-07,3822.35,3939.0,3736.44,3871.69,2852543.201,10911337953.45516,502229.81,0.00039695333333333334,0.00119086,,,1944478133.0789,4.111363300120904,100752179979.0,2450578375694.4355,,proxy_calibrated
2024-03-08,3871.69,4003.33,3826.08,3886.04,3605867.534,14152008425.22743,483877.13,0.00049913,0.00149739,,,1880365882.2652,4.062969267306543,101039338406.0,2486834916991.1846,,proxy_calibrated
2024-03-09,3886.04,3945.88,3871.46,3908.15,1056996.982,4132818940.47502,510901.75,0.00035076333333333335,0.00105229,,,1996680674.2625,4.070458394043647,101586455788.0,2495700630097.405,,proxy_calibrated
2024-03-10,3908.16,3970.84,3791.19,3881.22,1817977.804,7102403722.4269,504302.39,0.0003796033333333334,0.00113881,,,1957308522.1158,4.0590450423075195,101812755784.0,2508293323252.226,,proxy_calibrated
2024-03-11,3881.32,4095.16,3719.0,4070.52,3797267.73,15103305759.78546,490484.83,0.00053633,0.00160899,,,1996528310.2116,3.895044795295909,102012255784.0,2619026510483.304,,proxy_calibrated
2024-03-12,4070.52,4098.64,3831.95,3984.18,3641750.754,14508632314.86478,485811.82,0.00051318,0.00153954,,,1935561737.0075998,3.955587927194433,102428495868.0,2589463254344.8257,,proxy_calibrated
2024-03-13,3984.18,4091.65,3935.0,4008.76,2445801.499,9809630177.9462,493284.31,0.0005044866666666667,0.0015134600000000001,,,1977458410.5556002,3.8954458200912985,102656982792.0,2635307678071.98,,proxy_calibrated
2024-03-14,4008.76,4015.45,3725.03,3884.99,3822719.006,14848753489.47771,505303.43,0.00042192333333333337,0.00126577,,,1963098772.5156999,4.00672237815069,103124150069.0,2573778274016.5073,,proxy_calibrated
2024-03-15,3884.99,3938.16,3566.0,3745.0,5393474.72,20014921950.22168,517755.98,0.00032333,0.00096999,,,1938996145.1,4.124745842872566,103256569684.0,2503343808744.584,,proxy_calibrated
2024-03-16,3745.01,3784.87,3468.84,3525.58,2737209.353,9957942394.06776,501773.46,0.0002508666666666667,0.0007526,,,1769042475.1068,4.374711022560568,103308077351.0,2361483462981.5757,,proxy_calibrated
2024-03-17,3525.57,3682.95,3414.72,3646.99,2757553.884,9814353456.64519,512804.47,0.00018532,0.00055596,,,1870192774.0452998,4.203290504068107,103403077351.0,2460050697207.878,,proxy_calibrated
2024-03-18,3646.99,3648.78,3454.72,3523.43,2802619.048,9962049261.21333,514155.14,0.00024435,0.0007330500000000001,,,1811589644.9301999,4.271827823271723,103403287141.0,2420586489410.641,,proxy_calibrated
2024-03-19,3523.44,3551.99,3153.0,3161.0,5894325.453,19521481713.99768,507767.54,0.00021642666666666667,0.00064928,,,1605053193.9399998,4.672326724353619,103656755951.0,2218525417126.948,,proxy_calibrated
2024-03-20,3160.99,3539.16,3055.0,3517.8,7145176.265,23415379367.1745,543060.39,0.00012032,0.00036096,,,1910377839.9420002,4.277518226043765,103767644673.0,2425884337352.6357,,proxy_calibrated
2024-03-21,3517.8,3590.53,3414.06,3495.16,3449349.457,12105423292.09032,563490.36,0.00017007,0.00051021,,,1969488966.6576,4.3971698819446265,103892152366.0,2362704993332.0796,,proxy_calibrated
2024-03-22,3495.16,3545.36,3250.1,3339.0,3850579.18,13035377951.76805,550367.18,0.00020728,0.00062184,,,1837676014.0200002,4.534232628463543,104042110539.0,2294591368909.438,,proxy_calibrated
2024-03-23,3338.99,3438.0,3271.38,3330.96,2065343.895,6949919666.04788,549563.88,0.00012305666666666666,0.00036917,,,1830575301.7248,4.5253293283135205,104007508096.0,2298341193540.5166,,proxy_calibrated
2024-03-24,3330.96,3474.16,3301.46,3457.16,1864567.712,6297063059.58874,556383.56999999,0.00015948333333333332,0.00047845,,,1923507022.8611655,4.331012373302528,103997508096.0,2401228607359.04,,proxy_calibrated
2024-03-25,3457.16,3665.1,3422.18,3592.94,2530891.112,8954272773.21119,558919.32999999,0.0001806966666666667,0.0005420900000000001,,,2008163617.530164,4.1755453719971065,104002508096.0,2490752676129.035,,proxy_calibrated
2024-03-26,3592.94,3684.45,3545.63,3589.64,2433410.106,8786304757.96774,556681.18999999,0.0002775666666666667,0.0008327,,,1998285066.8715641,4.179663067622985,104231823342.0,2493785304117.292,,proxy_calibrated
2024-03-27,3589.65,3671.94,3461.18,3504.99,2908597.17,10352080808.70646,568818.73,0.00027211333333333336,0.00081634,,,1993703960.4627,4.229035424836321,104358215527.0,2467659999112.8955,,proxy_calibrated
2024-03-28,3504.99,3615.83,3466.97,3563.99,1971184.35,7017608937.73292,554920.96,0.0003716766666666666,0.00111503,,,1977732752.2303998,4.159943256664373,104438284293.0,2510569924858.6206,,proxy_calibrated
2024-03-29,3564.0,3588.93,3475.0,3512.46,1730640.148,6112211894.03871,552004.01,0.0003392533333333333,0.00101776,,,1938892004.9646,4.215496993924223,104488442732.0,2478674350440.7363,,proxy_calibrated
2024-03-30,3512.47,3569.97,3486.51,3508.66,1258779.458,4433539602.80039,559652.55,0.00031415333333333333,0.00094246,,,1963630516.0830002,4.22784633407544,104489471207.0,2471458585541.2866,,proxy_calibrated
2024-03-31,3508.66,3661.08,3507.39,3648.79,1535402.07,5541965437.87304,570731.12,0.0005003966666666666,0.00150119,,,2082478003.3448,4.1176281079511625,104489471207.0,2537613122594.298,,proxy_calibrated
2024-04-01,3648.8,3649.67,3413.0,3506.52,2754500.509,9690877424.55129,573743.24,0.00038689666666666666,0.00116069,,,2011842145.9248,4.223358598649711,104430769909.0,2472694834447.3643,,proxy_calibrated
2024-04-02,3506.52,3508.44,3212.0,3280.76,3971713.064,13191687525.92359,572782.35,0.00012558666666666668,0.00037676,,,1879161422.586,4.490819982140007,104642068610.0,2330132782568.9194,,proxy_calibrated
2024-04-03,3280.67,3370.0,3203.12,3313.29,2660184.672,8811379210.6341,546072.94999999,0.0001,0.00030000000000000003,,,1809298044.505467,4.482931894257491,105262851088.0,2348080532359.609,,proxy_calibrated
2024-04-04,3313.28,3446.48,3252.59,3329.65,2446555.032,8169659175.37157,549437.47,0.0001,0.00030000000000000003,,,1829434471.9854999,4.39199115769679,106128909629.0,2416419018581.431,,proxy_calibrated
2024-04-05,3329.65,3352.07,3208.0,3319.66,2617392.108,8604507301.44426,548620.85,0.0001,0.00030000000000000003,,,1821234690.9109998,4.443532352803613,106577580717.0,2398487785280.9077,,proxy_calibrated
2024-04-06,3319.66,3402.72,3308.0,3353.15,1131719.523,3784631189.15189,544218.68,0.00012244,0.00036732,,,1824846866.8420002,4.391634014176233,106790630717.0,2431683295381.1475,,proxy_calibrated
2024-04-07,3353.16,3462.19,3345.51,3455.99,1444094.538,4908725510.13586,545276.47,0.0001,0.00030000000000000003,,,1884470027.5552998,4.344899803284721,106876390717.0,2459812551631.2715,,proxy_calibrated
2024-04-08,3456.0,3735.31,3407.33,3697.6,2845934.629,10242502690.69892,562070.84,0.0001729866666666667,0.0005189600000000001,,,2078313137.9839997,4.179572225908413,106877390717.0,2557137069063.823,,proxy_calibrated
2024-04-09,3697.59,3730.0,3452.3,3508.45,3448082.837,12375679718.68608,582443.1,0.00016743,0.00050229,,,2043472494.1949997,4.343758537129383,107027788864.0,2463944253557.2065,,proxy_calibrated
2024-04-10,3508.46,3567.18,3413.2,3547.64,2832357.377,9907338189.7315,563697.06999999,0.00015783,0.00047349,,,1999794273.4147646,4.271692821422197,107160428303.0,2508617374489.0796,,proxy_calibrated
2024-04-11,3547.64,3621.74,3475.03,3504.43,2234984.241,7911317508.81466,555809.76,0.00011827666666666666,0.00035483,,,1947796397.2368,4.313743570810674,107238627404.0,2485975942789.915,,proxy_calibrated
2024-04-12,3504.42,3555.0,3062.04,3238.3,3896865.831,13037212264.80269,543830.61,0.0001,0.00030000000000000003,,,1761086664.3630002,4.527370029304643,107277465966.0,2369531654616.6367,,proxy_calibrated
2024-04-13,3238.31,3305.42,2791.61,3005.46,5308516.817,16403790658.86951,538915.97,0.0001,0.00030000000000000003,,,1619690391.1962,4.7677011241884415,107330394387.0,2251198042647.2266,,proxy_calibrated
2024-04-14,3005.47,3173.32,2903.0,3153.16,3950204.757,12011461408.84632,499355.21,0.0001,0.00030000000000000003,,,1574546873.9636,4.644849547503523,107660374387.0,2317844168814.132,,proxy_calibrated
2024-04-15,3153.16,3277.74,3022.08,3100.75,3855036.931,12155258304.12795,511481.16,8.097666666666667e-05,0.00024293,,,1585975206.87,4.780674261027165,107695174387.0,2252719355195.3247,,proxy_calibrated
2024-04-16,3100.76,3127.41,2976.43,3082.85,3451959.497,10560043076.80123,510789.93,7.407e-05,0.00022221,,,1574688735.7005,4.781579192672107,108064841620.0,2260024089648.293,,proxy_calibrated
2024-04-17,3082.84,3123.12,2912.45,2983.25,3311729.707,9975172417.97654,514205.6,3.6026666666666665e-05,0.00010808,,,1534003856.2,4.985937500240335,108741585291.0,2180965671666.7305,,proxy_calibrated
2024-04-18,2983.26,3093.59,2949.54,3062.85,2675545.62,8096360542.18016,526771.96,4.036e-05,0.00012108,,,1613423497.6859999,4.84818955270088,109092586086.0,2250171634176.835,,proxy_calibrated
2024-04-19,3062.85,3128.52,2861.76,3054.91,4007802.786,12155003896.40264,508679.36,5.964333333333333e-05,0.00017893,,,1553969663.6576,4.849449681718025,109517186689.0,2258342572392.691,,proxy_calibrated
2024-04-20,3054.91,3173.83,3016.4,3154.31,1625068.703,5020261592.09934,511799.82,5.833333333333333e-05,0.000175,,,1614375290.2242,4.7687679521594095,109818107184.0,2302861206200.4775,,proxy_calibrated
2024-04-21,3154.3,3196.41,3114.15,3145.73,1575165.839,4973199800.33538,501297.95,3.109e-05,9.327e-05,,,1576948000.2535,4.771337861431747,109834873894.0,2301972257756.6865,,proxy_calibrated
2024-04-22,3145.74,3235.0,3127.14,3198.66,2047440.862,6532944241.83253,505837.05,2.117e-05,6.351e-05,,,1618000738.353,4.657526414029925,109832373894.0,2358169640501.6743,,proxy_calibrated
2024-04-23,3198.66,3266.91,3150.31,3218.04,1663106.378,5330082646.21801,500935.7,2.9333333333333333e-05,8.8e-05,,,1612031120.028,4.685075742513887,110176193831.0,2351641678516.0103,,proxy_calibrated
2024-04-24,3218.03,3293.38,3102.5,3138.84,2482827.279,7955315677.08124,500822.55,3.818e-05,0.00011454,,,1572001852.842,4.830787768094132,110369006778.0,2284699971854.5566,,proxy_calibrated
2024-04-25,3138.84,3189.97,3070.16,3154.44,2448075.918,7673893769.26812,510488.73,4.057333333333333e-05,0.00012172000000000001,,,1610306069.4612,4.813189204818067,110369006778.0,2293053567632.8525,,proxy_calibrated
2024-04-26,3154.44,3167.2,3100.38,3129.98,1764316.116,5531739047.59648,508924.14,3.353333333333333e-05,0.0001006,,,1592922379.7172,4.8609479943764855,110369006778.0,2270524327881.789,,proxy_calibrated
2024-04-27,3129.98,3283.54,3062.8,3253.97,2199813.487,6971864379.53136,504822.12,6.460333333333333e-05,0.00019381,,,1642676033.8163998,4.837408212840961,110369006778.0,2281573146649.565,,proxy_calibrated
2024-04-28,3253.97,3365.69,3248.8,3262.28,1999881.264,6603964510.25257,531465.59,8.631333333333333e-05,0.00025894,,,1733789564.9452,4.851853422204403,110347920449.0,2274345715886.533,,proxy_calibrated
2024-04-29,3262.29,3286.29,3113.02,3215.27,2960135.349,9429474471.30777,507559.71,8.265666666666667e-05,0.00024797,,,1631941508.7717001,4.82632709553917,110347842716.0,2286373064477.7725,,proxy_calibrated
2024-04-30,3215.28,3250.0,2918.33,3012.58,4278488.436,13020897617.75349,522994.46,6.264666666666666e-05,0.00018794,,,1575562650.3068001,5.081484852829466,110412147302.0,2172832361008.0315,,proxy_calibrated
2024-05-01,3012.57,3021.94,2814.44,2970.61,4277387.307,12498907680.0962,517108.81,4.7006666666666665e-05,0.00014102,,,1536128602.0741,5.241961951326262,110402299123.0,2106125533686.2424,,proxy_calibrated
2024-05-02,2970.61,3016.38,2890.0,2984.8,2293012.777,6797323551.42273,522078.99,5.750000000000001e-05,0.00017250000000000002,,,1558301369.352,5.1879898130185795,110350061982.0,2127029272592.0745,,proxy_calibrated
2024-05-03,2984.8,3126.44,2956.86,3100.83,2355561.832,7151691173.98163,506616.79,3.2193333333333336e-05,9.658e-05,,,1570932540.9357,4.918821886583302,110339251952.0,2243204866859.766,,proxy_calibrated
2024-05-04,3100.83,3167.45,3090.75,3115.46,1371653.97,4285219356.99816,491391.97,6.585333333333333e-05,0.00019756,,,1530912026.8562,4.864361755133554,110503046757.0,2271686447669.7637,,proxy_calibrated
2024-05-05,3115.46,3171.15,3071.1,3135.24,1570278.517,4910484764.99347,487361.65,7.939999999999999e-05,0.0002382,,,1527995739.546,4.856298157923122,110634861194.0,2278172747970.542,,proxy_calibrated
2024-05-06,3135.24,3221.95,3043.92,3061.5,2638707.024,8247182154.47072,487659.1,8.198e-05,0.00024594,,,1492968334.6499999,4.928196180399143,110636188433.0,2244963154531.713,,proxy_calibrated
2024-05-07,3061.5,3128.59,2996.53,3004.55,2201536.706,6751855977.43258,501911.33,6.116e-05,0.00018348,,,1508017686.5515,5.004177486541448,110821623436.0,2214582191260.216,,proxy_calibrated
2024-05-08,3004.55,3037.52,2930.64,2972.93,2195609.599,6577135534.8255,507668.94,8.333333333333333e-05,0.00025,,,1509264221.7942,5.0810623204175815,110787681018.0,2180403900436.6123,,proxy_calibrated
2024-05-09,2972.94,3058.23,2949.0,3034.75,1709515.974,5123060909.63459,520562.55,0.0001,0.00030000000000000003,,,1579777198.6125,4.948827033612035,110789599190.0,2238704210867.0596,,proxy_calibrated
2024-05-10,3034.75,3053.52,2877.0,2908.85,2264167.435,6695556185.59951,515874.49,8.059e-05,0.00024177,,,1500601510.2365,5.1253469450598175,110739444345.0,2160623378905.866,,proxy_calibrated
2024-05-11,2908.85,2946.6,2884.6,2911.27,1115231.905,3252159193.86028,534205.1,7.594999999999999e-05,0.00022784999999999998,,,1555215281.477,5.116607952021375,110603634075.0,2161659347601.662,,proxy_calibrated
2024-05-12,2911.27,2954.94,2898.97,2927.73,1003441.381,2935939762.59539,516821.42,7.180999999999999e-05,0.00021543,,,1513113575.9766,5.071526656102741,110603634065.0,2180874548532.7751,,proxy_calibrated
2024-05-13,2927.73,2996.44,2863.8,2949.71,2489504.728,7308749342.26376,517772.96,8.609666666666667e-05,0.00025829,,,1527280077.8416002,4.97760352511744,110588634065.0,2221724440425.1904,,proxy_calibrated
2024-05-14,2949.72,2959.79,2858.14,2880.87,2087007.343,6062587792.47052,523138.66,9.088e-05,0.00027264,,,1507094471.4341998,5.082454462338569,110595556329.0,2176026507438.93,,proxy_calibrated
2024-05-15,2880.87,3039.52,2861.71,3030.66,2538941.374,7490561299.98222,541069.62,9.111e-05,0.00027333,,,1639798054.5491998,4.774137697055798,110683196744.0,2318391378033.7363,,proxy_calibrated
2024-05-16,3030.67,3039.95,2920.93,2943.22,2031554.936,6049550675.84311,551491.92,7.284666666666667e-05,0.00021854,,,1623162048.7824001,4.8556231543705515,110717237401.0,2280185959269.58,,proxy_calibrated
2024-05-17,2943.22,3119.0,2931.36,3090.48,2573872.238,7838262652.4321,564378.65,6.062666666666666e-05,0.00018188,,,1744200930.252,4.721558110650628,110899115803.0,2348782185966.1104,,proxy_calibrated
2024-05-18,3090.47,3146.36,3081.59,3121.59,1335509.587,4156984937.14991,613295.17,6.253e-05,0.00018759,,,1914456069.7203002,4.72177330362216,111028849260.0,2351422699070.0234,,proxy_calibrated
2024-05-19,3121.6,3135.58,3051.3,3069.98,1348685.716,4166087445.67779,620770.85,6.554666666666667e-05,0.00019664000000000001,,,1905754094.083,4.775750803283582,111128449259.0,2326931488606.8447,,proxy_calibrated
2024-05-20,3069.98,3698.86,3045.06,3664.39,5394372.967,18048021771.67237,598488.66,5.410333333333333e-05,0.00016230999999999998,,,2193095860.8174,4.350613505710368,111128449259.0,2554316744365.803,,proxy_calibrated
2024-05-21,3664.39,3849.26,3628.0,3792.32,5629142.3,21078487769.9036,741355.46,0.00013134666666666668,0.00039404,,,2811457138.0672,4.370659050410785,111057749078.0,2540984043757.932,,proxy_calibrated
2024-05-22,3792.33,3816.84,3655.0,3740.25,3626843.371,13562779469.1395,754680.7,0.00012547,0.00037641000000000004,,,2822694488.1749997,4.441038085344677,111423759590.0,2508957533097.8545,,proxy_calibrated
2024-05-23,3740.25,3952.89,3524.55,3784.8,7635174.311,29016060909.3369,740786.44,0.0001,0.00030000000000000003,,,2803728518.112,4.485301621215736,111446156187.0,2484697030403.78,,proxy_calibrated
2024-05-24,3784.79,3832.0,3627.0,3729.61,3215814.229,11955995521.85735,730207.33,0.0001,0.00030000000000000003,,,2723388560.0413,4.479242341225758,111590570266.0,2491282269747.944,,proxy_calibrated
2024-05-25,3729.61,3782.82,3710.14,3751.15,1147234.262,4299287507.21736,716021.32,0.0001,0.00030000000000000003,,,2685903374.5179996,4.439640555469099,111588108138.0,2513449157512.019,,proxy_calibrated
2024-05-26,3751.16,3887.26,3732.06,3827.53,1903387.53,7268692628.89094,711890.64,0.0001,0.00030000000000000003,,,2724782781.3192,4.454323280360256,111588108133.0,2505164109327.399,,proxy_calibrated
2024-05-27,3827.54,3980.0,3824.7,3896.09,2765129.283,10831101104.6769,745572.9,0.0001,0.00030000000000000003,,,2904819119.961,4.393268970222229,111589908132.0,2540019946157.6636,,proxy_calibrated
2024-05-28,3896.09,3934.42,3775.42,3847.0,2743469.005,10587010856.16523,752586.7,0.0001073,0.0003219,,,2895201034.8999996,4.453259556405085,111606077061.0,2506166003741.64,,proxy_calibrated
2024-05-29,3847.01,3891.79,3746.41,3770.0,2322064.217,8840201337.98247,783591.32,0.00015061666666666668,0.00045185,,,2954139276.3999996,4.509637047841437,111603568790.0,2474779402555.6816,,proxy_calibrated
2024-05-30,3770.01,3828.74,3704.7,3750.39,2337573.407,8797090035.41715,740691.27,0.00019421666666666665,0.00058265,,,2777881132.0953,4.481868910263948,111604510878.0,2490133315198.354,,proxy_calibrated
2024-05-31,3750.38,3859.53,3725.16,3764.35,2245502.251,8482436640.91421,716380.19,0.00011037333333333334,0.00033112,,,2696705768.2264996,4.516715368833153,111616920065.0,2471196676133.1494,,proxy_calibrated
2024-06-01,3764.35,3837.2,3754.36,3817.49,990970.998,3762256419.145,721840.28,0.00013899,0.00041697,,,2755618050.4972,4.496680940690548,111762088179.0,2485435138785.65,,proxy_calibrated
2024-06-02,3817.49,3841.7,3753.8,3783.98,1399997.604,5315063128.49873,738549.18,0.00011898333333333333,0.00035695,,,2794655326.1364,4.508419444301637,111830758178.0,2480486999037.926,,proxy_calibrated
2024-06-03,3783.98,3854.0,3760.0,3769.15,1916780.125,7289605441.43148,732200.11,0.0001377333333333333,0.00041319999999999996,,,2759772044.6065,4.46269236546091,111790758178.0,2505007045594.418,,proxy_calibrated
2024-06-04,3769.14,3835.11,3720.0,3813.12,1757510.322,6653247408.53949,740610.74,0.00010266666666666666,0.000308,,,2824037624.9087996,4.390139759083773,112253386803.0,2556943354040.9062,,proxy_calibrated
2024-06-05,3813.11,3892.06,3778.91,3868.61,1939160.262,7418252620.82999,743033.13,0.00012542666666666666,0.00037628,,,2874505397.0493,4.351141491495906,112254796393.0,2579893037548.8022,,proxy_calibrated
2024-06-06,3868.6,3881.99,3760.0,3815.76,1550761.493,5943223056.9034,753834.33,0.00018259333333333334,0.00054778,,,2876450883.0408,4.380561597555075,112315084780.0,2563942596827.9155,,proxy_calibrated
2024-06-07,3815.77,3844.32,3555.02,3679.82,2617598.785,9796443077.05075,741457.64,0.00015454,0.00046362,,,2728430652.8248,4.484504366922615,112355387840.0,2505413723503.657,,proxy_calibrated
2024-06-08,3679.82,3711.28,3659.0,3682.11,793561.955,2926036726.64497,753673.51,0.0001,0.00030000000000000003,,,2775108767.9061003,4.485971658332828,112376137266.0,2505056782007.4814,,proxy_calibrated
2024-06-09,3682.12,3724.73,3666.71,3707.67,715200.186,2642214956.13551,751615.16,0.0001,0.00030000000000000003,,,2786740980.2772,4.464042867071623,112374987252.0,2517336651960.0005,,proxy_calibrated
2024-06-10,3707.67,3715.49,3642.6,3669.66,1149036.664,4227296437.78585,748522.96,0.0001,0.00030000000000000003,,,2746824765.3936,4.480610303177084,112403987892.0,2508675834010.7656,,proxy_calibrated
2024-06-11,3669.65,3675.0,3427.09,3498.16,3162055.189,11172484428.62634,746041.67,0.0001,0.00030000000000000003,,,2609773128.3272,4.636661548749576,112409287892.0,2424358273946.3647,,proxy_calibrated
2024-06-12,3498.17,3657.77,3462.09,3560.45,2861506.382,10226727654.51707,743985.69,0.0001,0.00030000000000000003,,,2648923849.9605,4.5722738757915105,112411964316.0,2458557106808.049,,proxy_calibrated
2024-06-13,3560.44,3562.33,3426.01,3469.18,2257441.373,7883026434.45223,717159.89,0.0001,0.00030000000000000003,,,2487956747.1902,4.673549868467057,112457053102.0,2406244851708.116,,proxy_calibrated
2024-06-14,3469.18,3533.82,3361.05,3480.51,2523034.384,8724522321.55577,699461.05,0.0001,0.00030000000000000003,,,2434481179.1355004,4.7074288063915155,112453723055.0,2388856585623.0444,,proxy_calibrated
2024-06-15,3480.5,3594.99,3472.34,3567.87,1576530.079,5582814974.94714,736733.51,0.0001,0.00030000000000000003,,,2628569388.3237,4.672595126932536,112472971806.0,2407077196945.934,,proxy_calibrated
2024-06-16,3567.88,3653.73,3540.0,3622.96,1335659.257,4792346124.67986,762205.83,0.0001,0.00030000000000000003,,,2761441233.8568,4.634117962677139,112472301806.0,2427048743943.163,,proxy_calibrated
2024-06-17,3622.96,3637.47,3464.0,3509.56,2934501.925,10383899880.01183,764774.56,9.712333333333333e-05,0.00029137,,,2684022204.7936,4.677329474490557,112473915172.0,2404660945640.362,,proxy_calibrated
2024-06-18,3509.56,3515.87,3341.85,3482.34,3312942.268,11343168334.36804,713407.48,6.898666666666667e-05,0.00020696,,,2484327403.9032,4.752498253961442,112465611554.0,2366452453933.136,,proxy_calibrated
2024-06-19,3482.33,3587.63,3463.91,3558.85,2344216.428,8299632826.1935,718770.33,8.707333333333333e-05,0.00026122,,,2557995788.9205,4.741667171740082,112519098919.0,2372986016175.996,,proxy_calibrated
2024-06-20,3558.84,3625.0,3483.63,3511.26,2504170.932,8897629754.84559,772527.66,6.519e-05,0.00019557,,,2712545471.4516,4.760649854102399,112519060290.0,2363523126848.7188,,proxy_calibrated
2024-06-21,3511.27,3546.66,3443.8,3517.18,2504862.799,8759168104.96023,736961.71,4.283e-05,0.00012849,,,2592026987.1777997,4.808161785635215,112804377136.0,2346101944260.9546,,proxy_calibrated
2024-06-22,3517.18,3520.0,3472.57,3494.26,844082.802,2950982843.3563,755906.87,4.771666666666666e-05,0.00014314999999999998,,,2641335139.5662003,4.809347852105362,112804714097.0,2345530362242.733,,proxy_calibrated
2024-06-23,3494.25,3519.7,3397.87,3419.38,1408148.716,4887692168.50265,744023.26,4.965000000000001e-05,0.00014895000000000002,,,2544098254.7788,4.891337600065541,112844714097.0,2307031804459.5396,,proxy_calibrated
2024-06-24,3419.38,3434.75,3213.0,3352.0,4181333.575,13901750459.19383,710848.64,8.360666666666667e-05,0.00025082,,,2382764641.28,5.0798054084008415,112844714097.0,2221437732838.753,,proxy_calibrated
2024-06-25,3351.99,3431.27,3335.58,3393.06,1973459.793,6678808477.4523,732984.34,0.0001,0.00030000000000000003,,,2487059844.6804,4.978367762977706,112837386516.0,2266553856368.9536,,proxy_calibrated
2024-06-26,3393.07,3425.0,3325.54,3370.76,1794812.97,6063286037.3137,718637.42,0.0001,0.00030000000000000003,,,2422354269.8392005,5.03411316460056,112732648639.0,2239374542307.194,,proxy_calibrated
2024-06-27,3370.78,3476.6,3360.22,3450.34,1724674.688,5901459500.76735,724317.25,0.0001,0.00030000000000000003,,,2499140780.3650002,4.9556668413958676,112636116562.0,2272875077499.6343,,proxy_calibrated
2024-06-28,3450.34,3487.98,3362.0,3379.51,2082751.457,7138480475.03431,746411.91,0.0001,0.00030000000000000003,,,2522506513.9641004,5.05277435370196,112659805872.0,2229662319859.164,,proxy_calibrated
2024-06-29,3379.5,3407.0,3369.07,3377.62,735883.787,2493797462.5418,746543.42,0.0001,0.00030000000000000003,,,2521539986.2604003,5.022653837902426,112690515631.0,2243644879139.473,,proxy_calibrated
2024-06-30,3377.63,3459.77,3348.5,3436.73,1174744.367,3992984415.0922,729062.75,0.0001,0.00030000000000000003,,,2505591824.8075,4.905639111125398,112775515629.0,2298895476702.286,,proxy_calibrated
2024-07-01,3436.72,3524.16,3420.0,3440.46,1724896.32,5995532614.39528,721469.64,0.0001,0.00030000000000000003,,,2482187437.6344,4.896391549347254,112739012075.0,2302491762327.084,,proxy_calibrated
2024-07-02,3440.47,3463.84,3399.22,3420.43,1214393.314,4168787637.14763,704684.29,0.0001,0.00030000000000000003,,,2410323286.0447,4.941409711161006,112651358402.0,2279741308387.32,,proxy_calibrated
2024-07-03,3420.43,3431.36,3250.1,3294.75,2520352.735,8373143758.36071,726050.92,0.0001,0.00030000000000000003,,,2392156268.67,5.088904860545936,112497795679.0,2210648435406.813,,proxy_calibrated
2024-07-04,3294.75,3312.59,3049.39,3059.31,3862044.922,12216177700.63474,703717.0,0.0001,0.00030000000000000003,,,2152888455.27,5.375048330551033,112471997936.0,2092483472134.0957,,proxy_calibrated
2024-07-05,3059.3,3108.28,2800.0,2980.43,5753070.194,16931336844.73351,693030.14,8.157666666666667e-05,0.00024473,,,2065527820.1601999,5.431298981379007,112355735371.0,2068671523261.8784,,proxy_calibrated
2024-07-06,2980.37,3080.0,2953.45,3065.5,1595818.824,4806659739.67779,653559.1,7.150333333333333e-05,0.00021451,,,2003485421.05,5.286379549282792,112245912309.0,2123304073469.876,,proxy_calibrated
2024-07-07,3065.49,3072.0,2922.0,2930.24,1800470.608,5390321656.787,677729.1,6.0893333333333335e-05,0.00018268,,,1985908917.9839997,5.4993632261406065,112231905142.0,2040816373221.507,,proxy_calibrated
2024-07-08,2930.23,3098.0,2821.26,3017.51,4593820.144,13619919410.75795,648818.02,7.593333333333334e-05,0.0002278,,,1957814863.5302002,5.404823500971248,112231905142.0,2076513786654.308,,proxy_calibrated
2024-07-09,3017.51,3115.8,3002.56,3065.06,2220259.045,6802252912.17147,660620.8,4.837666666666666e-05,0.00014513,,,2024842389.2480001,5.297933292904164,112229273118.0,2118359498189.8943,,proxy_calibrated
2024-07-10,3065.05,3150.0,3022.57,3099.12,2157373.274,6683224627.71187,706440.89,5.1529999999999996e-05,0.00015459,,,2189345091.0168,5.306719415935762,112271931338.0,2115656068056.926,,proxy_calibrated
2024-07-11,3099.12,3216.6,3052.75,3098.25,2601339.395,8152402004.42387,716368.27,6.180333333333334e-05,0.00018541,,,2219487992.5275,5.336439718513357,112364578514.0,2105609440769.6768,,proxy_calibrated
2024-07-12,3098.24,3156.6,3044.51,3133.24,1932672.308,5984893351.43529,701525.9,7.294666666666666e-05,0.00021883999999999999,,,2198049010.916,5.287079798742271,112371024626.0,2125389230038.3215,,proxy_calibrated
2024-07-13,3133.24,3200.72,3112.12,3174.01,1049485.437,3309598689.12394,710188.32,9.194666666666667e-05,0.00027584,,,2254144829.5632,5.181776621357271,112190715732.0,2165101352875.642,,proxy_calibrated
2024-07-14,3174.0,3268.66,3162.06,3243.56,1366714.817,4379641147.06541,706880.7,6.515333333333334e-05,0.00019546,,,2292809963.292,5.072280035755715,112469048012.0,2217327261491.455,,proxy_calibrated
2024-07-15,3243.52,3493.94,3231.03,3481.62,2723612.97,9168654594.26661,703418.55,6.128666666666666e-05,0.00018386,,,2449036092.051,4.777916832557673,112539048012.0,2355399894052.919,,proxy_calibrated
2024-07-16,3481.62,3497.74,3345.0,3442.83,2845763.916,9753609626.26469,709120.58,6.279e-05,0.00018837,,,2441381606.4413996,4.785923983882323,112864302779.0,2358255232617.4834,,proxy_calibrated
2024-07-17,3442.84,3517.14,3374.53,3386.0,2271175.016,7844661419.98232,686457.79,6.667e-05,0.00020001,,,2324346076.94,4.868879771431119,113216677692.0,2325312659316.745,,proxy_calibrated
2024-07-18,3386.01,3487.99,3364.62,3424.99,1913161.231,6551974018.48734,688005.23,6.654666666666666e-05,0.00019964,,,2356411032.6977,4.877578501199824,113624539190.0,2329527636757.661,,proxy_calibrated
2024-07-19,3424.99,3539.38,3375.25,3502.18,2389303.433,8238609685.59137,696815.22,7.513333333333333e-05,0.0002254,,,2440372327.1796,4.716292282112613,113678352175.0,2410333061972.1255,,proxy_calibrated
2024-07-20,3502.18,3538.38,3478.01,3516.03,1048158.992,3670139851.53731,711561.07,5.437333333333333e-05,0.00016312,,,2501870068.9521,4.695623192498696,113859727368.0,2424805456065.8105,,proxy_calibrated
2024-07-21,3516.03,3547.84,3408.13,3534.29,1758109.934,6134383804.64903,702233.02,6.081666666666667e-05,0.00018245000000000002,,,2481895140.2558002,4.644979314494628,114021327368.0,2454721962102.117,,proxy_calibrated
2024-07-22,3534.3,3562.33,3421.0,3438.08,1946040.386,6769829515.27811,677339.05,6.812e-05,0.00020436,,,2328745841.024,4.707044176895019,114066827367.0,2423321793470.9014,,proxy_calibrated
2024-07-23,3438.09,3540.94,3384.61,3481.01,3985761.867,13828978662.12502,678823.36,8.935000000000002e-05,0.00026805000000000004,,,2362990904.3936,4.783340091044505,114307338921.0,2389697089174.3447,,proxy_calibrated
2024-07-24,3481.01,3486.73,3285.69,3334.24,2296300.341,7821933918.61205,770951.13,7.655666666666667e-05,0.00022967000000000002,,,2570536095.6912,4.866146929050396,114471818448.0,2352411879810.1846,,proxy_calibrated
2024-07-25,3334.23,3342.02,3085.57,3173.67,4204282.853,13341514822.71402,736697.67,4.4613333333333335e-05,0.00013384,,,2338035294.3489003,4.895080869134492,114453302193.0,2338128935002.3896,,proxy_calibrated
2024-07-26,3173.67,3284.93,3169.14,3272.82,2257393.787,7320892193.0802,705331.0,4.033333333333333e-05,0.00012099999999999999,,,2308421403.42,4.748579466152754,114336302185.0,2407800122120.184,,proxy_calibrated
2024-07-27,3272.81,3326.9,3188.89,3248.17,2181510.66,7122454624.01377,733401.68,4.0839999999999995e-05,0.00012251999999999999,,,2382213334.9256,4.758328366350307,114381331841.0,2403813336000.008,,proxy_calibrated
2024-07-28,3248.16,3284.57,3195.84,3268.03,1114442.469,3619629949.885,686610.75,0.0001,0.00030000000000000003,,,2243864529.3225,4.738253533721546,114469974704.0,2415868502800.2783,,proxy_calibrated
2024-07-29,3268.03,3396.07,3256.56,3316.87,2897273.325,9642865305.32722,680976.54,9.391333333333333e-05,0.00028174,,,2258710656.2298,4.797834613397749,114469974704.0,2385867457463.9873,,proxy_calibrated
2024-07-30,3316.86,3365.0,3230.1,3278.17,2000830.475,6618568157.7503,713121.88,0.0001,0.00030000000000000003,,,2337734753.3596,4.842616041232227,114513725531.0,2364707929680.533,,proxy_calibrated
2024-07-31,3278.17,3348.74,3212.32,3231.48,2173585.083,7150139867.6455,711287.85,0.0001,0.00030000000000000003,,,2298512461.518,4.941717521019872,114518259273.0,2317377688746.679,,proxy_calibrated
2024-08-01,3231.49,3241.83,3078.4,3201.67,2840086.848,8965170896.1268,705357.38,8.657666666666667e-05,0.00025973,,,2258321562.8246,4.913073236171362,114547619142.0,2331486091000.4297,,proxy_calibrated
2024-08-02,3201.66,3217.06,2965.27,2988.11,3409297.384,10491247461.2199,671042.72,6.399e-05,0.00019197,,,2005149462.0592,5.208941830699795,114553402686.0,2199168399440.7427,,proxy_calibrated
2024-08-03,2988.1,3016.61,2855.0,2901.94,2621892.579,7708121561.66818,711475.01,5.411e-05,0.00016233,,,2064657790.5194001,5.292563235316331,114594788858.0,2165203961916.4,,proxy_calibrated
2024-08-04,2901.95,2934.66,2613.3,2687.6,3709293.795,10337564316.12464,694213.06999999,4.2103333333333334e-05,0.00012631,,,1865767046.9319732,5.545163701282155,114579788856.0,2066301285740.344,,proxy_calibrated
2024-08-05,2687.6,2695.93,2112.0,2418.6,13557724.097,31796290079.35264,684768.49,-2.6413333333333337e-05,-7.924000000000001e-05,,,1656181069.914,5.974978390483813,114579788856.0,1917660305491.4497,,proxy_calibrated
2024-08-06,2418.6,2558.24,2412.35,2459.87,4356686.925,10853835843.08941,605203.91,-4.684333333333334e-05,-0.00014053,,,1488722942.0917,5.794905870997709,114457553704.0,1975140860817.7073,,proxy_calibrated
2024-08-07,2459.86,2549.85,2307.0,2341.41,4906789.045,11948141533.76121,610704.68,-3.1146666666666664e-05,-9.344e-05,,,1429910044.7988,5.92466058575504,114578293183.0,1933921640312.803,,proxy_calibrated
2024-08-08,2341.4,2723.77,2318.64,2681.59,4820970.35,12083805705.50479,624322.55,-2.9656666666666667e-05,-8.897e-05,,,1674177106.8545003,5.331338567345767,114966872515.0,2156435406656.9216,,proxy_calibrated
2024-08-09,2681.59,2708.8,2551.23,2597.9,3151681.154,8282477599.45511,609298.38,8.66e-06,2.5980000000000002e-05,,,1582896261.402,5.438928783431398,115416775013.0,2122049756646.8232,,proxy_calibrated
2024-08-10,2597.89,2644.43,2574.54,2608.76,1311479.404,3425329027.8452,607422.3,2.8966666666666676e-06,8.690000000000003e-06,,,1584618999.3480003,5.436016587983761,115574281399.0,2126084045704.9993,,proxy_calibrated
2024-08-11,2608.77,2720.78,2537.76,2554.65,2629489.23,6903526348.81363,587912.81,1.4566666666666666e-06,4.37e-06,,,1501911460.0665002,5.610326125223616,115640681399.0,2061211395164.4976,,proxy_calibrated
2024-08-12,2554.66,2749.97,2506.13,2721.15,4126997.22,10880965017.29926,607933.05,4.745666666666667e-05,0.00014237,,,1654277019.0075002,5.497401875896635,115640681399.0,2103551532334.3325,,proxy_calibrated
2024-08-13,2721.15,2737.38,2610.04,2701.01,3016449.602,8069318726.17169,635561.26,-8.920000000000001e-06,-2.676e-05,,,1716657318.8726,5.434875939919312,115889054746.0,2132321989077.832,,proxy_calibrated
2024-08-14,2701.01,2788.88,2631.0,2659.82,3096528.693,8350455924.61193,636454.85,8.633333333333336e-07,2.5900000000000006e-06,,,1692855339.127,5.5904645512519275,116129081961.0,2077270697208.769,,proxy_calibrated
2024-08-15,2659.82,2674.17,2513.65,2568.73,3219267.74,8394943427.72548,609162.61,4.4936666666666666e-05,0.00013481,,,1564774271.1852999,5.728454012853323,116534312382.0,2034306500855.624,,proxy_calibrated
2024-08-16,2568.73,2630.73,2549.15,2591.52,2666495.856,6920011178.09664,615982.3,1.4286666666666667e-05,4.286e-05,,,1596330450.0960002,5.630738520409998,116709344091.0,2072718235236.0752,,proxy_calibrated
2024-08-17,2591.53,2628.0,2585.81,2613.18,820608.568,2137408112.92346,628627.48,-1.1693333333333332e-05,-3.5079999999999996e-05,,,1642716758.1864,5.584537894920846,116833969260.0,2092097349115.6868,,proxy_calibrated
2024-08-18,2613.18,2688.25,2593.0,2610.67,1615775.889,4267133650.03774,634662.26,-1.3553333333333331e-05,-4.0659999999999994e-05,,,1656893722.3142002,5.662987550169966,116887299260.0,2064057146946.9648,,proxy_calibrated
2024-08-19,2610.67,2647.29,2560.9,2635.15,2122248.285,5523868083.81981,625372.51,-1.4436666666666668e-05,-4.3310000000000004e-05,,,1647950369.7265,5.582410637781087,116888957760.0,2093879604071.2148,,proxy_calibrated
2024-08-20,2635.16,2694.96,2552.5,2571.51,2504509.413,6566812933.60973,642176.66,7.333333333333331e-07,2.1999999999999993e-06,,,1651363702.9566002,5.642729417779339,116995756969.0,2073389459369.876,,proxy_calibrated
2024-08-21,2571.51,2663.55,2533.51,2629.38,2414391.575,6277878525.37053,639392.43,2.5916666666666665e-05,7.774999999999999e-05,,,1681205667.5934002,5.485721362829442,117276576505.0,2137851501165.3953,,proxy_calibrated
2024-08-22,2629.37,2644.0,2582.27,2622.0,1631635.639,4269132808.98035,645256.18,1.536e-05,4.608e-05,,,1691861703.96,5.5457499012580875,117408263940.0,2117085444357.4023,,proxy_calibrated
2024-08-23,2622.0,2798.88,2619.86,2761.58,3288873.603,8851748788.1898,648680.8,4.1666666666666665e-05,0.000125,,,1791383923.664,5.266853719470712,117648169338.0,2233746665548.611,,proxy_calibrated
2024-08-24,2761.58,2819.35,2729.15,2766.4,2124349.317,5889986272.50161,670015.26,1.5666666666666685e-07,4.700000000000006e-07,,,1853530215.2640002,5.261835931233489,117713064005.0,2237110117901.481,,proxy_calibrated
2024-08-25,2766.4,2791.66,2731.63,2744.47,1228055.898,3389709159.62444,678138.27,8.336666666666666e-06,2.5009999999999996e-05,,,1861130137.8669,5.270753853066152,117842339087.0,2235777696551.844,,proxy_calibrated
2024-08-26,2744.48,2760.97,2665.0,2679.25,1907712.073,5184051187.20895,680158.86,4.720333333333333e-05,0.00014161,,,1822315625.655,5.380971736069422,117844216713.0,2190017388923.889,,proxy_calibrated
2024-08-27,2679.26,2699.11,2388.0,2455.98,3836573.429,9846501388.57358,678596.81999999,7.32e-05,0.0002196,,,1666620217.9835756,5.707339946954871,117979455231.0,2067153110337.2856,,proxy_calibrated
2024-08-28,2455.98,2554.19,2416.56,2527.31,3674708.436,9159321788.05102,636631.81,-1.8003333333333334e-05,-5.4010000000000006e-05,,,1608965939.7311,5.701114333129098,117937170815.0,2068668753574.5195,,proxy_calibrated
2024-08-29,2527.32,2594.0,2504.11,2526.28,2156748.728,5495665085.87916,627830.27,3.21e-06,9.630000000000001e-06,,,1586075054.4956002,5.6859979764481245,118086718409.0,2076798459973.517,,proxy_calibrated
2024-08-30,2526.28,2552.32,2431.0,2524.99,2705396.131,6752794214.88911,612519.74,3.335e-05,0.00010004999999999999,,,1546606218.3026,5.70791180654373,118207965633.0,2070949405656.2449,,proxy_calibrated
2024-08-31,2524.99,2533.29,2490.62,2511.91,785832.801,1976386313.99828,619464.37,7.674666666666667e-05,0.00023024,,,1556038745.6467,5.72459780291615,118210924869.0,2064964717849.3928,,proxy_calibrated
2024-09-01,2511.91,2514.97,2397.23,2424.55,2295800.358,5659435689.68286,610558.98,4.6513333333333334e-05,0.00013954,,,1480330774.959,5.886323779421125,118210924869.0,2008230082114.5984,,proxy_calibrated
2024-09-02,2424.55,2564.49,2421.8,2536.74,2289999.119,5708121980.45667,603362.37,2.8539999999999998e-05,8.562e-05,,,1530573458.4738,5.701578696742003,118211124869.0,2073305152072.148,,proxy_calibrated
2024-09-03,2536.76,2552.55,2405.14,2424.05,2052035.733,5085212466.24925,629378.31,5.256333333333333e-05,0.00015769,,,1525644492.3555002,5.868530066527825,118123924395.0,2012836656810.1987,,proxy_calibrated
2024-09-04,2424.05,2489.34,2304.87,2449.67,3391129.709,8140965676.04585,635347.07999999,4.259333333333333e-05,0.00012778,,,1556390681.4635754,5.820161442190094,118124409888.0,2029572737136.1443,,proxy_calibrated
2024-09-05,2449.67,2465.23,2346.05,2367.37,2611081.826,6245550694.43367,621063.89,3.371666666666666e-05,0.00010114999999999999,,,1470288021.2693,5.995527167071956,118136891800.0,1970417087738.6697,,proxy_calibrated
2024-09-06,2367.33,2409.34,2150.0,2223.7,5476018.438,12547525242.00458,654188.86,4.1800000000000006e-05,0.0001254,,,1454719767.9819999,6.246937831950081,118118409375.0,1890820951841.0952,,proxy_calibrated
2024-09-07,2223.7,2310.0,2220.76,2272.21,1832770.243,4165135636.96698,623275.85,7.853333333333333e-06,2.3559999999999998e-05,,,1416213619.1285,6.207058870240113,118173609123.0,1903858358579.2312,,proxy_calibrated
2024-09-08,2272.21,2333.98,2238.88,2295.89,1933824.754,4415720059.77657,619227.85,3.4263333333333334e-05,0.00010279,,,1421679028.5365,6.136710812821767,118177509123.0,1925746751437.028,,proxy_calibrated
2024-09-09,2295.9,2382.51,2271.22,2358.19,2933575.518,6805916507.20762,654722.81,8.986666666666666e-06,2.696e-05,,,1543960783.3139002,5.934348936163277,118177509123.0,1991414903205.963,,proxy_calibrated
2024-09-10,2358.19,2399.99,2319.09,2387.63,2148101.375,5054995341.92923,645334.67,-7.143333333333334e-06,-2.1430000000000003e-05,,,1540820418.1321,5.886313513442003,118420988938.0,2011802270938.7373,,proxy_calibrated
2024-09-11,2387.63,2388.39,2275.8,2339.22,3136148.113,7306678946.31927,633102.25,8.306666666666666e-06,2.492e-05,,,1480965445.245,5.932162038661023,118433539059.0,1996465003604.861,,proxy_calibrated
2024-09-12,2339.18,2392.0,2313.16,2360.79,2141666.211,5033942160.06787,641287.99,2.0739999999999998e-05,6.222e-05,,,1513946273.9120998,5.8623978851100205,118434788760.0,2020244805641.972,,proxy_calibrated
2024-09-13,2360.79,2463.77,2336.2,2438.15,2314979.037,5530067659.02683,636457.81,4.789e-05,0.00014366999999999998,,,1551779609.4515002,5.655979974782332,118383833822.0,2093073779430.3447,,proxy_calibrated
2024-09-14,2438.16,2439.61,2373.82,2416.65,1075037.045,2596020589.32818,653054.8,1.8833333333333334e-06,5.65e-06,,,1578204882.42,5.70957961662855,118608616138.0,2077361629086.7524,,proxy_calibrated
2024-09-15,2416.65,2429.44,2282.0,2314.85,1664319.311,3940360052.61832,651603.17,1.073e-05,3.219e-05,,,1508363598.0745,5.836274799170106,119047660344.0,2039788468509.5376,,proxy_calibrated
2024-09-16,2314.85,2334.9,2251.06,2294.61,2822059.425,6460692525.60421,644069.39,-1.621e-05,-4.8629999999999993e-05,,,1477888062.9879,5.902766718697372,118812287090.0,2012823693568.219,,proxy_calibrated
2024-09-17,2294.61,2392.62,2262.0,2340.59,2616421.538,6111066521.55576,653764.88,5.298333333333333e-05,0.00015895,,,1530195540.4792001,5.724960122694611,118728250450.0,2073870348534.712,,proxy_calibrated
2024-09-18,2340.59,2376.0,2275.25,2373.93,2861908.683,6635180765.57796,646450.26,3.398333333333333e-05,0.00010195,,,1534627665.7217999,5.6149196909347685,118853251348.0,2116740005024.246,,proxy_calibrated
2024-09-19,2373.93,2494.68,2371.37,2464.56,2948555.003,7171076241.07582,643094.66,6.128e-05,0.00018384,,,1584945375.2496,5.500109750302153,118896720603.0,2161715420250.8108,,proxy_calibrated
2024-09-20,2464.55,2572.18,2436.11,2560.29,3062258.119,7753088412.44312,660743.89,9.911333333333333e-05,0.00029734,,,1691695974.1281,5.4533780563673275,119067964666.0,2183379979075.1177,,proxy_calibrated
2024-09-21,2560.3,2623.85,2527.69,2611.4,1505216.371,3860209268.60618,694108.61,5.956333333333334e-05,0.00017869,,,1812595224.154,5.428077793675755,119161364466.0,2195277389075.645,,proxy_calibrated
2024-09-22,2611.4,2633.3,2522.57,2579.94,1969445.194,5079507048.41662,683128.66,6.698e-05,0.00020094,,,1762430955.0804002,5.424862627268261,119157360693.0,2196504665280.3955,,proxy_calibrated
2024-09-23,2579.95,2702.0,2538.24,2645.84,3118835.195,8258863620.46054,666133.94999999,5.2816666666666665e-05,0.00015845,,,1762483850.267974,5.415596323460315,119157360693.0,2200262973383.215,,proxy_calibrated
2024-09-24,2645.84,2669.94,2590.1,2652.0,2718085.708,7157361925.27724,681480.97,4.46e-05,0.0001338,,,1807287532.4399998,5.357578879789138,119238696383.0,2225607854936.388,,proxy_calibrated
2024-09-25,2652.0,2673.06,2552.44,2578.9,2133334.523,5567024562.92928,688181.67,3.901666666666667e-05,0.00011705,,,1774751708.7630002,5.456206025706582,119229928664.0,2185216762384.9883,,proxy_calibrated
2024-09-26,2578.9,2666.17,2557.5,2631.11,2641065.13,6929873789.00273,696869.49,8.537333333333333e-05,0.00025612,,,1833540283.8339,5.311624123009492,119274429856.0,2245535962142.2305,,proxy_calibrated
2024-09-27,2631.16,2727.66,2614.22,2693.53,2373825.623,6342180731.2717,702911.42,7.865e-05,0.00023595000000000002,,,1893312997.1126003,5.254889285450831,119347429356.0,2271169245876.145,,proxy_calibrated
2024-09-28,2693.52,2703.3,2648.32,2673.9,1392948.05,3723908596.00055,710217.96,7.797666666666667e-05,0.00023393,,,1899051803.244,5.259966508681711,119405929000.0,2270089149862.7876,,proxy_calibrated
2024-09-29,2673.91,2683.0,2632.8,2656.3,1390536.4,3694249941.64657,724389.41,6.317999999999999e-05,0.00018953999999999998,,,1924195589.7830002,5.28158315804828,119406925003.0,2260816907162.4507,,proxy_calibrated
2024-09-30,2656.3,2662.81,2572.82,2601.49,2859601.743,7479243412.38602,711506.06,8.260333333333333e-05,0.00024781,,,1850975900.0293999,5.451343685615131,119622396997.0,2194365350925.4343,,proxy_calibrated
2024-10-01,2601.49,2658.63,2412.4,2446.85,4639427.429,11757705807.87982,755138.06,9.465666666666668e-05,0.00028397000000000003,,,1847709562.111,5.684136191093677,119650346135.0,2104987321072.232,,proxy_calibrated
2024-10-02,2446.85,2498.0,2350.0,2363.0,3570103.344,8682380285.25884,686716.74,8.953e-05,0.00026859000000000003,,,1622711656.62,5.730613602876271,119650346135.0,2087915089493.1377,,proxy_calibrated
2024-10-03,2363.0,2402.29,2308.09,2348.74,3190067.071,7492256044.28834,653002.82999999,3.721e-05,0.00011163,,,1533733866.9341762,5.728516756818822,119633735737.0,2088389382724.5325,,proxy_calibrated
2024-10-04,2348.74,2440.0,2338.27,2413.38,2533506.834,6057108558.06383,681710.77,4.2590000000000004e-05,0.00012777,,,1645227138.1026,5.609453188504441,119635112439.0,2132741078652.203,,proxy_calibrated
2024-10-05,2413.38,2427.94,2388.66,2413.42,1103480.476,2659364171.76931,687034.87,7.789e-05,0.00023367,,,1658103695.9554,5.612250914528007,119653257237.0,2132001206989.2085,,proxy_calibrated
2024-10-06,2413.42,2457.11,2405.76,2438.77,1219434.738,2965206689.83741,677513.43,5.866333333333333e-05,0.00017599,,,1652299427.6811001,5.551153930219341,119670028849.0,2155768518641.52,,proxy_calibrated
2024-10-07,2438.76,2520.25,2401.08,2421.75,3345508.612,8255869954.96215,689812.72,5.076666666666667e-05,0.00015230000000000002,,,1670553954.6599998,5.598044595663624,119670467362.0,2137719078813.6904,,proxy_calibrated
2024-10-08,2421.75,2466.63,2400.01,2439.84,2262736.283,5503261413.71323,659945.14,8.323e-05,0.00024969,,,1610160550.3776002,5.60230509536768,119850367555.0,2139304545446.8271,,proxy_calibrated
2024-10-09,2439.84,2472.9,2350.0,2369.6,2689510.593,6518443895.41703,663645.69999999,7.88e-05,0.0002364,,,1572574850.7199764,5.736694085503107,119841275909.0,2089030269399.313,,proxy_calibrated
2024-10-10,2369.6,2421.5,2329.44,2385.24,2863209.676,6818678392.31371,711696.14,8.887666666666668e-05,0.00026663,,,1697566100.9736,5.752426604744767,119849377370.0,2083457740619.3203,,proxy_calibrated
2024-10-11,2385.24,2470.0,2380.81,2438.46,2339315.627,5679642394.45142,704274.36,8.483666666666667e-05,0.00025451,,,1717344855.8856,5.571848209148077,119725377367.0,2148755186302.9976,,proxy_calibrated
2024-10-12,2438.45,2489.95,2433.2,2475.09,1118480.77,2752321410.11463,670431.81999999,7.265e-05,0.00021795,,,1659379093.3637755,5.513123231646983,119729627115.0,2171720494613.942,,proxy_calibrated
2024-10-13,2475.08,2484.0,2435.0,2467.79,1294682.574,3182005834.60698,670611.23,4.549666666666666e-05,0.00013649,,,1654927687.2817,5.538102322891071,119731227066.0,2161954042833.5095,,proxy_calibrated
2024-10-14,2467.79,2653.44,2442.0,2628.88,3677192.62,9413848750.38399,669921.68999999,8.853000000000001e-05,0.00026559,,,1761143732.4071739,5.273754070333007,119731227066.0,2270322534369.519,,proxy_calibrated
2024-10-15,2628.87,2688.76,2536.64,2606.53,3913137.317,10179198376.76577,726552.33,0.0001,0.00030000000000000003,,,1893780444.7149,5.224808066101846,119759196663.0,2292126239813.257,,proxy_calibrated
2024-10-16,2606.54,2647.51,2588.01,2610.39,2129585.886,5575803606.56706,669319.21,0.0001,0.00030000000000000003,,,1747184172.5918999,5.193082469311487,119801443876.0,2306942833740.2007,,proxy_calibrated
2024-10-17,2610.39,2647.9,2573.73,2605.01,2064665.138,5391409323.33926,691059.75,0.0001,0.00030000000000000003,,,1800217559.3475,5.212664297857065,119966698833.0,2301446860530.008,,proxy_calibrated
2024-10-18,2605.01,2675.12,2595.61,2641.11,2309322.096,6087636750.23593,685783.47,0.0001,0.00030000000000000003,,,1811229580.4517,5.143452327704019,120002859304.0,2333118918156.0464,,proxy_calibrated
2024-10-19,2641.11,2662.66,2630.05,2647.45,811419.456,2145117994.00858,697649.65,0.0001,0.00030000000000000003,,,1846992565.8925,5.147422773135704,120087102221.0,2332955879352.5215,,proxy_calibrated
2024-10-20,2647.46,2759.62,2634.53,2746.98,1886789.344,5086837478.2804,711794.13,0.0001,0.00030000000000000003,,,1955284239.2274,5.078799391567141,120152102217.0,2365757986356.0083,,proxy_calibrated
2024-10-21,2746.98,2770.0,2655.52,2666.63,2440964.283,6594015920.8176,716896.11,0.0001,0.00030000000000000003,,,1911696673.8093,5.20099743555292,120179102217.0,2310693356537.3643,,proxy_calibrated
2024-10-22,2666.62,2671.59,2606.0,2621.78,2231512.621,5872949301.92433,717479.42,0.0001,0.00030000000000000003,,,1881073193.7676003,5.215530571047551,120202666053.0,2304706384433.234,,proxy_calibrated
2024-10-23,2621.79,2629.51,2443.01,2523.84,3189122.481,8115624142.39563,717055.18,0.0001,0.00030000000000000003,,,1809732545.4912002,5.295155580647406,120190604126.0,2269821958872.5483,,proxy_calibrated
2024-10-24,2523.85,2561.83,2506.27,2535.39,2024878.304,5131500444.50411,711819.07,0.0001,0.00030000000000000003,,,1804738951.8872998,5.201349013202065,120204789939.0,2311031035100.6284,,proxy_calibrated
2024-10-25,2535.39,2565.94,2380.63,2440.1,4024452.801,10029812560.47148,716481.82,0.0001,0.00030000000000000003,,,1748287288.9819999,5.326937178257803,120242344735.0,2257251037721.563,,proxy_calibrated
2024-10-26,2440.1,2507.1,2429.34,2482.04,1570141.847,3869014206.47847,706221.31,0.0001,0.00030000000000000003,,,1752869540.2724001,5.288498171652095,120284592333.0,2274456536219.6924,,proxy_calibrated
2024-10-27,2482.04,2527.25,2462.86,2507.22,1121169.212,2791987376.97791,714621.33,0.0001,0.00030000000000000003,,,1791712891.0025997,5.226200439234519,120318443412.0,2302216396231.887,,proxy_calibrated
2024-10-28,2507.21,2590.78,2470.41,2566.49,2899028.949,7309310195.27607,710773.49,0.0001,0.00030000000000000003,,,1824193054.3500998,5.0945384726371135,120319443409.0,2361733924579.009,,proxy_calibrated
2024-10-29,2566.48,2681.83,2560.3,2639.28,3011425.28,7913517420.71605,728957.33,0.0001,0.00030000000000000003,,,1923922501.9224,4.91504569220238,120180277118.0,2445150760422.5034,,proxy_calibrated
2024-10-30,2639.28,2724.65,2599.9,2659.36,3503151.793,9357672371.96901,733565.06,0.0001,0.00030000000000000003,,,1950813577.9616003,4.939802970860718,120464260834.0,2438645054157.092,,proxy_calibrated
2024-10-31,2659.35,2669.74,2502.5,2518.37,3205202.83,8277842338.14581,752546.19,0.0001,0.00030000000000000003,,,1895189748.5102997,5.097762881049594,120533635657.0,2364441784945.9287,,proxy_calibrated
2024-11-01,2518.37,2587.86,2467.3,2511.57,3451022.637,8699141498.66404,775846.45,0.0001,0.00030000000000000003,,,1948592668.4265,5.144335946495432,120482951828.0,2342050618021.5303,,proxy_calibrated
2024-11-02,2511.57,2523.8,2467.1,2493.61,1213734.335,3026712910.29806,734847.68,0.0001,0.00030000000000000003,,,1832423523.3248003,5.15989428657134,120536423457.0,2336025057154.695,,proxy_calibrated
2024-11-03,2493.61,2496.21,2410.35,2457.29,2927779.094,7163438364.52393,736192.67,0.0001,0.00030000000000000003,,,1809038886.0643,5.209157532695412,120585101455.0,2314867628750.801,,proxy_calibrated
2024-11-04,2457.3,2491.0,2356.0,2397.37,2683418.991,6531967836.16009,730677.43,0.0001,0.00030000000000000003,,,1751704150.3591,5.285124664281483,120585101455.0,2281594269099.3013,,proxy_calibrated
2024-11-05,2397.36,2479.6,2379.48,2421.42,2557859.231,6231806758.76281,739280.94,0.0001,0.00030000000000000003,,,1790109653.7347999,5.224523639935852,121509925391.0,2325760849509.5625,,proxy_calibrated
2024-11-06,2421.41,2746.02,2419.2,2722.49,6240942.27,16272107312.50839,708047.09,9.837000000000001e-05,0.00029511,,,1927651122.0540998,4.796087826911606,121508090966.0,2533483442154.6436,,proxy_calibrated
2024-11-07,2722.5,2916.56,2700.31,2895.76,5207698.306,14756353987.5382,813818.19,0.00011628333333333333,0.00034885,,,2356622161.8744,4.749696753075606,121996707673.0,2568515718271.963,,proxy_calibrated
2024-11-08,2895.76,2982.75,2886.47,2962.12,3870167.008,11332152551.52056,917348.89,0.0001,0.00030000000000000003,,,2717297494.0468,4.71873936382429,122481730696.0,2595645176654.4487,,proxy_calibrated
2024-11-09,2962.12,3158.66,2954.1,3127.03,3673317.244,11173770610.26657,951488.31,0.0001,0.00030000000000000003,,,2975332490.0193005,4.697129737470344,123428055689.0,2627733585989.316,,proxy_calibrated
2024-11-10,3127.02,3252.28,3073.86,3185.19,5615528.884,17861396070.5185,951421.85,0.00015569333333333334,0.00046708000000000003,,,3030459362.4014997,4.5251146450416035,123695285992.0,2733528224031.6094,,proxy_calibrated
2024-11-11,3185.19,3392.06,3107.15,3375.02,6247550.0,20262260007.34664,885186.14,0.00021694666666666665,0.00065084,,,2987520926.2228003,4.162531795130087,123966113535.0,2978142141281.2495,,proxy_calibrated
2024-11-12,3375.02,3449.0,3211.15,3245.98,6898960.493,22813786244.09084,890330.43,0.00040436000000000004,0.00121308,,,2889994769.1714,4.277789394060337,125803947511.0,2940863514358.079,,proxy_calibrated
2024-11-13,3245.99,3335.0,3120.0,3188.9,5945632.887,19122914369.90351,830177.92,0.00020018999999999997,0.0006005699999999999,,,2647354369.0880003,4.225889851648853,126606120653.0,2995963574478.8984,,proxy_calibrated
2024-11-14,3188.9,3242.31,3031.6,3061.03,4177386.799,13169676243.66554,772208.69,0.00010193333333333334,0.0003058,,,2363753966.3507,4.40131091528481,127600317350.0,2899143455348.074,,proxy_calibrated
2024-11-15,3061.04,3133.68,3016.11,3091.75,3517544.364,10790970529.49053,791452.73,0.00012080333333333334,0.00036241,,,2446973977.9775,4.304552853865869,129191525913.0,3001276329943.878,,proxy_calibrated
2024-11-16,3091.75,3222.69,3073.47,3134.72,2517322.736,7933164452.94315,803449.15,0.00013188666666666667,0.00039566000000000004,,,2518588119.488,4.310779871281332,129191516826.0,2996940708726.0815,,proxy_calibrated
2024-11-17,3134.71,3164.8,3035.0,3078.09,3003350.309,9311038693.96001,824816.77,0.00013228333333333334,0.00039685,,,2538860251.5693,4.358604777494199,129417831726.0,2969249067826.78,,proxy_calibrated
2024-11-18,3078.09,3228.0,3051.5,3210.48,4140524.369,12964128792.03221,833047.7,0.00023759333333333332,0.00071278,,,2674482979.896,4.310446093569701,129567822731.0,3005902867554.4404,,proxy_calibrated
2024-11-19,3210.48,3224.83,3066.4,3109.34,3063837.655,9570014970.63267,868879.25,0.0002568166666666667,0.00077045,,,2701641007.195,4.2625297303838225,129458065433.0,3037118181492.258,,proxy_calibrated
2024-11-20,3109.33,3162.25,3030.5,3071.05,3143204.946,9732361141.30283,837924.06,0.00016831,0.00050493,,,2573306684.4630003,4.215972900977758,129942382199.0,3082144625950.1357,,proxy_calibrated
2024-11-21,3071.05,3389.99,3033.32,3358.42,5993751.26,19501154177.75849,860794.16,0.00013382000000000002,0.00040146,,,2890908322.8272,4.058135339185933,131244196679.0,3234101026934.399,,proxy_calibrated
2024-11-22,3358.69,3429.99,3260.42,3330.05,3830379.399,12761376613.46164,964404.48,0.00028501333333333335,0.00085504,,,3211515138.624,4.054935254221708,131559452114.0,3244427934503.51,,proxy_calibrated
2024-11-23,3330.04,3498.94,3315.28,3396.33,4091652.282,13914670591.29124,942190.33,0.0002822233333333334,0.0008466700000000001,,,3199989283.4888997,4.119155291729682,132873420057.0,3225744373458.784,,proxy_calibrated
2024-11-24,3396.32,3453.0,3282.48,3362.98,3119510.218,10467984857.78793,956976.31,0.00025998666666666667,0.00077996,,,3218292191.0038004,4.1514350188555476,134013442053.0,3228123322280.601,,proxy_calibrated
2024-11-25,3362.98,3549.91,3301.96,3416.92,6242839.345,21540192689.67565,936042.95,0.00024330333333333332,0.00072991,,,3198383876.7139997,4.321097631792824,134424635741.0,3110890963258.0366,,proxy_calibrated
2024-11-26,3416.91,3464.95,3254.19,3327.17,4595675.477,15396679931.86683,972376.21,0.00018313333333333333,0.0005494,,,3235260954.6257,4.3869028694571215,134693131223.0,3070346785217.7056,,proxy_calibrated
2024-11-27,3327.17,3688.0,3305.0,3655.88,4755415.766,16658357985.87472,991963.99,0.00019223000000000002,0.00057669,,,3626501311.7612,4.181211874098858,134722943242.0,3222102761081.3364,,proxy_calibrated
2024-11-28,3655.89,3664.31,3531.0,3581.58,3330702.226,11972541460.78653,1161746.13999999,0.00014139333333333334,0.00042418,,,4160886740.101164,4.215638122700329,135137486676.0,3205623508059.5015,,proxy_calibrated
2024-11-29,3581.58,3649.28,3535.52,3594.5,2545976.992,9140926324.62408,1174835.55,0.00011784666666666666,0.00035354,,,4222946384.4750004,4.176142852948961,135965852342.0,3255775894878.415,,proxy_calibrated
2024-11-30,3594.51,3742.18,3570.2,3705.73,2866770.739,10530300461.19052,1076399.46,0.0001808733333333333,0.00054262,,,3988845770.9058,4.197104891086355,136271708422.0,3246802545045.001,,proxy_calibrated
2024-12-01,3705.74,3750.67,3661.35,3711.24,2458452.706,9116765142.49187,1142281.03,0.00013554666666666667,0.00040664,,,4239279049.7771997,4.1153404966634355,134392441049.0,3265645726227.523,,proxy_calibrated
2024-12-02,3711.22,3766.0,3557.61,3646.26,4609268.921,16810699964.70914,1105652.88999999,0.00031274666666666667,0.00093824,,,4031497906.6913633,4.176061135141538,134476541006.0,3220176540864.7983,,proxy_calibrated
2024-12-03,3646.26,3673.9,3502.01,3616.82,3627143.717,13040702466.41318,1050463.25,0.0002515,0.0007545,,,3799336491.8650002,4.196960066986798,135012360931.0,3216908399796.426,,proxy_calibrated
2024-12-04,3616.83,3891.0,3616.82,3840.75,5709329.425,21470452009.98491,1058864.52,0.00018157666666666667,0.00054473,,,4066833905.19,4.072067554890934,135338236018.0,3323575412088.7837,,proxy_calibrated
2024-12-05,3840.74,3960.0,3615.0,3787.31,6207399.404,23960322079.33845,1156186.12,0.00034770333333333336,0.00104311,,,4378835254.1372,4.156407183564822,136045432502.0,3273149778008.9497,,proxy_calibrated
2024-12-06,3787.3,4092.83,3780.0,4001.75,4645126.843,18350269886.27917,1140743.94,0.00022061333333333333,0.00066184,,,4564972061.8949995,4.05219887387949,136975278080.0,3380270375250.925,,proxy_calibrated
2024-12-07,4001.75,4028.69,3970.0,3999.79,1549576.994,6195507333.44881,1201659.43,0.00025996,0.00077988,,,4806385371.5197,4.079275845745018,138038817923.0,3383904966048.9263,,proxy_calibrated
2024-12-08,3999.8,4019.57,3926.0,4007.3,1787672.127,7113810256.06474,1208570.65999999,0.00021126333333333332,0.00063379,,,4843105205.81796,4.043966862393547,138262817923.0,3418989883640.2646,,proxy_calibrated
2024-12-09,4007.31,4010.67,3475.0,3712.55,6542091.049,24835140845.08763,1228853.0,0.00014564333333333334,0.00043693000000000003,,,4562178205.150001,4.227596948573647,138399087923.0,3273705833516.0024,,proxy_calibrated
2024-12-10,3712.55,3781.29,3512.71,3628.4,5674583.192,20720315245.43261,1134155.34,0.0001,0.00030000000000000003,,,4115169235.6560006,4.276953475969028,138643216096.0,3241634889764.323,,proxy_calibrated
2024-12-11,3628.41,3846.95,3562.65,3830.44,3007758.489,11214285319.67592,1063651.40999999,0.0001,0.00030000000000000003,,,4074252906.9203615,4.098703183013901,138953308451.0,3390177386517.2495,,proxy_calibrated
2024-12-12,3830.44,3986.94,3795.25,3880.52,3937234.533,15409323839.82955,1069566.84,0.0001,0.00030000000000000003,,,4150475513.9568005,4.15419388532079,140005800450.0,3370227878499.432,,proxy_calibrated
2024-12-13,3880.52,3967.96,3851.8,3905.6,2515017.007,9833909791.77788,1118609.1,0.0001,0.00030000000000000003,,,4368839700.96,4.1167382523279885,140404910980.0,3410586303382.343,,proxy_calibrated
2024-12-14,3905.59,3944.99,3822.37,3868.6,1893829.596,7351171432.14136,1131057.67,0.0001,0.00030000000000000003,,,4375609702.162,4.124587713161697,140448004125.0,3405140438081.2593,,proxy_calibrated
2024-12-15,3868.6,3973.67,3829.0,3958.5,1930757.605,7507505193.11604,1138341.52,9.801333333333335e-05,0.00029404,,,4506124906.92,4.017498554834269,140568004125.0,3498893707275.9883,,proxy_calibrated
2024-12-16,3958.5,4109.99,3882.22,3984.76,4190982.527,16710873556.97649,1161846.33,9.554000000000001e-05,0.00028662,,,4629678781.9308,3.967045783355016,140568004125.0,3543392534434.493,,proxy_calibrated
2024-12-17,3984.76,4039.99,3844.59,3890.81,3370320.436,13360231433.72831,1199294.23,0.0001,0.00030000000000000003,,,4666225983.026299,3.987143223403128,140758577764.0,3530311550831.5996,,proxy_calibrated
2024-12-18,3890.81,3908.0,3615.01,3625.4,4440453.127,16816522852.99123,1165950.81,9.348666666666667e-05,0.00028046,,,4227038066.5740004,4.22282222223983,140912347295.0,3336923504685.4185,,proxy_calibrated
2024-12-19,3625.41,3718.47,3322.2,3416.7,7030380.882,24823675205.22244,1149045.59,6.971666666666668e-05,0.00020915000000000002,,,3925944067.353,4.3586370725105255,140933906305.0,3233439810665.9443,,proxy_calibrated
2024-12-20,3416.69,3496.54,3100.0,3470.88,7970055.665,26389990584.74834,1115020.17,0.0001,0.00030000000000000003,,,3870101207.6496,4.334395355875101,140886878527.0,3250439033809.72,,proxy_calibrated
2024-12-21,3470.88,3553.76,3291.03,3337.6,3404611.235,11644433705.20112,1081398.37999999,8.784e-05,0.00026352,,,3609275233.087967,4.367665056799632,140468513507.0,3216100861221.42,,proxy_calibrated
2024-12-22,3337.61,3402.08,3219.59,3280.8,2966199.056,9842978680.88034,1081039.19,8.456666666666666e-05,0.0002537,,,3546673374.552,4.4465798845532465,140177246923.0,3152473374198.3315,,proxy_calibrated
2024-12-23,3280.81,3465.75,3214.81,3420.74,3962458.373,13190179748.46324,1057695.76,6.586e-05,0.00019758,,,3618102194.0624,4.425584083709068,140152701207.0,3166874666847.104,,proxy_calibrated
2024-12-24,3420.75,3539.4,3356.01,3491.97,2605267.471,8973870641.8296,1088837.61,6.959333333333334e-05,0.00020878000000000002,,,3802188268.9917,4.2689540685877505,139800592088.0,3274820713502.0464,,proxy_calibrated
2024-12-25,3491.98,3547.01,3439.0,3495.72,1695270.242,5907497938.82275,1053877.40999999,4.0860000000000005e-05,0.00012258,,,3684060339.6851645,4.240887217481764,139728411369.0,3294791966950.0347,,proxy_calibrated
2024-12-26,3495.73,3514.32,3302.73,3333.15,2522058.848,8516052603.49187,1048341.92,8.768333333333334e-05,0.00026305,,,3494280870.6480002,4.399995491831411,139732311008.0,3175737594900.1074,,proxy_calibrated
2024-12-27,3333.15,3444.0,3306.0,3332.09,2851118.849,9587300667.28414,1047430.26,7.925666666666667e-05,0.00023777,,,3490131895.0434003,4.454574253771551,139746088403.0,3137136804593.195,,proxy_calibrated
2024-12-28,3332.1,3427.5,3320.92,3402.54,1144976.458,3854924407.36522,1036770.93,9.778666666666667e-05,0.00029336,,,3527654560.1622,4.398255208041333,139593778477.0,3173844442263.8457,,proxy_calibrated
2024-12-29,3402.53,3413.0,3324.63,3355.46,1333521.072,4496507392.42402,1055320.3,6.857333333333333e-05,0.00020572,,,3541085053.8380003,4.456601216191913,139309508042.0,3125913701586.1943,,proxy_calibrated
2024-12-30,3355.46,3436.86,3302.2,3360.11,2953842.227,9963737593.70885,1044937.81,0.0001,0.00030000000000000003,,,3511105984.7591004,4.488775539125646,139257508041.0,3102349556737.3706,,proxy_calibrated
2024-12-31,3360.1,3452.0,3313.96,3336.57,2093246.431,7069312807.88444,1078160.69,9.504666666666668e-05,0.00028514,,,3597358613.4333,4.429999912274724,138109585231.0,3117597922481.2954,,proxy_calibrated
2025-01-01,3336.58,3374.14,3312.62,3359.36,1271279.84,4251757543.559,1092839.33,0.0001,0.00030000000000000003,,,3671240731.6288004,4.37655351969978,137747095441.0,3147387432164.867,,proxy_calibrated
2025-01-02,3359.35,3511.14,3353.5,3454.83,2410080.281,8305215215.90076,1128014.03,0.0001,0.00030000000000000003,,,3897096711.2649,4.267152174416208,137562831740.0,3223762034191.3413,,proxy_calibrated
2025-01-03,3454.83,3630.0,3421.56,3607.89,2490827.774,8794485642.80913,1135785.82,0.0001,0.00030000000000000003,,,4097790302.1198,4.196278719842677,137562831740.0,3278210074309.7773,,proxy_calibrated
2025-01-04,3607.9,3670.0,3570.66,3655.99,1729182.603,6258393811.64672,1193832.62,0.0001,0.00030000000000000003,,,4364640120.3938,4.185837593018722,137568401171.0,3286520274949.059,,proxy_calibrated
2025-01-05,3655.98,3674.71,3592.14,3634.96,1270073.705,4607192518.94134,1222840.75,0.0001,0.00030000000000000003,,,4444977212.62,4.184325484707107,137563370385.0,3287587710080.568,,proxy_calibrated
2025-01-06,3634.96,3744.28,3609.0,3685.72,2686061.958,9863288922.11345,1196348.45,0.0001,0.00030000000000000003,,,4409405409.134,4.052262202279686,137563370382.0,3394730239928.9663,,proxy_calibrated
2025-01-07,3685.72,3700.31,3353.59,3379.38,4062657.507,14252747060.47262,1173010.36,0.0001,0.00030000000000000003,,,3964047750.3768005,4.293608778511818,137886263996.0,3211430549659.7183,,proxy_calibrated
2025-01-08,3379.37,3413.55,3206.54,3325.38,3959258.697,13155227894.48453,1182217.97,9.886e-05,0.00029658,,,3931323993.0786,4.367173661733404,137723427073.0,3153605460661.605,,proxy_calibrated
2025-01-09,3325.38,3355.85,3156.0,3218.24,3639862.647,11896491217.83481,1190770.93,8.869666666666667e-05,0.00026609,,,3832186637.7631993,4.4897339326887735,137943085879.0,3072411148345.929,,proxy_calibrated
2025-01-10,3218.24,3323.0,3193.43,3265.52,2960794.58,9661186776.60014,1144049.1,7.911666666666666e-05,0.00023735,,,3735915217.032,4.394196403484821,137788031415.0,3135682130769.738,,proxy_calibrated
2025-01-11,3265.51,3319.3,3217.36,3281.84,1182807.831,3857529545.80479,1121276.76,7.408000000000001e-05,0.00022224,,,3679850922.0384,4.394526614812961,137784795397.0,3135372873441.213,,proxy_calibrated
2025-01-12,3281.85,3299.0,3222.4,3265.7,1348856.48,4400527896.12045,1136991.99,9.378000000000001e-05,0.00028134000000000004,,,3713074741.7429996,4.399185702346476,137748925154.0,3131236880510.097,,proxy_calibrated
2025-01-13,3265.7,3338.32,2900.0,3136.14,6106720.33,18939529755.40154,1136187.79,7.581666666666666e-05,0.00022745,,,3563243975.7306,4.429637570477749,137791589208.0,3110674113077.3545,,proxy_calibrated
2025-01-14,3136.13,3255.84,3123.47,3223.99,2714405.364,8679677888.80398,1018516.54,6.842333333333334e-05,0.00020527000000000002,,,3283687139.7946,4.331099012904979,137582647234.0,3176622072690.0396,,proxy_calibrated
2025-01-15,3223.99,3472.93,3185.09,3449.8,3291912.768,10893084885.66243,1051015.31,5.2900000000000005e-05,0.0001587,,,3625792616.438,4.151663843126261,137582647233.0,3313915876421.207,,proxy_calibrated
2025-01-16,3449.81,3458.99,3263.06,3306.94,3258757.747,10868089745.35856,1062850.06,7.862e-05,0.00023586,,,3514781377.4164004,4.20307188053279,137792434596.0,3278374448797.986,,proxy_calibrated
2025-01-17,3306.93,3524.85,3306.41,3472.38,3028696.472,10352213034.17833,1061860.05,0.0001,0.00030000000000000003,,,3687181600.419,4.040702726439239,137802584445.0,3410361854717.1577,,proxy_calibrated
2025-01-18,3472.38,3492.95,3225.65,3306.7,4090676.503,13548917336.79446,1092497.51,0.0001,0.00030000000000000003,,,3612561516.317,4.079206237867808,138609880783.0,3397962071548.7793,,proxy_calibrated
2025-01-19,3306.71,3449.77,3129.63,3214.15,6927128.105,22763925109.29559,1083791.42,0.0001,0.00030000000000000003,,,3483468192.593,4.201810409893275,138687679683.0,3300664859995.971,,proxy_calibrated
2025-01-20,3214.16,3455.76,3141.25,3283.2,6609534.854,21889087510.73756,1092048.81,0.0001,0.00030000000000000003,,,3585414652.992,4.15801483153939,138700179650.0,3335730757810.936,,proxy_calibrated
2025-01-21,3283.21,3367.95,3203.5,3326.72,3033556.395,9966801739.68548,1087802.28,0.0001,0.00030000000000000003,,,3618813600.9216,4.030782815718979,138761501548.0,3442544733664.8135,,proxy_calibrated
2025-01-22,3326.71,3365.97,3220.82,3242.0,2024070.863,6660317063.70819,1099417.27,0.0001,0.00030000000000000003,,,3564310789.34,4.124871601043069,138851168099.0,3366193703190.38,,proxy_calibrated
2025-01-23,3241.99,3347.7,3177.0,3337.88,3535707.19,11472361370.01663,1082480.46,0.0001,0.00030000000000000003,,,3613189877.8248,4.108731443881336,139155191071.0,3386816416980.183,,proxy_calibrated
2025-01-24,3337.87,3429.99,3273.94,3308.62,2912997.928,9802499198.84368,1114818.06,0.0001,0.00030000000000000003,,,3688509329.6772,4.087043517346696,139236520740.0,3406778522152.6636,,proxy_calibrated
2025-01-25,3308.61,3349.8,3266.53,3317.91,1413725.645,4677740699.24074,1085913.0,7.459666666666667e-05,0.00022379,,,3602961601.83,4.103828392865458,139787677372.0,3406274921607.8843,,proxy_calibrated
2025-01-26,3317.91,3363.0,3226.57,3230.5,1594638.892,5270139297.22366,1064877.38999999,7.745666666666667e-05,0.00023237,,,3440086408.3949676,4.188587402810137,139786746494.0,3337324330398.7544,,proxy_calibrated
2025-01-27,3230.5,3253.19,3020.17,3180.99,4938995.28,15403932237.78285,1069373.85,2.2383333333333336e-05,6.715e-05,,,3401667523.1115003,4.216035727001923,139791921674.0,3315719569895.766,,proxy_calibrated
2025-01-28,3181.0,3221.98,3038.0,3075.96,2591573.539,8171948114.91113,1038508.23,6.65e-05,0.0001995,,,3194409775.1507998,4.265250020850661,139914228538.0,3280328887029.5938,,proxy_calibrated
2025-01-29,3075.96,3180.93,3052.88,3112.55,2863466.609,8927573088.10282,1044136.27,8.417666666666667e-05,0.00025253,,,3249926347.1885004,4.1786269815468104,139925628535.0,3348603001725.7837,,proxy_calibrated
2025-01-30,3112.54,3282.6,3089.0,3245.86,2475377.574,7974693345.67408,1044281.77,6.447333333333334e-05,0.00019342,,,3389592425.9722004,4.123319603442538,139982628523.0,3394901244282.1367,,proxy_calibrated
2025-01-31,3245.86,3436.39,3212.31,3299.5,4130284.914,13725006593.75213,1102772.45,9.128000000000001e-05,0.00027384,,,3638597698.7749996,4.186663226243153,140004528519.0,3344059957854.1025,,proxy_calibrated
2025-02-01,3299.5,3330.82,3100.67,3116.22,2633608.712,8499351382.94312,1160328.54,7.248999999999999e-05,0.00021747,,,3615839002.9188,4.28141920020472,139981016588.0,3269500369907.8726,,proxy_calibrated
2025-02-02,3116.23,3161.86,2736.01,2868.05,6388796.102,19055247283.49321,1096001.36,6.736333333333333e-05,0.00020209,,,3143386700.5480003,4.437135563964754,139981116584.0,3154763125130.2456,,proxy_calibrated
2025-02-03,2868.06,2919.34,2080.19,2878.69,13603740.638,35522362935.68567,1061142.55,-0.00012847,-0.00038541,,,3054700447.2595,4.30665751572624,139976116582.0,3250226331461.5015,,proxy_calibrated
2025-02-04,2878.68,2888.8,2630.5,2730.03,6593771.039,18187127049.63802,991018.52,-5.9199999999999996e-05,-0.00017759999999999998,,,2705510290.1556,4.464517010500313,139934356581.0,3134367194746.523,,proxy_calibrated
2025-02-05,2730.06,2827.98,2697.95,2787.0,4064890.548,11224931437.28863,994732.34,-1.6596666666666666e-05,-4.9789999999999996e-05,,,2772319031.58,4.535174124803698,141281000185.0,3115227691309.7637,,proxy_calibrated
2025-02-06,2787.0,2857.43,2650.0,2685.25,3677522.354,10141418543.39581,966675.79,-1.1143333333333334e-05,-3.3430000000000003e-05,,,2595766165.0975003,4.577696749605546,141868639474.0,3099127077087.94,,proxy_calibrated
2025-02-07,2685.26,2796.12,2560.68,2620.66,4069680.275,10974565824.99491,960719.19,1.3823333333333334e-05,4.147e-05,,,2517718352.4653997,4.593670783372611,141827071091.0,3087445265001.6094,,proxy_calibrated
2025-02-08,2620.66,2667.15,2587.05,2630.99,1942560.926,5096919779.54318,942808.1,4.856e-05,0.00014568,,,2480518683.0189996,4.601929907686297,142126491830.0,3088410616437.586,,proxy_calibrated
2025-02-09,2630.99,2698.0,2518.12,2626.07,2482123.177,6517077908.61138,946738.26,3.378333333333333e-05,0.00010135,,,2486200942.4382,4.604750970427608,142199011789.0,3088093421386.37,,proxy_calibrated
2025-02-10,2626.07,2692.99,2556.91,2659.99,2710643.453,7161385120.35718,928679.64,4.4603333333333334e-05,0.00013381,,,2470278555.6036,4.560135601529525,142191510636.0,3118142157621.5244,,proxy_calibrated
2025-02-11,2659.99,2724.49,2552.88,2601.03,3346333.954,8891252694.05344,951655.62,8.173333333333334e-06,2.452e-05,,,2475284817.2886,4.641688290952356,142341381105.0,3066586383718.481,,proxy_calibrated
2025-02-12,2601.03,2794.99,2542.21,2737.14,4299721.893,11338821415.09216,935821.12,5.969333333333333e-05,0.00017908,,,2561473420.3968,4.528279204752975,142266481024.0,3141733859402.357,,proxy_calibrated
2025-02-13,2737.14,2756.51,2610.72,2674.52,2864504.217,7647282889.61602,974951.61,6.855666666666667e-05,0.00020567,,,2607527579.9772,4.594496375334226,142417199851.0,3099734730787.3296,,proxy_calibrated
2025-02-14,2674.52,2791.0,2662.97,2724.74,2712685.991,7376575654.51473,940391.72,5.4383333333333325e-05,0.00016314999999999998,,,2562322935.1527996,4.543576667407558,142225869513.0,3130262344492.367,,proxy_calibrated
2025-02-15,2724.75,2738.0,2655.31,2691.73,1286579.513,3475638111.76326,967753.32,3.017e-05,9.051e-05,,,2604930644.0436,4.5531725532521685,142413856453.0,3127793967555.191,,proxy_calibrated
2025-02-16,2691.74,2726.27,2643.75,2660.0,1494743.59,4018205916.31638,935359.79,4.526333333333333e-05,0.00013579,,,2488057041.4,4.616478998379147,142412375399.0,3084869993971.622,,proxy_calibrated
2025-02-17,2660.01,2848.76,2632.81,2743.0,4114492.169,11283662723.0256,931648.38,6.419666666666666e-05,0.00019259,,,2555511506.34,4.609467211064454,142412375399.0,3089562608389.0293,,proxy_calibrated
2025-02-18,2742.99,2755.85,2604.18,2670.57,3579587.482,9562328030.28426,958453.46,2.862666666666667e-05,8.588000000000001e-05,,,2559617056.6722,4.626101620944566,142249254877.0,3074927153198.9233,,proxy_calibrated
2025-02-19,2670.56,2736.12,2654.82,2714.06,2404564.481,6500235666.03633,955015.49,5.1406666666666664e-05,0.00015422,,,2591969340.7894,4.573270372960706,142082304427.0,3106798698521.2256,,proxy_calibrated
2025-02-20,2714.06,2770.5,2705.64,2736.87,2363654.302,6466026934.31328,954311.76,3.942333333333333e-05,0.00011826999999999999,,,2611827226.5912,4.523896544056178,142682643615.0,3153976715105.6265,,proxy_calibrated
2025-02-21,2736.86,2845.0,2614.76,2660.85,6002308.013,16395699595.42658,954515.42,4.808666666666667e-05,0.00014426,,,2539822355.307,4.626631472184932,142843643165.0,3087422113124.172,,proxy_calibrated
2025-02-22,2660.86,2797.21,2651.24,2762.01,2505671.695,6842920190.09954,832517.63,1.745666666666667e-05,5.237e-05,,,2299422019.2363,4.591830737191574,142951416400.0,3113168245557.5664,,proxy_calibrated
2025-02-23,2762.0,2860.9,2743.62,2818.54,3105005.707,8691240349.6159,832428.99,4.578333333333333e-05,0.00013735,,,2346234405.4746,4.589545398203804,142951416393.0,3114718430477.808,,proxy_calibrated
2025-02-24,2818.54,2839.0,2466.34,2512.27,5891164.461,15678064597.92875,853854.68,3.711e-05,0.00011133,,,2145113496.9236002,4.85120946743758,142874416382.0,2945129814348.474,,proxy_calibrated
2025-02-25,2512.26,2532.89,2287.13,2494.45,8206583.668,19928703161.05617,775539.32,-6.833333333333319e-07,-2.0499999999999956e-06,,,1934544056.7739997,4.97951079286443,142812345771.0,2867999522676.9688,,proxy_calibrated
2025-02-26,2494.46,2506.45,2252.78,2335.33,6596169.478,15709746317.00698,740609.62,3.798666666666667e-05,0.00011396,,,1729567863.8746,5.2245312870951635,142538814688.0,2728260332942.738,,proxy_calibrated
2025-02-27,2335.34,2381.44,2229.0,2306.66,4574087.764,10613578529.53697,737662.93,7.847333333333333e-05,0.00023542,,,1701537574.1138,5.206332241861178,142421483648.0,2735543508016.4355,,proxy_calibrated
2025-02-28,2306.65,2313.24,2070.0,2236.59,9311975.744,20155770931.98017,732510.87,2.188e-05,6.564e-05,,,1638326486.7333002,5.252169469079775,142614459639.0,2715343830365.5356,,proxy_calibrated
2025-03-01,2236.59,2279.75,2141.17,2216.6,3472964.049,7675941044.45444,643108.66,9.543333333333334e-06,2.8630000000000002e-05,,,1425514655.756,5.174761315107799,142639292034.0,2756441956415.696,,proxy_calibrated
2025-03-02,2216.59,2550.0,2170.09,2517.12,8185197.482,19298748978.3224,658043.19999999,5.165333333333333e-05,0.00015496,,,1656373699.5839748,4.732926631710568,142747292027.0,3016047007164.5386,,proxy_calibrated
2025-03-03,2517.12,2522.84,2094.76,2148.22,7766111.123,17763555710.17462,743328.34,9.66e-06,2.898e-05,,,1596832806.5547998,5.191439494610581,142807791999.0,2750832252735.5635,,proxy_calibrated
2025-03-04,2148.21,2221.77,1979.99,2170.51,9151176.202,19172619410.64978,742307.61,-2.6220000000000003e-05,-7.866000000000001e-05,,,1611186090.5811002,5.136460438195311,142880555491.0,2781692903317.6963,,proxy_calibrated
2025-03-05,2170.51,2272.94,2153.7,2240.45,4626954.982,10203548846.28264,734014.85,5.367333333333333e-05,0.00016102,,,1644523570.6825,4.9632437088961385,142867265394.0,2878505948396.6934,,proxy_calibrated
2025-03-06,2240.44,2318.99,2175.5,2201.34,4574430.922,10285345864.60901,781903.86,9.243333333333333e-06,2.773e-05,,,1721236243.1724,5.011585795670977,143090288607.0,2855189842915.626,,proxy_calibrated
2025-03-07,2201.33,2259.34,2100.75,2140.72,6125675.539,13304167980.7921,753186.15,2.0093333333333333e-05,6.028e-05,,,1612360655.0279999,5.17829997943827,143171664724.0,2764839142044.6626,,proxy_calibrated
2025-03-08,2140.72,2234.4,2103.07,2202.84,2667066.135,5789724228.38603,758650.88,4.5736666666666665e-05,0.00013721,,,1671186504.4992,5.189550407867171,143230964706.0,2759987926677.946,,proxy_calibrated
2025-03-09,2202.83,2211.27,1986.8,2019.2,4793159.949,9975230599.77414,757482.86,3.4983333333333334e-05,0.00010495,,,1529509390.912,5.533662975719386,143280964688.0,2589260772054.3955,,proxy_calibrated
2025-03-10,2019.34,2152.99,1807.75,1864.51,9275180.166,18408884029.1897,757930.54,5.863333333333332e-06,1.7589999999999996e-05,,,1413169071.1354,5.707851675578399,143280964686.0,2510243307460.8716,,proxy_calibrated
2025-03-11,1864.52,1969.77,1752.5,1922.61,9136006.396,17227796967.52857,737995.96,1.8936666666666668e-05,5.681000000000001e-05,,,1418878412.6555998,5.447262291938412,143336937920.0,2631357372530.5864,,proxy_calibrated
2025-03-12,1922.6,1955.9,1828.87,1907.24,7503776.831,14203682998.01653,738671.61,-2.1133333333333336e-06,-6.34e-06,,,1408824041.4564,5.420295151634402,143558693183.0,2648540147111.9556,,proxy_calibrated
2025-03-13,1907.23,1922.0,1820.2,1863.76,5305883.8,9948069773.52003,719172.53,2.381333333333333e-05,7.144e-05,,,1340364994.5128,5.580336652810404,143747304639.0,2575961157587.241,,proxy_calibrated
2025-03-14,1863.75,1945.62,1860.41,1910.79,3494472.929,6671244395.27386,709880.51,5.3206666666666667e-05,0.00015962,,,1356432579.7029,5.409834906436821,143748815811.0,2657175649481.6943,,proxy_calibrated
2025-03-15,1910.78,1957.68,1902.47,1936.27,1877714.35,3622201820.5788,756602.19,3.2063333333333335e-05,9.619e-05,,,1464986122.4313,5.385698549791628,143836896633.0,2670719411849.834,,proxy_calibrated
2025-03-16,1936.26,1940.0,1857.08,1885.97,3167735.396,6011743941.36257,774681.4,-2.7883333333333335e-05,-8.365e-05,,,1461025879.9580002,5.495515281232705,143836896629.0,2617350498873.252,,proxy_calibrated
2025-03-17,1885.96,1951.76,1878.66,1925.37,3207773.053,6139548873.01509,725586.96,3.807666666666667e-05,0.00011423,,,1397023365.1751997,5.406751766556995,143836896614.0,2660319963340.8535,,proxy_calibrated
2025-03-18,1925.36,1935.44,1871.14,1930.64,3234486.937,6137726089.38187,744506.82,3.6276666666666664e-05,0.00010883,,,1437374646.9648,5.482807599817868,144087751990.0,2627992125690.9766,,proxy_calibrated
2025-03-19,1930.63,2069.69,1927.12,2055.21,6384300.0,12803727155.08538,727297.62,7.215e-05,0.00021645,,,1494749341.6002,5.231058322474897,144100778448.0,2754715576939.3833,,proxy_calibrated
2025-03-20,2055.22,2067.15,1951.15,1982.72,4033783.537,8041021162.65686,776275.36,-3.36e-06,-1.008e-05,,,1539136681.7792,5.391997392747711,144275379309.0,2675731622256.565,,proxy_calibrated
2025-03-21,1982.72,1995.8,1932.0,1964.81,2832280.447,5564742710.62003,722017.37,4.865666666666667e-05,0.00014597000000000001,,,1418626948.7497,5.392728951697428,143936579287.0,2669086107910.0625,,proxy_calibrated
2025-03-22,1964.81,2006.0,1963.41,1979.56,1718916.027,3416534601.99354,717293.74,-4.773333333333331e-06,-1.4319999999999995e-05,,,1419925995.9543998,5.409765317762529,144193856062.0,2665436439332.2397,,proxy_calibrated
2025-03-23,1979.55,2020.0,1975.51,2005.0,2158448.476,4319576854.2484,724223.81,2.423333333333333e-05,7.269999999999999e-05,,,1452068739.0500002,5.287939390296706,144224155760.0,2727416959896.5015,,proxy_calibrated
2025-03-24,2005.0,2104.24,1976.46,2080.41,4667944.526,9631402684.10723,732161.88,3.7449999999999995e-05,0.00011235,,,1523196896.7707999,5.1954294832747285,144224155757.0,2775981393285.972,,proxy_calibrated
2025-03-25,2080.4,2097.21,2036.0,2065.22,3242153.268,6691890455.3985,793975.99,2.5723333333333335e-05,7.717000000000001e-05,,,1639735094.0677998,5.212263302536466,144459985751.0,2771540449245.9316,,proxy_calibrated
2025-03-26,2065.22,2077.7,1980.41,2008.69,3880044.941,7879878138.20578,762629.93,6.0500000000000005e-06,1.815e-05,,,1531887114.0917,5.261325877909772,144698008877.0,2750219473850.3037,,proxy_calibrated
2025-03-27,2008.69,2036.88,1985.71,2002.8,3264548.453,6574214809.55443,797578.15,5.032e-05,0.00015096,,,1597389518.82,5.253372347326117,144876968397.0,2757789831340.245,,proxy_calibrated
2025-03-28,2002.8,2015.09,1854.2,1896.02,5692204.684,10883235596.21066,808807.41,8.486666666666666e-06,2.546e-05,,,1533515025.5082,5.429896617051838,144894219396.0,2668452635745.9507,,proxy_calibrated
2025-03-29,1896.03,1912.94,1796.13,1827.32,4384848.185,8107139348.98921,808949.88,2.7743333333333333e-05,8.323e-05,,,1478210294.7216,5.533978219947688,144508879395.0,2611301917924.1733,,proxy_calibrated
2025-03-30,1827.31,1848.08,1766.04,1806.99,3858562.08,7004957696.269,832485.77,-6.266666666666666e-06,-1.88e-05,,,1504293461.5323,5.55450760371241,144508879383.0,2601650581708.018,,proxy_calibrated
2025-03-31,1806.99,1853.34,1775.92,1821.59,5212530.713,9460349315.84653,837072.91,1.4486666666666666e-05,4.346e-05,,,1524803642.1269,5.5454601706913005,144649416568.0,2608429456089.0864,,proxy_calibrated
2025-04-01,1821.59,1927.79,1816.64,1904.21,4671744.603,8777533006.34936,828368.72,1.8463333333333333e-05,5.5389999999999997e-05,,,1577388000.3112,5.382742543180725,144734849785.0,2688868148976.609,,proxy_calibrated
2025-04-02,1904.21,1957.97,1780.52,1794.1,7079855.203,13280295671.59771,847013.43,2.631e-05,7.893e-05,,,1519626794.763,5.560014497762025,144756151239.0,2603521111271.673,,proxy_calibrated
2025-04-03,1794.11,1844.97,1747.47,1816.48,5186368.349,9300377779.3857,792469.3,1.712e-05,5.1359999999999996e-05,,,1439504634.0640001,5.516384631890357,144814151238.0,2625164141035.884,,proxy_calibrated
2025-04-04,1816.48,1834.7,1757.52,1815.97,6221114.502,11189347191.90998,835677.13,2.7959999999999997e-05,8.387999999999999e-05,,,1517564597.7661,5.4786594660451815,144783250273.0,2642676573901.262,,proxy_calibrated
2025-04-05,1815.97,1826.63,1761.18,1805.15,2358927.115,4240858358.66691,822147.19,2.4459999999999996e-05,7.337999999999999e-05,,,1484099000.0285,5.501028672431926,144778059970.0,2631836127223.7417,,proxy_calibrated
2025-04-06,1805.14,1816.38,1535.27,1579.98,9388042.765,15611375780.35225,830896.79,1.809e-05,5.427000000000001e-05,,,1312800310.2642,5.874752000028754,144769059956.0,2464258235161.1,,proxy_calibrated
2025-04-07,1579.98,1638.47,1410.0,1552.44,17632071.352,26972327209.18665,852608.6,-2.7333333333333335e-05,-8.2e-05,,,1323623694.984,5.831444076994879,144569059955.0,2479129664045.4253,,proxy_calibrated
2025-04-08,1552.44,1618.0,1441.62,1472.67,9197866.83,14045598156.5731,845140.82,-2.3733333333333336e-06,-7.120000000000001e-06,,,1244613531.3894,6.053230729123308,144888658855.0,2393575684434.2905,,proxy_calibrated
2025-04-09,1472.68,1688.0,1384.0,1668.69,16116570.623,24474452374.02393,827856.94,-3.275e-05,-9.825e-05,,,1381436597.2086,5.620008879934613,144700965625.0,2574746209772.6,62.4016,cmc
2025-04-10,1668.7,1669.19,1470.84,1521.57,9945193.041,15502627233.05013,933191.92,4.3213333333333335e-05,0.00012964,,,1419916829.7144,5.762404520389798,145054575983.0,2517257777890.05,62.5121,cmc
2025-04-11,1521.56,1590.88,1503.63,1565.96,6468082.686,10065984172.36663,846516.68,-2.4120000000000003e-05,-7.236e-05,,,1325611260.2128,5.471415981944348,144851154191.0,2647416220389.9,62.8464,cmc
2025-04-12,1565.97,1669.85,1545.06,1643.6,5604513.987,9064527082.06725,901685.72,1.4423333333333333e-05,4.327e-05,,,1482010649.392,5.379448608662922,144957254190.0,2694648926593.79,62.4676,cmc
2025-04-13,1643.6,1649.2,1559.4,1596.92,6495362.492,10425865231.3282,1012364.12,6.0593333333333335e-05,0.00018178,,,1616664510.5104,5.387407861557899,145195854190.0,2695096750072.55,62.4748,cmc
2025-04-14,1596.93,1691.57,1594.73,1623.02,6972175.93,11461353410.02934,916032.05,6.228e-05,0.00018684,,,1486738337.7910001,5.41472576799992,145000072564.0,2677883955285.88,62.7086,cmc
2025-04-15,1623.02,1660.68,1582.14,1588.0,5330097.578,8655053492.30134,895903.34,1.5689999999999997e-05,4.7069999999999995e-05,,,1422694503.9199998,5.424474442986147,144988134604.0,2672851280393.99,62.9776,cmc
2025-04-16,1588.0,1614.95,1537.56,1576.58,7222095.782,11399051627.39225,905814.03,-3.933333333333334e-06,-1.1800000000000002e-05,,,1428088283.4174,5.479585292311311,145230969405.0,2650400744902.74,63.1878,cmc
2025-04-17,1576.57,1616.81,1562.26,1582.84,4942514.542,7867233863.14387,850573.06,2.6240000000000003e-05,7.872e-05,,,1346321062.2904,5.427506736949711,145411564253.0,2679159534949.23,63.0016,cmc
2025-04-18,1582.84,1600.0,1572.65,1587.91,2400463.737,3807791936.43141,869598.12,-6.2333333333333335e-06,-1.87e-05,,,1380843550.7292001,5.4515389212936745,145403089797.0,2667193464015.39,62.9279,cmc
2025-04-19,1587.91,1632.29,1584.01,1612.44,2503971.109,4018736527.91098,891523.09,4.549000000000001e-05,0.00013647000000000003,,,1437527491.2396,5.397058186638006,145035321798.0,2687303282315.49,62.847,cmc
2025-04-20,1612.45,1618.46,1564.69,1586.56,3100920.987,4922880313.28205,911770.6,2.7103333333333332e-05,8.130999999999999e-05,,,1446578763.136,5.443398487513519,145216680932.0,2667757675009.63,62.8815,cmc
2025-04-21,1586.57,1658.0,1560.62,1578.64,7470078.354,12051145787.21652,852876.61,5.964333333333333e-05,0.00017893,,,1346385131.6104,5.333237045238534,145204655279.0,2722636441007.95,63.435,cmc
2025-04-22,1578.63,1779.02,1535.0,1755.57,10307669.455,17105891545.17911,899490.78,1.5090000000000001e-05,4.5270000000000005e-05,,,1579119028.6446,5.099345404061275,145254984859.0,2848502569434.0,63.637,cmc
2025-04-23,1755.58,1838.0,1744.3,1794.46,8309523.12,14884457486.24906,945935.69,8.765e-05,0.00026295,,,1697443758.2774,4.972709471304255,145771856311.0,2931437220537.37,63.4797,cmc
2025-04-24,1794.45,1802.27,1721.22,1768.8,5247333.371,9233374360.0472,906490.47,5.949666666666667e-05,0.00017849,,,1603400343.336,5.026448373752232,146144939953.0,2907518969381.22,63.3915,cmc
2025-04-25,1768.79,1826.91,1737.4,1783.77,5989110.176,10683768505.19271,871447.7,4.2619999999999995e-05,0.00012785999999999999,,,1554462263.829,4.940929122899907,146580988029.0,2966668502683.75,63.5329,cmc
2025-04-26,1783.76,1841.49,1777.31,1820.0,3965587.849,7150557099.82798,901482.92,-4.803333333333334e-06,-1.4410000000000001e-05,,,1640698914.4,4.9597644667697915,146823288025.0,2960287509794.26,63.2924,cmc
2025-04-27,1819.99,1857.0,1780.25,1790.21,3619555.606,6545876836.53077,916626.79,-1.6513333333333333e-05,-4.954e-05,,,1640954445.7259002,5.011778423303553,147695285561.0,2946963594285.27,63.3869,cmc
2025-04-28,1790.22,1826.71,1742.15,1799.22,6352728.687,11349439257.29635,913342.26,-4.417333333333334e-05,-0.00013252,,,1643303661.0372,5.025532540462166,147890535534.0,2942783363619.4,63.3704,cmc
2025-04-29,1799.21,1842.82,1779.36,1796.57,5315318.445,9636124239.94526,877857.54,4.225e-05,0.00012675,,,1577132520.6378,4.9827349550044415,148611733563.0,2982533385881.6,63.3908,cmc
2025-04-30,1796.57,1816.0,1730.6,1792.71,5626543.488,10019083575.07204,878043.59,-4.178666666666667e-05,-0.00012536,,,1574077524.2289,5.0676618726891105,148905522663.0,2938347632573.69,63.7011,cmc
2025-05-01,1792.71,1872.71,1791.55,1837.19,5360708.038,9845482567.69241,854882.61,3.551e-05,0.00010653,,,1570581782.2659001,4.957342575992996,149333119679.0,3012362316902.97,63.6949,cmc
2025-05-02,1837.18,1871.06,1812.0,1841.22,4329970.344,7960281598.84561,908134.67,-2.3253333333333337e-05,-6.976000000000001e-05,,,1672075717.0974002,4.938732999138896,149440079658.0,3025878898171.98,63.8629,cmc
2025-05-03,1841.22,1848.0,1807.75,1832.55,2801643.56,5123783033.42071,862138.33,2.852666666666667e-05,8.558e-05,,,1579911596.6415,5.019194513533048,149711823199.0,2982785839348.09,63.9782,cmc
2025-05-04,1832.55,1849.53,1801.71,1807.87,3055757.356,5590079217.0753,845755.24,2.4423333333333337e-05,7.327000000000001e-05,,,1529015525.7387998,5.061458490413032,149981823181.0,2963213537463.21,63.9401,cmc
2025-05-05,1807.87,1832.98,1780.02,1819.43,4641355.365,8394316571.89672,871932.73,1.1243333333333333e-05,3.373e-05,,,1586420566.9439,5.098473934011775,149987023181.0,2941802294612.92,63.759,cmc
2025-05-06,1819.43,1820.3,1750.0,1816.22,5344191.56,9539152683.93454,868566.35,4.913333333333335e-06,1.4740000000000005e-05,,,1577507576.197,5.112266951470169,149826223167.0,2930719866338.62,64.1388,cmc
2025-05-07,1816.23,1850.0,1786.0,1810.14,5769207.963,10500877576.81347,862749.84,3.724333333333333e-05,0.00011172999999999999,,,1561697995.3776,5.042653809949368,150106836051.0,2976742836377.8,64.4444,cmc
2025-05-08,1810.13,2227.0,1807.72,2206.54,13290171.723,26775043415.66911,890756.27,7.760333333333334e-05,0.00023281000000000002,,,1965489340.0058,4.77309341356639,150181948939.0,3146428027411.81,63.8251,cmc
2025-05-09,2206.53,2490.75,2183.59,2344.3,13924417.937,32335300573.60659,878637.39,0.0001,0.00030000000000000003,,,2059789633.377,4.609963494408462,150350804952.0,3261431573902.14,62.8058,cmc
2025-05-10,2344.31,2600.76,2315.09,2581.91,9337754.747,22823633374.33704,882386.9,9.604333333333334e-05,0.00028813,,,2278243560.979,4.534254540542535,150393604947.0,3316831986432.88,61.9485,cmc
2025-05-11,2581.9,2608.0,2434.89,2513.48,7493744.561,18805426565.15567,890841.09,6.600333333333333e-05,0.00019801,,,2239111262.8932,4.534217309686565,150514671503.0,3319529286376.54,62.2304,cmc
2025-05-12,2513.48,2624.84,2406.55,2494.16,9197060.865,23177645097.88142,888721.59,7.601666666666667e-05,0.00022805000000000001,,,2216613840.9143996,4.53874058508017,150615671502.0,3318446354856.82,61.5385,cmc
2025-05-13,2494.16,2738.62,2414.36,2678.59,8696179.007,22321674127.76505,922745.52,8.744333333333334e-05,0.00026233,,,2471656922.4168,4.480253918384265,150663236041.0,3362828062551.74,61.476,cmc
2025-05-14,2678.58,2724.96,2545.0,2608.74,6914278.151,18124941984.93919,948723.0,6.739e-05,0.00020217,,,2474971639.02,4.534674426383634,150926534831.0,3328277195665.46,61.5497,cmc
2025-05-15,2608.75,2646.1,2475.61,2547.75,8115677.622,20701781487.27752,1021742.26,8.566e-05,0.00025698,,,2603143842.915,4.5288954880137675,151333639504.0,3341513176988.11,61.8851,cmc
2025-05-16,2547.76,2648.68,2527.14,2535.72,5514825.122,14259348442.34683,962571.01,8.001e-05,0.00024003000000000002,,,2440810561.4772,4.565890127728682,151745623801.0,3323462009728.35,62.1736,cmc
2025-05-17,2535.71,2537.63,2442.65,2474.09,5088864.02,12632025371.53351,1005777.5,9.996666666666667e-06,2.999e-05,,,2488384054.9750004,4.6376929760274965,151802073801.0,3273223876303.88,62.6668,cmc
2025-05-18,2474.09,2587.52,2312.62,2496.98,8079064.264,19985490224.21014,1016027.26,3.4683333333333334e-05,0.00010405,,,2536999747.6748,4.534177310448563,151901465555.0,3350143921477.4,62.5663,cmc
2025-05-19,2496.98,2546.97,2346.99,2526.87,8872894.591,21684230990.30493,967733.79,3.595666666666667e-05,0.00010787000000000001,,,2445337481.9373,4.573699268409888,152051465524.0,3324474492107.63,62.9392,cmc
2025-05-20,2526.87,2588.0,2438.39,2523.09,6945963.632,17457148458.04838,987106.46,5.331333333333333e-05,0.00015994,,,2490558438.1614,4.559328045729627,152286729390.0,3340113452302.15,63.1828,cmc
2025-05-21,2523.08,2615.46,2450.72,2550.26,10600046.776,26847255635.16949,966446.53,4.549333333333334e-05,0.00013648000000000002,,,2464689927.5978003,4.538850632112567,152473429748.0,3359296044448.87,63.1258,cmc
2025-05-22,2550.26,2692.61,2543.37,2663.72,6985054.685,18416807932.67231,968991.38,7.047000000000001e-05,0.00021141,,,2581121718.7335997,4.341956449727281,152809591181.0,3519371807393.37,63.0715,cmc
2025-05-23,2663.72,2734.3,2497.0,2525.39,9061544.83,23651003468.51325,1000953.33,6.424666666666666e-05,0.00019274,,,2527797530.0487,4.442135046505257,153131132875.0,3447241726598.84,63.029,cmc
2025-05-24,2525.38,2574.5,2511.13,2529.27,2752527.948,7010178346.24612,995874.87,5.382333333333334e-05,0.00016147,,,2518836432.4449,4.471841790124443,153333908216.0,3428875962352.26,63.1732,cmc
2025-05-25,2529.27,2553.0,2457.6,2550.03,4036746.533,10112388538.50681,1036401.4,6.092666666666667e-05,0.00018278,,,2642854662.0420003,4.55424123932845,153364622848.0,3367512057192.09,63.2996,cmc
2025-05-26,2550.03,2598.6,2521.29,2562.43,3750834.338,9600977643.38416,1053946.53,4.3809999999999996e-05,0.00013142999999999998,,,2700664206.8679,4.484043755366532,153364622847.0,3420230292433.08,63.4585,cmc
2025-05-27,2562.42,2711.8,2508.0,2659.84,6941172.913,18256630414.12917,1062406.32,8.008666666666667e-05,0.00024026,,,2825830826.1888003,4.405559267056252,153336099489.0,3480513827963.04,63.0018,cmc
2025-05-28,2659.83,2689.13,2606.0,2680.4,5156133.407,13632284869.34801,1088047.57,0.0001,0.00030000000000000003,,,2916402706.6280003,4.524565254677684,153545087010.0,3393587634773.5,62.9133,cmc
2025-05-29,2680.4,2788.88,2617.11,2630.3,7588357.955,20452187002.00675,1086750.15999999,9.440333333333333e-05,0.00028321,,,2858478945.847974,4.561598851284388,153590783310.0,3367038363462.28,62.6773,cmc
2025-05-30,2630.3,2648.42,2503.37,2529.63,6984847.342,18079390292.1202,1100679.68,7.725333333333333e-05,0.00023176000000000002,,,2784312338.9184,4.694009714850934,153692315960.0,3274222366301.19,63.1955,cmc
2025-05-31,2529.62,2550.0,2474.0,2527.08,3446829.335,8685292710.63833,1079681.1,4.7273333333333334e-05,0.00014182,,,2728440514.188,4.691003916316041,153658825957.0,3275606430908.12,63.4116,cmc
2025-06-01,2527.08,2547.0,2465.0,2537.89,3484871.729,8755165625.15367,1039587.8,4.945333333333333e-05,0.00014836,,,2638359481.742,4.673938960423624,153723758271.0,3288955195449.69,63.5161,cmc
2025-06-02,2537.89,2614.2,2472.74,2606.48,5275446.384,13325178539.07842,1043485.14,5.184e-05,0.00015552,,,2719823147.7072,4.704715050785847,153763502089.0,3268285123098.29,63.3799,cmc
2025-06-03,2606.49,2654.98,2563.0,2592.16,5191907.18,13577160885.2253,1112787.71,4.909e-05,0.00014727,,,2884523790.3535995,4.614720104271352,153918365325.0,3335378134473.08,63.1343,cmc
2025-06-04,2592.16,2679.64,2582.41,2606.62,5284587.533,13890243223.44595,1060341.65999999,6.636666666666668e-05,0.00019910000000000001,,,2763907777.7891736,4.659382825421035,154288119435.0,3311342407694.48,63.132,cmc
2025-06-05,2606.62,2640.0,2390.0,2412.9,8492400.72,21556669894.86718,1119442.01,5.7543333333333335e-05,0.00017263,,,2701101625.929,4.756020562716963,154488400144.0,3248270231526.2,63.2492,cmc
2025-06-06,2412.9,2529.67,2379.62,2475.38,5419019.543,13390557409.25552,1121801.90999999,1.3933333333333333e-05,4.18e-05,,,2776886011.9757752,4.743936133268646,154606717162.0,3259038756398.13,63.8123,cmc
2025-06-07,2475.38,2545.0,2455.85,2523.4,2692914.761,6733132072.13929,1086104.01,6.969333333333333e-05,0.00020908,,,2740674858.834,4.7162326256763825,155115000492.0,3288959913629.24,63.7739,cmc
2025-06-08,2523.41,2548.02,2483.28,2508.32,2632952.539,6620003823.64801,1077780.61,8.072333333333333e-05,0.00024217,,,2703418659.6752005,4.681313177021706,155407500492.0,3319741589920.11,63.6615,cmc
2025-06-09,2508.31,2693.2,2475.83,2679.12,5572543.306,14246910954.41894,1081604.62999999,4.2663333333333335e-05,0.00012799,,,2897748596.3255734,4.606466920165793,155407500531.0,3373681027658.54,63.8361,cmc
2025-06-10,2679.13,2827.0,2655.0,2815.74,8830157.515,24154747930.96526,1095509.47,0.0001,0.00030000000000000003,,,3084669835.0578,4.568401914926117,156015285591.0,3415095442484.14,63.283,cmc
2025-06-11,2815.74,2879.0,2742.57,2770.34,7913878.569,22221851409.53581,1209800.93,0.0001,0.00030000000000000003,,,3351559908.4162,4.5015198306647415,155670088658.0,3458167341562.33,62.8736,cmc
2025-06-12,2770.35,2783.9,2614.24,2641.38,7405894.267,20158025803.52708,1193903.2,7.123e-05,0.00021369,,,3153552034.416,4.5864280447902,156031051481.0,3402016775521.82,63.2772,cmc
2025-06-13,2641.38,2644.32,2433.8,2578.09,11165882.996,28202599088.1968,1109365.31,-1.1933333333333343e-06,-3.580000000000003e-06,,,2860043612.0579004,4.764256452480436,156034350481.0,3275103933579.46,63.8844,cmc
2025-06-14,2578.1,2578.18,2486.68,2529.66,3565324.383,9006633899.97699,1064528.71,2.324666666666667e-05,6.974e-05,,,2692895696.5386,4.808241597551171,156311510783.0,3250908000600.66,63.9494,cmc
2025-06-15,2529.66,2559.76,2490.38,2546.32,3498181.69,8854576371.88794,1064065.5,5.7950000000000006e-05,0.00017385000000000002,,,2709451263.96,4.75020057180962,156288710782.0,3290149719350.92,63.8778,cmc
2025-06-16,2546.32,2680.0,2513.38,2543.12,7101649.996,18500985118.57673,1053902.75,5.8643333333333335e-05,0.00017593,,,2680201161.58,4.639214334701507,156262534400.0,3368297369473.75,63.6631,cmc
2025-06-17,2543.11,2617.74,2451.97,2508.99,8004120.988,20276853861.58318,1027360.86,4.884e-05,0.00014652,,,2577638124.1313996,4.841870510235319,156350343711.0,3229131043064.62,63.962,cmc
2025-06-18,2508.99,2547.35,2465.0,2523.49,6693705.668,16787444513.8059,1074761.54,4.9833333333333336e-05,0.0001495,,,2712149998.5745997,4.8387346102802935,156397425951.0,3232196814818.5,64.0887,cmc
2025-06-19,2523.5,2546.29,2483.58,2520.18,3666746.681,9226215331.05735,1060128.94,5.026333333333333e-05,0.00015078999999999998,,,2671715752.0091996,4.8146145630216965,156493925950.0,3250393648370.95,64.0706,cmc
2025-06-20,2520.17,2568.56,2363.88,2405.42,7724171.787,19117430362.24391,1094380.39999999,6.566e-05,0.00019698,,,2632444501.767976,4.929965869903817,156674248726.0,3177998648681.45,64.3607,cmc
2025-06-21,2405.43,2447.96,2213.07,2294.63,6347781.449,14926463759.4515,1127546.22,-4.526666666666668e-06,-1.3580000000000002e-05,,,2587301382.7986,4.920805603638322,156688688065.0,3184208048152.69,64.4992,cmc
2025-06-22,2294.64,2312.96,2111.0,2226.33,10976426.378,24395034719.55417,1060619.48,7.183333333333334e-06,2.1550000000000002e-05,,,2361288966.9084,5.132545032065395,156600188057.0,3051121560135.29,64.9149,cmc
2025-06-23,2226.33,2440.0,2187.01,2410.39,10119602.037,23160060525.87008,1033400.31,3.393333333333333e-06,1.0179999999999999e-05,,,2490897773.2209,4.992532382044629,156750556577.0,3139700348078.76,64.8403,cmc
2025-06-24,2410.4,2481.28,2374.9,2447.58,6672609.972,16167058360.26545,1041200.67,1.258e-05,3.774e-05,,,2548421935.8786,4.763613040644681,155908804295.0,3272910770978.58,64.4456,cmc
2025-06-25,2447.58,2467.84,2388.23,2417.28,5000125.213,12136042753.0774,1038364.44,1.1300000000000004e-06,3.3900000000000014e-06,,,2510017593.5232,4.7969734305336225,157394434423.0,3281119578881.87,64.8678,cmc
2025-06-26,2417.28,2520.0,2392.12,2414.54,5704994.512,13986888156.9707,995942.36,3.906666666666666e-05,0.00011719999999999999,,,2404742665.9144,4.816672256903124,157917318269.0,3278556435777.36,65.0842,cmc
2025-06-27,2414.59,2463.38,2377.0,2422.06,4375482.494,10621563197.78729,995086.97,2.1436666666666668e-05,6.431e-05,,,2410160346.5582,4.8439779850448375,158266828122.0,3267290409052.82,65.0542,cmc
2025-06-28,2422.07,2447.42,2404.75,2434.8,1533911.759,3723317923.01957,992540.69,4.3683333333333336e-05,0.00013105000000000001,,,2416638072.012,4.798928462200326,158303889518.0,3298734097932.71,64.7693,cmc
2025-06-29,2434.8,2524.41,2406.45,2499.25,3066795.2,7537795437.65051,980027.36,4.998333333333334e-05,0.00014995,,,2449333379.48,4.8038270849765885,158444090587.0,3298288797332.35,64.7376,cmc
2025-06-30,2499.25,2523.43,2431.87,2484.3,5172486.705,12818199456.88197,984264.29,4.871666666666667e-05,0.00014615,,,2445207775.6470003,4.768388996661331,158520790585.0,3324409789050.16,64.4871,cmc
2025-07-01,2484.3,2499.6,2383.33,2403.65,4506176.03,10982509466.22594,1033003.79,2.7676666666666665e-05,8.303e-05,,,2482979559.8335004,4.857207040139984,158754090584.0,3268423381421.78,64.6523,cmc
2025-07-02,2403.66,2618.2,2367.53,2569.37,6609066.769,16554772337.67924,1018532.53,4.017333333333334e-05,0.00012052,,,2616986926.6061,4.715896999652118,158695019985.0,3365107846857.27,64.5277,cmc
2025-07-03,2569.37,2635.0,2555.25,2590.17,5268757.244,13647187156.29036,1061866.72,8.072666666666667e-05,0.00024218000000000002,,,2750415322.1424,4.71133042319054,159155198929.0,3378137057540.94,64.5094,cmc
2025-07-04,2590.18,2601.96,2473.07,2506.86,5033671.72,12725393707.41595,1042607.85,3.5543333333333336e-05,0.00010663,,,2613671914.8510003,4.8030390896130335,159305664246.0,3316768014453.84,64.7021,cmc
2025-07-05,2506.87,2528.86,2486.31,2515.25,2011813.011,5052102986.64698,1003796.03,3.635333333333333e-05,0.00010905999999999999,,,2524797964.4575,4.802095280893091,159478756035.0,3321024400943.17,64.7297,cmc
2025-07-06,2515.25,2607.08,2502.25,2569.14,3600165.163,9172986497.63379,998215.14,6.213666666666667e-05,0.00018641,,,2564554444.7796,4.745902381767204,159478756029.0,3360346319841.83,64.4933,cmc
2025-07-07,2569.14,2589.88,2505.37,2541.37,4567857.773,11644446527.06696,990490.61,5.6630000000000005e-05,0.00016989000000000001,,,2517203121.5357,4.779269314609762,159463829126.0,3336573409632.61,64.3734,cmc
2025-07-08,2541.36,2627.83,2522.07,2613.97,4474456.244,11532994545.81018,998663.1,5.6139999999999994e-05,0.00016842,,,2610475383.507,4.73814623280181,159520682149.0,3366731930826.68,64.2764,cmc
2025-07-09,2613.97,2795.73,2588.49,2767.7,7269179.795,19472870001.08627,1056049.97,5.980666666666667e-05,0.00017942,,,2922829501.969,4.700784343963785,159455682148.0,3392108007523.36,64.013,cmc
2025-07-10,2767.69,3010.44,2754.08,2950.62,8576372.082,24350173415.15155,1121440.7,5.331666666666667e-05,0.00015995,,,3308945358.2339997,4.51977333626901,159695616477.0,3533266042248.61,63.9993,cmc
2025-07-11,2950.61,3040.95,2913.72,2956.93,8156318.681,24321474191.78244,1071251.13999999,0.0001,0.00030000000000000003,,,3167614633.40017,4.352453167414079,159994836080.0,3675969158676.96,63.5122,cmc
2025-07-12,2956.94,2979.0,2902.8,2941.87,3279022.65,9646182328.47869,1097395.55,7.274e-05,0.00021822,,,3228395046.6785,4.3791187412044446,160150055260.0,3657129772552.18,63.9132,cmc
2025-07-13,2941.88,3019.52,2930.0,2970.37,3503115.926,10415925230.63532,1100234.40999999,5.254333333333334e-05,0.00015763000000000002,,,3268103284.4316697,4.3168492768862405,160394357834.0,3715542228745.43,63.6029,cmc
2025-07-14,2970.37,3083.0,2961.44,3012.26,6656768.639,20170004457.45065,1102612.7,6.999333333333334e-05,0.00020998000000000002,,,3321356131.702,4.279418409643512,160394357833.0,3748041029864.18,63.6483,cmc
2025-07-15,3012.26,3144.48,2930.99,3137.62,8695662.537,26257227282.62108,1163430.98,8.711333333333332e-05,0.00026134,,,3650404311.4676,4.332035095361239,160545757830.0,3706012400543.87,63.0059,cmc
2025-07-16,3137.62,3423.47,3099.6,3370.55,9404285.667,30571821987.93077,1178692.37999999,0.0001,0.00030000000000000003,,,3972841601.408967,4.230101288922343,160669087149.0,3798232623170.4,62.5222,cmc
2025-07-17,3370.54,3524.0,3311.0,3476.65,8831516.299,30197089749.63605,1195775.7,0.0001,0.00030000000000000003,,,4157293587.4049997,4.24422669304847,162039387242.0,3817877765751.79,61.8525,cmc
2025-07-18,3476.66,3674.43,3458.0,3546.36,9940209.861,35671704359.38496,1171519.81,0.0001,0.00030000000000000003,,,4154630993.3916,4.1838863604829335,161470084202.0,3859332455276.39,60.6907,cmc
2025-07-19,3546.36,3608.0,3505.0,3591.31,3451544.417,12293248411.83796,1139293.82,0.0001,0.00030000000000000003,,,4091557288.7042003,4.214298352713922,161983579210.0,3843666623785.33,60.9906,cmc
2025-07-20,3591.32,3826.0,3578.05,3755.67,7235342.352,26908744578.77599,1206949.83,0.0001,0.00030000000000000003,,,4532905268.0361,4.148743384627227,162359770647.0,3913468623984.04,60.1072,cmc
2025-07-21,3755.68,3857.82,3700.19,3760.96,6672579.311,25225480585.51872,1250652.11,0.0001,0.00030000000000000003,,,4703652559.625601,4.148617191674464,162531584793.0,3917729144042.79,59.6529,cmc
2025-07-22,3760.95,3798.58,3616.53,3746.01,7931786.206,29306295168.48628,1161279.83,0.0001,0.00030000000000000003,,,4350165855.9783,4.132972115428802,162855465485.0,3940395941144.73,60.1838,cmc
2025-07-23,3746.02,3764.08,3526.5,3627.49,6962184.377,25314488743.70884,1050801.8,0.0001,0.00030000000000000003,,,3811773021.482,4.236930623909447,163023658144.0,3847682971820.22,60.9557,cmc
2025-07-24,3627.5,3772.63,3505.0,3706.2,7785869.615,28454660354.48651,1044455.16,0.0001,0.00030000000000000003,,,3870959713.992,4.184427862462966,163208856646.0,3900386432995.76,60.837,cmc
2025-07-25,3706.22,3746.42,3570.13,3724.17,7413357.205,27126573043.76688,1043272.75,0.0001,0.00030000000000000003,,,3885325077.3675003,4.310303261686083,163910480196.0,3802759811658.41,60.8109,cmc
2025-07-26,3724.18,3795.2,3694.56,3740.0,3327830.068,12459303545.27103,1103016.65999999,0.0001,0.00030000000000000003,,,4125282308.3999624,4.227388718512261,163908480684.0,3877298531034.64,60.5817,cmc
2025-07-27,3740.0,3878.53,3728.36,3871.47,4061335.758,15482491667.55545,1142373.82,9.400333333333334e-05,0.00028201,,,4422665972.9154,4.188456689242202,164437379973.0,3925965866982.64,60.386,cmc
2025-07-28,3871.48,3940.81,3751.03,3796.0,6290790.926,24175996255.18144,1175182.97,0.0001,0.00030000000000000003,,,4460994554.12,4.231665880421624,164437379970.0,3885878153348.35,60.3454,cmc
2025-07-29,3795.99,3885.43,3712.24,3791.55,6546244.159,24860205422.37114,1121618.81,8.164666666666668e-05,0.00024494,,,4252673799.0555005,4.253598676218362,164259732060.0,3861665017397.32,60.6647,cmc
2025-07-30,3791.55,3832.61,3670.0,3808.67,5758788.738,21736673459.65851,1061342.75,3.037e-05,9.111e-05,,,4042304291.6425,4.256963344946585,164371766732.0,3861244587109.84,60.724,cmc
2025-07-31,3808.67,3878.0,3682.23,3696.58,5397334.756,20469554422.85698,1055506.65999999,4.660666666666667e-05,0.00013982,,,3901764809.2227626,4.262895320359872,164580462391.0,3860767155246.64,60.8539,cmc
2025-08-01,3696.57,3722.9,3428.86,3486.42,9193572.267,33128314776.46401,1001049.59,7.409999999999999e-06,2.223e-05,,,3490079311.5678,4.418154830806374,164686013950.0,3727483989508.41,61.1634,cmc
2025-08-02,3486.41,3536.48,3366.5,3392.42,5424066.49,18754639855.72633,964830.41,4.805666666666666e-05,0.00014417,,,3273109979.4922004,4.506296866387028,164764742593.0,3656322419013.24,61.5521,cmc
2025-08-03,3392.42,3520.97,3353.51,3495.0,3427531.227,11864698196.98683,977013.2,5.4173333333333325e-05,0.00016251999999999998,,,3414661134.0,4.459894162315783,164758535749.0,3694225238373.14,61.4079,cmc
2025-08-04,3495.01,3735.0,3489.28,3719.42,5316512.393,19236902829.45886,985040.96,2.1476666666666667e-05,6.443e-05,,,3663781047.4432,4.366899096480654,164734535747.0,3772345824975.94,60.8055,cmc
2025-08-05,3719.41,3720.1,3542.58,3610.19,5815168.146,21058063277.99194,989897.85,1.5443333333333332e-05,4.633e-05,,,3573719319.0915,4.446814155790238,164723091665.0,3704294488010.31,60.908,cmc
2025-08-06,3610.19,3697.39,3562.34,3681.21,4199037.186,15227765255.91895,935706.77,5.619666666666666e-05,0.00016858999999999998,,,3444533118.7917,4.374304855651616,164748993280.0,3766289701257.19,61.0174,cmc
2025-08-07,3681.21,3926.38,3645.78,3908.4,5937102.226,22547412157.43496,949395.33,6.837333333333332e-05,0.00020512,,,3710616707.772,4.308075438225652,164521910565.0,3818918979579.45,60.6781,cmc
2025-08-08,3908.4,4070.0,3876.7,4009.05,6145342.857,24345087579.6172,1037419.48,8.086666666666668e-05,0.00024260000000000002,,,4159066566.294,4.251019401118072,165186565785.0,3885810677353.15,59.7024,cmc
2025-08-09,4009.04,4325.24,4005.02,4259.1,6548032.73,27432612279.33882,1136466.94,0.0001,0.00030000000000000003,,,4840326344.154,4.195485555653192,165053491593.0,3934073646627.13,59.0588,cmc
2025-08-10,4259.11,4331.99,4160.0,4248.77,4745124.651,20053465752.63617,1166569.55,9.972000000000001e-05,0.00029916000000000003,,,4956485706.953501,4.173524421727978,165260481580.0,3959734384675.69,59.582,cmc
2025-08-11,4248.77,4370.0,4164.23,4221.31,7280638.345,31097460175.2005,1139406.84,9.409e-05,0.00028227,,,4809789487.760401,4.125628187138343,164561420921.0,3988760340401.51,59.7599,cmc
2025-08-12,4221.31,4640.0,4216.61,4589.31,8478717.163,37479934448.83552,1071040.61,7.886333333333334e-05,0.00023659,,,4915337381.879101,4.096644197739532,164867620918.0,4024455455735.49,59.0895,cmc
2025-08-13,4589.31,4783.62,4562.59,4748.37,7960032.485,37251303664.17844,1149674.63999999,0.0001,0.00030000000000000003,,,5459080570.336752,3.9909252656831176,164578283964.0,4123812725313.7,58.6986,cmc
2025-08-14,4748.36,4794.0,4451.0,4545.26,10442559.67,48290670951.46872,1113906.87,0.0001,0.00030000000000000003,,,5062996339.936201,4.137934985280866,165087257083.0,3989604903659.32,58.7728,cmc
2025-08-15,4545.26,4670.23,4364.0,4437.16,7420333.141,33482732351.53149,1122638.42,8.746333333333333e-05,0.00026239,,,4981326291.6872,4.186116814319546,166150657095.0,3969087927184.56,59.0842,cmc
2025-08-16,4437.15,4488.33,4370.0,4420.22,3186954.848,14093829789.0426,1116632.25,5.641666666666667e-05,0.00016925000000000002,,,4935760204.095,4.189355807106217,166328383729.0,3970261572122.01,59.0471,cmc
2025-08-17,4420.22,4574.95,4392.45,4470.66,4146129.176,18646228010.40326,1108749.29,3.1116666666666666e-05,9.335e-05,,,4956841100.8314,4.145316539443341,166328383729.0,4012441080104.72,58.5298,cmc
2025-08-18,4470.66,4480.0,4224.1,4311.73,8232985.759,35575776951.64949,1059160.76,6.260666666666667e-05,0.00018782,,,4566815223.7148,4.235248061743093,167006860890.0,3943260429030.58,58.8865,cmc
2025-08-19,4311.72,4354.22,4064.96,4073.94,7641112.186,32204790715.55084,1051678.28,0.0001,0.00030000000000000003,,,4284474212.0232,4.369499275482865,167167996960.0,3825792989553.17,59.055,cmc
2025-08-20,4073.93,4376.13,4060.0,4334.5,7670009.51,32383014019.12521,1126604.82,6.462666666666667e-05,0.00019388,,,4883268592.29,4.317350034209126,167271227574.0,3874395780944.4,58.6879,cmc
2025-08-21,4334.5,4338.94,4202.0,4223.7,4937369.302,21078545366.69103,1060837.25,4.9183333333333334e-05,0.00014755,,,4480658292.825,4.383772471064031,167271227574.0,3815691363502.72,58.6424,cmc
2025-08-22,4223.69,4888.49,4206.0,4830.37,11984283.633,54750305193.79994,1043738.92,6.35e-05,0.0001905,,,5041645167.000401,4.145048978799511,166921867399.0,4027017973798.32,57.6862,cmc
2025-08-23,4830.36,4830.37,4662.25,4777.26,3997279.661,18933270794.15555,1175201.87,0.0001,0.00030000000000000003,,,5614244885.476201,4.190396925836199,166921867399.0,3983438093175.16,57.5113,cmc
2025-08-24,4777.25,4957.67,4702.47,4778.32,6361395.851,30592940074.78536,1129529.31,0.0001,0.00030000000000000003,,,5397252492.5592,4.181636469666372,167101537709.0,3996079977806.68,57.0427,cmc
2025-08-25,4778.33,4796.8,4331.15,4374.25,9104476.925,41589800131.29473,1118349.37,3.743666666666667e-05,0.00011231,,,4891939731.722501,4.31422228032684,167221537708.0,3876052897657.64,57.7694,cmc
2025-08-26,4374.25,4632.92,4310.0,4598.49,6833123.715,30589096262.84132,1001697.12,4.5666666666666664e-06,1.37e-05,,,4606294189.3488,4.392261609867918,167238333460.0,3807567679581.57,57.3339,cmc
2025-08-27,4598.5,4662.5,4479.01,4504.84,5766618.714,26459757592.6853,981942.02,1.7553333333333334e-05,5.266e-05,,,4423491689.376801,4.284015964411835,167217333459.0,3903284554682.04,57.298,cmc
2025-08-28,4504.86,4633.12,4425.0,4509.1,4426437.919,20065358628.09292,980208.32,3.594333333333333e-05,0.00010783,,,4419857335.712,4.303553014926244,167383925958.0,3889435668096.88,57.6557,cmc
2025-08-29,4509.1,4514.66,4264.29,4358.65,6209654.111,27104770526.17302,1003843.98,2.735e-05,8.205e-05,,,4375404563.426999,4.483828373736529,168429502725.0,3756377110942.85,57.4784,cmc
2025-08-30,4358.65,4414.45,4254.97,4372.0,2942714.992,12802321816.86978,1001503.94,2.370333333333333e-05,7.110999999999999e-05,,,4378575225.679999,4.447573093162717,167600371918.0,3768355649413.68,57.4506,cmc
2025-08-31,4372.0,4498.0,4370.33,4389.58,3156027.534,14051520790.23488,981212.23,9.996666666666667e-06,2.9990000000000003e-05,,,4307109580.5634,4.427029396641772,168005950273.0,3795004171430.28,57.1746,cmc
2025-09-01,4389.58,4490.0,4205.49,4313.0,5447493.883,23773811619.81524,964490.79,-1.0973333333333334e-05,-3.292e-05,,,4159848777.27,4.473203439615753,167960422397.0,3754812958192.39,57.7349,cmc
2025-09-02,4313.0,4414.73,4254.33,4324.59,5122607.494,22199377296.74414,988993.44,2.981666666666667e-05,8.945e-05,,,4276991140.6896,4.409390466493443,167981863668.0,3809639108726.68,57.9575,cmc
2025-09-03,4324.58,4488.36,4281.0,4448.22,3880391.161,17044372656.69283,1005589.14,1.625e-05,4.874999999999999e-05,,,4473081724.3308,4.302037595674425,166871763653.0,3878900635847.18,57.6669,cmc
2025-09-04,4448.22,4480.99,4263.0,4295.68,4894116.686,21342682503.19518,1047359.37,-7.426666666666667e-06,-2.228e-05,,,4499120698.521601,4.447451383094144,168285427737.0,3783862109807.3,57.7474,cmc
2025-09-05,4295.68,4494.45,4252.47,4305.71,6326357.485,27575467859.60816,1068314.81,-2.0433333333333333e-05,-6.13e-05,,,4599853760.565101,4.4969474056457654,170586184029.0,3793377343369.3,57.9031,cmc
2025-09-06,4305.71,4327.0,4220.0,4271.69,2147554.767,9195378104.55838,1067172.76,1.970666666666667e-05,5.912e-05,,,4558631207.164399,4.455572300203809,168825084008.0,3789077421104.3,57.8519,cmc
2025-09-07,4271.68,4336.05,4267.44,4303.84,1711470.552,7351406415.13431,1084987.0,6.0729999999999996e-05,0.00018219,,,4669610450.08,4.411818148145,168825084007.0,3826655549662.32,57.8294,cmc
2025-09-08,4303.83,4382.75,4276.21,4303.98,3546410.615,15322973248.83397,1054719.78,4.567000000000001e-05,0.00013701000000000002,,,4539492838.7244,4.345695765182468,168825084004.0,3884880422523.35,57.5678,cmc
2025-09-09,4303.97,4380.77,4275.0,4308.4,3523559.615,15222966920.79079,1025777.04,7.117e-05,0.00021351,,,4419457799.136,4.3821119406345845,168877363164.0,3853789347506.82,57.4008,cmc
2025-09-10,4308.41,4453.56,4283.0,4347.83,4432223.474,19320820617.76293,1108970.74,8.325333333333334e-05,0.00024976,,,4821616252.4942,4.295691149976996,169048563162.0,3935305338767.32,57.5079,cmc
2025-09-11,4347.83,4483.44,4328.88,4456.86,4235830.637,18709241142.85245,1045412.23,6.614e-05,0.00019842,,,4659255951.3977995,4.26746459140472,169411163153.0,3969831723834.76,57.4907,cmc
2025-09-12,4456.87,4750.0,4448.35,4710.83,4819201.204,22044074626.95246,1034667.53,8.285999999999999e-05,0.00024858,,,4874142840.3499,4.190536210789949,169513361626.0,4045147281856.93,57.0721,cmc
2025-09-13,4710.82,4768.0,4603.0,4664.74,3171687.815,14859966360.5965,1069477.5,9.938333333333334e-05,0.00029815,,,4988834473.349999,4.198168463591901,170102454965.0,4051825371949.52,56.8211,cmc
2025-09-14,4664.74,4691.3,4575.0,4602.0,2511259.911,11619139302.15607,1021837.27,4.7449999999999995e-05,0.00014235,,,4702495116.54,4.20977209019681,170364871683.0,4046890616233.7,56.9314,cmc
2025-09-15,4602.0,4668.0,4463.0,4521.54,4176404.992,18980591155.35112,1066167.89999999,5.8439999999999996e-05,0.00017532,,,4820720806.565954,4.2687351488331045,170178989121.0,3986637333719.8,57.4292,cmc
2025-09-16,4521.54,4536.31,4421.01,4499.41,3109858.769,13940782703.99469,1106038.13999999,3.701e-05,0.00011103,,,4976519067.4973545,4.224377612618604,170624947838.0,4039055299609.76,57.4698,cmc
2025-09-17,4499.41,4615.26,4404.08,4588.3,5124507.153,23070604822.17107,1100892.65999999,4.061e-05,0.00012182999999999999,,,5051225791.877954,4.234801999932705,170903775343.0,4035696954561.65,57.3486,cmc
2025-09-18,4588.31,4642.6,4551.75,4585.31,2928393.691,13458754798.55331,1101397.54,3.804333333333333e-05,0.00011412999999999999,,,5050249154.137401,4.160348591456063,171220679162.0,4115536845004.5,56.9013,cmc
2025-09-19,4585.32,4619.5,4433.0,4466.49,3411338.53,15390394153.31296,1036400.63,1.7233333333333333e-06,5.17e-06,,,4629073049.8887,4.25492835513185,171395619409.0,4028166989046.49,57.2317,cmc
2025-09-20,4466.48,4506.75,4451.62,4478.27,1210096.976,5418567490.32544,1141518.23,-2.579999999999999e-06,-7.739999999999997e-06,,,5112026843.862101,4.253149292422924,172019220193.0,4044514038090.69,57.111,cmc
2025-09-21,4478.26,4497.01,4440.01,4443.01,1366255.572,6106266734.79425,1130844.77,1.8316666666666664e-05,5.4949999999999994e-05,,,5024354621.5577,4.279257598635657,172279220193.0,4025913753075.47,57.1376,cmc
2025-09-22,4443.0,4454.01,4000.88,4196.86,6100386.078,25725810179.45994,1111611.90999999,-6.87e-06,-2.061e-05,,,4665279560.602557,4.429905024447466,171971462933.0,3882057560691.15,57.7651,cmc
2025-09-23,4196.87,4230.06,4112.43,4162.25,3491189.582,14583116712.74314,1019350.3,1.0706666666666665e-05,3.212e-05,,,4242790786.175,4.458989969181606,172687580334.0,3872795891615.22,57.6678,cmc
2025-09-24,4162.25,4204.99,4070.0,4150.51,3047254.366,12670384477.90497,998143.94,-6.413333333333333e-06,-1.924e-05,,,4142806404.4094,4.405544933025646,173008506231.0,3927062573668.52,57.807,cmc
2025-09-25,4150.51,4158.95,3822.0,3873.1,8452019.741,33629986986.04217,996565.37,-2.2373333333333335e-05,-6.712000000000001e-05,,,3859797334.547,4.637596677616978,173336087144.0,3737627465117.74,58.3356,cmc
2025-09-26,3873.1,4066.39,3866.0,4030.17,4740997.735,18750388212.84918,1044226.48,5.650999999999999e-05,0.00016952999999999998,,,4208410232.9016,4.577920557892611,173404033837.0,3787834053564.8,57.8645,cmc
2025-09-27,4030.17,4038.62,3971.45,4017.01,1763090.139,7063334343.7382,1085707.64999999,4.2596666666666665e-05,0.00012779,,,4361298487.12646,4.618891428816911,174168318428.0,3770781823131.35,57.8062,cmc
2025-09-28,4017.01,4143.05,3963.1,4139.55,2514830.299,10149863141.77429,1052560.74,6.801333333333333e-05,0.00020404,,,4357127811.267,4.58163358575708,174376743851.0,3805994970725.83,57.7896,cmc
2025-09-29,4139.54,4234.27,4080.0,4212.98,3781396.686,15694942048.56818,1043992.7,1.288e-05,3.864e-05,,,4398320365.245999,4.466861957332318,174335617850.0,3902865580249.9,58.2064,cmc
2025-09-30,4212.99,4246.87,4091.0,4142.75,3692892.942,15345949182.5394,1035653.01,2.6999999999999996e-07,8.099999999999999e-07,,,4290451507.1775002,4.50976082531083,174592531943.0,3871436617283.72,58.3713,cmc
2025-10-01,4142.75,4356.07,4120.61,4345.85,4436505.357,18930019542.68207,1005143.56,8.433333333333338e-07,2.530000000000001e-06,,,4368203140.226001,4.35596545224902,174875230173.0,4014614718367.67,58.2088,cmc
2025-10-02,4345.85,4516.65,4330.11,4481.7,4471666.244,19726077711.08088,1008265.08,2.751e-05,8.253e-05,,,4518741609.035999,4.263150760557463,175465763402.0,4115870473674.16,57.9312,cmc
2025-10-03,4481.7,4590.83,4426.0,4511.11,4421328.072,19877580078.8867,1024064.35,4.946e-05,0.00014837999999999999,,,4619666929.928499,4.195179104877961,176151363391.0,4198899712915.22,58.2195,cmc
2025-10-04,4511.12,4515.8,4438.0,4484.79,1887541.368,8456084877.8291,991679.71,3.6983333333333336e-05,0.00011095,,,4447475246.6109,4.252022822286991,176615965939.0,4153692802711.85,58.422,cmc
2025-10-05,4484.79,4618.44,4465.01,4512.34,3476365.707,15788381952.9441,1005767.27,8.489666666666668e-05,0.00025469,,,4538363883.1118,4.213740910930123,176994189391.0,4200405130080.27,58.403,cmc
2025-10-06,4512.35,4734.99,4486.05,4682.43,3988549.973,18419617390.68043,1002994.73,9.298e-05,0.00027894,,,4696452613.593901,4.120195367707765,176876946043.0,4292926190570.52,58.1299,cmc
2025-10-07,4682.42,4754.0,4422.44,4445.76,5946456.672,27299951019.86175,973121.5,0.0001,0.00030000000000000003,,,4326264639.84,4.258193737946928,177383766513.0,4165704461312.86,58.0982,cmc
2025-10-08,4445.77,4556.75,4408.69,4523.67,3755083.452,16827127415.92555,1013605.84,2.851e-05,8.553e-05,,,4585218330.2328,4.202798021810522,177877724056.0,4232364323312.69,58.3068,cmc
2025-10-09,4523.66,4529.15,4262.55,4365.83,5102570.656,22281784727.32817,1049506.64999999,3.0463333333333334e-05,9.139e-05,,,4581967617.769456,4.340736088951833,178046224055.0,4101751878170.35,58.585,cmc
2025-10-10,4365.83,4392.0,3400.0,3819.99,12017119.047,47929937738.04511,1082298.90999999,-2.3666666666666609e-07,-7.099999999999983e-07,,,4134371013.210861,4.434074133747211,177415123608.0,4001176305504.56,58.7406,cmc
2025-10-11,3820.0,3874.28,3640.0,3744.99,5215588.468,19726835357.37149,762412.01,-1.0889999999999994e-05,-3.2669999999999984e-05,,,2855225353.3299,4.772593692060808,179046344878.0,3751552225697.38,59.5719,cmc
2025-10-12,3744.99,4200.0,3692.96,4149.99,9472267.39,37481577939.66282,690283.52,-3.563e-05,-0.00010689,,,2864669705.1647997,4.627802891648785,179864638049.0,3886609742467.19,58.7038,cmc
2025-10-13,4150.0,4293.03,4034.12,4239.7,7867416.54,32696882710.92269,732483.05,2.622e-05,7.866e-05,,,3105508387.085,4.611274166822675,179989018048.0,3903238270736.32,58.5149,cmc
2025-10-14,4239.7,4262.0,3885.09,4123.05,8470013.274,34258219352.17251,729964.31,2.8823333333333336e-05,8.647e-05,,,3009679348.3455005,4.695373991481397,180122114669.0,3836161187496.19,58.5606,cmc
2025-10-15,4123.06,4216.12,3925.0,3983.81,5383244.01,21819540012.2743,689319.07999999,2.7260000000000003e-05,8.178e-05,,,2746116244.09476,4.8112352991147755,180573124485.0,3753155130829.37,58.8081,cmc
2025-10-16,3983.8,4089.34,3822.5,3892.02,5731700.779,22709297884.67893,686447.77,2.9466666666666667e-06,8.84e-06,,,2671668449.7954,4.914790176551308,181293478152.0,3688732817465.12,58.6773,cmc
2025-10-17,3892.02,3948.06,3671.0,3829.99,6653715.864,25226782204.14404,694139.72,3.982333333333333e-05,0.00011946999999999999,,,2658548186.2028,5.049453980630965,181413378149.0,3592732577519.82,59.0157,cmc
2025-10-18,3830.0,3926.0,3817.21,3887.01,1938785.098,7509890240.83936,669327.52,3.0063333333333334e-05,9.019e-05,,,2601682763.5152,5.009105457240723,181627031669.0,3625937469662.49,58.7496,cmc
2025-10-19,3887.01,4030.0,3810.0,3980.59,3378168.171,13293751538.49362,695039.27,3.951333333333333e-05,0.00011854,,,2766666367.7693,4.918703157326269,181833031406.0,3696767737145.61,58.8859,cmc
2025-10-20,3980.6,4085.0,3906.89,3977.54,3964193.706,15854456792.02957,714842.7,4.631e-05,0.00013893,,,2843315432.9579997,4.899815094113178,181834571467.0,3711049661556.88,59.1002,cmc
2025-10-21,3977.54,4108.41,3838.21,3871.11,6065458.751,23982223539.19465,728446.3,3.7670000000000004e-05,0.00011301,,,2819895756.393,4.802936071334454,182026317119.0,3789896730156.26,59.2157,cmc
2025-10-22,3871.11,3887.45,3706.31,3803.93,5014922.865,19162417413.61478,704978.69,6.976666666666667e-06,2.093e-05,,,2681689588.2516994,5.022164097424032,182533617116.0,3634560989546.82,59.1398,cmc
2025-10-23,3803.94,3933.4,3794.89,3855.21,3703936.916,14306558471.2592,735966.48,3.295666666666667e-05,9.887000000000001e-05,,,2837305333.3608,4.891456459558503,182467850715.0,3730337829307.17,59.2388,cmc
2025-10-24,3855.22,4026.48,3844.02,3933.19,3655431.455,14370925595.57035,697025.27,4.46e-05,0.0001338,,,2741532821.7113,4.913831250190848,182725366353.0,3718592622526.53,59.1776,cmc
2025-10-25,3933.2,3968.93,3910.0,3952.25,1294911.079,5100565551.56726,730983.02,3.080333333333333e-05,9.240999999999999e-05,,,2889027640.795,4.873396542041019,183034945595.0,3755798322915.53,59.1156,cmc
2025-10-26,3952.24,4179.27,3914.3,4156.37,2929386.864,11852616616.01451,731391.99,7.359666666666667e-05,0.00022079,,,3039935725.4763,4.7701422808992815,183030712256.0,3837007398896.59,59.0171,cmc
2025-10-27,4156.36,4253.0,4090.61,4118.47,4177961.802,17446812942.46984,796191.42,9.275666666666667e-05,0.00027827,,,3279090477.5274005,4.6866371850519215,183132999190.0,3907556569006.55,59.0114,cmc
2025-10-28,4118.46,4174.08,3925.01,3977.56,4291976.218,17497055109.81833,774776.45,3.449e-05,0.00010347,,,3081719816.462,4.709688664761444,183191016851.0,3889662988164.4,59.2313,cmc
2025-10-29,3977.56,4034.99,3836.0,3900.38,4458210.334,17639590435.27133,757177.74,-7.5066666666666645e-06,-2.2519999999999994e-05,,,2953280913.5412,4.846477338391231,183418916842.0,3784582162162.45,58.8617,cmc
2025-10-30,3900.38,3947.0,3677.7,3802.8,5769173.941,22017129749.74984,758853.98,-4.008666666666667e-05,-0.00012026,,,2885769915.144,5.086866024273942,183364985897.0,3604674961400.66,59.269,cmc
2025-10-31,3802.8,3904.9,3794.13,3846.42,3815967.522,14680218606.47905,807626.93,3.2376666666666664e-05,9.713e-05,,,3106472376.0906005,4.997341069561462,183363406166.0,3669219363130.06,59.3654,cmc
2025-11-01,3846.42,3907.61,3828.8,3872.14,1270485.006,4916549621.84477,719494.31,7.926666666666666e-05,0.00023779999999999998,,,2785982697.5234003,4.938099928258792,183417069851.0,3714324791229.45,59.2661,cmc
2025-11-02,3872.14,3917.0,3837.04,3904.8,1816853.789,7038966407.17009,716586.52,6.405e-05,0.00019214999999999998,,,2798127043.296,4.965764174361149,183477069850.0,3694840580575.99,59.3977,cmc
2025-11-03,3904.79,3913.34,3556.0,3602.15,6599474.497,24340952228.33653,729476.33,3.944666666666667e-05,0.00011834000000000001,,,2627683162.1095,5.135671306857624,183567064850.0,3574353845521.31,59.9673,cmc
2025-11-04,3602.15,3653.65,3055.0,3285.28,10678270.996,36171319570.78212,764314.33,7.249666666666666e-05,0.00021748999999999998,,,2510986582.0624,5.4357553784055845,183562064846.0,3376937556374.04,59.8485,cmc
2025-11-05,3285.28,3479.0,3165.41,3423.06,5529908.978,18458018565.74134,717545.23,2.0556666666666666e-05,6.167e-05,,,2456200375.0038,5.304692043865656,183334272915.0,3456077589405.17,59.9739,cmc
2025-11-06,3423.06,3455.0,3245.0,3313.7,4923419.396,16485449833.07646,667978.72,3.3253333333333336e-05,9.976000000000001e-05,,,2213481084.4639997,5.445588313878326,183524336772.0,3370147102458.7,59.9579,cmc
2025-11-07,3313.7,3472.23,3192.92,3434.36,5003943.428,16601841382.86458,641286.72,6.88e-05,0.0002064,,,2202409459.6992,5.332548157485485,183421456118.0,3439658690386.6,59.1918,cmc
2025-11-08,3434.37,3490.0,3353.31,3400.07,2663386.219,9099157353.14614,657187.07999999,7.541e-05,0.00022623,,,2234482075.095566,5.357251260889449,183636808748.0,3427817733482.81,59.2924,cmc
2025-11-09,3400.08,3624.4,3356.74,3581.31,3242104.849,11301873155.95876,657502.21,4.1633333333333333e-05,0.0001249,,,2354719239.6951,5.262970679376378,183443867184.0,3485557460976.33,59.2296,cmc
2025-11-10,3581.31,3658.0,3505.55,3566.38,3732092.709,13360528858.35997,662817.99,6.863666666666667e-05,0.00020590999999999999,,,2363860823.1762,5.158182324881214,183443867160.0,3556366479624.67,59.2545,cmc
2025-11-11,3566.38,3647.54,3403.02,3416.32,4510443.944,15900378901.78895,623541.66,1.0773333333333334e-05,3.232e-05,,,2130217843.8912003,5.283809747835898,183471337794.0,3472330506773.92,59.1365,cmc
2025-11-12,3416.33,3587.24,3370.0,3413.46,4885053.439,16907897063.88611,628488.05,2.2393333333333335e-05,6.718e-05,,,2145318819.153,5.354354825904707,183558450276.0,3428208556293.89,59.272,cmc
2025-11-13,3413.45,3565.0,3152.49,3230.12,7753251.79,26083884668.87648,606192.49,6.429333333333334e-05,0.00019288,,,1958074485.7988,5.480527839982181,184167697723.0,3360400733291.39,59.3489,cmc
2025-11-14,3230.13,3255.95,3068.0,3111.2,8107655.483,25699714531.16107,701544.15,3.7176666666666666e-05,0.00011153,,,2182644159.48,5.631884225904773,184038597717.0,3267797957750.7,58.7897,cmc
2025-11-15,3111.2,3230.56,3109.16,3166.55,2382547.615,7562768036.56531,657010.29,4.685e-05,0.00014055,,,2080455933.7995002,5.645914901513521,183997701199.0,3258952789913.2,58.769,cmc
2025-11-16,3166.56,3248.5,3001.01,3094.05,5514051.792,17212970189.19971,653504.28,9.259666666666666e-05,0.00027779,,,2021974917.5340002,5.7927286670522555,184021451196.0,3176766283611.26,59.0167,cmc
2025-11-17,3094.04,3223.22,2958.0,3030.06,6720441.979,20848106009.10493,684852.94999999,8.664000000000001e-05,0.00025992,,,2075145529.6769698,5.833467773477204,184013950770.0,3154452170056.53,58.7273,cmc
2025-11-18,3030.06,3169.28,2943.31,3122.2,6218662.842,18980315506.87928,711871.43,8.327999999999999e-05,0.00024984,,,2222604978.746,5.776720563994811,184004050756.0,3185268332050.92,58.4297,cmc
2025-11-19,3122.2,3125.05,2873.0,3024.09,7755927.867,23272863365.89668,731040.13,6.643666666666667e-05,0.00019931000000000001,,,2210731146.7317,6.043899501588538,183859084400.0,3042060582769.05,58.586,cmc
2025-11-20,3024.08,3063.0,2788.01,2832.97,8009557.115,23455659763.16681,750323.21,7.241e-05,0.00021723,,,2125643144.2336998,6.19389202883503,183868329147.0,2968542691590.68,58.2502,cmc
2025-11-21,2832.96,2885.84,2620.0,2764.69,10727173.104,29404535921.142,724447.84,3.574e-05,0.00010722,,,2002873698.7696,6.336601100035765,184757890184.0,2915725438089.47,58.2398,cmc
2025-11-22,2764.7,2798.0,2702.87,2769.06,2709820.893,7433402072.25529,716654.51,4.570333333333333e-05,0.00013711,,,1984459337.4606,6.394570560466289,184556081188.0,2886137222865.24,58.4221,cmc
2025-11-23,2769.06,2857.0,2766.87,2800.73,3288963.717,9262309369.80448,712415.18,1.167333333333333e-05,3.501999999999999e-05,,,1995282567.0814002,6.240395563459958,184563479971.0,2957560592019.1,58.5827,cmc
2025-11-24,2800.74,2986.98,2761.38,2952.19,6158375.151,17629818981.86079,721544.09,4.178666666666666e-05,0.00012535999999999998,,,2130135247.0571,6.115845940145226,184373921964.0,3014692060075.37,58.1808,cmc
2025-11-25,2952.18,2979.31,2855.0,2958.24,4774258.874,13900856134.8333,745504.97,2.7333333333333335e-05,8.2e-05,,,2205382622.4528,6.108296442099973,184520644518.0,3020820064432.95,58.1065,cmc
2025-11-26,2958.24,3044.46,2887.09,3025.02,4273427.784,12642800437.45882,695351.96,1.891e-05,5.673e-05,,,2103453586.0391998,6.011580330651926,184507212685.0,3069196493045.8,58.1087,cmc
2025-11-27,3025.02,3070.0,2983.81,3013.8,2959023.537,8948067808.55838,721588.22,1.7003333333333334e-05,5.101e-05,,,2174722577.436,5.926062161918599,184539966838.0,3114040349152.43,58.5768,cmc
2025-11-28,3013.81,3099.0,2992.1,3029.8,3878973.607,11796891863.91637,683723.05,5.3e-06,1.59e-05,,,2071544096.8900003,5.98808413804813,184540266673.0,3081791478186.42,58.4918,cmc
2025-11-29,3029.8,3051.46,2960.01,2987.96,2258392.443,6775926299.40963,693876.15,9.773333333333333e-06,2.932e-05,,,2073274181.154,5.9849917596757365,184590594407.0,3084224704379.56,58.6466,cmc
2025-11-30,2987.96,3052.21,2974.0,2990.02,1978839.3,5970408807.45167,690107.09,5.214e-05,0.00015642,,,2063434001.2417998,5.92765685652547,184578594365.0,3113854240091.62,58.6453,cmc
2025-12-01,2990.02,2998.84,2718.07,2797.47,6741830.72,18971589442.10295,693944.67,3.532e-05,0.00010596,,,1941289395.9849,6.384608247038801,184578594363.0,2890993264130.31,58.7653,cmc
2025-12-02,2797.48,3034.94,2780.6,2994.63,5080990.853,14815158458.2562,722380.67,5.549333333333333e-05,0.00016648,,,2163262825.8021,5.939955392994706,184559976578.0,3107093645781.6,58.9315,cmc
2025-12-03,2994.63,3216.53,2983.76,3187.07,5461248.054,16873625293.15583,742793.7,3.6066666666666665e-05,0.0001082,,,2367335517.459,5.858945216116947,184661571286.0,3151788666294.88,58.7709,cmc
2025-12-04,3187.08,3239.27,3064.81,3132.01,5001099.111,15859152719.01436,724819.93,8.644333333333333e-05,0.00025933,,,2270143268.9593005,5.914774694613731,185275678813.0,3132421577811.25,58.587,cmc
2025-12-05,3132.01,3192.72,2978.0,3020.38,5378728.01,16628875832.68546,642187.56,5.686666666666667e-05,0.0001706,,,1939650462.4728003,6.1174737930265675,185489666066.0,3032128495220.42,58.6121,cmc
2025-12-06,3020.38,3068.58,3011.0,3036.53,1618613.158,4915211200.82418,666299.09,2.708e-05,8.124e-05,,,2023237175.7577,6.077889809841917,185671557706.0,3054868770495.68,58.5963,cmc
2025-12-07,3036.53,3150.0,2903.75,3058.14,4316087.325,13102163181.41413,652868.65,1.3966666666666668e-05,4.19e-05,,,1996563733.3109999,6.001587867164906,185605589591.0,3092608051386.88,58.6669,cmc
2025-12-08,3058.14,3179.99,3038.76,3123.14,4298631.798,13429694816.30503,655692.31999999,4.728666666666667e-05,0.00014186,,,2047818912.2847688,6.043197249656218,185620700098.0,3071564478696.43,58.3991,cmc
2025-12-09,3123.15,3397.5,3089.01,3316.49,5589772.365,18099810028.77385,681571.18,5.123333333333333e-05,0.0001537,,,2260424002.7582,5.791142559173144,185694296048.0,3206522618820.03,58.3999,cmc
2025-12-10,3316.5,3446.12,3286.58,3322.79,4812014.096,16131527898.00717,680073.67,6.963666666666666e-05,0.00020891,,,2259741989.9393,5.892054195643947,186165611819.0,3159604539222.23,58.3944,cmc
2025-12-11,3322.8,3326.74,3142.92,3235.77,5182963.105,16622839521.25866,670755.63,3.2246666666666664e-05,9.674e-05,,,2170410944.8851,6.060802384948399,186085477252.0,3070310916490.71,58.5397,cmc
2025-12-12,3235.78,3264.78,3041.1,3083.34,4616717.641,14523686590.13976,691144.77,9.11e-06,2.7329999999999998e-05,,,2131034315.1318002,6.085752575868542,186124222838.0,3058360005893.55,58.8614,cmc
2025-12-13,3083.34,3135.0,3075.0,3113.01,1450299.521,4503562083.13692,760235.85,6.816666666666668e-06,2.0450000000000002e-05,,,2366621803.4085,6.0684317203611595,186227170549.0,3068785793933.54,58.6115,cmc
2025-12-14,3113.0,3128.65,3022.51,3062.02,2689994.308,8301728632.29391,744104.16,7.132333333333333e-05,0.00021396999999999999,,,2278461820.0032,6.148591591012464,186224670549.0,3028737033391.66,58.5373,cmc
2025-12-15,3062.01,3177.0,2890.51,2963.25,6080692.972,18458624279.93705,714961.26,3.873333333333334e-05,0.0001162,,,2118608953.695,6.346519197063313,186224670548.0,2934280426255.87,58.4262,cmc
2025-12-16,2963.25,2982.1,2870.0,2960.84,4501415.709,13217875098.26135,747705.92,-7.666666666666672e-07,-2.3000000000000017e-06,,,2213837596.1728,6.292238549132549,186314670545.0,2961023633960.69,58.7767,cmc
2025-12-17,2960.83,3030.0,2789.52,2832.0,5886093.565,17109213289.76786,722322.36,1.3853333333333333e-05,4.156e-05,,,2045616923.52,6.379104367273352,186299880874.0,2920470808249.7,59.0672,cmc
2025-12-18,2831.99,2997.05,2772.97,2827.3,6355841.595,18285465909.39752,722644.79,2.9033333333333345e-06,8.710000000000003e-06,,,2043133614.7670002,6.403004618288336,186293380860.0,2909468163241.78,59.2646,cmc
2025-12-19,2827.32,3017.99,2806.15,2978.33,5024441.542,14783267707.48895,700380.05,7.421333333333334e-05,0.00022264,,,2085962914.3165002,6.309762708453368,186248060817.0,2951744295668.65,58.9282,cmc
2025-12-20,2978.34,2992.97,2965.28,2976.54,1037932.071,3091907124.40667,777528.7,1.6029999999999997e-05,4.8089999999999995e-05,,,2314345276.698,6.243941446396249,186367744185.0,2984777256240.35,58.9683,cmc
2025-12-21,2976.55,3011.99,2943.0,3000.62,1880938.477,5603772651.19481,757555.23,2.1236666666666666e-05,6.371e-05,,,2273135374.2426,6.253641177376416,186797744183.0,2987023701627.97,59.055,cmc
2025-12-22,3000.61,3077.99,2961.0,3008.49,4028005.767,12186700742.80464,752599.22,-7.75e-06,-2.325e-05,,,2264187227.3778,6.183979326027372,186797744182.0,3020672197201.54,59.0608,cmc
2025-12-23,3008.5,3035.0,2899.3,2963.29,4025936.154,11896188689.51685,757452.77,4.4139999999999994e-05,0.00013241999999999998,,,2244552218.8133,6.311327239380546,186880324181.0,2961030494741.74,59.171,cmc
2025-12-24,2963.29,2976.48,2886.75,2946.23,2622651.93,7687832001.93483,749225.42,4.799666666666666e-05,0.00014398999999999998,,,2207390409.1666,6.343728683666725,187100147046.0,2949371834387.07,59.11,cmc
2025-12-25,2946.23,2969.99,2888.88,2902.32,1833895.842,5381555216.75797,727042.88,6.0616666666666665e-05,0.00018185,,,2110111091.4816,6.298978380304163,186863540033.0,2966569001368.39,59.2318,cmc
2025-12-26,2902.32,2994.0,2892.72,2926.82,3511943.959,10338553279.60866,725964.27,4.984e-05,0.00014952,,,2124766744.7214003,6.348651122185163,186861373315.0,2943324018263.01,59.2267,cmc
2025-12-27,2926.83,2959.84,2914.63,2947.61,899512.695,2636507869.6153,729153.16,3.884e-05,0.00011652,,,2149259145.9476004,6.319597869658436,186852272294.0,2956711426072.1,59.0838,cmc
2025-12-28,2947.61,2959.99,2922.84,2949.6,1156340.657,3400543807.9755,707083.56,5.959e-05,0.00017877,,,2085613668.5760002,6.277127233966804,186800272292.0,2975887939329.73,58.8827,cmc
2025-12-29,2949.6,3056.0,2908.58,2936.45,4975460.686,14777756623.34557,716387.25,6.51e-05,0.0001953,,,2103635340.2624998,6.307382992364171,186800272291.0,2961612962414.74,59.0094,cmc
2025-12-30,2936.45,3008.67,2917.48,2972.22,3160478.075,9386429031.82699,719521.01,4.1280000000000005e-05,0.00012384,,,2138574736.3421998,6.265031068045874,187303272279.0,2989662305655.92,59.0789,cmc
2025-12-31,2972.23,3027.73,2957.59,2970.4,2411514.797,7193092989.15502,716531.29,3.296333333333333e-05,9.889e-05,,,2128384543.8160002,6.324522626485761,187311388515.0,2961668406886.23,58.9968,cmc
2026-01-01,2970.4,3008.56,2970.0,3002.49,1078103.921,3220483557.50709,725633.31,6.0796666666666674e-05,0.00018239000000000002,,,2178706756.9419,6.266364182661462,187261227273.0,2988355317604.06,58.9737,cmc
2026-01-02,3002.5,3149.0,2990.67,3123.89,4632283.725,14228422818.66765,727865.55,6.047666666666667e-05,0.00018143,,,2273771912.9895,6.080206612321942,187074832375.0,3076784134208.21,58.7261,cmc
2026-01-03,3123.88,3135.0,3074.52,3125.47,1466597.6,4554177757.17688,820898.02,3.946333333333334e-05,0.00011839000000000001,,,2565692134.5694,6.094657784270837,187214832372.0,3071785799937.22,58.5519,cmc
2026-01-04,3125.46,3165.99,3115.0,3143.32,1887902.79,5929565719.6933,792404.19,5.013666666666667e-05,0.00015041000000000002,,,2490779938.5108,5.992508020251318,187083832372.0,3121962152403.66,58.4309,cmc
2026-01-05,3143.33,3266.0,3131.47,3223.71,4530955.5,14424880063.24923,754574.2,4.659e-05,0.00013977,,,2432528394.282,5.875795934586493,187083832369.0,3183974298150.4,58.8287,cmc
2026-01-06,3223.72,3308.0,3180.71,3295.46,4587035.481,14910247560.18325,715707.92,6.387e-05,0.00019161,,,2358586822.0432,5.918298864621381,187293532611.0,3164651480015.82,58.1357,cmc
2026-01-07,3295.46,3295.79,3123.01,3167.52,4540326.148,14508108836.34791,678293.96,6.276e-05,0.00018828,,,2148509684.1791997,5.968838419558861,187067881365.0,3134075145207.66,58.3241,cmc
2026-01-08,3167.53,3183.68,3052.43,3105.45,4244975.433,13204555285.32681,710128.68,4.917e-05,0.00014751,,,2205269109.306,6.011022355021363,187068870349.0,3112097398751.65,58.4717,cmc
2026-01-09,3105.44,3148.0,3056.79,3087.15,3688956.785,11437273391.87188,718283.85,5.328333333333334e-05,0.00015985,,,2217449987.5275,5.9933209859048775,186177870330.0,3106422478753.5,58.5618,cmc
2026-01-10,3087.16,3102.75,3077.08,3085.47,690476.319,2133355612.35137,749904.41,8.078666666666666e-05,0.00024236,,,2313807559.9227,6.042372672948751,186939883564.0,3093815851526.6,58.4603,cmc
2026-01-11,3085.47,3147.0,3083.23,3122.0,1514111.583,4715974738.78988,742690.73,7.424333333333332e-05,0.00022272999999999998,,,2318680459.06,6.022848185166406,187045563563.0,3105599839352.95,58.4324,cmc
2026-01-12,3122.0,3170.88,3061.35,3093.84,3879346.739,12097803440.06908,745250.02,6.711666666666667e-05,0.00020135000000000002,,,2305684321.8768,6.013101572960704,186939883553.0,3108876197828.06,58.6569,cmc
2026-01-13,3093.85,3383.63,3090.18,3324.69,4721555.817,15083497161.28831,730497.83,5.5133333333333336e-05,0.0001654,,,2428678830.4227,5.88845425756673,186906829735.0,3174123828759.01,58.735,cmc
2026-01-14,3324.68,3403.77,3280.0,3353.27,4884153.834,16313326709.51153,729440.26,9.443666666666667e-05,0.00028331,,,2446010140.6502,5.678655709553073,186821887714.0,3289896364023.51,59.0101,cmc
2026-01-15,3353.28,3383.07,3266.0,3317.0,4131982.824,13732434224.8674,704770.53,5.2459999999999996e-05,0.00015738,,,2337723848.01,5.717346746921649,186790391342.0,3267081735816.92,59.2687,cmc
2026-01-16,3317.0,3325.34,3251.42,3294.77,2550182.156,8390347154.81726,676021.03,3.2029999999999997e-05,9.609e-05,,,2227333809.0131,5.8180636062992654,186679205004.0,3208614027558.6,59.0572,cmc
2026-01-17,3294.77,3328.36,3282.39,3308.87,1148627.857,3798184016.12259,675508.1,7.489e-05,0.00022467,,,2235168486.8469996,5.76989747128213,186660995531.0,3235083404168.74,58.8944,cmc
2026-01-18,3308.86,3367.98,3277.42,3282.77,1816518.47,6038375566.59079,700646.02,2.5296666666666668e-05,7.589000000000001e-05,,,2300059735.0754,5.787188622970578,186660995511.0,3225417515684.61,58.9431,cmc
2026-01-19,3282.77,3283.2,3165.0,3188.01,3565887.7,11448614199.2606,690892.19999999,1.8363333333333334e-05,5.509e-05,,,2202571242.5219684,5.940128833504325,186964415062.0,3147480808959.19,59.1066,cmc
2026-01-20,3188.01,3199.73,2910.0,2938.24,5863217.618,17955207599.30427,656749.61,5.314666666666667e-05,0.00015944,,,1929687974.0863998,6.187110585411799,186972526151.0,3021968390089.08,59.2556,cmc
2026-01-21,2938.25,3069.34,2864.29,2980.66,6529694.517,19336222914.1736,743764.91,7.316666666666666e-06,2.1949999999999998e-05,,,2216910316.6406,6.297756333999745,186985577484.0,2969082440908.67,59.137,cmc
2026-01-22,2980.67,3037.49,2904.11,2951.21,3511036.223,10424393737.03718,712703.79,2.2890000000000003e-05,6.867e-05,,,2103338552.0859,6.209814511898125,186886791640.0,3009539033443.29,59.1726,cmc
2026-01-23,2951.21,3020.45,2890.2,2955.08,3421101.166,10092253959.87801,756627.41,3.1956666666666665e-05,9.587e-05,,,2235894526.7428,6.112196890362161,186891791639.0,3057686049572.37,59.2627,cmc
2026-01-24,2955.08,2968.75,2942.0,2952.09,782585.277,2314502464.82381,701385.24,2.046e-05,6.138e-05,,,2070552353.1516001,6.1998383685323795,186870822577.0,3014124102419.72,59.137,cmc
2026-01-25,2952.09,2959.27,2784.15,2815.49,3639269.207,10425054712.51541,695141.63,4.961e-05,0.00014883,,,1957164307.8486998,6.3127636016286495,186870822575.0,2960206248287.02,59.2965,cmc
2026-01-26,2815.49,2950.0,2810.72,2928.9,5212624.57,15094744589.38012,708134.26,-1.9210000000000004e-05,-5.763000000000001e-05,,,2074054434.114,6.307380926133544,186855914873.0,2962496114651.88,58.9739,cmc
2026-01-27,2928.89,3034.99,2898.89,3024.92,3892928.818,11504547925.70945,726511.23,8.479e-05,0.00025437,,,2197638349.8516,6.2957017397339134,186508591426.0,2962475020836.72,58.8772,cmc
2026-01-28,3024.92,3045.0,2981.7,3009.36,2975250.747,8965143376.7394,752139.26,7.586e-05,0.00022757999999999999,,,2263457803.4736,6.151023044598239,186398204268.0,3030361013387.73,59.1476,cmc
2026-01-29,3009.36,3012.04,2752.5,2821.0,5756506.007,16464783136.19275,736534.93,2.5473333333333336e-05,7.642e-05,,,2077765037.5300002,6.465860233215003,186303395123.0,2881339657884.39,58.7377,cmc
2026-01-30,2821.0,2827.27,2634.63,2705.66,7083805.908,19303148891.17319,740447.21,3.633333333333331e-07,1.0899999999999993e-06,,,2003398398.2085998,6.590464484971847,185817215159.0,2819485873609.01,58.8061,cmc
2026-01-31,2705.66,2713.43,2202.4,2450.38,9597331.925,23874988096.82025,761129.23,-4.6856666666666675e-05,-0.00014057000000000002,,,1865055842.6074,7.0196012983126455,185577215258.0,2643700224151.03,59.4989,cmc
2026-02-01,2450.38,2474.98,2218.0,2269.04,7484600.303,17587227056.44762,702988.97,-7.44e-05,-0.0002232,,,1595110092.4887998,7.121838306029362,185342539535.0,2602453630238.82,59.44,cmc
2026-02-02,2269.03,2395.4,2156.0,2345.55,9776544.584,22274496868.95568,765234.89,-0.00011477,-0.00034431,,,1794896696.2395003,6.987144523255415,185398845864.0,2653427952533.89,59.3554,cmc
2026-02-03,2345.56,2358.6,2103.4,2232.23,10848208.477,24435647737.9596,704594.9,-6.125e-05,-0.00018375,,,1572817873.627,7.2804350452278275,185300658701.0,2545186620715.21,58.9882,cmc
2026-02-04,2232.23,2295.0,2073.68,2147.01,10585464.616,23038086218.26108,738856.82,-2.1716666666666665e-05,-6.515e-05,,,1586332981.1082,7.500787549212288,185161878190.0,2468565826923.67,58.8312,cmc
2026-02-05,2147.01,2173.0,1813.44,1824.95,16655460.741,33321590705.23254,748086.84,-9.326666666666667e-06,-2.798e-05,,,1365221078.658,8.10110072365471,185685527539.0,2292102442286.76,58.3889,cmc
2026-02-06,1824.94,2095.1,1736.02,2062.54,12992141.928,25258713376.55576,824384.1,-0.00011429,-0.00034287,,,1700325181.6139998,7.658359638283976,185261468141.0,2419075061647.43,58.7664,cmc
2026-02-07,2062.55,2125.0,1993.34,2085.93,9242436.501,18982825602.80097,724468.69,3.817666666666667e-05,0.00011453,,,1511190974.5316997,7.745147049155769,183583056218.0,2370297878824.79,58.408,cmc
2026-02-08,2085.94,2152.0,2065.28,2088.6,4555179.279,9588863227.21854,754923.62,-1.9263333333333332e-05,-5.779e-05,,,1576733472.7319999,7.640110655814484,183456556217.0,2401229046039.81,58.8908,cmc
2026-02-09,2088.59,2148.0,2008.0,2103.96,6112389.381,12673818355.94872,747985.97,-3.077333333333333e-05,-9.232e-05,,,1573732561.4412,7.665994373230978,184542486578.0,2407287007963.47,58.7379,cmc
2026-02-10,2103.96,2123.7,1983.77,2021.51,5719539.726,11602593984.76758,774161.53,-0.00010126,-0.00030378,,,1564975274.5103002,7.779977219684326,184487425874.0,2371310617815.48,58.8947,cmc
2026-02-11,2021.51,2031.0,1901.22,1940.07,7001716.607,13695963301.93003,743759.2,-0.00011243333333333333,-0.0003373,,,1442944911.1439998,8.093990415352613,184363356800.0,2277780764977.2,58.4067,cmc
2026-02-12,1940.07,2000.9,1893.77,1947.15,5249452.151,10231781788.6413,738792.74,-1.471e-05,-4.413e-05,,,1438540283.691,8.12870052861533,183990423483.0,2263466624650.54,58.2241,cmc
2026-02-13,1947.15,2073.0,1923.29,2047.6,4756924.94,9498998511.64008,754766.63,-3.0886666666666663e-05,-9.266e-05,,,1545460151.588,7.783986923053117,183916921483.0,2362759897994.05,58.481,cmc
2026-02-14,2047.6,2107.02,2041.0,2085.43,2551809.818,5299908435.22112,786959.46,-2.4900000000000003e-06,-7.470000000000001e-06,,,1641148866.6677997,7.674109878258111,183786298904.0,2394887509034.68,58.2362,cmc
2026-02-15,2085.43,2102.73,1926.83,1965.47,5263088.682,10617145861.75579,755869.76,-2.5710000000000006e-05,-7.713000000000002e-05,,,1485639337.1872,7.7897267033282285,183781798903.0,2359284297156.12,58.3209,cmc
2026-02-16,1965.48,2023.3,1935.39,1997.35,4222483.641,8341029821.68136,779822.23,-4.912666666666667e-05,-0.00014738000000000002,,,1557577931.0904999,7.86081990563773,183747148903.0,2337506152140.92,58.1443,cmc
2026-02-17,1997.36,2014.91,1940.01,1990.68,4415263.662,8740794927.86932,754462.34,4.693333333333331e-06,1.4079999999999994e-05,,,1501893090.9912,7.952816413176614,183721226771.0,2310140423543.56,57.9387,cmc
2026-02-18,1990.68,2038.27,1921.64,1954.77,4947193.478,9786269452.38242,765908.49,-1.1760000000000001e-05,-3.528e-05,,,1497174938.9973,7.940103241783454,183710926769.0,2313709547279.59,57.9561,cmc
2026-02-19,1954.77,1986.91,1905.5,1948.15,4169323.203,8097564341.846,781270.01,-7.145e-05,-0.00021435,,,1522031169.9815001,8.033997328052035,183711211231.0,2286672545801.6,58.2622,cmc
2026-02-20,1948.15,1980.73,1921.53,1967.85,4614697.353,9019949198.26163,799158.31,-4.995666666666667e-05,-0.00014987,,,1572623680.3335001,7.941884259607265,183708077229.0,2313154803367.59,58.1253,cmc
2026-02-21,1967.85,1996.64,1955.07,1972.54,1952314.278,3860156024.46838,775623.8,4.7566666666666666e-05,0.0001427,,,1529948970.4520001,7.786205293293668,182601277225.0,2345189605805.49,58.31,cmc
2026-02-22,1972.54,1982.83,1933.0,1957.01,2181545.112,4271790660.05216,851974.49,3.499999999999999e-06,1.0499999999999998e-05,,,1667322596.6749,7.929655121664563,182621277216.0,2303016643398.04,58.3984,cmc
2026-02-23,1957.0,1957.58,1836.06,1855.47,6596823.284,12433371157.59701,803381.72,-0.00012738333333333333,-0.00038215,,,1490650680.0084,8.258623752550104,183593577216.0,2223052928877.04,58.0067,cmc
2026-02-24,1855.47,1868.94,1796.0,1851.09,5451865.185,9999540421.71525,858847.48,-1.603333333333333e-05,-4.81e-05,,,1589803981.7531998,8.280812591109505,183600237166.0,2217176577128.65,57.908,cmc
2026-02-25,1851.1,2149.95,1845.7,2056.5,8508406.312,16923300053.31844,866690.09,2.6186666666666668e-05,7.856000000000001e-05,,,1782348170.085,7.74942313276256,183623080164.0,2369506439617.28,58.004,cmc
2026-02-26,2056.51,2083.09,1973.49,2026.71,5317905.842,10826829011.89361,901998.53,3.0406666666666665e-05,9.122e-05,,,1828089440.7363,7.975979952650006,183657380162.0,2302630914975.91,57.9643,cmc
2026-02-27,2026.7,2063.71,1885.0,1928.5,5765278.24,11360747390.93571,857901.59,-3.0969999999999997e-05,-9.290999999999999e-05,,,1654463216.3149998,8.1186093029508,183449012069.0,2259611285917.2,57.881,cmc
2026-02-28,1928.51,1984.22,1834.06,1963.48,6413987.498,12172091189.72073,819723.53,-8.487666666666666e-05,-0.00025463,,,1609510756.6844,8.19915951819991,183566910286.0,2238850334336.48,58.0136,cmc
2026-03-01,1963.48,2054.67,1905.91,1938.57,6813284.796,13519048482.19929,802397.4,2.290333333333333e-05,6.871e-05,,,1555503527.718,8.039446420587227,183481912039.0,2282270475354.42,57.8725,cmc
2026-03-02,1938.58,2089.0,1916.0,2026.69,7122677.456,14218087624.82057,811305.02,-6.222333333333334e-05,-0.00018667,,,1644263770.9838002,7.788081676103209,183603207038.0,2357489490658.07,58.4143,cmc
2026-03-03,2026.69,2041.22,1926.32,1981.85,6737214.335,13311839797.91763,911204.87,-2.4703333333333335e-05,-7.411000000000001e-05,,,1805871371.6095,7.889326622199579,183647207037.0,2327793179714.98,58.5506,cmc
2026-03-04,1981.85,2199.47,1943.4,2125.98,8276703.768,17205720013.14975,810646.11,-2.946666666666668e-06,-8.840000000000003e-06,,,1723417416.9378,7.432179574895207,183682010410.0,2471442038758.73,59.1844,cmc
2026-03-05,2125.97,2163.0,2053.3,2072.18,5635437.004,11861681490.81004,883422.26,-1.2103333333333332e-05,-3.6309999999999996e-05,,,1830609938.7268,7.648208529968511,183867859980.0,2404064419262.86,58.9696,cmc
2026-03-06,2072.17,2092.39,1954.25,1977.66,5122007.554,10349061522.8241,839580.47,-2.6216666666666662e-05,-7.864999999999999e-05,,,1660404712.3002,7.948132499672047,184001159386.0,2315023804567.83,58.5725,cmc
2026-03-07,1977.66,1995.74,1946.87,1968.39,2177663.083,4301277162.0393,839580.24,-2.7236666666666666e-05,-8.171e-05,,,1652621348.6136,7.921029724375378,183939734587.0,2322169477801.13,58.4617,cmc
2026-03-08,1968.39,1979.03,1906.63,1935.97,4103521.455,7982197268.9374,832381.56,-7.021000000000001e-05,-0.00021063,,,1611465728.7132,8.019484763296358,183939734585.0,2293660253921.26,58.4578,cmc
2026-03-09,1935.98,2052.83,1928.2,1992.28,6267966.906,12539756488.37013,847258.14,-4.835333333333333e-05,-0.00014506,,,1687975447.1592,7.863950523764169,183878877627.0,2338250693100.55,58.4768,cmc
2026-03-10,1992.28,2088.0,1990.23,2035.39,6003913.771,12290103291.4013,836747.69,4.0023333333333334e-05,0.00012007000000000001,,,1703107880.7491,7.651225587577318,184094103543.0,2406073398775.47,58.7547,cmc
2026-03-11,2035.38,2084.98,2005.9,2050.99,4590062.81,9391004123.01922,849142.71,8.413333333333335e-06,2.5240000000000002e-05,,,1741583206.7828999,7.636886101083638,183859471310.0,2407518835247.67,58.8125,cmc
2026-03-12,2050.98,2094.57,2016.17,2072.6,5389229.449,11084558370.7927,866193.74,-2.474e-05,-7.422e-05,,,1795273145.524,7.67368536551276,183929240437.0,2396882745070.82,58.728,cmc
2026-03-13,2072.6,2209.49,2069.1,2091.01,7769112.85,16564573013.01872,898053.31,1.4333333333333334e-05,4.3e-05,,,1877838451.7431004,7.586795133199986,183959859223.0,2424737402200.14,58.696,cmc
2026-03-14,2091.0,2105.75,2060.09,2095.27,2147825.724,4470800618.03992,823859.91,-1.2626666666666665e-05,-3.7879999999999996e-05,,,1726208953.6257,7.643564614710639,183981656765.0,2407013821940.0,58.7153,cmc
2026-03-15,2095.28,2202.87,2081.59,2177.73,3897654.309,8294757906.69499,832652.92,5.599999999999992e-07,1.6799999999999975e-06,,,1813293243.4716,7.562545146914816,184001656763.0,2433065233839.49,58.8111,cmc
2026-03-16,2177.73,2385.78,2163.32,2351.66,9230354.53,21037410008.44173,850275.16,8.228e-05,0.00024684,,,1999558082.7656,7.277506478635481,184001656762.0,2528361291084.69,58.477,cmc
2026-03-17,2351.66,2377.0,2292.57,2316.45,5494951.391,12798423454.3513,924167.01,2.0206666666666667e-05,6.062e-05,,,2140786670.3144999,7.239618568934239,184040242955.0,2542126235002.64,58.5699,cmc
2026-03-18,2316.45,2349.99,2150.7,2201.95,7125002.425,15946554139.76757,872116.41,4.686666666666667e-06,1.4060000000000001e-05,,,1920356728.9994998,7.507750524085658,184061441677.0,2451619044699.36,58.4201,cmc
2026-03-19,2201.96,2232.64,2098.02,2136.56,6232708.908,13404580257.13115,851902.39,-3.95e-06,-1.185e-05,,,1820140570.3784,7.669656902251452,183294383734.0,2389864189103.34,58.2376,cmc
2026-03-20,2136.56,2175.64,2114.2,2145.08,4465173.651,9555696884.78175,834079.48,-4.122333333333333e-05,-0.00012367,,,1789167210.9584,7.695515818615614,184152626358.0,2392986132424.43,58.1407,cmc
2026-03-21,2145.08,2168.0,2068.78,2083.37,1888068.546,4037233128.04885,837419.13,1.8526666666666667e-05,5.558e-05,,,1744653892.8681,7.622101664685587,184151626357.0,2416021649385.81,58.2809,cmc
2026-03-22,2083.37,2126.38,2024.11,2052.85,4214366.298,8755069596.9334,831714.01,-2.4433333333333332e-05,-7.329999999999999e-05,,,1707384105.4285,7.794976864603745,184200486118.0,2363066489067.3,58.1546,cmc
2026-03-23,2052.86,2199.0,2021.58,2151.01,8293509.298,17619801746.33515,823590.64,-4.500000000000019e-07,-1.3500000000000057e-06,,,1771551702.5464003,7.598051971814745,184154286014.0,2423703953291.28,58.5075,cmc
2026-03-24,2151.0,2174.71,2102.0,2155.29,4711394.096,10082660787.98355,795232.77,7.733333333333333e-06,2.3199999999999998e-05,,,1713957236.8533,7.75854231253649,184152675122.0,2373547345671.37,58.1573,cmc
2026-03-25,2155.3,2200.11,2142.66,2168.0,4267494.054,9270182769.24928,795786.38,-3.3666666666666685e-07,-1.0100000000000005e-06,,,1725264871.84,7.567625144429888,184197857195.0,2434024593971.57,58.2839,cmc
2026-03-26,2168.0,2171.32,2033.22,2059.17,5445914.451,11368507473.74588,846132.45,-1.0146666666666669e-05,-3.0440000000000007e-05,,,1742330557.0665,7.792538227933821,184185892777.0,2363618725882.55,58.3174,cmc
2026-03-27,2059.18,2076.43,1966.2,1991.58,5023322.317,10101163807.7313,890674.12,-7.825333333333333e-05,-0.00023475999999999998,,,1773848763.9096,8.10311845395909,184184487538.0,2273007467242.56,57.7592,cmc
2026-03-28,1991.57,2049.36,1981.52,1993.48,2477055.928,4978655148.31765,852070.43,-4.344333333333334e-05,-0.00013033,,,1698585360.7964,7.971298060108073,184166309525.0,2310367874043.63,57.8496,cmc
2026-03-29,1993.48,2019.0,1936.54,1983.44,2832513.215,5632789978.94481,871625.84,-2.853e-05,-8.559e-05,,,1728817556.0896,8.039394547830335,184166309523.0,2290798248889.31,57.9555,cmc
2026-03-30,1983.45,2086.99,1978.7,2025.69,5457974.968,11154426747.31524,878168.67,9.013333333333334e-06,2.7040000000000002e-05,,,1778897493.1323001,7.964945550229261,184166309516.0,2312210527424.12,57.8714,cmc
2026-03-31,2025.69,2124.51,2011.25,2104.49,6430786.319,13300070169.22609,870591.88,3.4766666666666667e-06,1.043e-05,,,1832151905.5412,7.901171532807853,184191337488.0,2331190213035.96,58.051,cmc
2026-04-01,2104.48,2167.2,2081.19,2138.8,4726113.806,10067911831.45104,960181.62,2.9843333333333336e-05,8.953e-05,,,2053636448.8560002,7.805741224434361,184192097658.0,2359700281651.95,58.0078,cmc
2026-04-02,2138.8,2158.42,2015.55,2055.96,5764960.393,11903711089.64816,927799.22,-9.870333333333333e-05,-0.00029611,,,1907518084.3511999,7.994518187812502,184132980772.0,2303240501131.23,58.1731,cmc
2026-04-03,2055.97,2084.02,2038.35,2052.92,2137709.797,4392715659.63013,797971.32,-1.103e-05,-3.3089999999999997e-05,,,1638171282.2544,7.976128480575732,183931424483.0,2306023842656.6,58.0286,cmc
2026-04-04,2052.93,2083.36,2043.0,2064.43,1306192.46,2687646711.06367,794993.93,1.8733333333333336e-05,5.6200000000000004e-05,,,1641209318.9099,7.944340479817485,184133813594.0,2317798614772.24,58.1284,cmc
2026-04-05,2064.43,2123.23,2020.61,2109.35,3133077.468,6446862526.47206,807732.79,-4.249999999999999e-06,-1.2749999999999998e-05,,,1703791160.5865,7.956432351647662,184120813592.0,2314112726087.23,58.238,cmc
2026-04-06,2109.36,2174.41,2086.29,2106.14,5140998.259,10984437823.35124,826072.98,3.53e-05,0.0001059,,,1739825346.0972,7.755072605202429,184120813591.0,2374198450024.62,58.5577,cmc
2026-04-07,2106.14,2273.0,2058.01,2239.14,6881146.135,14671800400.10454,804904.08,-1.959e-05,-5.877e-05,,,1802292921.6911998,7.831095546166921,184075498313.0,2350571477870.67,58.4962,cmc
2026-04-08,2239.14,2269.65,2177.77,2188.87,5066512.92,11286864440.33124,815542.82,7.515e-05,0.00022545,,,1785117212.4133997,7.559125677190497,184587298322.0,2441913340308.5,58.8722,cmc
2026-04-09,2188.87,2246.15,2156.0,2188.92,4465511.357,9800427252.77979,830789.91,1.248e-05,3.744e-05,,,1818532649.7972002,7.501803069528579,184080515963.0,2453816959161.63,59.0906,cmc
2026-04-10,2188.92,2257.55,2173.81,2243.9,3764306.478,8354604317.01898,758256.18,3.6166666666666666e-06,1.085e-05,,,1701451042.3020003,7.460038330180019,184119405073.0,2468075858647.19,59.1442,cmc
2026-04-11,2243.91,2329.99,2227.03,2283.85,2875158.106,6526388750.82707,797311.92,-5.8406666666666664e-05,-0.00017522,,,1820940828.492,7.442969307927787,184252225449.0,2475520425064.04,59.1439,cmc
2026-04-12,2283.86,2288.12,2173.0,2190.62,3705143.314,8189504742.41815,809084.22,-2.606666666666668e-06,-7.820000000000003e-06,,,1772396074.0163999,7.6285609516691455,184342225447.0,2416474438821.46,58.8131,cmc
2026-04-13,2190.61,2395.85,2174.48,2368.8,5800599.866,13062032896.14409,797734.61,1.6853333333333333e-05,5.0560000000000004e-05,,,1889673744.1680002,7.501796770376771,184405652445.0,2458153134368.88,59.0018,cmc
2026-04-14,2368.8,2416.4,2301.6,2321.17,5431617.691,12817285329.6406,822904.75,7.83e-05,0.00023490000000000002,,,1910101818.5575001,7.349099429596245,184717963773.0,2513477542964.04,59.3907,cmc
2026-04-15,2321.16,2384.67,2306.8,2358.87,3655704.371,8551879330.17925,834523.91,1.237e-05,3.711e-05,,,1968533415.5817,7.387190633709999,185446684215.0,2510381732518.86,58.9748,cmc
2026-04-16,2358.86,2368.45,2282.7,2346.92,4527435.337,10552845333.85908,870238.17,-3.55e-05,-0.0001065,,,2042379365.9364002,7.336372180452901,185453084206.0,2527858179007.37,58.911,cmc
2026-04-17,2346.93,2463.86,2314.08,2417.66,5677626.227,13620833660.11168,818908.3,1.1673333333333334e-05,3.502e-05,,,1979841840.578,7.099439096361725,185778133795.0,2616800162286.15,59.2393,cmc
2026-04-18,2417.65,2426.62,2337.0,2348.99,3014437.049,7149340638.99621,841995.99,-6.155333333333333e-05,-0.00018466,,,1977840160.5500998,7.275536039107015,186581469848.0,2564504784872.19,59.2492,cmc
2026-04-19,2348.99,2353.99,2250.91,2262.2,3734471.899,8623771806.92172,810904.72,-0.00014930333333333334,-0.00044791,,,1834428657.5839999,7.374699967516534,186841469847.0,2533546729629.46,59.4143,cmc
2026-04-20,2262.21,2346.84,2258.3,2312.59,4445143.207,10248279667.76236,793442.14,-5.0833333333333335e-06,-1.525e-05,,,1834906358.5426002,7.346098891737407,187191969805.0,2548182001954.07,59.5541,cmc
2026-04-21,2312.59,2337.99,2280.82,2326.13,3918990.46,9057460146.11613,804484.8,-3.926e-05,-0.00011778,,,1871336227.8240001,7.363019181670422,187885312105.0,2551742803722.74,59.4889,cmc
2026-04-22,2326.12,2423.0,2311.41,2373.04,4859473.668,11597463287.75726,774162.88,5.2230000000000006e-05,0.00015669000000000002,,,1837119480.7552,7.172337096389478,188752981910.0,2631680292955.24,59.9917,cmc
2026-04-23,2373.05,2381.85,2283.31,2328.94,4777287.616,11131404277.77836,844263.34,6.636666666666668e-06,1.9910000000000004e-05,,,1966238663.0595999,7.3298157633555,188775276509.0,2575443675579.93,60.0316,cmc
2026-04-24,2328.94,2336.46,2298.44,2313.88,2903586.931,6725582229.39237,787430.47,-7.59e-05,-0.0002277,,,1822019615.9236,7.316219758808467,189634641748.0,2591975747033.66,59.9549,cmc
2026-04-25,2313.87,2322.22,2298.98,2318.21,1004359.218,2322712023.97939,803096.04,-3.653e-05,-0.00010959,,,1861745270.8884,7.340724733771391,189637493986.0,2583362009388.02,59.9229,cmc
2026-04-26,2318.21,2379.99,2305.07,2368.32,2383954.122,5590952692.8336,796963.38,-1.9679999999999998e-05,-5.904e-05,,,1887464312.1216002,7.287636410956833,189763953903.0,2603916320766.13,59.9979,cmc
2026-04-27,2368.32,2403.99,2263.88,2302.28,4476437.779,10397268595.41896,792795.15,-7.364666666666666e-05,-0.00022093999999999998,,,1825236417.9420002,7.392028028483265,189733953885.0,2566737479266.98,59.9679,cmc
2026-04-28,2302.28,2309.73,2256.03,2288.37,2716170.942,6198676905.70273,799927.76,-9.252333333333333e-05,-0.00027757,,,1830530688.1511998,7.433991802263481,189702264419.0,2551822351502.19,59.7735,cmc
2026-04-29,2288.36,2346.48,2218.83,2251.52,5309541.884,12133049133.74266,823792.0,4.096666666666667e-05,0.0001229,,,1854784163.84,7.467823234439368,189662863914.0,2539734243297.72,59.8891,cmc
2026-04-30,2251.53,2277.92,2230.1,2256.49,2590482.178,5846314944.71813,796838.94,-6.148333333333334e-05,-0.00018445,,,1798059099.7205997,7.456581241483241,189569482834.0,2542310969259.84,59.952,cmc
2026-05-01,2256.5,2324.64,2256.03,2294.34,3118171.392,7156215555.26558,770424.53,-2.6693333333333334e-05,-8.008e-05,,,1767615816.1602,7.290219538682064,189543857677.0,2599974619025.89,60.4138,cmc
2026-05-02,2294.34,2342.0,2291.41,2315.9,1178697.038,2723435669.15341,769120.07,-1.5479999999999997e-05,-4.6439999999999996e-05,,,1781205170.113,7.289872973781684,189557557704.0,2600286155681.33,60.3836,cmc
2026-05-03,2315.91,2356.75,2296.01,2321.67,2083961.664,4841477912.69421,768419.12,3.5463333333333337e-05,0.00010639,,,1784015618.3304,7.2521505650251905,189557557526.0,2613811666296.28,60.339,cmc
2026-05-04,2321.67,2398.88,2308.1,2346.11,5800734.804,13653742569.78952,788738.38,4.248000000000001e-05,0.00012744,,,1850467000.7018,7.143094967476918,189557557525.0,2653717448641.95,60.5779,cmc
2026-05-05,2346.12,2398.88,2344.0,2359.47,3684222.157,8749779445.17216,792643.26,-3.629e-05,-0.00010887,,,1870217992.6722,7.072957350488611,189543901543.0,2679839452586.35,60.7502,cmc
2026-05-06,2359.47,2422.52,2335.17,2349.7,5330786.092,12669419909.30159,811180.08,-5.534e-05,-0.00016602,,,1906029833.9759998,7.0216763949803465,189543501975.0,2699405260409.05,60.4615,cmc
2026-05-07,2349.69,2351.29,2278.0,2289.91,4332681.982,10013235171.70902,810416.68,-7.632333333333333e-05,-0.00022897,,,1855781259.6988,7.147892536994927,189620415595.0,2652815702161.06,60.2982,cmc
2026-05-08,2289.92,2320.66,2263.43,2306.17,3261671.007,7467547678.01854,836025.01,-2.391666666666667e-05,-7.175000000000001e-05,,,1928015797.3117,7.104014168217928,189684479477.0,2670102775492.96,60.0745,cmc
2026-05-09,2306.17,2337.79,2296.66,2325.22,1891169.407,4383197307.80287,817987.61,6.424333333333334e-05,0.00019273,,,1902001150.5241997,7.048676914504059,189660928647.0,2690730912304.05,60.1707,cmc
2026-05-10,2325.23,2381.88,2310.01,2370.21,3347356.503,7848764923.30219,806456.64,8.327333333333333e-05,0.00024982,,,1911471592.6944,6.980439675298496,189660928627.0,2717034133224.42,59.9507,cmc
2026-05-11,2370.21,2373.91,2302.51,2338.61,3086413.725,7203349254.09189,760066.29,4.271e-05,0.00012813,,,1777498626.4569001,6.958155993716279,189660928627.0,2725735508061.01,60.2286,cmc
2026-05-12,2338.62,2339.8,2255.15,2273.62,3420843.736,7823498239.06062,757749.4,2.8700000000000003e-05,8.61e-05,,,1722834190.828,7.091078307408205,189799527727.0,2676596132476.95,60.2048,cmc
2026-05-13,2273.61,2322.68,2233.0,2257.54,3628737.695,8262514468.32443,816247.1,2.3046666666666667e-05,6.914e-05,,,1842710478.1339998,7.169986864794204,189785942690.0,2646949656517.22,60.0662,cmc
2026-05-14,2257.53,2318.6,2237.05,2282.06,4182483.27,9531103712.27378,884512.53,5.137999999999999e-05,0.00015413999999999998,,,2018510664.2118,7.0060106130412505,189826819800.0,2709485187570.93,60.347,cmc
2026-05-15,2282.06,2299.36,2203.55,2223.66,4022665.004,9020114235.74348,784874.57,3.6400000000000003e-06,1.092e-05,,,1745294186.3261998,7.186933465225638,189827241530.0,2641282856568.65,60.1841,cmc
2026-05-16,2223.65,2230.79,2160.5,2179.66,2383235.147,5214879791.71328,843641.41,6.0230000000000004e-05,0.00018069,,,1838851435.7206,7.291652815369651,189793911824.0,2602892878058.38,60.2236,cmc
2026-05-17,2179.67,2197.63,2085.0,2129.88,2484872.269,5378648081.2906,841064.63,5.785666666666667e-05,0.00017357,,,1791366734.1444001,7.310012870170058,189778611129.0,2596146060199.55,60.1783,cmc
2026-05-18,2129.88,2156.52,2074.26,2128.99,5104677.882,10804751722.33636,801493.95,2.5786666666666668e-05,7.736e-05,,,1706372604.6104996,7.438649798664779,189785611120.0,2551344884579.27,60.1564,cmc
2026-05-19,2128.99,2146.99,2093.16,2111.0,3200971.162,6781252478.21783,785714.33,6.425e-05,0.00019275,,,1658642950.6299999,7.4236776188594895,189825799111.0,2557031822458.95,60.1909,cmc
2026-05-20,2110.99,2148.6,2101.79,2128.6,2822259.671,6005578655.00268,789117.79,4.621333333333333e-05,0.00013864,,,1679716127.794,7.366115083380127,190433722531.0,2585266729821.64,60.1123,cmc
2026-05-21,2128.59,2157.0,2103.51,2132.78,3350094.53,7138635120.51499,763202.61,4.0786666666666674e-05,0.00012236000000000001,,,1627743262.5558002,7.308082281660821,189811692787.0,2597284560729.71,60.0152,cmc
2026-05-22,2132.78,2140.75,2056.05,2064.98,3354098.521,7053054579.8852,757152.24,4.654e-05,0.00013962,,,1563504232.5552,7.372186022055926,189822193050.0,2574842692277.36,59.8377,cmc
2026-05-23,2064.99,2149.86,2007.0,2116.82,4770162.117,9874199839.09287,796145.56,5.515333333333333e-05,0.00016546,,,1685296844.3192003,7.516562569562512,189689589981.0,2523621512167.37,59.8068,cmc
2026-05-24,2116.82,2131.1,2061.26,2098.99,2596642.56,5459614752.76659,725805.92,6.751333333333334e-05,0.00020254,,,1523459368.0207999,7.401831775063489,189690479084.0,2562750476484.22,59.8823,cmc
2026-05-25,2098.99,2141.6,2090.84,2111.64,2330198.394,4927473573.70826,774835.05,4.705333333333334e-05,0.00014116,,,1636172684.982,7.325474581320396,189602479076.0,2588262056897.68,59.9956,cmc
2026-05-26,2111.64,2139.66,2053.0,2072.99,4476452.166,9390528626.89166,774419.99,3.553e-05,0.00010659,,,1605364895.0700998,7.467161553633355,189603164022.0,2539159795327.36,59.8954,cmc
2026-05-27,2073.0,2096.61,2013.98,2023.7,3921315.339,8076868611.66935,810777.6,5.5066666666666666e-05,0.0001652,,,1640770629.12,7.546237939431344,189551916392.0,2511873040757.63,59.6477,cmc
2026-05-28,2023.7,2029.5,1965.48,2008.92,5065678.305,10103114235.60453,890684.15,2.649333333333333e-05,7.947999999999999e-05,,,1789313202.618,7.670383301860425,189403226522.0,2469279813905.27,59.5461,cmc
2026-05-29,2008.92,2046.0,1975.37,2013.35,4404954.103,8871285211.16649,831827.81,7.396e-05,0.00022188,,,1674760521.2635,7.581733121968811,188928726319.0,2491893651222.84,59.6118,cmc
2026-05-30,2013.36,2031.51,2000.83,2021.58,1412352.897,2851791199.77103,827918.7,5.695666666666666e-05,0.00017087,,,1673703885.5459998,7.551074734410752,188445050162.0,2495605682502.96,59.2844,cmc
2026-05-31,2021.59,2037.55,1992.84,2006.31,2117587.645,4264448024.4675,854839.12,6.104666666666667e-05,0.00018313999999999998,,,1715072274.8472,7.5815925009562655,188445050151.0,2485560258312.9,59.3262,cmc
2026-06-01,2006.3,2020.9,1954.42,2006.0,4936359.592,9801437747.27397,847534.59,7.118666666666667e-05,0.00021356,,,1700154387.54,7.7056990422069,188208550099.0,2442459134052.78,58.7393,cmc
2026-06-02,2006.01,2006.44,1837.01,1858.96,7992886.5,15443333958.37715,832663.56,8.566333333333334e-05,0.00025699,,,1547888251.4976,8.061289361541878,188213328258.0,2334779460416.25,57.8418,cmc
2026-06-03,1858.96,1892.39,1767.71,1812.46,7604044.983,14009175500.0448,857673.93,6.414666666666666e-05,0.00019244,,,1554499691.1678002,8.220611185591615,188073122085.0,2287824078270.95,57.8409,cmc
2026-06-04,1812.45,1819.9,1712.52,1769.86,8403867.373,14886358168.04281,825726.74,5.359666666666667e-05,0.00016079,,,1461420728.0563998,8.556098063097698,187494033381.0,2191349748428.65,57.5634,cmc
2026-06-05,1769.85,1774.34,1538.13,1582.35,14318838.591,23402300661.32043,875051.21,-1.9486666666666668e-05,-5.846e-05,,,1384637282.1434999,8.915048105537316,187198022473.0,2099798231674.46,58.0394,cmc
2026-06-06,1582.35,1600.56,1503.6,1568.6,6539042.797,10185700196.07712,817414.39,-4.846333333333334e-05,-0.00014539000000000002,,,1282196212.154,8.975754493574494,187293022469.0,2086654916899.5,58.2492,cmc
2026-06-07,1568.6,1721.57,1563.0,1689.66,6185207.432,10056629504.46923,847030.01,-5.4470000000000005e-05,-0.00016341,,,1431192726.6966002,8.711719635632553,186928730081.0,2145715632496.1,58.1411,cmc
2026-06-08,1689.66,1714.22,1643.65,1689.21,5741075.199,9657504877.63944,890934.74,-6.449666666666667e-05,-0.00019349,,,1504975872.1554,8.569869170568268,186928730080.0,2181232016026.27,58.1991,cmc
2026-06-09,1689.2,1696.0,1613.1,1638.64,5821248.623,9645108935.53675,908906.07,-3.217333333333333e-05,-9.652e-05,,,1489369842.5448,8.767954905132576,186923648138.0,2131895637699.72,57.993,cmc
2026-06-10,1638.64,1667.31,1602.05,1620.72,5574012.277,9101592782.72717,912814.11,-3.929333333333333e-05,-0.00011788,,,1479416084.3592,8.80839496478889,186919022158.0,2122055413105.33,58.2898,cmc
2026-06-11,1620.72,1693.38,1620.72,1672.57,5159676.42,8557618159.26419,905156.94,-1.7873333333333334e-05,-5.3620000000000005e-05,,,1513938343.1358,8.618109375525,186901301278.0,2168704214973.07,58.4539,cmc
2026-06-12,1672.57,1690.51,1651.17,1665.48,3688161.682,6159375748.15496,860475.52,-3.491333333333334e-05,-0.00010474,,,1433104769.0496001,8.562633820431978,186874601278.0,2182442986550.28,58.5799,cmc
2026-06-13,1665.49,1698.1,1661.2,1680.41,1848794.28,3098385514.20634,816352.12,1.8650000000000003e-05,5.5950000000000005e-05,,,1371806265.9692001,8.51362120886255,186554027088.0,2191241805470.51,58.5989,cmc
2026-06-14,1680.42,1732.0,1653.36,1724.74,2885468.86,4869332773.45763,796875.85,-1.2143333333333335e-05,-3.643e-05,,,1374403653.529,8.558059694456043,186545971088.0,2179769454153.79,58.6645,cmc
2026-06-15,1724.74,1848.78,1708.45,1795.16,6403694.775,11415816381.02132,781197.6,3.0140000000000003e-05,9.042e-05,,,1402374683.616,8.133315606405745,186518471084.0,2293264888640.24,58.438,cmc
2026-06-16,1795.15,1839.54,1757.36,1792.32,5345782.795,9563756046.06,769898.99,1.3530000000000001e-05,4.059e-05,,,1379905357.7568,8.282260589321533,186490011079.0,2251680070528.63,58.4669,cmc
2026-06-17,1792.33,1809.67,1724.22,1749.56,5589345.012,9864620729.3988,748580.64,1.546666666666667e-05,4.64e-05,,,1309686744.5184,8.273161003679265,186583466515.0,2255286297849.42,58.4856,cmc
2026-06-18,1749.57,1762.34,1670.56,1710.18,5095465.457,8756836492.50293,704531.36,1.542e-05,4.626e-05,,,1204875441.2448,8.654652913071159,186553322590.0,2155526333219.53,58.1545,cmc
2026-06-19,1710.18,1718.83,1678.17,1710.31,2862860.252,4861309484.30325,725030.46,1.4856666666666668e-05,4.457e-05,,,1240026846.0426,8.590542856877578,186440788208.0,2170302754019.04,58.2221,cmc
2026-06-20,1710.3,1749.13,1703.13,1740.0,2703250.129,4667576781.81196,717423.09,2.9613333333333333e-05,8.884e-05,,,1248316176.6,8.518165579205656,186406006279.0,2188335088649.25,58.4321,cmc
2026-06-21,1740.0,1740.68,1700.37,1706.31,2178356.471,3755843017.43623,723378.21,2.0836666666666667e-05,6.251e-05,,,1234307473.5051,8.485932433877325,186406006277.0,2196647306933.94,58.4452,cmc
2026-06-22,1706.3,1779.0,1706.1,1727.32,4317853.751,7533670615.73773,724800.91,2.2033333333333335e-05,6.610000000000001e-05,,,1251963107.8612,8.45286577225561,186406006277.0,2205240344509.32,58.5256,cmc
2026-06-23,1727.32,1735.63,1633.33,1666.4,4415668.101,7386269511.65433,682961.72,-3.83e-06,-1.149e-05,,,1138087410.208,8.694412625196655,186304747882.0,2142810054149.99,58.4341,cmc
2026-06-24,1666.4,1692.0,1551.0,1621.54,6395632.341,10385390894.52356,725659.71,2.278e-05,6.834e-05,,,1176686246.1534,9.08720887676547,186305867760.0,2050199024657.11,57.9796,cmc
2026-06-25,1621.55,1660.56,1530.0,1566.97,6905885.053,10998093210.55176,670290.16,-1.1036666666666667e-05,-3.311e-05,,,1050324572.0152,9.067423391644224,186326767609.0,2054903135776.18,58.0379,cmc
2026-06-26,1566.98,1594.89,1510.87,1577.86,6697526.651,10420348023.48775,698541.96,-1.0370000000000002e-05,-3.1110000000000005e-05,,,1102201417.0056,8.97976292894433,186327691674.0,2074973394602.8,57.9703,cmc
2026-06-27,1577.85,1610.44,1561.69,1573.1,2256919.578,3579324490.74527,720309.22,9.93e-06,2.979e-05,,,1133118433.9819999,8.871442718904435,185162740804.0,2087177324714.4,58.1275,cmc
2026-06-28,1573.1,1588.27,1547.0,1571.1,2620011.381,4117603574.46833,705588.12,-2.1373333333333334e-05,-6.412e-05,,,1108549495.332,9.01211590257788,185162740804.0,2054597863649.7,58.0094,cmc
2026-06-29,1571.11,1637.2,1549.08,1612.12,5502615.864,8727485059.7997,705979.83,7.25e-06,2.175e-05,,,1138124203.5396,8.851708374351626,185142740797.0,2091604614239.92,57.9854,cmc
2026-06-30,1612.12,1613.56,1549.16,1571.47,3827647.387,6029814926.38176,711932.01,4.038333333333333e-05,0.00012114999999999999,,,1118779795.7547,9.10721190590459,184960273387.0,2030920937143.04,57.5531,cmc
2026-07-01,1571.48,1645.86,1552.03,1608.87,5439929.406,8694460651.72534,704822.21,4.519333333333333e-05,0.00013558,,,1133967309.0026999,8.872963451481825,184637556560.0,2080900677317.28,57.9189,cmc
2026-07-02,1608.87,1725.0,1596.14,1699.9,6017445.264,10027027780.64599,700280.13,4.767e-05,0.00014301,,,1190406192.987,8.65963402092356,184630761247.0,2132085037322.5,58.0523,cmc
2026-07-03,1699.89,1775.5,1693.68,1757.41,4211590.028,7304259552.97644,745813.78,7.692666666666667e-05,0.00023078,,,1310700595.1098,8.549400881784887,184259156627.0,2155228877143.63,57.8513,cmc
2026-07-04,1757.41,1808.0,1743.09,1779.94,2915139.488,5175967837.35655,725037.18,7.519e-05,0.00022557,,,1290522678.1692002,8.420314303361804,184252716069.0,2188192856357.36,57.8231,cmc
2026-07-05,1779.94,1807.77,1747.27,1785.07,2751817.226,4878719338.55951,711053.64,6.242666666666667e-05,0.00018728,,,1269280521.1548,8.485288550860464,184253816068.0,2171450210132.4,57.7949,cmc
2026-07-06,1785.07,1833.0,1728.3,1798.84,5540382.936,9827395046.08717,722690.73,6.657999999999999e-05,0.00019973999999999998,,,1300004992.7531998,8.387528441378567,184303816067.0,2197355482668.36,58.0984,cmc
2026-07-07,1798.84,1812.85,1756.62,1770.67,4370897.789,7788028201.87085,723445.57,4.993e-05,0.00014979,,,1280983367.4319,8.346561125656626,184334235438.0,2208505187500.18,58.2558,cmc
2026-07-08,1770.67,1784.16,1712.45,1742.68,4192853.427,7298476098.98838,709677.38,3.0133333333333335e-05,9.04e-05,,,1236740576.5784001,8.527745273689005,183120936383.0,2147354670032.07,58.0978,cmc
2026-07-09,1742.67,1762.52,1720.53,1744.25,3052244.456,5322638544.72311,689047.43,5.093e-05,0.00015279,,,1201870979.7775002,8.47254960628689,183409285255.0,2164747257648.45,58.3242,cmc
2026-07-10,1744.26,1811.23,1736.61,1796.03,3384049.117,6035968317.5746,698390.5,3.5333333333333336e-05,0.000106,,,1254330289.715,8.409068054303294,184276553999.0,2191402814307.08,58.4205,cmc
2026-07-11,1796.03,1829.52,1785.0,1786.7,2361669.526,4271423198.19284,730804.56,4.5123333333333336e-05,0.00013537,,,1305728507.3520002,8.34162024123413,184279015269.0,2209151339185.59,58.3801,cmc
2026-07-12,1786.69,1826.2,1778.26,1805.92,2411677.076,4353707091.18831,730920.09,1.5526666666666665e-05,4.658e-05,,,1319983208.9328,8.363117329555983,184279015269.0,2203472796175.44,58.365,cmc
2026-07-13,1805.92,1848.0,1748.0,1776.0,5083243.349,9076152857.27994,772522.65,1.586333333333333e-05,4.759e-05,,,1372000226.4,8.605464785522228,184270015266.0,2141313919220.43,58.0903,cmc
2026-07-14,1776.0,1896.86,1772.52,1891.12,5310465.083,9767271249.85603,749148.79,3.563333333333333e-05,0.0001069,,,1416730259.7448,8.332160731112511,184360015264.0,2212631527565.17,58.4343,cmc
2026-07-15,1891.12,1946.75,1863.32,1916.91,4752347.958,9068463403.21453,854473.46,5.858666666666667e-05,0.00017576,,,1637948720.2086,8.262737816963112,184321163972.0,2230751695807.11,58.4313,cmc
2026-07-16,1916.91,1928.69,1855.38,1863.73,4313799.484,8144210069.96647,813609.15,4.651666666666667e-05,0.00013955,,,1516347781.1295002,8.36855084579781,184203563971.0,2201140524389.55,58.4204,cmc
2026-07-17,1863.73,1870.44,1802.46,1841.08,4278159.839,7849464070.00737,775463.42,4.702666666666667e-05,0.00014108,,,1427690193.2936,8.400046639828894,184174124548.0,2192536928006.29,58.548,cmc
2026-07-18,1841.08,1867.0,1836.36,1861.75,1312675.904,2427308201.80217,721575.58,3.1776666666666663e-05,9.533e-05,,,1343393336.0649998,8.367444542843833,184192729802.0,2201302068497.47,58.6717,cmc
2026-07-19,1861.75,1878.76,1850.95,1871.49,1944778.356,3631537624.92145,749904.42,3.480333333333334e-05,0.00010441000000000001,,,1403438622.9858,8.33988262720147,184192729801.0,2208577003233.05,58.6486,cmc
2026-07-20,1871.49,1917.92,1841.84,1903.5,4927740.738,9263743222.32922,753239.23,2.499e-05,7.497e-05,,,1433790874.305,8.263740924258327,184192729800.0,2228926723238.62,58.7783,cmc
2026-07-21,1903.51,1953.64,1899.44,1929.29,3487747.021,6729496891.35654,803551.26,3.436333333333334e-05,0.00010309,,,1550283410.4054,8.149394775218306,184188776753.0,2260152831386.99,58.9857,cmc
2026-07-22,1929.29,1958.75,1909.32,1933.31,3588085.006,6933869707.52863,826363.29,2.9793333333333335e-05,8.938e-05,,,1597616412.1899,8.177640688507005,184268776752.0,2253324446144.65,58.8855,cmc
2026-07-23,1933.31,1940.66,1868.18,1877.42,3473835.055,6607190691.17787,813558.6,-2.0503333333333334e-05,-6.151e-05,4577226816.54066,2367559.686,1527391186.812,8.289388821198427,183200347298.0,2210058561006.36,58.7892,cmc
2026-07-24,1877.42,1909.32,1846.17,1860.57,3432295.181,6425601588.50683,754007.49,7.843333333333333e-06,2.353e-05,4400990172.90664,2344181.704,1402883715.6692998,8.407922302722397,184126250265.0,2189913793629.87,58.7192,cmc
2026-07-25,1860.58,1876.42,1850.26,1873.92,1096625.42,2044238533.1212,722460.96,3.708e-05,0.00011124,4312871404.536431,2317951.439,1353834042.1632,8.397916024366433,184451250259.0,2196393125673.29,58.6629,cmc
2026-07-26,1873.93,1966.97,1873.0,1953.79,2677956.839,5123450919.68906,739732.37,8.056666666666667e-06,2.417e-05,4383797813.732381,2339276.703,1445281707.1822999,8.336799334932863,184451500248.0,2212497780474.47,58.597,cmc
2026-07-27,1953.8,1982.0,1881.16,1891.44,4750960.033,9228308685.01879,821601.96,6.589e-05,0.00019767,4629737650.845911,2369499.623,1554010811.2224,8.292068164179526,184096055246.0,2220146429105.19,58.6826,cmc
2026-07-28,1891.43,1928.9,1855.82,1921.13,4725347.515,8942284392.93945,779226.07,2.050000000000001e-06,6.150000000000004e-06,4376546860.612603,2313865.095,1496994579.8591,8.467084907304937,184110200248.0,2174422510977.3,58.5856,cmc
2026-07-29,1921.13,1935.0,1870.26,1909.68,4781085.516,9109139841.41855,775978.05,4.917e-05,0.00014751,4401300174.856392,2290918.011,1481869762.5240002,8.426532827331526,184024280730.0,2183867131367.67,58.69,cmc
2026-07-30,1909.68,1936.57,1892.99,1917.31,3007123.87,5765640477.36114,709858.34,3.5016666666666666e-05,0.00010505,4345188543.231373,2275188.851,1361018493.8653998,8.314594002011441,184085363942.0,2214003039685.0,58.806,cmc
2026-07-31,1917.31,1936.0,1847.28,1861.68,3994907.633,7517537304.44882,808785.92,1.6306666666666668e-05,4.892e-05,4453574499.083957,2322769.186,1505700571.5456002,8.47867065211931,183453533910.0,2163706333659.09,58.4121,cmc
2026-08-01,1861.68,1874.44,1820.61,1844.17,1873612.61,3466959352.73297,762954.3,4.943e-05,0.00014829,4304524462.058527,2312158.706,1407017431.4310002,8.5147036190743,183516712264.0,2155291839552.62,58.427,cmc
2026-08-02,1844.17,1898.5,1843.03,1884.37,2672196.743,5000246440.02179,733007.39,3.272e-05,9.816e-05,4189772799.49038,2271901.614,1381257135.4943,8.451376980752453,183410513830.0,2170184979887.98,58.4744,cmc
2026-08-03,1884.38,1885.16,1827.18,1859.78,3646115.389,6764218596.19507,750006.07,4.265e-05,0.00012795,4327079060.83968,2296287.936,1394846288.8646,8.393970160325514,183389013965.0,2184770858869.58,58.6324,cmc
2026-08-04,1859.78,1881.72,1847.5,1868.9,2907505.369,5428029350.829,742671.1,6.015666666666667e-05,0.00018047,4328054459.21355,2327173.745,1387978018.79,8.362635781525949,183213347594.0,2190856476121.32,58.6927,cmc
2026-08-05,1868.9,1927.19,1854.51,1907.95,3773129.724,7113452202.68346,758738.44,2.3780000000000003e-05,7.134e-05,4353081369.549886,2329080.47,1447635006.5979998,8.297853193921,183223939641.0,2208088470102.48,58.7498,cmc
2026-08-06,1907.95,1920.92,1891.46,1903.12,2667178.926,5085441927.36283,776465.25,7.893333333333333e-06,2.368e-05,4411242946.306617,2311975.369,1477706546.58,8.337733837830575,183523746636.0,2201122633626.21,58.8304,cmc
2026-08-07,1903.11,1943.0,1893.37,1913.07,2900697.584,5556884631.18004,771875.16,2.721666666666667e-05,8.165e-05,4350057543.287067,2285682.786,1476651212.3412,8.338099805767657,183475699331.0,2200449785982.24,58.9412,cmc
2026-08-08,1913.07,1925.85,1911.26,1915.98,725106.959,1391281636.69678,814642.85,3.3146666666666666e-05,9.944e-05,4352300304.306068,2274995.294,1560839407.743,8.255646646267346,183215274331.0,2219272240943.57,58.8479,cmc
2026-08-09,1915.98,1937.67,1906.41,1909.57,1408390.8,2703784088.20286,822931.46,5.119333333333334e-05,0.00015358,4398803312.615134,2295846.418,1571445228.0721998,8.242732361706514,183215274329.0,2222749281296.19,58.8481,cmc
2026-08-10,1909.56,1931.5,1866.14,1872.31,3374109.366,6407415105.85985,812646.37,3.229333333333333e-05,9.688e-05,4360721664.205645,2283509.626,1521525925.0147,8.380656124691495,183215271475.0,2186168585717.32,58.6656,cmc
2026-08-11,1872.3,1897.3,1852.22,1881.8,2639181.895,4951898188.19022,797393.43,4.2669999999999996e-05,0.00012801,4436500172.732294,2369512.431,1500534956.5740001,8.379573923519485,182132111450.0,2173524729447.14,58.6323,cmc
2026-08-12,1881.79,1924.97,1872.0,1878.8,2931446.968,5559179864.53512,762096.55,7.672e-05,0.00023016,4422134043.444504,2349889.078,1431826998.14,8.410906422766857,183147832500.0,2177504103532.18,58.4409,cmc
2026-08-13,1878.79,1899.6,1862.11,1885.39,2770118.573,5218467948.13854,736251.17,6.554666666666667e-05,0.00019664,4372349874.76306,2327104.753,1388120593.4063,8.440148747738233,183147832499.0,2169959771717.05,58.4142,cmc
2026-08-14,1885.38,1890.69,1863.2,1881.39,1854852.495,3481034035.01465,734860.71,9.026666666666668e-06,2.708e-05,4416433168.87899,2342444.068,1382559591.1869,8.452774531383174,183125703998.0,2166456745274.55,58.3855,cmc
2026-08-15,1881.38,1886.0,1874.61,1881.73,629574.471,1184706377.78586,751501.58,5.1479999999999995e-05,0.00015444,4402071667.44114,2339797.526,1414123068.1334,8.453052818824865,183207603991.0,2167354302850.19,58.3412,cmc
2026-08-16,1881.73,1891.93,1868.01,1875.22,1001667.251,1883513736.84228,749386.82,1.832e-05,5.496e-05,4443135140.38296,2361184.404,1405265152.6004,8.448284699128273,183124065071.0,2167588706970.25,58.406,cmc
2026-08-17,1875.21,1918.0,1871.61,1912.7,2640654.262,5020479048.1944,746663.89,5.3083333333333334e-05,0.00015925,4431586017.67539,2363247.859,1428144022.403,8.345823461441505,183124065071.0,2194200080040.64,58.7135,cmc
2026-08-18,1912.7,1922.72,1884.2,1917.1,2356398.51,4489808692.16187,805672.82,3.760666666666667e-05,0.00011282,4550728788.1702,2379217.226,1544555363.222,8.305110311664674,183097065066.0,2204631343774.41,58.8917,cmc
2026-08-19,1917.09,2336.82,1905.2,2252.16,9693845.889,20296113028.69307,825627.41,5.411666666666667e-05,0.00016235000000000002,4567207845.62322,2382364.858,1859445027.7056,7.938712369747683,183056965049.0,2305877282398.86,59.1948,cmc
2026-08-20,2252.17,2359.68,2222.0,2326.18,7630449.904,17469091948.75315,763354.54,0.0001,0.00030000000000000003,5275774963.83774,2342483.522,1775700063.8572,7.400038540301341,183069204367.0,2473895282706.8,59.0103,cmc
2026-08-21,2326.18,2549.4,2323.83,2515.97,9142183.537,22027989963.12597,745092.75,9.677e-05,0.00029031,5397853743.64497,2320370.093,1874631006.2174997,7.044436384910321,183074599308.0,2598853752163.32,59.7464,cmc
2026-08-22,2515.98,2529.98,2384.0,2427.37,3917279.992,9604486803.07943,767036.64,0.0001,0.00030000000000000003,6094284071.992218,2422086.991,1861881728.8367999,6.939457036253582,183174913324.7946,2639614488105.334,,proxy_calibrated
